rank,source_page,source_page_start,subject_id,subject_url,title,cover_url,abstract,abstract_2,rating,rating_count,star_count,labels,is_tv,tpl_name,search_url,parse_source
1,1,0,1291560,https://movie.douban.com/subject/1291560/,龙猫 となりのトトロ‎ (1988),https://img9.doubanio.com/view/photo/s_ratio_poster/public/p2540924496.webp,日本 / 动画 / 奇幻 / 冒险 / 邻居托托罗 / 邻家的豆豆龙 / 86分钟,宫崎骏 / 日高范子 / 坂本千夏 / 糸井重里 / 岛本须美 / 北林谷荣 / 高木均 / 雨笠利幸 / 丸山裕子,9.2,1415036,4.5,[],False,search_subject,https://search.douban.com/movie/subject_search?search_text=%E7%AB%A5%E5%B9%B4%E5%8A%A8%E7%94%BB&cat=1002&start=0,window.__DATA__
2,1,0,1301753,https://movie.douban.com/subject/1301753/,狮子王 The Lion King‎ (1994),https://img3.doubanio.com/view/photo/s_ratio_poster/public/p726659067.webp,美国 / 动画 / 冒险 / 歌舞 / 狮子王3D / 89分钟,罗杰·阿勒斯 / 罗伯·明可夫 / 乔纳森·泰勒·托马斯 / 马修·布罗德里克 / 杰瑞米·艾恩斯 / 詹姆斯·厄尔·琼斯 / 莫伊拉·凯利 / 内森·连恩 / 尼基塔·卡兰姆 / 埃林·萨贝拉,9.1,964494,4.5,['可播放'],False,search_subject,https://search.douban.com/movie/subject_search?search_text=%E7%AB%A5%E5%B9%B4%E5%8A%A8%E7%94%BB&cat=1002&start=0,window.__DATA__
3,1,0,26709258,https://movie.douban.com/subject/26709258/,罗小黑战记 (2019),https://img9.doubanio.com/view/photo/s_ratio_poster/public/p2568288336.webp,中国大陆 / 动作 / 动画 / 奇幻 / 罗小黑战记大电影 / The Legend of Hei / 羅小黒戦記 ぼくが選ぶ未来 / 101分钟,木头 / 山新 / 郝祥海 / 刘明月 / 曹云图 / 叮当 / 图特哈蒙,8.0,637394,4.0,['可播放'],False,search_subject,https://www.douban.com/search?cat=1002&q=%E7%BD%97%E5%B0%8F%E9%BB%91%E6%88%98%E8%AE%B0,playwright
4,1,0,1418019,https://movie.douban.com/subject/1418019/,大闹天宫‎ (1961),https://img3.doubanio.com/view/photo/s_ratio_poster/public/p2184505167.webp,中国大陆 / 剧情 / 动画 / 奇幻 / 古装 / 大闹天宫 上下集 / The Monkey King / 113分钟,万籁鸣 / 邱岳峰 / 富润生 / 毕克 / 尚华 / 于鼎 / 李梓 / 刘广宁,9.4,512060,4.5,['可播放'],False,search_subject,https://search.douban.com/movie/subject_search?search_text=%E7%AB%A5%E5%B9%B4%E5%8A%A8%E7%94%BB&cat=1002&start=0,window.__DATA__
5,1,0,3227335,https://movie.douban.com/subject/3227335/,仙剑奇侠传三 (2009),https://img9.doubanio.com/view/photo/s_ratio_poster/public/p2561696294.webp,中国大陆 / 爱情 / 奇幻 / 武侠 / 古装 / 仙剑奇侠传3 / Chinese Paladin 3 / Sword and Fairy 3,李国立 / 胡歌 / 霍建华 / 杨幂 / 唐嫣 / 刘诗诗 / 林子聪,9.0,472631,4.5,"['剧集', '可播放']",True,search_subject,https://www.douban.com/search?cat=1002&q=%E4%BB%99%E5%89%91%E5%A5%87%E4%BE%A0%E4%BC%A03,playwright
6,2,15,26835471,https://movie.douban.com/subject/26835471/,大侦探皮卡丘 Pokémon Detective Pikachu‎ (2019),https://img3.doubanio.com/view/photo/s_ratio_poster/public/p2909216683.webp,美国 / 日本 / 英国 / 加拿大 / 喜剧 / 动画 / 奇幻 / 冒险 / 精灵宝可梦：大侦探皮卡丘 / POKÉMON 名侦探皮卡丘(台) / 104分钟,罗伯·莱特曼 / 瑞安·雷诺兹 / 贾斯蒂斯·史密斯 / 凯瑟琳·纽顿 / 克里斯·吉尔 / 比尔·奈伊 / 渡边谦 / 瑞塔·奥拉 / 苏琪·沃特豪斯,6.4,391296,3,['可播放'],False,search_subject,https://search.douban.com/movie/subject_search?search_text=%E7%AB%A5%E5%B9%B4%E5%8A%A8%E7%94%BB&cat=1002&start=15,window.__DATA__
7,1,0,26884354,https://movie.douban.com/subject/26884354/,狮子王 The Lion King‎ (2019),https://img3.doubanio.com/view/photo/s_ratio_poster/public/p2549283092.webp,美国 / 剧情 / 动画 / 冒险 / 狮子王真狮版 / 狮子王真实版 / 118分钟,乔恩·费儒 / 唐纳德·格洛弗 / 阿尔法·伍达德 / 詹姆斯·厄尔·琼斯 / 切瓦特·埃加福 / 科甘-迈克尔·凯 / 塞斯·罗根 / 比利·艾希纳 / 碧昂丝,7.2,383019,3.5,['可播放'],False,search_subject,https://search.douban.com/movie/subject_search?search_text=%E7%AB%A5%E5%B9%B4%E5%8A%A8%E7%94%BB&cat=1002&start=0,window.__DATA__
8,1,0,6850547,https://movie.douban.com/subject/6850547/,玩具总动员4 Toy Story 4‎ (2019),https://img3.doubanio.com/view/photo/s_ratio_poster/public/p2551222752.webp,美国 / 喜剧 / 动画 / 奇幻 / 反斗奇兵4(港) / 100分钟,乔什·库雷 / 汤姆·汉克斯 / 蒂姆·艾伦 / 安妮·波茨 / 托尼·海尔 / 科甘-迈克尔·凯 / 玛德琳·麦格劳 / 克里斯蒂娜·亨德里克斯 / 乔丹·皮尔,8.5,377180,4.5,['可播放'],False,search_subject,https://search.douban.com/movie/subject_search?search_text=%E7%AB%A5%E5%B9%B4%E5%8A%A8%E7%94%BB&cat=1002&start=0,window.__DATA__
9,1,0,1428581,https://movie.douban.com/subject/1428581/,天书奇谭‎ (1983),https://img9.doubanio.com/view/photo/s_ratio_poster/public/p2700138245.webp,中国大陆 / 动画 / 奇幻 / 天书奇谭4K纪念版 / The Legend of Sealed Book / 89分钟,王树忱 / 钱运达 / 丁建华 / 毕克 / 苏秀 / 程晓桦 / 施融 / 于鼎 / 杨成纯 / 孙渝烽,9.2,338433,4.5,['可播放'],False,search_subject,https://search.douban.com/movie/subject_search?search_text=%E7%AB%A5%E5%B9%B4%E5%8A%A8%E7%94%BB&cat=1002&start=0,window.__DATA__
10,1,0,35315950,https://movie.douban.com/subject/35315950/,灌篮高手 (2022),https://img1.doubanio.com/view/photo/s_ratio_poster/public/p2910235168.webp,日本 / 动画 / 运动 / 灌篮高手电影版 / 灌篮高手：THE FIRST / Slam Dunk / スラムダンク / 124分钟,井上雄彦 / 仲村宗悟 / 笠间淳 / 木村昴 / 神尾晋一郎 / 三宅健太 / 岩崎谅太,8.9,330080,4.5,[],False,search_subject,https://www.douban.com/search?cat=1002&q=%E7%81%8C%E7%AF%AE%E9%AB%98%E6%89%8B,playwright
11,1,0,1307315,https://movie.douban.com/subject/1307315/,哪吒闹海‎ (1979),https://img9.doubanio.com/view/photo/s_ratio_poster/public/p2532803206.webp,中国大陆 / 冒险 / 动画 / 奇幻 / Prince Nezha's Triumph Against Dragon King / Nezha Conquers the Dragon King / 62分钟,王树忱 / 严定宪 / 徐景达 / 梁正晖 / 邱岳峰 / 毕克 / 富润生 / 尚华 / 于鼎,9.2,310891,4.5,['可播放'],False,search_subject,https://search.douban.com/movie/subject_search?search_text=%E7%AB%A5%E5%B9%B4%E5%8A%A8%E7%94%BB&cat=1002&start=0,window.__DATA__
12,2,15,25769362,https://movie.douban.com/subject/25769362/,哆啦A梦：伴我同行 STAND BY ME ドラえもん‎ (2014),https://img9.doubanio.com/view/photo/s_ratio_poster/public/p2244958975.webp,日本 / 剧情 / 动画 / 与我同行的哆啦A梦 / 机器猫：伴我同行 / 95分钟,八木龙一 / 山崎贵 / 水田山葵 / 大原惠美 / 嘉数由美 / 木村昴 / 关智一 / 三石琴乃 / 松本保典 / 田原阿尔诺,8.1,296626,4,['可播放'],False,search_subject,https://search.douban.com/movie/subject_search?search_text=%E7%AB%A5%E5%B9%B4%E5%8A%A8%E7%94%BB&cat=1002&start=15,window.__DATA__
13,1,0,3926132,https://movie.douban.com/subject/3926132/,爱情公寓 (2009),https://img1.doubanio.com/view/photo/s_ratio_poster/public/p2325129230.webp,中国大陆 / 喜剧 / 爱情 / 爱情公寓 第一季 / Ipartment Season 1,韦正 / 赵霁 / 金世佳 / 娄艺潇 / 陈赫 / 孙艺洲 / 王传君,8.2,294242,4.0,"['剧集', '可播放']",True,search_subject,https://www.douban.com/search?cat=1002&q=%E7%88%B1%E6%83%85%E5%85%AC%E5%AF%93%EF%BC%88%E7%AC%AC%E4%B8%80%E5%AD%A3%EF%BC%89,playwright
14,1,0,2160565,https://movie.douban.com/subject/2160565/,家有儿女 (2005),https://img1.doubanio.com/view/photo/s_ratio_poster/public/p2932505508.webp,中国大陆 / 喜剧 / 家庭 / 家有儿女 第一部 / Home With Kids,林丛 / 宋丹丹 / 高亚麟 / 张一山 / 杨紫 / 尤浩然 / 文兴宇,9.0,267927,4.5,"['剧集', '可播放']",True,search_subject,https://www.douban.com/search?cat=1002&q=%E5%AE%B6%E6%9C%89%E5%84%BF%E5%A5%B3,playwright
15,1,0,1299643,https://movie.douban.com/subject/1299643/,宝莲灯‎ (1999),https://img9.doubanio.com/view/photo/s_ratio_poster/public/p2195312435.webp,中国大陆 / 动画 / 奇幻 / 冒险 / Lotus Lantern / 85分钟,常光希 / 姜文 / 徐帆 / 宁静 / 陈佩斯 / 崔杰 / 丁嘉丽 / 江平 / 雷恪生,8.6,238269,4.5,['可播放'],False,search_subject,https://search.douban.com/movie/subject_search?search_text=%E7%AB%A5%E5%B9%B4%E5%8A%A8%E7%94%BB&cat=1002&start=0,window.__DATA__
16,1,0,4321270,https://movie.douban.com/subject/4321270/,猫和老鼠 Tom and Jerry‎ (1965),https://img1.doubanio.com/view/photo/s_ratio_poster/public/p2554009820.webp,美国 / 喜剧 / 动画 / 家庭 / 妙妙妙 / 汤姆猫与杰米鼠 / 30分钟,约瑟夫·巴伯拉 / 威廉·汉纳 / 特克斯·艾弗里 / 迈克尔·拉赫 / 道斯·巴特勒 / 里德·科菲,9.8,207513,5,"['剧集', '可播放']",True,search_subject,https://search.douban.com/movie/subject_search?search_text=%E7%AB%A5%E5%B9%B4%E5%8A%A8%E7%94%BB&cat=1002&start=0,window.__DATA__
17,3,30,1782004,https://movie.douban.com/subject/1782004/,哆啦A梦 ドラえもん‎ (1979),https://img2.doubanio.com/view/photo/s_ratio_poster/public/p2510688261.webp,日本 / 动画 / 喜剧 / 家庭 / 奇幻 / 科幻 / 机器猫 / 小叮当 / 23分钟,楠叶宏三 / 芝山努 / 大山羡代 / 小原乃梨子 / 野村道子 / 立壁和也 / 肝付兼太 / 千千松幸子 / 加藤正之 / 中庸助,9.6,202780,5,"['剧集', '可播放']",True,search_subject,https://search.douban.com/movie/subject_search?search_text=%E7%AB%A5%E5%B9%B4%E5%8A%A8%E7%94%BB&cat=1002&start=30,window.__DATA__
18,3,30,1428576,https://movie.douban.com/subject/1428576/,葫芦兄弟‎ (1986),https://img1.doubanio.com/view/photo/s_ratio_poster/public/p2561717360.webp,中国大陆 / 儿童 / 动画 / 葫芦娃 / The Gourd Brother / 10分钟,胡进庆 / 葛桂云 / 周克勤 / 戴欣 / 朱艺 / 倪以临 / 战车,9.2,150445,4.5,"['剧集', '可播放']",True,search_subject,https://search.douban.com/movie/subject_search?search_text=%E7%AB%A5%E5%B9%B4%E5%8A%A8%E7%94%BB&cat=1002&start=30,window.__DATA__
19,3,30,1970134,https://movie.douban.com/subject/1970134/,数码宝贝 デジモンアドベンチャー‎ (1999),https://img3.doubanio.com/view/photo/s_ratio_poster/public/p2554018582.webp,日本 / 动画 / 动作 / 冒险 / 家庭 / 奇幻 / 惊悚 / 数码暴龙 / 数码兽大冒险 / 30分钟,角铜博之 / 芝田浩树 / 川田武范 / 今村隆宽 / 今泽哲男 / 早川启二 / 志水淳儿 / 吉泽孝男 / 小坂春女 / 中村哲治 / 细田守 / 藤田淑子 / 风间勇刀 / 水谷优子 / 天神有海 / 前田爱 / 菊池正美 / 小西宽子 / 荒木香惠,9.5,147058,5,"['剧集', '可播放']",True,search_subject,https://search.douban.com/movie/subject_search?search_text=%E7%AB%A5%E5%B9%B4%E5%8A%A8%E7%94%BB&cat=1002&start=30,window.__DATA__
20,1,0,3204594,https://movie.douban.com/subject/3204594/,虹猫蓝兔七侠传‎ (2006),https://img1.doubanio.com/view/photo/s_ratio_poster/public/p2307667150.webp,中国大陆 / 剧情 / 儿童 / 动作 / 动画 / 冒险 / 武侠 / The story of hongmao and lantu / 15分钟,王宏 / 罗沐 / 许龙 / 徐艳娜 / 江莉 / 艾慕华 / 张建和 / 周韧峰 / 颜雷鸣 / 赵玉碧 / 朱海燕 / 付以琳 / 晏婷 / 刘蓉 / 刘娟 / 肖睿 / 张怀武 / 袁文君 / 廖新星,9.6,140242,5,"['剧集', '可播放']",True,search_subject,https://search.douban.com/movie/subject_search?search_text=%E7%AB%A5%E5%B9%B4%E5%8A%A8%E7%94%BB&cat=1002&start=0,window.__DATA__
21,2,15,3217149,https://movie.douban.com/subject/3217149/,忍者神龟：变种时代 Teenage Mutant Ninja Turtles‎ (2014),https://img2.doubanio.com/view/photo/s_ratio_poster/public/p2204991581.webp,美国 / 喜剧 / 动作 / 科幻 / 冒险 / 真人版忍者神龟 / 忍者龟：变种世代(台) / 101分钟,乔纳森·里贝斯曼 / 梅根·福克斯 / 威尔·阿奈特 / 威廉·菲克纳 / 阿兰·里奇森 / 诺尔·费舍 / 皮特·普劳泽克 / 约翰尼·诺克斯维尔 / 杰瑞米·霍华德,6.6,137867,3.5,['可播放'],False,search_subject,https://search.douban.com/movie/subject_search?search_text=%E7%AB%A5%E5%B9%B4%E5%8A%A8%E7%94%BB&cat=1002&start=15,window.__DATA__
22,1,0,24397586,https://movie.douban.com/subject/24397586/,小羊肖恩 (2015),https://img3.doubanio.com/view/photo/s_ratio_poster/public/p2249261202.webp,英国 / 法国 / 喜剧 / 动画 / 冒险 / 小羊肖恩大电影 / 超级无敌羊咩咩大电影之咩最劲(港) / 笑笑羊大电影(台) / 超级无敌羊咩咩 电影版 / 笑笑羊 电影版 / 85分钟,马克·伯顿 / 理查德·斯塔扎克 / 贾斯汀·弗莱彻 / 约翰·斯帕克斯 / 欧米德·吉亚李利 / 理查德·韦伯 / 凯特·哈伯 / 安迪·尼曼,8.4,122245,4.0,['可播放'],False,search_subject,https://www.douban.com/search?cat=1002&q=%E5%B0%8F%E7%BE%8A%E8%82%96%E6%81%A9,playwright
23,3,30,1431683,https://movie.douban.com/subject/1431683/,蜡笔小新 クレヨンしんちゃん‎ (1992),https://img9.doubanio.com/view/photo/s_ratio_poster/public/p2510330984.webp,日本 / 喜剧 / 动画 / 家庭 / Kureyon Shin-chan / 24分钟,本乡满 / 高桥涉 / 原惠一 / 水岛努 / 武藤裕治 / 矢岛晶子 / 小林由美子 / 楢桥美纪 / 藤原启治 / 森川智之 / 兴梠里美 / 真柴摩利 / 林玉绪,9.3,121370,4.5,"['剧集', '可播放']",True,search_subject,https://search.douban.com/movie/subject_search?search_text=%E7%AB%A5%E5%B9%B4%E5%8A%A8%E7%94%BB&cat=1002&start=30,window.__DATA__
24,2,15,10772258,https://movie.douban.com/subject/10772258/,麦兜·当当伴我心 麥兜‧噹噹伴我心‎ (2012),https://img9.doubanio.com/view/photo/s_ratio_poster/public/p2454027095.webp,中国大陆 / 中国香港 / 喜剧 / 动画 / 腰花伴菜芯 / 麦兜故事5 / 80分钟,谢立文 / 黄秋生 / 吴君如 / 胡歌 / 郑中基 / 许飞,8.5,121240,4.5,['可播放'],False,search_subject,https://search.douban.com/movie/subject_search?search_text=%E7%AB%A5%E5%B9%B4%E5%8A%A8%E7%94%BB&cat=1002&start=15,window.__DATA__
25,3,30,1431699,https://movie.douban.com/subject/1431699/,三个和尚‎ (1980),https://img3.doubanio.com/view/photo/s_ratio_poster/public/p1463972087.webp,中国大陆 / 动画 / 短片 / Three Monks / 20分钟,徐景达,8.9,121164,4.5,['可播放'],False,search_subject,https://search.douban.com/movie/subject_search?search_text=%E7%AB%A5%E5%B9%B4%E5%8A%A8%E7%94%BB&cat=1002&start=30,window.__DATA__
26,3,30,1465035,https://movie.douban.com/subject/1465035/,魔卡少女樱 カードキャプターさくら‎ (1998),https://img9.doubanio.com/view/photo/s_ratio_poster/public/p2361563805.webp,日本 / 动画 / 动作 / 冒险 / 喜剧 / 百变小樱魔术卡 / 库洛魔法使 / 25分钟,浅香守生 / 神户守 / 片渊须直 / 田中洋之 / 坂田纯一 / 高柳滋仁 / 政木伸一 / 中西伸彰 / 佐伯昭志 / 真野玲 / 水野和则 / 山口赖房 / 八谷贤一 / 长滨亘彦 / 松井仁之 / 三家本泰美 / 安藤健 / 三笠修 / 高濑节夫 / 桥本直人 / 富永恒雄 / 丹下樱 / 岩男润子 / 久川绫 / 小野坂昌也 / 熊井统子 / 绪方惠美 / 关智一 / 田中秀幸,9.2,121150,4.5,"['剧集', '可播放']",True,search_subject,https://search.douban.com/movie/subject_search?search_text=%E7%AB%A5%E5%B9%B4%E5%8A%A8%E7%94%BB&cat=1002&start=30,window.__DATA__
27,3,30,1860377,https://movie.douban.com/subject/1860377/,黑猫警长‎ (1984),https://img3.doubanio.com/view/photo/s_ratio_poster/public/p2528877467.webp,中国大陆 / 动画 / 悬疑 / Inspector Black Cat / 20分钟,戴铁郎 / 范马迪 / 熊南清 / 史东敏 / 王卫 / 张泉灵 / 杨文元 / 杨玉天 / 范楚绒 / 战车 / 黄翔,8.9,117439,4.5,"['剧集', '可播放']",True,search_subject,https://search.douban.com/movie/subject_search?search_text=%E7%AB%A5%E5%B9%B4%E5%8A%A8%E7%94%BB&cat=1002&start=30,window.__DATA__
28,1,0,2264567,https://movie.douban.com/subject/2264567/,迪迦奥特曼 ウルトラマンティガ‎ (1996),https://img3.doubanio.com/view/photo/s_ratio_poster/public/p2533388717.webp,日本 / 动作 / 冒险 / 奇幻 / 科幻 / 超人迪加 / 迪迦·奥特曼 / 30分钟,松原信吾 / 村石宏实 / 川崎乡太 / 冈田宁 / 神泽信一 / 北浦嗣巳 / 原田昌树 / 石井辉仪 / 实相寺昭雄 / 满田穧 / 长野博 / 吉本多香美 / 高树澪 / 大泷明利 / 影丸茂樹 / 增田由纪夫 / 古屋畅一 / 川地民夫,9.6,114753,5,"['剧集', '可播放']",True,search_subject,https://search.douban.com/movie/subject_search?search_text=%E7%AB%A5%E5%B9%B4%E5%8A%A8%E7%94%BB&cat=1002&start=0,window.__DATA__
29,4,45,2159331,https://movie.douban.com/subject/2159331/,蓝精灵 The Smurfs‎ (2011),https://img1.doubanio.com/view/photo/s_ratio_poster/public/p884990120.webp,美国 / 比利时 / 喜剧 / 动画 / 奇幻 / 蓝色小精灵(台) / 蓝精灵 / 103分钟,拉加·高斯内尔 / 尼尔·帕特里克·哈里斯 / 杰玛·梅斯 / 汉克·阿扎利亚 / 乔纳森·温特斯 / 凯蒂·派瑞 / 艾伦·卡明 / 乔治·洛佩兹 / 保罗·雷宾斯,7.3,110899,3.5,['可播放'],False,search_subject,https://search.douban.com/movie/subject_search?search_text=%E7%AB%A5%E5%B9%B4%E5%8A%A8%E7%94%BB&cat=1002&start=45,window.__DATA__
30,4,45,1465037,https://movie.douban.com/subject/1465037/,樱桃小丸子 ちびまる子ちゃん‎ (1990),https://img3.doubanio.com/view/photo/s_ratio_poster/public/p2347386817.webp,日本 / 动画 / 喜剧 / 剧情 / 家庭 / Chibi Maruko-chan / 樱桃小丸子 / 23分钟,芝山努 / 棚桥一德 / 楠叶宏三 / 佐藤龙雄 / 高木淳 / 高松信司 / 小林常夫 / 宫下新平 / 片渊须直 / 西田健一 / 鳕子 / 水谷优子 / 一龙斋贞友 / 屋良有作 / 富山敬 / 青野武 / 岛田敏 / 佐佐木优子,9.2,110507,4.5,"['剧集', '可播放']",True,search_subject,https://search.douban.com/movie/subject_search?search_text=%E7%AB%A5%E5%B9%B4%E5%8A%A8%E7%94%BB&cat=1002&start=45,window.__DATA__
31,3,30,3335371,https://movie.douban.com/subject/3335371/,小蝌蚪找妈妈‎ (1960),https://img9.doubanio.com/view/photo/s_ratio_poster/public/p2250602634.webp,中国大陆 / 动画 / 短片 / Baby Tadpoles Look for Their Mother / 15分钟,特伟 / 钱家骏 / 唐澄,8.9,107734,4.5,['可播放'],False,search_subject,https://search.douban.com/movie/subject_search?search_text=%E7%AB%A5%E5%B9%B4%E5%8A%A8%E7%94%BB&cat=1002&start=30,window.__DATA__
32,1,0,3032552,https://movie.douban.com/subject/3032552/,魔幻手机 (2008),https://img1.doubanio.com/view/photo/s_ratio_poster/public/p2352324050.webp,中国大陆 / 喜剧 / 奇幻,余明生 / 李滨 / 陈创 / 舒畅 / 谢宁 / 洪乙心 / 陈明昊,8.6,105422,4.5,"['剧集', '可播放']",True,search_subject,https://www.douban.com/search?cat=1002&q=%E9%AD%94%E5%B9%BB%E6%89%8B%E6%9C%BA,playwright
33,5,60,1883755,https://movie.douban.com/subject/1883755/,聪明的一休 一休さん‎ (1975),https://img1.doubanio.com/view/photo/s_ratio_poster/public/p2550674130.webp,日本 / 儿童 / 动画 / 一休和尚 / 聪明的一休 / 25分钟,矢吹公郎 / 寒竹清隆 / 白土武 / 古泽日出夫 / 今泽哲男 / 新田义方 / 藤田淑子 / 桂玲子 / 宫内幸平 / 增山江威子 / 野田圭一 / 山田俊司 / 吉田理保子,8.8,104838,4.5,"['剧集', '可播放']",True,search_subject,https://search.douban.com/movie/subject_search?search_text=%E7%AB%A5%E5%B9%B4%E5%8A%A8%E7%94%BB&cat=1002&start=60,window.__DATA__
34,2,15,1782006,https://movie.douban.com/subject/1782006/,七龙珠 ドラゴンボール‎ (1986),https://img3.doubanio.com/view/photo/s_ratio_poster/public/p2190442032.webp,日本 / 喜剧 / 动画 / 奇幻 / 冒险 / 龙珠 / Dragonball / 25分钟,西尾大介 / 野泽雅子 / 八奈见乘儿 / 鹤弘美,9.4,104425,4.5,"['剧集', '可播放']",True,search_subject,https://search.douban.com/movie/subject_search?search_text=%E7%AB%A5%E5%B9%B4%E5%8A%A8%E7%94%BB&cat=1002&start=15,window.__DATA__
35,2,15,1428577,https://movie.douban.com/subject/1428577/,九色鹿‎ (1981),https://img1.doubanio.com/view/photo/s_ratio_poster/public/p2331868079.webp,中国大陆 / 剧情 / 动画 / 短片 / 奇幻 / The Nine-Colored Deer / 鹿王本生 / 25分钟,钱家骏 / 戴铁郎 / 丁建华 / 杨成纯 / 程晓桦 / 于鼎,9,104385,4.5,['可播放'],False,search_subject,https://search.douban.com/movie/subject_search?search_text=%E7%AB%A5%E5%B9%B4%E5%8A%A8%E7%94%BB&cat=1002&start=15,window.__DATA__
36,4,45,2993424,https://movie.douban.com/subject/2993424/,中华小当家 中華一番!‎ (1997),https://img1.doubanio.com/view/photo/s_ratio_poster/public/p2225808630.webp,日本 / 动画 / 中华一番之满汉传奇(台) / 23分钟,案纳正美 / 杉岛邦久 / 香川丰 / 高木淳 / 高村彰 / 渊上真 / 羽生尚靖 / 西田健一 / 铃木轮流郎 / 腰繁男 / 田中真弓 / 雪野五月 / 大塚明夫 / 置鲇龙太郎 / 吉田理保子 / 引田有美 / 阪口大助 / 神奈延年,8.7,101643,4.5,"['剧集', '可播放']",True,search_subject,https://search.douban.com/movie/subject_search?search_text=%E7%AB%A5%E5%B9%B4%E5%8A%A8%E7%94%BB&cat=1002&start=45,window.__DATA__
37,3,30,30482645,https://movie.douban.com/subject/30482645/,数码宝贝：最后的进化 デジモンアドベンチャー LAST EVOLUTION 絆‎ (2020),https://img9.doubanio.com/view/photo/s_ratio_poster/public/p2623955494.webp,日本 / 动画 / 冒险 / 数码宝贝大冒险 最后的进化·羁绊 / 数码宝贝大冒险剧场版 / 94分钟,田口智久 / 花江夏树 / 细谷佳正 / 三森铃子 / 田村睦心 / 吉田仁美 / 池田纯矢 / 榎木淳弥 / 市道真央,7.3,95535,3.5,['可播放'],False,search_subject,https://search.douban.com/movie/subject_search?search_text=%E7%AB%A5%E5%B9%B4%E5%8A%A8%E7%94%BB&cat=1002&start=30,window.__DATA__
38,5,60,1870436,https://movie.douban.com/subject/1870436/,舒克和贝塔‎ (1989),https://img1.doubanio.com/view/photo/s_ratio_poster/public/p2627283939.webp,中国大陆 / 动画 / 儿童 / 舒克与贝塔 / Shuke and Beita / 20分钟,严定宪 / 林文肖 / 胡依红 / 王加世 / 阎善春 / 姚光华 / 沈寿林 / 薛梅君 / 彭戈 / 范捷 / 翟巍 / 范蕾颕 / 余大金 / 洪海天 / 迟琳文 / 范益松,8.8,94079,4.5,"['剧集', '可播放']",True,search_subject,https://search.douban.com/movie/subject_search?search_text=%E7%AB%A5%E5%B9%B4%E5%8A%A8%E7%94%BB&cat=1002&start=60,window.__DATA__
39,2,15,25955779,https://movie.douban.com/subject/25955779/,忍者神龟2：破影而出 Teenage Mutant Ninja Turtles: Out of the Shadows‎ (2016),https://img9.doubanio.com/view/photo/s_ratio_poster/public/p2357111716.webp,美国 / 中国香港 / 中国大陆 / 加拿大 / 丹麦 / 德国 / 英国 / 喜剧 / 动作 / 科幻 / 冒险 / 忍者龟：魅影突击(港) / 忍者龟：破影而出(台) / 113分钟,戴夫·格林 / 梅根·福克斯 / 斯蒂芬·阿梅尔 / 威尔·阿奈特 / 皮特·普劳泽克 / 阿兰·里奇森 / 杰瑞米·霍华德 / 诺尔·费舍 / 布莱恩·泰,6.6,92589,3.5,['可播放'],False,search_subject,https://search.douban.com/movie/subject_search?search_text=%E7%AB%A5%E5%B9%B4%E5%8A%A8%E7%94%BB&cat=1002&start=15,window.__DATA__
40,2,15,1307547,https://movie.douban.com/subject/1307547/,星际宝贝 Lilo & Stitch‎ (2002),https://img3.doubanio.com/view/photo/s_ratio_poster/public/p2510798502.webp,美国 / 喜剧 / 科幻 / 动画 / 冒险 / 家庭 / 扮野小魔星(港) / 莉萝与史迪奇 / 85分钟,克里斯·桑德斯 / 迪恩·戴布洛伊 / 黛维·切斯 / 蒂亚·卡雷尔 / 戴维·奥格登·施蒂尔斯 / 凯文·麦克唐纳德 / 文·瑞姆斯 / 佐伊·考德威尔 / 李截,8.6,90515,4.5,['可播放'],False,search_subject,https://search.douban.com/movie/subject_search?search_text=%E7%AB%A5%E5%B9%B4%E5%8A%A8%E7%94%BB&cat=1002&start=15,window.__DATA__
41,2,15,1299513,https://movie.douban.com/subject/1299513/,阿拉丁 Aladdin‎ (1992),https://img3.doubanio.com/view/photo/s_ratio_poster/public/p1833285442.webp,美国 / 喜剧 / 动画 / 冒险 / 阿拉丁历险记 / 90分钟,罗恩·克莱蒙兹 / 约翰·马斯克 / 斯科特·维内尔 / 罗宾·威廉姆斯 / 琳达·拉金 / 乔纳森·弗里曼 / 弗兰克·维尔克 / 吉尔伯特·戈特弗雷德 / 查尔斯·阿德勒 / 杰克·安杰尔,8.3,89537,4,['可播放'],False,search_subject,https://search.douban.com/movie/subject_search?search_text=%E7%AB%A5%E5%B9%B4%E5%8A%A8%E7%94%BB&cat=1002&start=15,window.__DATA__
42,4,45,2156775,https://movie.douban.com/subject/2156775/,西游记‎ (1999),https://img2.doubanio.com/view/photo/s_ratio_poster/public/p2927747451.webp,中国大陆 / 动画 / 奇幻 / 古装 / Monkey King / Journey to the West: Legends of the Monkey King / 25分钟,方润南 / 潘积耀 / 周凤英 / 沈晓谦 / 张涵予 / 乔榛 / 程玉珠 / 刘风 / 丁建华 / 童自荣 / 胡平智,9.3,88849,4.5,"['剧集', '可播放']",True,search_subject,https://search.douban.com/movie/subject_search?search_text=%E7%AB%A5%E5%B9%B4%E5%8A%A8%E7%94%BB&cat=1002&start=45,window.__DATA__
43,3,30,1431947,https://movie.douban.com/subject/1431947/,雪孩子‎ (1980),https://img9.doubanio.com/view/photo/s_ratio_poster/public/p2928176565.webp,中国大陆 / 动画 / 短片 / 雪孩子——小兔淘淘的故事 / 20分钟,林文肖 / 丁建华,9,86922,4.5,['可播放'],False,search_subject,https://search.douban.com/movie/subject_search?search_text=%E7%AB%A5%E5%B9%B4%E5%8A%A8%E7%94%BB&cat=1002&start=30,window.__DATA__
44,2,15,26220731,https://movie.douban.com/subject/26220731/,熊出没之雪岭熊风‎ (2015),https://img9.doubanio.com/view/photo/s_ratio_poster/public/p2222373886.webp,中国大陆 / 喜剧 / 动画 / 冒险 / 家庭 / 熊出没大电影2 / Boonie Bears: Mystical Winter / 96分钟,丁亮 / 刘富源 / 张伟 / 张秉君 / 谭笑 / 孟雨田 / 孙尧东 / 赵肖宇 / 辛媛 / 万丹青,8.5,86071,4.5,['可播放'],False,search_subject,https://search.douban.com/movie/subject_search?search_text=%E7%AB%A5%E5%B9%B4%E5%8A%A8%E7%94%BB&cat=1002&start=15,window.__DATA__
45,1,0,5989840,https://movie.douban.com/subject/5989840/,轩辕剑之天之痕 (2012),https://img9.doubanio.com/view/photo/s_ratio_poster/public/p2915971056.webp,中国大陆 / 动作 / 爱情 / 奇幻 / 古装 / 轩辕剑 / 轩辕剑-天之痕,李国立 / 胡歌 / 蒋劲夫 / 刘诗诗 / 唐嫣 / 古力娜扎 / 林更新,6.8,84134,3.5,"['剧集', '可播放']",True,search_subject,https://www.douban.com/search?cat=1002&q=%E8%BD%A9%E8%BE%95%E5%89%91%E5%A4%A9%E4%B9%8B%E7%97%95,playwright
46,8,105,1781636,https://movie.douban.com/subject/1781636/,大力水手 第一季 Popeye the Sailor Season 1‎ (1960),https://img1.doubanio.com/view/photo/s_ratio_poster/public/p2518122800.webp,美国 / 喜剧 / 动画 / Popeye / 大力水手 / 6分钟,E.C. Segar,8.5,83730,4.5,"['剧集', '可播放']",True,search_subject,https://search.douban.com/movie/subject_search?search_text=%E7%AB%A5%E5%B9%B4%E5%8A%A8%E7%94%BB&cat=1002&start=105,window.__DATA__
47,2,15,3062897,https://movie.douban.com/subject/3062897/,葫芦兄弟‎ (2008),https://img9.doubanio.com/view/photo/s_ratio_poster/public/p1228139585.webp,中国大陆 / 动画 / 葫芦兄弟电影版 / Calabash Brothers / 83分钟,胡进庆 / 周克勤 / 葛桂云,9,82889,4.5,['可播放'],False,search_subject,https://search.douban.com/movie/subject_search?search_text=%E7%AB%A5%E5%B9%B4%E5%8A%A8%E7%94%BB&cat=1002&start=15,window.__DATA__
48,4,45,1428578,https://movie.douban.com/subject/1428578/,没头脑和不高兴‎ (1962),https://img9.doubanio.com/view/photo/s_ratio_poster/public/p2358516564.webp,中国大陆 / 喜剧 / 动画 / 短片 / 20分钟,张松林 / 邱岳峰 / 姚培华,8.8,79498,4.5,['可播放'],False,search_subject,https://search.douban.com/movie/subject_search?search_text=%E7%AB%A5%E5%B9%B4%E5%8A%A8%E7%94%BB&cat=1002&start=45,window.__DATA__
49,5,60,2148394,https://movie.douban.com/subject/2148394/,大头儿子和小头爸爸‎ (1995),https://img3.doubanio.com/view/photo/s_ratio_poster/public/p2375026803.webp,中国大陆 / 动画 / 10分钟,崔世昱 / 姚培华 / 符冲 / 范楚绒,8.1,78678,4,"['剧集', '可播放']",True,search_subject,https://search.douban.com/movie/subject_search?search_text=%E7%AB%A5%E5%B9%B4%E5%8A%A8%E7%94%BB&cat=1002&start=60,window.__DATA__
50,6,75,2156771,https://movie.douban.com/subject/2156771/,哪吒传奇‎ (2003),https://img1.doubanio.com/view/photo/s_ratio_poster/public/p2913958760.webp,中国大陆 / 儿童 / 动画 / 奇幻 / 冒险 / The Legend of Nezha / 21分钟,蔡志军 / 陈家奇 / 郝幽玥 / 高枫 / 张云龙,9.2,78437,4.5,"['剧集', '可播放']",True,search_subject,https://search.douban.com/movie/subject_search?search_text=%E7%AB%A5%E5%B9%B4%E5%8A%A8%E7%94%BB&cat=1002&start=75,window.__DATA__
51,5,60,1817169,https://movie.douban.com/subject/1817169/,邋遢大王奇遇记‎ (1987),https://img3.doubanio.com/view/photo/s_ratio_poster/public/p2520057783.webp,中国大陆 / 儿童 / 动画 / Dirty King Adventure / 10分钟,钱运达 / 阎善春 / 丁建华,8.7,78027,4.5,"['剧集', '可播放']",True,search_subject,https://search.douban.com/movie/subject_search?search_text=%E7%AB%A5%E5%B9%B4%E5%8A%A8%E7%94%BB&cat=1002&start=60,window.__DATA__
52,2,15,1298204,https://movie.douban.com/subject/1298204/,101忠狗 One Hundred and One Dalmatians‎ (1961),https://img9.doubanio.com/view/photo/s_ratio_poster/public/p2493005064.webp,美国 / 喜剧 / 动画 / 冒险 / 家庭 / 101斑点狗 / 忠狗历险记 / 79分钟,克莱德·杰洛尼米 / 汉密尔顿·卢斯科 / 沃夫冈·雷瑟曼 / 罗德·泰勒 / 凯特·鲍尔 / 本·怀特 / 丽莎·戴维斯 / 贝蒂·洛乌·格尔森 / J·帕特·奥马利 / 玛莎·温特沃思 / 大卫·弗兰克海姆,8.6,71812,4.5,['可播放'],False,search_subject,https://search.douban.com/movie/subject_search?search_text=%E7%AB%A5%E5%B9%B4%E5%8A%A8%E7%94%BB&cat=1002&start=15,window.__DATA__
53,1,0,2053598,https://movie.douban.com/subject/2053598/,火影忍者 疾风传 (2007),https://img9.doubanio.com/view/photo/s_ratio_poster/public/p2554038556.webp,日本 / 动作 / 科幻 / 动画 / 惊悚 / 冒险 / Naruto Shippuuden,伊达勇登 / 小林治 / 今千秋 / 村田雅彦 / 渡部稳宽 / 都留稔幸 / 阿部记之 / 小野胜巳 / 关田修 / 富永恒雄 / 山下宏幸 / 若林厚史 / 菱川直树 / 横山彰利 / 宅野诚起 / 柳濑雄之 / 香川丰 / 冈尾贵洋 / 佐藤真二 / 松本正幸 / 德本善信 / 长滨亘彦 / 筑紫大介 / 樱井亲良 / 井端义秀 / 种村绫隆 / 岩田和也 / 河合滋树 / 渡边政治 / 高桥英俊 / 小高义规 / 雄谷将仁 / 关野圭一 / 川西泰二 / 岩田义彦 / 高田昌宏 / 柳屋圭宏 / 冈岛国敏 / 土屋浩幸 / 西田健一 / 藤濑顺一 / 有江勇树 / 浅利藤彰 / 荒井省吾 / 水野和则 / 黑濑大辅 / 上原秀明 / 北川正人 / 神原敏昭 / 臼井文明 / 堀内直树 / 藤井俊郎 / 佐藤光敏 / 佐藤和磨 / 田中智也 / 西村博昭 / 小平麻纪 / 石井久志 / 赤松康裕 / 高桥滋春 / 木下勇喜 / 菅井嘉浩 / 清水明 / 浊川敦 / 福田皖 / 山冈实 / 南康宏 / 木村宽 / 佐佐木纯人 / 小野田雄亮 / 三家本泰美 / 熨斗谷充孝 / 竹内顺子 / 杉山纪彰 / 中村千绘 / 井上和彦 / 关俊彦 / 鲸,9.3,71073,4.5,"['剧集', '可播放']",True,search_subject,https://www.douban.com/search?cat=1002&q=%E7%81%AB%E5%BD%B1%E5%BF%8D%E8%80%85%E7%96%BE%E9%A3%8E%E4%BC%A0,playwright
54,4,45,2032236,https://movie.douban.com/subject/2032236/,美少女战士 美少女戦士セーラームーン‎ (1992),https://img3.doubanio.com/view/photo/s_ratio_poster/public/p2178340302.webp,日本 / 动画 / 动作 / 喜剧 / 奇幻 / 爱情 / 惊悚 / 美少女战士第一季 / 美少女战士初代 / 30分钟,佐藤顺一 / 几原邦彦 / 宇田钢之介 / 五十岚卓哉 / 竹之内和久 / 小坂春女 / 又野弘道 / 三石琴乃 / 久川绫 / 富泽美智惠 / 筱原惠美 / 深见梨加 / 古谷彻 / 潘惠子 / 荒木香惠,8.7,69603,4.5,"['剧集', '可播放']",True,search_subject,https://search.douban.com/movie/subject_search?search_text=%E7%AB%A5%E5%B9%B4%E5%8A%A8%E7%94%BB&cat=1002&start=45,window.__DATA__
55,6,75,3069864,https://movie.douban.com/subject/3069864/,葫芦小金刚‎ (1989),https://img1.doubanio.com/view/photo/s_ratio_poster/public/p2180839589.webp,中国大陆 / 儿童 / 动画 / 葫芦兄弟第二部 / 葫芦娃第二部 / 19分钟,胡进庆 / 葛桂云 / 周克勤 / 于鼎 / 范捷 / 戴欣 / 朱莎 / 谈鹏飞,9.3,69349,4.5,"['剧集', '可播放']",True,search_subject,https://search.douban.com/movie/subject_search?search_text=%E7%AB%A5%E5%B9%B4%E5%8A%A8%E7%94%BB&cat=1002&start=75,window.__DATA__
56,6,75,1933857,https://movie.douban.com/subject/1933857/,成龙历险记 第一季 Jackie Chan Adventures Season 1‎ (2000),https://img1.doubanio.com/view/photo/s_ratio_poster/public/p2530298328.webp,美国 / 中国香港 / 动画 / 奇幻 / 家庭 / 动作 / 喜剧 / 冒险 / 22分钟,Frank Squillace / Phil Weinstein / Bryan Andrews / 成龙 / 詹姆士·谢 / 夏野萨博,9.3,69293,4.5,"['剧集', '可播放']",True,search_subject,https://search.douban.com/movie/subject_search?search_text=%E7%AB%A5%E5%B9%B4%E5%8A%A8%E7%94%BB&cat=1002&start=75,window.__DATA__
57,6,75,1431718,https://movie.douban.com/subject/1431718/,神笔‎ (1955),https://img3.doubanio.com/view/photo/s_ratio_poster/public/p2649081482.webp,中国大陆 / 动画 / 短片 / 神笔马良 / The Magical Pen / 20分钟,靳夕 / 尤磊,8.5,69209,4.5,['可播放'],False,search_subject,https://search.douban.com/movie/subject_search?search_text=%E7%AB%A5%E5%B9%B4%E5%8A%A8%E7%94%BB&cat=1002&start=75,window.__DATA__
58,3,30,1292757,https://movie.douban.com/subject/1292757/,木偶奇遇记 Pinocchio‎ (1940),https://img1.doubanio.com/view/photo/s_ratio_poster/public/p1958894020.webp,美国 / 剧情 / 动画 / 奇幻 / 音乐 / 匹诺曹 / 木偶奇遇记 / 88分钟,诺曼·弗格森 / T·希 / 威尔弗雷德·杰克逊 / 杰克·金尼 / 汉密尔顿·卢斯科 / 比尔·罗伯茨 / 宾·沙普斯坦 / Mel Blanc / Frankie Darro / Cliff Edwards / Dickie Jones,8.4,66735,4,['可播放'],False,search_subject,https://search.douban.com/movie/subject_search?search_text=%E7%AB%A5%E5%B9%B4%E5%8A%A8%E7%94%BB&cat=1002&start=30,window.__DATA__
59,5,60,2015069,https://movie.douban.com/subject/2015069/,精灵宝可梦 ポケットモンスター‎ (1997),https://img3.doubanio.com/view/photo/s_ratio_poster/public/p2920527572.webp,日本 / 喜剧 / 动画 / 冒险 / 宠物小精灵 / 口袋妖怪 / 23分钟,汤山邦彦 / 日高政光 / 小野胜巳 / 石原立也 / 江上洁 / 原口浩 / 大原实 / 福本洁 / 秦义人 / 浅田裕二 / 藤本义孝 / 岩崎太郎 / 小川浩司 / 广岛秀树 / 松本正幸 / 冈崎幸男 / 石仓贤一 / 岩本保雄 / 井硲清高 / 深泽幸司 / 元永庆太郎 / 志村宏明 / 松本梨香 / 大谷育江 / 饭冢雅弓 / 兴梠里美 / 上田祐司 / 关智一 / 林原惠美 / 三木真一郎,9.2,65487,4.5,"['剧集', '可播放']",True,search_subject,https://search.douban.com/movie/subject_search?search_text=%E7%AB%A5%E5%B9%B4%E5%8A%A8%E7%94%BB&cat=1002&start=60,window.__DATA__
60,1,0,1477963,https://movie.douban.com/subject/1477963/,网球王子 (2001),https://img1.doubanio.com/view/photo/s_ratio_poster/public/p2518598740.webp,日本 / 喜剧 / 动作 / 动画 / 运动 / Tenisu no ôjisama / Prince of Tennis,滨名孝行 / 皆川纯子 / 置鲇龙太郎 / 近藤孝行 / 甲斐田幸 / 川本成 / 高桥广树,8.7,64996,4.5,"['剧集', '可播放']",True,search_subject,https://www.douban.com/search?cat=1002&q=%E7%BD%91%E7%90%83%E7%8E%8B%E5%AD%90,playwright
61,6,75,2148391,https://movie.douban.com/subject/2148391/,海尔兄弟‎ (1995),https://img3.doubanio.com/view/photo/s_ratio_poster/public/p2405876167.webp,中国大陆 / 儿童 / 动画 / 冒险 / Haier Brothers / 11分钟,刘左锋 / 唐亚男 / 王江 / 张美娟 / 房露 / 张华 / 王羊 / 滕腾 / 车晓彤,8.3,63300,4,"['剧集', '可播放']",True,search_subject,https://search.douban.com/movie/subject_search?search_text=%E7%AB%A5%E5%B9%B4%E5%8A%A8%E7%94%BB&cat=1002&start=75,window.__DATA__
62,1,0,2244765,https://movie.douban.com/subject/2244765/,中华小子‎ (2006),https://img1.doubanio.com/view/photo/s_ratio_poster/public/p2570091648.webp,法国 / 中国大陆 / 儿童 / 喜剧 / 动作 / 动画 / 冒险 / 武侠 / Shaolin Wuzang / 24分钟,张天晓 / 周磊 / 黄怡晴 / 徐刚 / 刘强 / 王肖兵 / 游军 / 王衡 / 王勇 / 李敏妍,9.6,63082,5,"['剧集', '可播放']",True,search_subject,https://search.douban.com/movie/subject_search?search_text=%E7%AB%A5%E5%B9%B4%E5%8A%A8%E7%94%BB&cat=1002&start=0,window.__DATA__
63,2,15,3443967,https://movie.douban.com/subject/3443967/,圣斗士星矢 聖闘士星矢‎ (1986),https://img1.doubanio.com/view/photo/s_ratio_poster/public/p2165971108.webp,日本 / 法国 / 意大利 / 动作 / 科幻 / 动画 / Knights of the Zodiac / 圣斗士 / 23分钟,旗野義文 / 横山和夫 / 森下孝三 / 古谷彻 / 铃置洋孝 / 桥本晃一 / 堀川亮 / 掘秀行,8.9,60450,4.5,"['剧集', '可播放']",True,search_subject,https://search.douban.com/movie/subject_search?search_text=%E7%AB%A5%E5%B9%B4%E5%8A%A8%E7%94%BB&cat=1002&start=15,window.__DATA__
64,10,135,3025311,https://movie.douban.com/subject/3025311/,神厨小福贵‎ (2007),https://img3.doubanio.com/view/photo/s_ratio_poster/public/p2319328117.webp,中国大陆 / 剧情 / 动画 / 20分钟,王宏 / 袁文君 / 晏婷 / 刘娟 / 刘洁 / 张怀武 / 徐炜 / 邹正均 / 梁实之,9.3,60394,4.5,"['剧集', '可播放']",True,search_subject,https://search.douban.com/movie/subject_search?search_text=%E7%AB%A5%E5%B9%B4%E5%8A%A8%E7%94%BB&cat=1002&start=135,window.__DATA__
65,7,90,2990287,https://movie.douban.com/subject/2990287/,四驱兄弟 爆走兄弟レッツ&ゴー!!‎ (1996),https://img9.doubanio.com/view/photo/s_ratio_poster/public/p2554018844.webp,日本 / 剧情 / 动画 / 爆走兄弟 / Bakusou Kyoudai Let's & Go / 20分钟,网野哲朗 / 安藤亚里沙 / 池泽春菜 / 高乃丽 / 神代知衣 / 渡边久美子 / 今井由香 / 西村千奈美,8.5,60370,4.5,"['剧集', '可播放']",True,search_subject,https://search.douban.com/movie/subject_search?search_text=%E7%AB%A5%E5%B9%B4%E5%8A%A8%E7%94%BB&cat=1002&start=90,window.__DATA__
66,7,90,3098725,https://movie.douban.com/subject/3098725/,小鲤鱼历险记‎ (2007),https://img3.doubanio.com/view/photo/s_ratio_poster/public/p2355099687.webp,中国大陆 / 儿童 / 动画 / 奇幻 / 冒险 / The Adventures of Little Carp / 22分钟,张族权 / 杨子岚 / 伍凤春 / 贾小军 / 高枫 / 张云龙 / 陈红 / 李金燕 / 刘雪婷,8.7,55725,4.5,"['剧集', '可播放']",True,search_subject,https://search.douban.com/movie/subject_search?search_text=%E7%AB%A5%E5%B9%B4%E5%8A%A8%E7%94%BB&cat=1002&start=90,window.__DATA__
67,4,45,30249161,https://movie.douban.com/subject/30249161/,哆啦A梦：大雄的月球探险记 映画ドラえもん のび太の月面探査記‎ (2019),https://img9.doubanio.com/view/photo/s_ratio_poster/public/p2557500825.webp,日本 / 剧情 / 动画 / 哆啦A梦剧场版：大雄的月面探查记 / 哆啦A梦：大雄的月球探测记 / 111分钟,八锹新之介 / 水田山葵 / 大原惠美 / 嘉数由美 / 木村昴 / 关智一 / 大谷育江 / 皆川纯子 / 铃木晶子,7.2,55623,3.5,['可播放'],False,search_subject,https://search.douban.com/movie/subject_search?search_text=%E7%AB%A5%E5%B9%B4%E5%8A%A8%E7%94%BB&cat=1002&start=45,window.__DATA__
68,3,30,27607378,https://movie.douban.com/subject/27607378/,龙珠超：布罗利 ドラゴンボール超 ブロリー‎ (2018),https://img2.doubanio.com/view/photo/s_ratio_poster/public/p2555458551.webp,日本 / 动作 / 动画 / 奇幻 / 冒险 / 龙珠超剧场版：布洛尼(港) / 七龙珠超 布罗利(台) / 100分钟,长峰达也 / 野泽雅子 / 堀川亮 / 久川绫 / 古川登志夫 / 草尾毅 / 中尾隆圣 / 山寺宏一 / 森田成一,7.2,55530,3.5,['可播放'],False,search_subject,https://search.douban.com/movie/subject_search?search_text=%E7%AB%A5%E5%B9%B4%E5%8A%A8%E7%94%BB&cat=1002&start=30,window.__DATA__
69,7,90,3111378,https://movie.douban.com/subject/3111378/,大耳朵图图‎ (2004),https://img9.doubanio.com/view/photo/s_ratio_poster/public/p2674283905.webp,中国大陆 / 动画 / 儿童 / 大耳朵图图第一季 / 12分钟,速达 / 豆豆 / 赵铭 / 范楚绒 / 何瑾 / 金炜,8.9,54224,4.5,"['剧集', '可播放']",True,search_subject,https://search.douban.com/movie/subject_search?search_text=%E7%AB%A5%E5%B9%B4%E5%8A%A8%E7%94%BB&cat=1002&start=90,window.__DATA__
70,1,0,11808948,https://movie.douban.com/subject/11808948/,海绵宝宝 The SpongeBob Movie: Sponge Out of Water‎ (2015),https://img1.doubanio.com/view/photo/s_ratio_poster/public/p2282934200.webp,美国 / 喜剧 / 动画 / 冒险 / 海绵宝宝：脱水大冒险(港) / 海绵宝宝：海陆大出击(台) / 93分钟,保罗·提比特 / 迈克·米切尔 / 安东尼奥·班德拉斯 / 艾瑞克·鲍扎 / 蒂姆·康威 / 埃迪·狄森 / 罗伯·鲍森 / 凯文·迈克尔·理查德森 / 艾普尔·斯图瓦特 / 克里·萨莫,7.7,54176,4,['可播放'],False,search_subject,https://search.douban.com/movie/subject_search?search_text=%E7%AB%A5%E5%B9%B4%E5%8A%A8%E7%94%BB&cat=1002&start=0,window.__DATA__
71,1,0,2147630,https://movie.douban.com/subject/2147630/,快乐星球 第一部 (2004),https://img1.doubanio.com/view/photo/s_ratio_poster/public/p2881179329.webp,中国大陆 / 剧情 / 科幻 / 儿童 / 快乐星球(第一部) / Happy Star I,张惠民 / 李瑞 / 邢凯轩 / 王新博 / 李雪 / 孙格,8.6,50516,4.5,"['剧集', '可播放']",True,search_subject,https://www.douban.com/search?cat=1002&q=%E5%BF%AB%E4%B9%90%E6%98%9F%E7%90%83,playwright
72,10,135,1845625,https://movie.douban.com/subject/1845625/,忍者神龟 Teenage Mutant Ninja Turtles‎ (1987),https://img9.doubanio.com/view/photo/s_ratio_poster/public/p2550673636.webp,美国 / 喜剧 / 动作 / 科幻 / 动画 / 犯罪 / 冒险 / Teenage Mutant Hero Turtles / 忍者神龟 / 30分钟,Townsend Coleman / Jack Angel / James Avery,8.3,49525,4,['剧集'],True,search_subject,https://search.douban.com/movie/subject_search?search_text=%E7%AB%A5%E5%B9%B4%E5%8A%A8%E7%94%BB&cat=1002&start=135,window.__DATA__
73,8,105,1807959,https://movie.douban.com/subject/1807959/,蓝精灵 第一季 Smurfs Season 1‎ (1981),https://img9.doubanio.com/view/photo/s_ratio_poster/public/p2533594555.webp,美国 / 比利时 / 动画 / 家庭 / 奇幻 / 蓝精灵的世界 / Smurfs' Adventures / 25分钟,José Dutillieu / 乔治·戈登 / 唐·梅西克 / 弗兰克·维尔克 / Danny Goldman / 露西尔·布利斯 / 迈克尔·贝尔 / 哈弥尔顿·坎普 / William Callaway / 保罗·温切尔,8.4,49432,4,"['剧集', '可播放']",True,search_subject,https://search.douban.com/movie/subject_search?search_text=%E7%AB%A5%E5%B9%B4%E5%8A%A8%E7%94%BB&cat=1002&start=105,window.__DATA__
74,2,15,2994961,https://movie.douban.com/subject/2994961/,鼹鼠的故事 Krtek‎ (1957),https://img3.doubanio.com/view/photo/s_ratio_poster/public/p1383065323.webp,捷克斯洛伐克 / 动画 / 小鼹鼠妙妙奇遇记 / 小鼹鼠 / 5分钟,兹德内克·米莱尔 / Antonín Jedlicka / 弗兰季塞克·菲利波夫斯基 / Viola Zinková / 约瑟夫·赫利诺马兹 / Artus Kalous / P. Kysela / E. Smítková,9.4,49091,4.5,"['剧集', '可播放']",True,search_subject,https://search.douban.com/movie/subject_search?search_text=%E7%AB%A5%E5%B9%B4%E5%8A%A8%E7%94%BB&cat=1002&start=15,window.__DATA__
75,7,90,2156754,https://movie.douban.com/subject/2156754/,魔方大厦‎ (1990),https://img1.doubanio.com/view/photo/s_ratio_poster/public/p2607628829.webp,中国大陆 / 儿童 / 动画 / 奇幻 / 冒险 / A Building of Cube / 18分钟,查侃 / 黄澄澄 / 韩青 / 沈明举 / 孙敬季 / 孙薇薇 / 李娟,8.8,47376,4.5,"['剧集', '可播放']",True,search_subject,https://search.douban.com/movie/subject_search?search_text=%E7%AB%A5%E5%B9%B4%E5%8A%A8%E7%94%BB&cat=1002&start=90,window.__DATA__
76,1,0,3713659,https://movie.douban.com/subject/3713659/,铁甲小宝 ビーロボカブタック‎ (1997),https://img3.doubanio.com/view/photo/s_ratio_poster/public/p2908574802.webp,日本 / 剧情 / 铁甲小宝—卡布达 / B-Robo Kabutack / 22分钟,坂本太郎 / 渡边胜也 / 石田秀范 / 岩原直树 / 诸田敏 / 二见一树 / 木村雅 / 小出由华 / 石井洋祐 / 向井亚纪 / 井上碧 / 石井宁 / 国分佐智子,8.8,45917,4.5,"['剧集', '可播放']",True,search_subject,https://search.douban.com/movie/subject_search?search_text=%E7%AB%A5%E5%B9%B4%E5%8A%A8%E7%94%BB&cat=1002&start=0,window.__DATA__
77,15,210,2138382,https://movie.douban.com/subject/2138382/,Q版猫和老鼠 Tom and Jerry Kids Show‎ (1990),https://img3.doubanio.com/view/photo/s_ratio_poster/public/p2554076397.webp,美国 / 动画 / 喜剧 / 家庭 / 小猫和小鼠 / Q版猫和老鼠 / 30分钟,,9.2,45743,4.5,"['剧集', '可播放']",True,search_subject,https://search.douban.com/movie/subject_search?search_text=%E7%AB%A5%E5%B9%B4%E5%8A%A8%E7%94%BB&cat=1002&start=210,window.__DATA__
78,6,75,1860528,https://movie.douban.com/subject/1860528/,魔神英雄传 魔神英雄伝ワタル‎ (1988),https://img3.doubanio.com/view/photo/s_ratio_poster/public/p2517420753.webp,日本 / 动画 / 冒险 / 喜剧 / 奇幻 / 神龙斗士第一部 / ましんえいゆうでんワタル / 24分钟,井内秀治 / 谷田部胜义 / 日高政光 / 香川丰 / 河本升悟 / 近藤信宏 / 田中真弓 / 林原惠美 / 伊仓一惠 / 玄田哲章 / 山寺宏一 / 西村知道 / 绪方贤一 / 泽律雄,9,45740,4.5,"['剧集', '可播放']",True,search_subject,https://search.douban.com/movie/subject_search?search_text=%E7%AB%A5%E5%B9%B4%E5%8A%A8%E7%94%BB&cat=1002&start=75,window.__DATA__
79,4,45,26527993,https://movie.douban.com/subject/26527993/,哆啦A梦：新·大雄的日本诞生 ドラえもん 新・のび太の日本誕生‎ (2016),https://img9.doubanio.com/view/photo/s_ratio_poster/public/p2567863935.webp,日本 / 动画 / 104分钟,八锹新之介 / 水田山葵 / 大原惠美 / 嘉数由美 / 木村昴 / 关智一 / 三石琴乃 / 松本保典 / 竹内都子,7.4,45485,3.5,['可播放'],False,search_subject,https://search.douban.com/movie/subject_search?search_text=%E7%AB%A5%E5%B9%B4%E5%8A%A8%E7%94%BB&cat=1002&start=45,window.__DATA__
80,4,45,1295148,https://movie.douban.com/subject/1295148/,小鹿斑比 Bambi‎ (1942),https://img3.doubanio.com/view/photo/s_ratio_poster/public/p2261878972.webp,美国 / 剧情 / 动画 / Walt Disney's Bambi / 70分钟,戴维·汉德 / 詹姆斯·阿尔格 / 塞缪尔·阿姆斯特朗 / 格雷厄姆·海德 / 比尔·罗伯茨 / 保罗·萨特菲尔德 / 诺曼·莱特 / 哈迪·奥尔布赖特 / Stan Alexander / Bobette Audrey / Peter Behn / 谢尔玛·博德曼,8.6,42988,4.5,['可播放'],False,search_subject,https://search.douban.com/movie/subject_search?search_text=%E7%AB%A5%E5%B9%B4%E5%8A%A8%E7%94%BB&cat=1002&start=45,window.__DATA__
81,4,45,27069070,https://movie.douban.com/subject/27069070/,哆啦A梦：大雄的金银岛 ドラえもん のび太の宝島‎ (2018),https://img3.doubanio.com/view/photo/s_ratio_poster/public/p2523364763.webp,日本 / 动画 / 奇幻 / 冒险 / 哆啦A梦：大雄的宝岛 / 哆啦A梦2018剧场版 / 109分钟,今井一晓 / 水田山葵 / 大原惠美 / 嘉数由美 / 木村昴 / 关智一 / 三石琴乃 / 松本保典 / 萩野志保子,6.4,42959,3,['可播放'],False,search_subject,https://search.douban.com/movie/subject_search?search_text=%E7%AB%A5%E5%B9%B4%E5%8A%A8%E7%94%BB&cat=1002&start=45,window.__DATA__
82,1,0,3012377,https://movie.douban.com/subject/3012377/,神兵小将‎ (2009),https://img9.doubanio.com/view/photo/s_ratio_poster/public/p1597570216.webp,中国大陆 / 动画 / 奇幻 / SHENBING KIDS / 神兵小将：电影版 / 95分钟,黄玉郎 / 方锦历 / 乔彧 / 杨青倩 / 谢楠 / 常索妮 / 胡静 / 杨莹,8.9,42125,4.5,['可播放'],False,search_subject,https://search.douban.com/movie/subject_search?search_text=%E7%AB%A5%E5%B9%B4%E5%8A%A8%E7%94%BB&cat=1002&start=0,window.__DATA__
83,19,270,3278993,https://movie.douban.com/subject/3278993/,围棋少年‎ (2005),https://img3.doubanio.com/view/photo/s_ratio_poster/public/p2412707593.webp,中国大陆 / 剧情 / 儿童 / 动画 / 22分钟,马风清 / 徐刚 / 沈达威 / 李晔 / 童自荣,9.2,41265,4.5,"['剧集', '可播放']",True,search_subject,https://search.douban.com/movie/subject_search?search_text=%E7%AB%A5%E5%B9%B4%E5%8A%A8%E7%94%BB&cat=1002&start=270,window.__DATA__
84,1,0,3240884,https://movie.douban.com/subject/3240884/,巴啦啦小魔仙 (2008),https://img9.doubanio.com/view/photo/s_ratio_poster/public/p2868305296.webp,中国大陆 / 儿童 / 奇幻 / 巴啦啦小魔仙 第一季 / Balala the Fairies / 25分钟 / 52集,陈克文 / 廖景萱 / 孙圳 / 黄安仪,7.5,41161,3.8,['剧集'],True,search_subject,https://www.douban.com/search?cat=1002&q=%E5%B7%B4%E5%95%A6%E5%95%A6%E5%B0%8F%E9%AD%94%E4%BB%99,playwright
85,14,195,22735528,https://movie.douban.com/subject/22735528/,神兵小将1 上部‎ (2007),https://img1.doubanio.com/view/photo/s_ratio_poster/public/p2603922030.webp,中国大陆 / 中国香港 / 儿童 / 动作 / 动画 / 奇幻 / 冒险 / 神兵小英雄 / 神兵小将 第一部 / 22分钟,黄玉郎 / 方锦历 / 刘彦婷 / 马小冀 / 刘旭莹 / 杨莹 / 吴晓蕾 / 王凯,9.1,40957,4.5,"['剧集', '可播放']",True,search_subject,https://search.douban.com/movie/subject_search?search_text=%E7%AB%A5%E5%B9%B4%E5%8A%A8%E7%94%BB&cat=1002&start=195,window.__DATA__
86,9,120,1431685,https://movie.douban.com/subject/1431685/,猴子捞月‎ (1981),https://img1.doubanio.com/view/photo/s_ratio_poster/public/p2609857589.webp,中国大陆 / 动画 / 短片 / Fishing the Moon from the Pool / 11分钟,周克勤,8.2,40455,4,['可播放'],False,search_subject,https://search.douban.com/movie/subject_search?search_text=%E7%AB%A5%E5%B9%B4%E5%8A%A8%E7%94%BB&cat=1002&start=120,window.__DATA__
87,5,60,11502154,https://movie.douban.com/subject/11502154/,邋遢大王奇遇记‎ (2012),https://img3.doubanio.com/view/photo/s_ratio_poster/public/p1644025847.webp,中国大陆 / 动画 / 儿童 / 邋遢大王奇遇记 影院版 / Slovenly Boy's Adventure / 86分钟,钱运达 / 阎善春 / 范楚绒 / 谢添天 / 罗玉婷 / 王肖兵 / 符冲,8.6,40111,4.5,['可播放'],False,search_subject,https://search.douban.com/movie/subject_search?search_text=%E7%AB%A5%E5%B9%B4%E5%8A%A8%E7%94%BB&cat=1002&start=60,window.__DATA__
88,11,150,4135763,https://movie.douban.com/subject/4135763/,天上掉下个猪八戒‎ (2005),https://img1.doubanio.com/view/photo/s_ratio_poster/public/p2665402938.webp,中国大陆 / 剧情 / 喜剧 / 动画 / 12分钟,方润南 / 陶孝友 / 刘明升 / 林博文 / 薛方一 / 李晔 / 孙晔,8.3,39799,4,"['剧集', '可播放']",True,search_subject,https://search.douban.com/movie/subject_search?search_text=%E7%AB%A5%E5%B9%B4%E5%8A%A8%E7%94%BB&cat=1002&start=150,window.__DATA__
89,3,30,4006490,https://movie.douban.com/subject/4006490/,龙珠Z ドラゴンボール Z‎ (1989),https://img1.doubanio.com/view/photo/s_ratio_poster/public/p2554128260.webp,日本 / 动作 / 动画 / 奇幻 / 冒险 / Dragon Ball Z: Doragon bôru zetto / 龙珠Z / 25分钟,西尾大介 / 野泽雅子 / 古川登志夫 / 青野武 / 千叶繁 / 江川央生 / 古谷彻 / 江森浩子 / 银河万丈,9.6,39717,5,"['剧集', '可播放']",True,search_subject,https://search.douban.com/movie/subject_search?search_text=%E7%AB%A5%E5%B9%B4%E5%8A%A8%E7%94%BB&cat=1002&start=30,window.__DATA__
90,10,135,4117005,https://movie.douban.com/subject/4117005/,洛洛历险记‎ (2008),https://img1.doubanio.com/view/photo/s_ratio_poster/public/p2412771229.webp,中国大陆 / 动画 / 百变机兽之洛洛历险记 / RoboWarriors / 22分钟,王巍 / 郑世健 / 黎盛炜 / 祖晴 / 李晶,9.5,39520,5,"['剧集', '可播放']",True,search_subject,https://search.douban.com/movie/subject_search?search_text=%E7%AB%A5%E5%B9%B4%E5%8A%A8%E7%94%BB&cat=1002&start=135,window.__DATA__
91,4,45,1304603,https://movie.douban.com/subject/1304603/,小飞象 Dumbo‎ (1941),https://img2.doubanio.com/view/photo/s_ratio_poster/public/p1833107201.webp,美国 / 动画 / 奇幻 / 歌舞 / 小象丹波 / Dumbo the Flying Elephant / 64分钟,塞缪尔·阿姆斯特朗 / 诺曼·弗格森 / 威尔弗雷德·杰克逊 / 杰克·金尼 / 比尔·罗伯茨 / 宾·沙普斯坦 / 詹姆斯·巴斯凯特 / 赫尔曼·宾  / 比利·布莱彻 / 爱德华·布罗菲 / Jim Carmichael,8.4,38398,4,['可播放'],False,search_subject,https://search.douban.com/movie/subject_search?search_text=%E7%AB%A5%E5%B9%B4%E5%8A%A8%E7%94%BB&cat=1002&start=45,window.__DATA__
92,1,0,3074717,https://movie.douban.com/subject/3074717/,秦时明月之百步飞剑 (2007),https://img9.doubanio.com/view/photo/s_ratio_poster/public/p1449712416.webp,中国大陆 / 动画 / 武侠 / 秦时明月1 / Qinsmoon I / 22分钟 / 10集,沈乐平,9.1,38084,4.5,['剧集'],True,search_subject,https://www.douban.com/search?cat=1002&q=%E7%A7%A6%E6%97%B6%E6%98%8E%E6%9C%88,playwright
93,15,210,2147055,https://movie.douban.com/subject/2147055/,飞天小女警 第一季 The Powerpuff Girls Season 1‎ (1998),https://img3.doubanio.com/view/photo/s_ratio_poster/public/p2554080552.webp,美国 / 喜剧 / 动作 / 动画 / CN原创之飞天小女警 / 30分钟,克雷格·迈克科雷肯 / 塔拉·斯特朗 / 伊丽莎白·戴利 / 汤姆·凯恩,8.7,38043,4.5,"['剧集', '可播放']",True,search_subject,https://search.douban.com/movie/subject_search?search_text=%E7%AB%A5%E5%B9%B4%E5%8A%A8%E7%94%BB&cat=1002&start=210,window.__DATA__
95,12,165,3632505,https://movie.douban.com/subject/3632505/,马丁的早晨‎ (2003),https://img1.doubanio.com/view/photo/s_ratio_poster/public/p2913959160.webp,法国 / 中国大陆 / 儿童 / 喜剧 / 动画 / 奇幻 / 冒险 / 家庭 / Martin Morning / 12分钟,张天晓 / 杰克·布多圈 / 姚培华 / 范蕾颖 / 杨梦露 / 洪海天 / 王肖兵,9.2,37461,4.5,['剧集'],True,search_subject,https://search.douban.com/movie/subject_search?search_text=%E7%AB%A5%E5%B9%B4%E5%8A%A8%E7%94%BB&cat=1002&start=165,window.__DATA__
96,5,60,1899125,https://movie.douban.com/subject/1899125/,大盗贼‎ (1989),https://img1.doubanio.com/view/photo/s_ratio_poster/public/p2609151949.webp,中国大陆 / 剧情 / 喜剧 / 动画 / Der Räuber Hotzenplotz / 27分钟,方润南 / 刘蕙仪 / 夏秉钧 / 程中岳 / 胡兆洪 / 翁振新 / 戴欣 / 范婕 / 尚华 / 舒蓉,9.3,36610,4.5,"['剧集', '可播放']",True,search_subject,https://search.douban.com/movie/subject_search?search_text=%E7%AB%A5%E5%B9%B4%E5%8A%A8%E7%94%BB&cat=1002&start=60,window.__DATA__
97,12,165,2085004,https://movie.douban.com/subject/2085004/,蓝皮鼠和大脸猫‎ (1993),https://img2.doubanio.com/view/photo/s_ratio_poster/public/p2911022211.webp,中国大陆 / 动画 / 蓝皮鼠和大脸猫 第一部 / 蓝皮鼠大脸猫 / 15分钟,尚世顺 / 王雪纯 / 李立宏,7.8,36556,4,"['剧集', '可播放']",True,search_subject,https://search.douban.com/movie/subject_search?search_text=%E7%AB%A5%E5%B9%B4%E5%8A%A8%E7%94%BB&cat=1002&start=165,window.__DATA__
98,13,180,1431946,https://movie.douban.com/subject/1431946/,南郭先生‎ (1981),https://img3.doubanio.com/view/photo/s_ratio_poster/public/p2867148803.webp,中国大陆 / 动画 / 短片 / The Story of Mr. Nanguo / 18分钟,钱家骍 / 王柏荣 / 郑拾风,8.2,35967,4,['可播放'],False,search_subject,https://search.douban.com/movie/subject_search?search_text=%E7%AB%A5%E5%B9%B4%E5%8A%A8%E7%94%BB&cat=1002&start=180,window.__DATA__
99,8,105,1465036,https://movie.douban.com/subject/1465036/,猫眼三姐妹 CAT'S EYE キャッツ・アイ‎ (1983),https://img9.doubanio.com/view/photo/s_ratio_poster/public/p2225062624.webp,日本 / 动画 / 动作 / 喜剧 / 犯罪 / 悬疑 / キャッツ♥アイ / Cat's Eye / 24分钟,竹内启雄 / 户田惠子 / 安原义人 / 藤田淑子 / 坂本千夏,8.3,35917,4,"['剧集', '可播放']",True,search_subject,https://search.douban.com/movie/subject_search?search_text=%E7%AB%A5%E5%B9%B4%E5%8A%A8%E7%94%BB&cat=1002&start=105,window.__DATA__
100,4,45,1296538,https://movie.douban.com/subject/1296538/,小飞侠 Peter Pan‎ (1953),https://img2.doubanio.com/view/photo/s_ratio_poster/public/p1161429881.webp,美国 / 动画 / 奇幻 / 冒险 / 歌舞 / 彼得·潘 / 77分钟,克莱德·杰洛尼米 / 威尔弗雷德·杰克逊 / 汉密尔顿·卢斯科 / 鲍比·德里斯科尔 / 凯瑟琳·博蒙特 / 汉斯·康拉德 / 比尔·汤普森 / 希瑟·安吉尔 / 保罗·科林斯 / 汤米·卢斯克 / 康迪·康迪多,8.3,35665,4,['可播放'],False,search_subject,https://search.douban.com/movie/subject_search?search_text=%E7%AB%A5%E5%B9%B4%E5%8A%A8%E7%94%BB&cat=1002&start=45,window.__DATA__
101,8,105,3160834,https://movie.douban.com/subject/3160834/,鸭子侦探 A Miss Mallard Mystery‎ (2000),https://img9.doubanio.com/view/photo/s_ratio_poster/public/p2873957875.webp,中国大陆 / 加拿大 / 犯罪 / 动画 / 24分钟,徐坚平 / 彭戈 / 陈玉清 / 陈令长,9.2,34151,4.5,"['剧集', '可播放']",True,search_subject,https://search.douban.com/movie/subject_search?search_text=%E7%AB%A5%E5%B9%B4%E5%8A%A8%E7%94%BB&cat=1002&start=105,window.__DATA__
102,13,180,25715362,https://movie.douban.com/subject/25715362/,成龙历险记 第二季 Jackie Chan Adventures Season 2‎ (2001),https://img9.doubanio.com/view/photo/s_ratio_poster/public/p2152803944.webp,美国 / 中国香港 / 动画 / 奇幻 / 家庭 / 22分钟,成龙 / 詹姆士·谢 / 夏野萨博,9.4,33361,4.5,['剧集'],True,search_subject,https://search.douban.com/movie/subject_search?search_text=%E7%AB%A5%E5%B9%B4%E5%8A%A8%E7%94%BB&cat=1002&start=180,window.__DATA__
103,14,195,2136181,https://movie.douban.com/subject/2136181/,大草原上的小老鼠‎ (1996),https://img3.doubanio.com/view/photo/s_ratio_poster/public/p2554017743.webp,美国 / 中国大陆 / 儿童 / 动画 / Little Mouse on the Prairie / 12分钟,王力平 / 王强 / 庄正斌 / 广定宪 / 劳伦 / 卡东 / 吴福漳 / 陆成法 / 林文肖 / 姚光华 / 顾建国 / 曾毅刚 / 邹赫威 / 滕腾 / 房露 / 薛白 / 田二喜 / 白玉林 / 高扬,8.3,32825,4,"['剧集', '可播放']",True,search_subject,https://search.douban.com/movie/subject_search?search_text=%E7%AB%A5%E5%B9%B4%E5%8A%A8%E7%94%BB&cat=1002&start=195,window.__DATA__
104,7,90,1449381,https://movie.douban.com/subject/1449381/,巴巴爸爸 第一季 Les Barbapapa Season 1‎ (1974),https://img9.doubanio.com/view/photo/s_ratio_poster/public/p2554014344.webp,荷兰 / 日本 / 美国 / 法国 / 动画 / 可里可里可里，巴巴变 / 26分钟,Talus Taylor / Annette Tison / Allen Swift / Julia Holewinski / Leen Jongewaard,9,32728,4.5,"['剧集', '可播放']",True,search_subject,https://search.douban.com/movie/subject_search?search_text=%E7%AB%A5%E5%B9%B4%E5%8A%A8%E7%94%BB&cat=1002&start=90,window.__DATA__
105,13,180,1845639,https://movie.douban.com/subject/1845639/,铁臂阿童木 鉄腕アトム‎ (1963),https://img9.doubanio.com/view/photo/s_ratio_poster/public/p2509134004.webp,日本 / 动画 / 家庭 / 奇幻 / 科幻 / 冒险 / 原子小金刚 / Tetsuwan atomu / 30分钟,手冢治虫 / 林太郎 / 杉井仪三郎 / 山本映一 / 出崎统 / 富野由悠季 / 西牧秀雄 / 杉山卓 / 清水真理 / 胜田久,8.7,32479,4.5,"['剧集', '可播放']",True,search_subject,https://search.douban.com/movie/subject_search?search_text=%E7%AB%A5%E5%B9%B4%E5%8A%A8%E7%94%BB&cat=1002&start=180,window.__DATA__
106,8,105,1756889,https://movie.douban.com/subject/1756889/,棒球英豪 タッチ‎ (1985),https://img3.doubanio.com/view/photo/s_ratio_poster/public/p2554018103.webp,日本 / 动画 / 喜剧 / 运动 / 邻家女孩 / 棒球小子 / 25分钟,杉井仪三郎 / 前田庸生 / 望月智充 / 永丘昭典 / 棚桥一德 / 坂田纯一 / 小柴纯弥 / 早川启二 / 铃木卓夫 / 高本宣弘 / 三矢雄二 / 难波圭一 / 日高范子 / 银河万丈 / 稻叶实 / 盐泽兼人 / 千叶繁 / 小宫和枝,9.3,32254,4.5,['剧集'],True,search_subject,https://search.douban.com/movie/subject_search?search_text=%E7%AB%A5%E5%B9%B4%E5%8A%A8%E7%94%BB&cat=1002&start=105,window.__DATA__
107,3,30,30335059,https://movie.douban.com/subject/30335059/,熊出没·原始时代‎ (2019),https://img2.doubanio.com/view/photo/s_ratio_poster/public/p2541035591.webp,中国大陆 / 喜剧 / 动画 / 冒险 / 熊出没6 / 熊出没大电影6 / 92分钟,丁亮 / 林汇达 / 张伟 / 张秉君 / 谭笑 / 宋祖儿 / 刘思奇 / 万丹青 / 刘沛 / 孟雨田,6.6,31741,3.5,['可播放'],False,search_subject,https://search.douban.com/movie/subject_search?search_text=%E7%AB%A5%E5%B9%B4%E5%8A%A8%E7%94%BB&cat=1002&start=30,window.__DATA__
108,6,75,26839466,https://movie.douban.com/subject/26839466/,哆啦A梦：大雄的南极冰冰凉大冒险 ドラえもん のび太の南極カチコチ大冒険‎ (2017),https://img1.doubanio.com/view/photo/s_ratio_poster/public/p2459265598.webp,日本 / 动画 / 冒险 / 哆啦A梦：大雄的南极冰寒大冒险 / 101分钟,高桥敦史 / 水田山葵 / 大原惠美 / 嘉数由美 / 木村昴 / 关智一 / 三石琴乃 / 松本保典 / 藤本千秋,6.5,31477,3.5,['可播放'],False,search_subject,https://search.douban.com/movie/subject_search?search_text=%E7%AB%A5%E5%B9%B4%E5%8A%A8%E7%94%BB&cat=1002&start=75,window.__DATA__
109,8,105,4840353,https://movie.douban.com/subject/4840353/,果宝特攻‎ (2010),https://img2.doubanio.com/view/photo/s_ratio_poster/public/p2302438861.webp,中国大陆 / 儿童 / 喜剧 / 动作 / 动画 / 奇幻 / 冒险 / Fruity Robo,王巍 / 橙留香 / 菠萝吹雪 / 陆小果,8.8,30839,4.5,"['剧集', '可播放']",True,search_subject,https://search.douban.com/movie/subject_search?search_text=%E7%AB%A5%E5%B9%B4%E5%8A%A8%E7%94%BB&cat=1002&start=105,window.__DATA__
110,22,315,3418557,https://movie.douban.com/subject/3418557/,三毛流浪记‎ (2006),https://img2.doubanio.com/view/photo/s_ratio_poster/public/p2547566801.webp,中国大陆 / 儿童 / 动画 / 25分钟,朱敏 / 王柏荣 / 张凯 / 腾腾 / 白雪岑 / 王凯 / 鲍大志 / 丛智 / 张璐 / 孟宇,9.2,30655,4.5,"['剧集', '可播放']",True,search_subject,https://search.douban.com/movie/subject_search?search_text=%E7%AB%A5%E5%B9%B4%E5%8A%A8%E7%94%BB&cat=1002&start=315,window.__DATA__
111,5,60,1917638,https://movie.douban.com/subject/1917638/,阿凡提的故事之种金子‎ (1979),https://img1.doubanio.com/view/photo/s_ratio_poster/public/p2537216779.webp,中国大陆 / 动画 / 短片 / 阿凡提的故事前传之种金子 / 31分钟,靳夕 / 刘蕙仪 / 毕克,8.9,30473,4.5,['可播放'],False,search_subject,https://search.douban.com/movie/subject_search?search_text=%E7%AB%A5%E5%B9%B4%E5%8A%A8%E7%94%BB&cat=1002&start=60,window.__DATA__
112,6,75,1305217,https://movie.douban.com/subject/1305217/,鬼马小精灵 Casper‎ (1995),https://img3.doubanio.com/view/photo/s_ratio_poster/public/p2649312862.webp,美国 / 喜剧 / 奇幻 / 卡斯珀 / 鬼马小灵精 / 100分钟,布拉德·塞伯宁 / 克里斯蒂娜·里奇 / 艾瑞克·爱都 / 本·斯坦 / 比尔·普尔曼 / 昌西·莱奥普拉迪 / 戴文·萨瓦 Devon Sawa / 加雷特·拉特利夫·亨森,8.1,30152,4,['可播放'],False,search_subject,https://search.douban.com/movie/subject_search?search_text=%E7%AB%A5%E5%B9%B4%E5%8A%A8%E7%94%BB&cat=1002&start=75,window.__DATA__
113,12,165,1498604,https://movie.douban.com/subject/1498604/,花仙子 花の子ルンルン‎ (1979),https://img9.doubanio.com/view/photo/s_ratio_poster/public/p2554019745.webp,日本 / 动画 / 家庭 / 奇幻 / 23分钟,设乐博 / 冈本茉莉 / 水岛裕 / 白石冬美 / 神山卓三 / 喜多道枝 / 长谷山治,8.1,28800,4,"['剧集', '可播放']",True,search_subject,https://search.douban.com/movie/subject_search?search_text=%E7%AB%A5%E5%B9%B4%E5%8A%A8%E7%94%BB&cat=1002&start=165,window.__DATA__
114,1,0,6952623,https://movie.douban.com/subject/6952623/,星游记 (2011),https://img3.doubanio.com/view/photo/s_ratio_poster/public/p1292004897.webp,中国大陆 / 动作 / 动画 / 奇幻 / 冒险 / 太空大冒险 / Rainbow Sea,曾伟京 / 阎萌萌 / 郝幽玥 / 山新 / 张杰 / 龚格尔 / 姜广涛,9.6,28775,5.0,"['剧集', '可播放']",True,search_subject,https://www.douban.com/search?cat=1002&q=%E6%98%9F%E6%B8%B8%E8%AE%B0,playwright
115,16,225,25715364,https://movie.douban.com/subject/25715364/,成龙历险记 第三季 Jackie Chan Adventures Season 3‎ (2002),https://img9.doubanio.com/view/photo/s_ratio_poster/public/p2546212236.webp,美国 / 中国香港 / 动画 / 奇幻 / 家庭 / 22分钟,成龙 / 詹姆士·谢 / 夏野萨博,9.5,28690,5,"['剧集', '可播放']",True,search_subject,https://search.douban.com/movie/subject_search?search_text=%E7%AB%A5%E5%B9%B4%E5%8A%A8%E7%94%BB&cat=1002&start=225,window.__DATA__
116,7,90,1431719,https://movie.douban.com/subject/1431719/,渔童‎ (1959),https://img9.doubanio.com/view/photo/s_ratio_poster/public/p2688325324.webp,中国大陆 / 动画 / 短片 / 23分钟,万古蟾 / 杨文元 / 邱岳峰 / 阳华,8.8,28289,4.5,['可播放'],False,search_subject,https://search.douban.com/movie/subject_search?search_text=%E7%AB%A5%E5%B9%B4%E5%8A%A8%E7%94%BB&cat=1002&start=90,window.__DATA__
117,14,195,25715367,https://movie.douban.com/subject/25715367/,成龙历险记 第五季 Jackie Chan Adventures Season 5‎ (2004),https://img1.doubanio.com/view/photo/s_ratio_poster/public/p2550461549.webp,美国 / 中国香港 / 动画 / 奇幻 / 家庭 / 22分钟,成龙 / 詹姆士·谢 / 夏野萨博,9.5,27801,5,"['剧集', '可播放']",True,search_subject,https://search.douban.com/movie/subject_search?search_text=%E7%AB%A5%E5%B9%B4%E5%8A%A8%E7%94%BB&cat=1002&start=195,window.__DATA__
118,13,180,4287117,https://movie.douban.com/subject/4287117/,奥林匹斯星传 그리스 로마 신화 올림포스 가디언‎ (2002),https://img9.doubanio.com/view/photo/s_ratio_poster/public/p1444653174.webp,韩国 / 动画 / 奇幻 / 希腊封神榜 / 奥林匹斯星传 / 20分钟,倪康 / 姚培华 / 王肖兵,9.5,27703,5,['剧集'],True,search_subject,https://search.douban.com/movie/subject_search?search_text=%E7%AB%A5%E5%B9%B4%E5%8A%A8%E7%94%BB&cat=1002&start=180,window.__DATA__
119,12,165,3868335,https://movie.douban.com/subject/3868335/,数码宝贝2 デジモンアドベンチャー02‎ (2000),https://img1.doubanio.com/view/photo/s_ratio_poster/public/p2282580019.webp,日本 / 动画 / 冒险 / 奇幻 / 数码暴龙2 / 数码宝贝大冒险2 / 23分钟,角铜博之 / 木内玲子 / 夏树莉绪 / 浦和惠 / 山本泰辅 / 荒木香惠 / 朴璐美 / 野田顺子 / 远近孝一,8.3,27330,4,"['剧集', '可播放']",True,search_subject,https://search.douban.com/movie/subject_search?search_text=%E7%AB%A5%E5%B9%B4%E5%8A%A8%E7%94%BB&cat=1002&start=165,window.__DATA__
120,9,120,3538051,https://movie.douban.com/subject/3538051/,哆啦A梦 ドラえもん‎ (2005),https://img1.doubanio.com/view/photo/s_ratio_poster/public/p2100245550.webp,日本 / 喜剧 / 科幻 / 动画 / 新哆啦A梦 / 机器猫 / 24分钟,楠叶宏三 / 渡边步 / 善聪一郎 / 八锹新之介 / 大杉宜弘 / 宫本幸裕 / 高桥涉 / 高桥敦史 / 寺本幸代 / 今井一晓 / 小仓宏文 / 矢岛哲生 / 宫下新平 / 高桥谦仁 / 佐藤真人 / 村野佑太 / 佐佐木纯人 / 江岛泰男 / 铃木卓夫 / 茉田哲明 / 秦义人 / 古贺一臣 / 五月女有作 / 金子祥之 / 钉宫洋 / 松村树里亚 / 吉田光春 / 铃木孝聪 / 松园公 / 筱崎康行 / 矢花馨 / 三上喜子 / 三家本泰美 / 腰繁男 / 佐土原武之 / 根岸宏树 / 饭村正之 / 安藤敏彦 / 藤仓拓也 / 古屋胜悟 / 福本洁 / 大关雅幸 / 岩田义彦 / 山冈实 / 大塚隆宽 / 西田健一 / 堂山卓见  / 水田山葵 / 大原惠美 / 嘉数由美 / 关智一 / 木村昴 / 三石琴乃 / 松本保典 / 堀秀行,9.6,27304,5,"['剧集', '可播放']",True,search_subject,https://search.douban.com/movie/subject_search?search_text=%E7%AB%A5%E5%B9%B4%E5%8A%A8%E7%94%BB&cat=1002&start=120,window.__DATA__
121,17,240,1781621,https://movie.douban.com/subject/1781621/,摩登原始人 第一季 The Flintstones Season 1‎ (1960),https://img1.doubanio.com/view/photo/s_ratio_poster/public/p2508642899.webp,美国 / 动画 / 家庭 / 喜剧 / 弗林特斯通一家 / 聪明笨伯 / 30分钟,约瑟夫·巴伯拉 / 威廉·汉纳 / 艾伦·里德 / 约翰·范德·派尔 / Mel Blanc / 贝亚·本德雷 / John Stephenson / Gerry Johnson,8.7,27253,4.5,"['剧集', '可播放']",True,search_subject,https://search.douban.com/movie/subject_search?search_text=%E7%AB%A5%E5%B9%B4%E5%8A%A8%E7%94%BB&cat=1002&start=240,window.__DATA__
122,3,30,3681613,https://movie.douban.com/subject/3681613/,大闹天宫‎ (2012),https://img9.doubanio.com/view/photo/s_ratio_poster/public/p2500167606.webp,中国大陆 / 动画 / The Monkey King / 90分钟,万籁鸣 / 唐澄 / 速达 / 陈志宏 / 李扬 / 陈凯歌 / 陈道明 / 张国立 / 刘烨 / 胡歌 / 周立波 / 何炅,8.4,26885,4,['可播放'],False,search_subject,https://search.douban.com/movie/subject_search?search_text=%E7%AB%A5%E5%B9%B4%E5%8A%A8%E7%94%BB&cat=1002&start=30,window.__DATA__
123,13,180,25715365,https://movie.douban.com/subject/25715365/,成龙历险记 第四季 Jackie Chan Adventures Season 4‎ (2003),https://img1.doubanio.com/view/photo/s_ratio_poster/public/p2548566619.webp,美国 / 中国香港 / 动画 / 奇幻 / 家庭 / 22分钟,成龙 / 詹姆士·谢 / 夏野萨博,9.5,26710,5,"['剧集', '可播放']",True,search_subject,https://search.douban.com/movie/subject_search?search_text=%E7%AB%A5%E5%B9%B4%E5%8A%A8%E7%94%BB&cat=1002&start=180,window.__DATA__
124,19,270,25788012,https://movie.douban.com/subject/25788012/,东方神娃‎ (2005),https://img1.doubanio.com/view/photo/s_ratio_poster/public/p2876830410.webp,中国大陆 / 儿童 / 动画 / 奇幻 / 冒险 / 东方神娃第1部,殷晓东 / 罗玉婷 / 吴磊 / 范楚绒,8.8,26620,4.5,['剧集'],True,search_subject,https://search.douban.com/movie/subject_search?search_text=%E7%AB%A5%E5%B9%B4%E5%8A%A8%E7%94%BB&cat=1002&start=270,window.__DATA__
125,13,180,1431716,https://movie.douban.com/subject/1431716/,曹冲称象‎ (1982),https://img3.doubanio.com/view/photo/s_ratio_poster/public/p2607684152.webp,中国大陆 / 动画 / 短片 / Cao Chong Cheng Xiang / 16分钟,刘蕙仪,7.8,25926,4,['可播放'],False,search_subject,https://search.douban.com/movie/subject_search?search_text=%E7%AB%A5%E5%B9%B4%E5%8A%A8%E7%94%BB&cat=1002&start=180,window.__DATA__
126,5,60,5937977,https://movie.douban.com/subject/5937977/,铠甲勇士刑天‎ (2011),https://img1.doubanio.com/view/photo/s_ratio_poster/public/p2907631248.webp,中国大陆 / 剧情 / 动作 / 科幻 / 铠甲勇士第二部：刑天 / Armor Hero XT / 24分钟,张瀚文 / 张瀚文 / 李巍 / 吴昊泽 / 张亚男 / 徐子菲 / 张维娜 / 廖晓晨 / 皮逸嘉 / 沈人杰,9.2,25922,4.5,"['剧集', '可播放']",True,search_subject,https://search.douban.com/movie/subject_search?search_text=%E7%AB%A5%E5%B9%B4%E5%8A%A8%E7%94%BB&cat=1002&start=60,window.__DATA__
127,6,75,26877406,https://movie.douban.com/subject/26877406/,"名侦探柯南：章节ONE 变小的名侦探 名探偵コナン エピソード ""ONE"" 小さくなった名探偵‎ (2016)",https://img1.doubanio.com/view/photo/s_ratio_poster/public/p2505885669.webp,日本 / 动画 / 悬疑 / 名侦探柯南 真·第一话 / 名侦探柯南 Episode“ONE” 变小的名侦探 / 92分钟,山本泰一郎 / 山口胜平 / 高山南 / 山崎和佳奈 / 林原惠美 / 绪方贤一 / 小山力也 / 高岛雅罗 / 岩居由希子,8.4,25583,4,['可播放'],False,search_subject,https://search.douban.com/movie/subject_search?search_text=%E7%AB%A5%E5%B9%B4%E5%8A%A8%E7%94%BB&cat=1002&start=75,window.__DATA__
128,17,240,1428580,https://movie.douban.com/subject/1428580/,阿凡提的故事之卖树荫‎ (1981),https://img1.doubanio.com/view/photo/s_ratio_poster/public/p2650195850.webp,中国大陆 / 动画 / 短片 / 第一集：卖树荫 / 25分钟,曲建方 / 程之 / 邱岳峰 / 毕克,8.8,25241,4.5,[],False,search_subject,https://search.douban.com/movie/subject_search?search_text=%E7%AB%A5%E5%B9%B4%E5%8A%A8%E7%94%BB&cat=1002&start=240,window.__DATA__
129,5,60,3025199,https://movie.douban.com/subject/3025199/,蓝猫淘气3000问‎ (1999),https://img3.doubanio.com/view/photo/s_ratio_poster/public/p2377506157.webp,中国大陆 / 动画 / 儿童 / 蓝猫淘气三千问 / 蓝猫淘气3000问之幽默舞台 / 20分钟,王宏 / 葛平 / 付以琳 / 俞涛 / 曾令 / 袁文君 / 罗沐 / 陈蕾 / 李一兵,8.1,25148,4,"['剧集', '可播放']",True,search_subject,https://search.douban.com/movie/subject_search?search_text=%E7%AB%A5%E5%B9%B4%E5%8A%A8%E7%94%BB&cat=1002&start=60,window.__DATA__
130,15,210,10728463,https://movie.douban.com/subject/10728463/,超兽武装之勇者无惧‎ (2011),https://img3.doubanio.com/view/photo/s_ratio_poster/public/p2918542407.webp,中国大陆 / 儿童 / 科幻 / 动画 / 冒险 / 超兽武装第二部 / Ultra Beast Force / 25分钟,王巍 / 祖晴 / 陆双 / 赵然 / 邓红 / 鞠月斌 / 李团 / 陈轶 / 高全胜,9.7,24936,5,"['剧集', '可播放']",True,search_subject,https://search.douban.com/movie/subject_search?search_text=%E7%AB%A5%E5%B9%B4%E5%8A%A8%E7%94%BB&cat=1002&start=210,window.__DATA__
131,7,90,26469862,https://movie.douban.com/subject/26469862/,樱桃小丸子：来自意大利的少年 ちびまる子ちゃん イタリアから来た少年‎ (2015),https://img1.doubanio.com/view/photo/s_ratio_poster/public/p2383897820.webp,日本 / 剧情 / 动画 / 樱桃小丸子 来自意大利的少年 / 樱桃小丸子：从意大利来的少年 / 94分钟,高木淳 / 鳕子 / 屋良有作 / 一龙斋贞友 / 岛田敏 / 水谷优子 / 渡边菜生子 / 中川大志 / 剧团一人,7,24755,3.5,[],False,search_subject,https://search.douban.com/movie/subject_search?search_text=%E7%AB%A5%E5%B9%B4%E5%8A%A8%E7%94%BB&cat=1002&start=90,window.__DATA__
132,26,375,4114358,https://movie.douban.com/subject/4114358/,哆啦A梦 ドラえもん‎ (1973),https://img1.doubanio.com/view/photo/s_ratio_poster/public/p2524017458.webp,日本 / 喜剧 / 科幻 / 动画 / 旧哆啦 / 机器猫 / 24分钟,上梨满雄 / 富田耕生 / 太田淑子 / 惠比寿真沙子 / 八代骏 / 肝付兼太 / 野泽雅子 / 小原乃梨子 / 村越伊知郎,9.6,24659,5,['剧集'],True,search_subject,https://search.douban.com/movie/subject_search?search_text=%E7%AB%A5%E5%B9%B4%E5%8A%A8%E7%94%BB&cat=1002&start=375,window.__DATA__
133,24,345,1777361,https://movie.douban.com/subject/1777361/,樱桃小丸子2 ちびまる子ちゃん2‎ (1995),https://img9.doubanio.com/view/photo/s_ratio_poster/public/p2508008555.webp,日本 / 儿童 / 喜剧 / 动画 / 短片 / 家庭 / 樱桃小丸子动画版 / Chibi Maruko-chan / 24分钟,芝山努 / 高木淳 / 鳕子 / 青野武 / 茶风林 / 柏仓敦 / 菊池正美 / 水谷优子 / 田野惠 / 飞田展男,9.2,24642,4.5,['剧集'],True,search_subject,https://search.douban.com/movie/subject_search?search_text=%E7%AB%A5%E5%B9%B4%E5%8A%A8%E7%94%BB&cat=1002&start=345,window.__DATA__
134,14,195,2059529,https://movie.douban.com/subject/2059529/,忍者乱太郎 忍たま乱太郎‎ (1993),https://img3.doubanio.com/view/photo/s_ratio_poster/public/p2299153633.webp,日本 / 动画 / にんたまらんたろう / Nintama Rantaro / 26分钟,芝山努 / 河內日出夫 / 高山南 / 田中真弓 / 一龙斋贞友 / 松井摩味 / 佐藤智惠 / 江森浩子 / 小林优子,8.9,24120,4.5,['剧集'],True,search_subject,https://search.douban.com/movie/subject_search?search_text=%E7%AB%A5%E5%B9%B4%E5%8A%A8%E7%94%BB&cat=1002&start=195,window.__DATA__
135,16,225,1781597,https://movie.douban.com/subject/1781597/,神探加杰特 第一季 Inspector Gadget Season 1‎ (1983),https://img3.doubanio.com/view/photo/s_ratio_poster/public/p2554012433.webp,美国 / 法国 / 加拿大 / 日本 / 中国台湾 / 动画 / 家庭 / 喜剧 / 动作 / 冒险 / 犯罪 / 悬疑 / 奇探加杰特 / G型神探 / 30分钟,Bruno Bianchi / 达沃·考克斯 / Edouard David / 雷蒙德·贾费利切 / Ken Stephenson / 唐·亚当斯 / 弗兰克·维尔克 / Bernard Carez,8.4,23945,4,['剧集'],True,search_subject,https://search.douban.com/movie/subject_search?search_text=%E7%AB%A5%E5%B9%B4%E5%8A%A8%E7%94%BB&cat=1002&start=225,window.__DATA__
136,19,270,1453575,https://movie.douban.com/subject/1453575/,阿拉蕾 Dr.スランプ‎ (1997),https://img3.doubanio.com/view/photo/s_ratio_poster/public/p2681247522.webp,日本 / 动画 / 喜剧 / IQ博士 / 怪博士与机器娃娃 / 24分钟,山内重保 / 志水淳儿 / 境宗久 / 中村哲治 / 伊藤尚往 / 藤濑顺一 / 上田芳裕 / 门田英彦 / 屋良有作 / 川田妙子 / 皆口裕子 / 泽口千惠 / 小西宽子 / 浦和惠 / 太田真一郎 / 古谷彻,9,23871,4.5,"['剧集', '可播放']",True,search_subject,https://search.douban.com/movie/subject_search?search_text=%E7%AB%A5%E5%B9%B4%E5%8A%A8%E7%94%BB&cat=1002&start=270,window.__DATA__
137,8,105,1888063,https://movie.douban.com/subject/1888063/,镜花缘‎ (1991),https://img1.doubanio.com/view/photo/s_ratio_poster/public/p2867385879.webp,中国大陆 / 动画 / 奇幻 / 短片 / 古装 / 19分钟,胡兆洪 / 邹勤,9,23824,4.5,"['剧集', '可播放']",True,search_subject,https://search.douban.com/movie/subject_search?search_text=%E7%AB%A5%E5%B9%B4%E5%8A%A8%E7%94%BB&cat=1002&start=105,window.__DATA__
138,13,180,1507332,https://movie.douban.com/subject/1507332/,天线宝宝 Teletubbies‎ (1997),https://img2.doubanio.com/view/photo/s_ratio_poster/public/p2624838091.webp,英国 / 奇幻 / 歌舞 / 天线得得B / 25分钟,Vic Finch/David Hiller / 李康敏 / 埃里克·赛克斯 / 托亚·威尔考克斯 / 桑德拉·迪金森 / 约翰·施瓦布 / 鲁道夫·沃克尔 / 佩内洛普·凯兹 / 罗尔夫·萨克森,8.4,23697,4,"['剧集', '可播放']",True,search_subject,https://search.douban.com/movie/subject_search?search_text=%E7%AB%A5%E5%B9%B4%E5%8A%A8%E7%94%BB&cat=1002&start=180,window.__DATA__
139,7,90,1420088,https://movie.douban.com/subject/1420088/,精灵宝可梦：超梦的逆袭 劇場版ポケットモンスター ミュウツーの逆襲‎ (1998),https://img3.doubanio.com/view/photo/s_ratio_poster/public/p2932670472.webp,日本 / 动作 / 动画 / 冒险 / 宠物小精灵：超梦的反击 / 神奇宝贝：超梦的逆袭 / 75分钟,汤山邦彦 / 松本梨香 / 大谷育江 / 饭冢雅弓 / 上田祐司 / 兴梠里美 / 林原惠美 / 三木真一郎 / 犬山犬子,8.2,23641,4,['可播放'],False,search_subject,https://search.douban.com/movie/subject_search?search_text=%E7%AB%A5%E5%B9%B4%E5%8A%A8%E7%94%BB&cat=1002&start=90,window.__DATA__
140,17,240,1782013,https://movie.douban.com/subject/1782013/,啄木鸟伍迪 The Woody Woodpecker Show‎ (1957),https://img9.doubanio.com/view/photo/s_ratio_poster/public/p2554015455.webp,美国 / 动画 / 家庭 / 调皮啄木鸟 / 30分钟,杰克·汉纳 / Robert Owan / 格雷丝·斯塔福德 / 道斯·巴特勒 / Johnny Coons,8.6,23494,4.5,"['剧集', '可播放']",True,search_subject,https://search.douban.com/movie/subject_search?search_text=%E7%AB%A5%E5%B9%B4%E5%8A%A8%E7%94%BB&cat=1002&start=240,window.__DATA__
141,18,255,2342538,https://movie.douban.com/subject/2342538/,魔动王 魔動王グランゾート‎ (1989),https://img3.doubanio.com/view/photo/s_ratio_poster/public/p2896330622.webp,日本 / 动画 / 光能使者 / 大无敌 / 24分钟,井内秀治 / 日高政光 / 香川丰 / 福田己津央 / 佐藤育郎 / 近藤信宏 / 松浦锭平 / 河本升悟 / 松冈洋子 / 松田辰也 / 安达忍 / 铃木玲子 / 林原惠美 / 泷泽久美子 / 子安武人 / 绪方贤一,8.9,23427,4.5,['剧集'],True,search_subject,https://search.douban.com/movie/subject_search?search_text=%E7%AB%A5%E5%B9%B4%E5%8A%A8%E7%94%BB&cat=1002&start=255,window.__DATA__
142,22,315,2030600,https://movie.douban.com/subject/2030600/,大力水手 The Popeye Show‎ (2001),https://img3.doubanio.com/view/photo/s_ratio_poster/public/p2927692373.webp,美国 / 动画 / 家庭 / Popeye the Sailor / 30分钟,Barry Mills,8.7,23288,4.5,['剧集'],True,search_subject,https://search.douban.com/movie/subject_search?search_text=%E7%AB%A5%E5%B9%B4%E5%8A%A8%E7%94%BB&cat=1002&start=315,window.__DATA__
143,13,180,2148677,https://movie.douban.com/subject/2148677/,小糊涂神‎ (1997),https://img3.doubanio.com/view/photo/s_ratio_poster/public/p2571390107.webp,中国大陆 / 动画 / 小糊涂神 / 12分钟,孙哲 / 韩力 / 王晓燕 / 杨光,7.5,23243,4,['剧集'],True,search_subject,https://search.douban.com/movie/subject_search?search_text=%E7%AB%A5%E5%B9%B4%E5%8A%A8%E7%94%BB&cat=1002&start=180,window.__DATA__
144,12,165,26923124,https://movie.douban.com/subject/26923124/,魔卡少女樱 透明牌篇 カードキャプターさくら クリアカード編‎ (2018),https://img9.doubanio.com/view/photo/s_ratio_poster/public/p2510628384.webp,日本 / 剧情 / 动画 / 奇幻 / 魔卡少女樱 第四季 / 魔卡少女樱 CLEAR CARD篇 / 25分钟,浅香守生 / 细川秀树 / 市村彻夫 / 菱川直树 / 筑紫大介 / 高岛大辅 / 友田政晴 / 神原敏昭 / 菊池聪延 / 加藤显 / 饭村正之 / 熨斗谷充孝 / 丹下樱 / 熊井统子 / 岩男润子 / 绪方惠美 / 久川绫 / 关智一 / 田中秀幸 / 铃木实里,8.2,22833,4,"['剧集', '可播放']",True,search_subject,https://search.douban.com/movie/subject_search?search_text=%E7%AB%A5%E5%B9%B4%E5%8A%A8%E7%94%BB&cat=1002&start=165,window.__DATA__
145,9,120,27097683,https://movie.douban.com/subject/27097683/,阿凡提的故事‎ (1981),https://img9.doubanio.com/view/photo/s_ratio_poster/public/p2626959455.webp,中国大陆 / 动画 / 阿凡提 / 25分钟,靳夕 / 刘惠仪 / 曲建方 / 毕克 / 邱岳峰 / 程之,9.3,22779,4.5,"['剧集', '可播放']",True,search_subject,https://search.douban.com/movie/subject_search?search_text=%E7%AB%A5%E5%B9%B4%E5%8A%A8%E7%94%BB&cat=1002&start=120,window.__DATA__
146,15,210,1431714,https://movie.douban.com/subject/1431714/,小鲤鱼跳龙门‎ (1958),https://img3.doubanio.com/view/photo/s_ratio_poster/public/p2688343693.webp,中国大陆 / 动画 / 短片 / 儿童 / 18分钟,何玉门,8,22166,4,['可播放'],False,search_subject,https://search.douban.com/movie/subject_search?search_text=%E7%AB%A5%E5%B9%B4%E5%8A%A8%E7%94%BB&cat=1002&start=210,window.__DATA__
147,17,240,1300505,https://movie.douban.com/subject/1300505/,鹬蚌相争‎ (1984),https://img2.doubanio.com/view/photo/s_ratio_poster/public/p2608336611.webp,中国大陆 / 动画 / 短片 / Snipe -Clam Grapple / 10分钟,胡进庆 / 陆汝浩,8.2,22028,4,['可播放'],False,search_subject,https://search.douban.com/movie/subject_search?search_text=%E7%AB%A5%E5%B9%B4%E5%8A%A8%E7%94%BB&cat=1002&start=240,window.__DATA__
148,5,60,19899718,https://movie.douban.com/subject/19899718/,蓝精灵：寻找神秘村 Smurfs: The Lost Village‎ (2017),https://img1.doubanio.com/view/photo/s_ratio_poster/public/p2443742358.webp,美国 / 喜剧 / 动画 / 奇幻 / 冒险 / 蓝精灵3：失落的村庄 / 蓝色小精灵：失落的蓝蓝村(台) / 90分钟,凯利·阿斯博瑞 / 黛米·洛瓦托 / 雷恩·威尔森 / 乔·曼根尼罗 / 杰克·麦克布瑞尔 / 丹尼·朴迪 / 曼迪·帕廷金 / 迪·布莱德利·贝克 / 弗兰克·维尔克,6.2,21925,3,['可播放'],False,search_subject,https://search.douban.com/movie/subject_search?search_text=%E7%AB%A5%E5%B9%B4%E5%8A%A8%E7%94%BB&cat=1002&start=60,window.__DATA__
149,22,315,1431713,https://movie.douban.com/subject/1431713/,东郭先生‎ (1955),https://img1.doubanio.com/view/photo/s_ratio_poster/public/p2867147580.webp,中国大陆 / 动画 / 短片 / 儿童 / El Señor Tun Kuo / 10分钟,虞哲光 / 许秉铎,8,21915,4,['可播放'],False,search_subject,https://search.douban.com/movie/subject_search?search_text=%E7%AB%A5%E5%B9%B4%E5%8A%A8%E7%94%BB&cat=1002&start=315,window.__DATA__
150,16,225,1431951,https://movie.douban.com/subject/1431951/,人参娃娃‎ (1961),https://img3.doubanio.com/view/photo/s_ratio_poster/public/p2519665837.webp,中国大陆 / 动画 / 短片 / 儿童 / Ginseng Baby / 26分钟,万古蟾,8.2,21632,4,['可播放'],False,search_subject,https://search.douban.com/movie/subject_search?search_text=%E7%AB%A5%E5%B9%B4%E5%8A%A8%E7%94%BB&cat=1002&start=225,window.__DATA__
151,6,75,1431688,https://movie.douban.com/subject/1431688/,崂山道士‎ (1981),https://img3.doubanio.com/view/photo/s_ratio_poster/public/p2871200057.webp,中国大陆 / 动画 / 短片 / (木偶动画) / 25分钟,虞哲光,8.7,21628,4.5,['可播放'],False,search_subject,https://search.douban.com/movie/subject_search?search_text=%E7%AB%A5%E5%B9%B4%E5%8A%A8%E7%94%BB&cat=1002&start=75,window.__DATA__
152,6,75,2264545,https://movie.douban.com/subject/2264545/,奥特曼 ウルトラマン‎ (1966),https://img2.doubanio.com/view/photo/s_ratio_poster/public/p2225084301.webp,日本 / 剧情 / 动作 / 科幻 / 初代奥特曼 / Ultraman / 25分钟,圆谷一 / 饭岛敏宏 / 野长濑三摩地 / 满田穧 / 实相寺昭雄 / 樋口祐三 / 铃木俊继 / 小林昭二 / 黑部进 / 毒蝮三太夫 / 二瓶正也 / 樱井浩子 / 津泽彰秀 / 平田昭彦 / 森塚敏,9,21604,4.5,"['剧集', '可播放']",True,search_subject,https://search.douban.com/movie/subject_search?search_text=%E7%AB%A5%E5%B9%B4%E5%8A%A8%E7%94%BB&cat=1002&start=75,window.__DATA__
153,18,255,4328475,https://movie.douban.com/subject/4328475/,电击小子‎ (2009),https://img9.doubanio.com/view/photo/s_ratio_poster/public/p2355529586.webp,中国大陆 / 儿童 / 动作 / 科幻 / 动画 / 冒险 / 电击小子 第一季,韩峰 / 林伟涛 / 大鸟 / 赵冰冰 / 张立昆 / 李俊英 / 赵威 / 李宗强 / 李阳阳 / 谢佳 / 艾明,8.3,21503,4,"['剧集', '可播放']",True,search_subject,https://search.douban.com/movie/subject_search?search_text=%E7%AB%A5%E5%B9%B4%E5%8A%A8%E7%94%BB&cat=1002&start=255,window.__DATA__
154,10,135,1456202,https://movie.douban.com/subject/1456202/,魔神坛斗士 鎧伝サムライトルーパー‎ (1988),https://img3.doubanio.com/view/photo/s_ratio_poster/public/p2331800893.webp,日本 / 动画 / 鎧傳 / 铠传——武士军团 / 30分钟,池田成 / 滨津守 / 谷田部胜义 / 赤根和树 / 杉岛邦久 / 米谷良知 / 川濑敏文 / 高松信司 / 关田修 / 草尾毅 / 竹村拓 / 中村大树 / 佐佐木望 / 西村朋纮 / 若本规夫,8.7,21467,4.5,"['剧集', '可播放']",True,search_subject,https://search.douban.com/movie/subject_search?search_text=%E7%AB%A5%E5%B9%B4%E5%8A%A8%E7%94%BB&cat=1002&start=135,window.__DATA__
155,19,270,2079920,https://movie.douban.com/subject/2079920/,足球小将J キャプテン翼J‎ (1994),https://img1.doubanio.com/view/photo/s_ratio_poster/public/p2518747849.webp,日本 / 动画 / 运动 / 足球小将（世青篇） / Captain Tsubasa J / 24分钟,高桥阳一 / 桧山修之 / 石田彰 / 岩男润子,8.2,21402,4,['剧集'],True,search_subject,https://search.douban.com/movie/subject_search?search_text=%E7%AB%A5%E5%B9%B4%E5%8A%A8%E7%94%BB&cat=1002&start=270,window.__DATA__
156,9,120,1440937,https://movie.douban.com/subject/1440937/,变形金刚 第一季 Transformers Season 1‎ (1984),https://img9.doubanio.com/view/photo/s_ratio_poster/public/p2570585234.webp,美国 / 日本 / 动画 / 动作 / 冒险 / 家庭 / 奇幻 / 科幻 / 惊悚 / 变形金刚G1 / Transformers: Generation 1 / 25分钟,约翰·吉布斯 / Michael Bell / Corey Burton / Victor Caroli / Scatman Crothers / Peter Cullen / 丹·吉尔维赞,8.9,21322,4.5,"['剧集', '可播放']",True,search_subject,https://search.douban.com/movie/subject_search?search_text=%E7%AB%A5%E5%B9%B4%E5%8A%A8%E7%94%BB&cat=1002&start=120,window.__DATA__
157,9,120,2079898,https://movie.douban.com/subject/2079898/,足球小将 キャプテン翼‎ (1983),https://img3.doubanio.com/view/photo/s_ratio_poster/public/p2507674857.webp,日本 / 动画 / 儿童 / 运动 / 足球小将（昭和版） / 天使之翼 / 22分钟,Hiroyoshi Mitsunobu / 若本纪昭 / 三桥阳一,8.7,20809,4.5,['剧集'],True,search_subject,https://search.douban.com/movie/subject_search?search_text=%E7%AB%A5%E5%B9%B4%E5%8A%A8%E7%94%BB&cat=1002&start=120,window.__DATA__
158,4,45,10480973,https://movie.douban.com/subject/10480973/,圣斗士星矢：圣域传说 聖闘士星矢 Legend of Sanctuary‎ (2014),https://img9.doubanio.com/view/photo/s_ratio_poster/public/p2321634376.webp,日本 / 动画 / 圣斗士星矢 Legend of Sanctuary / Saint Seiya: Legend of Sanctuary / 93分钟,佐藤敬一 / 石川界人 / 赤羽根健治 / 小野贤章 / 冈本信彦 / 野岛健儿 / 小山力也 / 川田绅司 / 真殿光昭,6.4,20599,3,['可播放'],False,search_subject,https://search.douban.com/movie/subject_search?search_text=%E7%AB%A5%E5%B9%B4%E5%8A%A8%E7%94%BB&cat=1002&start=45,window.__DATA__
159,20,285,1302661,https://movie.douban.com/subject/1302661/,飞天小女警 剧场版 The Powerpuff Girls‎ (2002),https://img2.doubanio.com/view/photo/s_ratio_poster/public/p2257978711.webp,美国 / 动画 / 奇幻 / 冒险 / 家庭 / 霸王美少女 / 飞天小女警大电影 / 73分钟,克雷格·迈克科雷肯 / 凯茜·卡瓦蒂妮 / 塔拉·斯特朗 / 伊丽莎白·戴利 / 罗格·杰克逊 / 汤姆·凯恩,8.1,20555,4,[],False,search_subject,https://search.douban.com/movie/subject_search?search_text=%E7%AB%A5%E5%B9%B4%E5%8A%A8%E7%94%BB&cat=1002&start=285,window.__DATA__
160,19,270,2990288,https://movie.douban.com/subject/2990288/,四驱兄弟II 爆走兄弟レッツ&ゴー!! WGP‎ (1997),https://img9.doubanio.com/view/photo/s_ratio_poster/public/p2511358506.webp,日本 / 动画 / 四驱兄弟2 / 20分钟,加户誉夫 / 星合貴彦 / 井上修 / 村山靖 / 玉田博 / 笠井贤一 / 池泽春菜 / 江原正士 / 森久保祥太郎 / 大谷育江 / 神代知衣,8.9,20474,4.5,"['剧集', '可播放']",True,search_subject,https://search.douban.com/movie/subject_search?search_text=%E7%AB%A5%E5%B9%B4%E5%8A%A8%E7%94%BB&cat=1002&start=270,window.__DATA__
161,19,270,25710909,https://movie.douban.com/subject/25710909/,大耳朵图图 第二季‎ (2008),https://img3.doubanio.com/view/photo/s_ratio_poster/public/p2904162072.webp,中国大陆 / 动画 / 大耳朵图图 第二部 / 12分钟,速达 / 豆豆 / 范楚绒 / 赵铭,9.2,20284,4.5,"['剧集', '可播放']",True,search_subject,https://search.douban.com/movie/subject_search?search_text=%E7%AB%A5%E5%B9%B4%E5%8A%A8%E7%94%BB&cat=1002&start=270,window.__DATA__
162,13,180,1431945,https://movie.douban.com/subject/1431945/,老狼请客‎ (1980),https://img3.doubanio.com/view/photo/s_ratio_poster/public/p2649056383.webp,中国大陆 / 动画 / 短片 / 10分钟,阎善春,8.2,20026,4,['可播放'],False,search_subject,https://search.douban.com/movie/subject_search?search_text=%E7%AB%A5%E5%B9%B4%E5%8A%A8%E7%94%BB&cat=1002&start=180,window.__DATA__
163,16,225,4707882,https://movie.douban.com/subject/4707882/,铁胆火车侠 超特急ヒカリアン‎ (1997),https://img9.doubanio.com/view/photo/s_ratio_poster/public/p2305881594.webp,日本 / 剧情 / 动画 / 电光快车侠 / Japan Hikarian Railroad / 30分钟,广川和之 / 新田义方 / 金田伊功 / 越智一裕 / 龟垣一 / 山口赖房 / 大关雅幸 / 吉川浩司 / 石堂宏之 / 饭岛正胜 / 御厨恭辅 / 藤本次朗 / 早川启二 / 雄谷将仁 / 日下直义 / 松村康弘 / 山崎友正 / 大町繁 / 岛崎遥 / 卷口久美子 / 藤原明里 / 成田剑 / 铃木胜美 / 原泽晃绮 / 加势田进 / 横田荣治,8.2,19386,4,['剧集'],True,search_subject,https://search.douban.com/movie/subject_search?search_text=%E7%AB%A5%E5%B9%B4%E5%8A%A8%E7%94%BB&cat=1002&start=225,window.__DATA__
164,15,210,3131665,https://movie.douban.com/subject/3131665/,数码宝贝3：驯兽师之王 デジモンテイマーズ‎ (2001),https://img1.doubanio.com/view/photo/s_ratio_poster/public/p1948291048.webp,日本 / 动作 / 科幻 / 动画 / 惊悚 / 数码暴龙3：驯兽师之王 / 数码兽驯兽师 / 23分钟,贝泽幸男 / 折笠富美子 / 金田朋子 / 松山鹰志 / 石冢运升 / 津村真琴 / 野泽雅子 / 山口真弓 / 多田葵,9.1,19290,4.5,"['剧集', '可播放']",True,search_subject,https://search.douban.com/movie/subject_search?search_text=%E7%AB%A5%E5%B9%B4%E5%8A%A8%E7%94%BB&cat=1002&start=210,window.__DATA__
165,8,105,3831618,https://movie.douban.com/subject/3831618/,雷欧奥特曼 ウルトラマンレオ‎ (1974),https://img1.doubanio.com/view/photo/s_ratio_poster/public/p2554347188.webp,日本 / 动作 / 科幻 / 雷欧·奥特曼 / Ultraman Reo / 25分钟,円谷粲 / 熊谷健 / 橋本洋二 / 熊谷国雄 / 东条昭平 / 大木淳吉 / 山际永三 / 真船祯 / 深泽清澄 / 外山徹 / 笕正典 / 前田勲 / 山本正孝 / 大木淳 / 中川信夫 / 冈村精 / 真夏龙 / 森次晃嗣 / 蓝友子 / 藤木悠 / 原知佐子 / 春川真澄 / 伊藤猛 / 松田洋治,8.7,19282,4.5,"['剧集', '可播放']",True,search_subject,https://search.douban.com/movie/subject_search?search_text=%E7%AB%A5%E5%B9%B4%E5%8A%A8%E7%94%BB&cat=1002&start=105,window.__DATA__
166,12,165,1441802,https://movie.douban.com/subject/1441802/,超级肥皂‎ (1986),https://img3.doubanio.com/view/photo/s_ratio_poster/public/p2649088437.webp,中国大陆 / 喜剧 / 动画 / 短片 / Super Soap / 6分钟,徐景达 / 马克宣,9,19274,4.5,['可播放'],False,search_subject,https://search.douban.com/movie/subject_search?search_text=%E7%AB%A5%E5%B9%B4%E5%8A%A8%E7%94%BB&cat=1002&start=165,window.__DATA__
167,7,90,3200195,https://movie.douban.com/subject/3200195/,龙珠GT ドラゴンボールGT‎ (1996),https://img2.doubanio.com/view/photo/s_ratio_poster/public/p2516088581.webp,日本 / 动作 / 动画 / 奇幻 / 冒险 / 七龙珠GT / 24分钟,葛西治 / 野泽雅子 / 堀川亮 / 古川登志夫 / 草尾毅 / 古谷彻 / 鹤广美 / 铃置洋孝 / 田中真弓,9,19094,4.5,"['剧集', '可播放']",True,search_subject,https://search.douban.com/movie/subject_search?search_text=%E7%AB%A5%E5%B9%B4%E5%8A%A8%E7%94%BB&cat=1002&start=90,window.__DATA__
168,19,270,3577107,https://movie.douban.com/subject/3577107/,喜羊羊与灰太狼之羊羊运动会‎ (2008),https://img2.doubanio.com/view/photo/s_ratio_poster/public/p2194556441.webp,中国大陆 / 动画 / 喜羊羊与灰太狼(第531-590集) / 15分钟,黄伟明 / 祖晴 / 邓玉婷 / 张琳 / 梁颖,8.4,18966,4,"['剧集', '可播放']",True,search_subject,https://search.douban.com/movie/subject_search?search_text=%E7%AB%A5%E5%B9%B4%E5%8A%A8%E7%94%BB&cat=1002&start=270,window.__DATA__
169,10,135,1304978,https://movie.douban.com/subject/1304978/,三只小猪 Three Little Pigs‎ (1933),https://img3.doubanio.com/view/photo/s_ratio_poster/public/p2508993772.webp,美国 / 动画 / 歌舞 / 家庭 / 喜剧 / 短片 / 三只小猪 / 8分钟,伯特·吉列特 / 比利·布莱彻 / 品托·考维格 / Dorothy Compton / Mary Moder,7.9,18934,4,[],False,search_subject,https://search.douban.com/movie/subject_search?search_text=%E7%AB%A5%E5%B9%B4%E5%8A%A8%E7%94%BB&cat=1002&start=135,window.__DATA__
170,8,105,1484187,https://movie.douban.com/subject/1484187/,怪鸭历险记 第一季 Count Duckula Season 1‎ (1988),https://img9.doubanio.com/view/photo/s_ratio_poster/public/p2181894046.webp,英国 / 动画 / 喜剧 / 家庭 / 恐怖 / 怪鸭历险记 第一季 / 僵尸奇鸭(港) / 22分钟,克里斯·兰达尔 / Keith Scoble / 大卫·杰森 / 杰克·梅 / Brian Trueman / Jimmy Hibbert / 巴里·克莱顿,8.7,18864,4.5,['剧集'],True,search_subject,https://search.douban.com/movie/subject_search?search_text=%E7%AB%A5%E5%B9%B4%E5%8A%A8%E7%94%BB&cat=1002&start=105,window.__DATA__
171,16,225,2373457,https://movie.douban.com/subject/2373457/,怪盗圣少女 怪盗セイント・テール‎ (1995),https://img9.doubanio.com/view/photo/s_ratio_poster/public/p2525937494.webp,日本 / 冒险 / 动画 / 怪盗St. Tail(港) / 圣少女 / 20分钟,锅岛修 / 佐藤真人 / 山本泰一郎 / 棚桥一德 / 松井仁之 / 大庭秀昭 / 贞光绅也 / 冈崎幸男 / 神田直人 / 酒井伸次 / 越智一裕 / 樱井智 / 冈野浩介 / 井上喜久子 / 兴梠里美 / 永岛由子 / 森川智之 / 岩男润子 / 榎本智惠子,8.5,18721,4.5,"['剧集', '可播放']",True,search_subject,https://search.douban.com/movie/subject_search?search_text=%E7%AB%A5%E5%B9%B4%E5%8A%A8%E7%94%BB&cat=1002&start=225,window.__DATA__
172,25,360,1431960,https://movie.douban.com/subject/1431960/,咕咚来了‎ (1981),https://img1.doubanio.com/view/photo/s_ratio_poster/public/p2627555240.webp,中国大陆 / 动画 / 短片 / 儿童 / 20分钟,胡雄华 / 沈祖慰,7.9,18667,4,['可播放'],False,search_subject,https://search.douban.com/movie/subject_search?search_text=%E7%AB%A5%E5%B9%B4%E5%8A%A8%E7%94%BB&cat=1002&start=360,window.__DATA__
173,17,240,3074611,https://movie.douban.com/subject/3074611/,小虎还乡‎ (2002),https://img3.doubanio.com/view/photo/s_ratio_poster/public/p2932419617.webp,中国大陆 / 剧情 / 儿童 / 动画 / 冒险 / 小虎历险记 / 22分钟,陈向农 / 来栋敏 / 刘艺 / 刘海霞 / 赵阳 / 贾丽娜,8.8,18645,4.5,['剧集'],True,search_subject,https://search.douban.com/movie/subject_search?search_text=%E7%AB%A5%E5%B9%B4%E5%8A%A8%E7%94%BB&cat=1002&start=240,window.__DATA__
174,16,225,2567998,https://movie.douban.com/subject/2567998/,我为歌狂‎ (2001),https://img9.doubanio.com/view/photo/s_ratio_poster/public/p2911812084.webp,中国大陆 / 剧情 / 动画 / 22分钟,胡依红 / 源唯杰 / 叶琪山 / 李晔 / 沈蕾 / 孙晔 / 沈达威 / 冯骏骅 / 陶海,8.4,18598,4,"['剧集', '可播放']",True,search_subject,https://search.douban.com/movie/subject_search?search_text=%E7%AB%A5%E5%B9%B4%E5%8A%A8%E7%94%BB&cat=1002&start=225,window.__DATA__
175,19,270,2157295,https://movie.douban.com/subject/2157295/,半夜鸡叫‎ (1964),https://img9.doubanio.com/view/photo/s_ratio_poster/public/p2688068164.webp,中国大陆 / 动画 / 短片 / Le Coq chante à minuit / 20分钟,尤磊,7.9,18352,4,['可播放'],False,search_subject,https://search.douban.com/movie/subject_search?search_text=%E7%AB%A5%E5%B9%B4%E5%8A%A8%E7%94%BB&cat=1002&start=270,window.__DATA__
176,7,90,3831622,https://movie.douban.com/subject/3831622/,泰罗奥特曼 ウルトラマンタロウ‎ (1973),https://img2.doubanio.com/view/photo/s_ratio_poster/public/p2225083321.webp,日本 / 动作 / 超人太郎 / Urutoraman Tarou / 30分钟,熊谷健 / 橋本洋二 / 筱田三郎 / 名古屋章 / 東野孝彦 / 朝加真由美 / 浜村纯 / 石堂淑朗 / 黑部进 / 草薙幸二郎,9,18334,4.5,"['剧集', '可播放']",True,search_subject,https://search.douban.com/movie/subject_search?search_text=%E7%AB%A5%E5%B9%B4%E5%8A%A8%E7%94%BB&cat=1002&start=90,window.__DATA__
177,30,435,3542098,https://movie.douban.com/subject/3542098/,哈皮父子‎ (2007),https://img9.doubanio.com/view/photo/s_ratio_poster/public/p2632651644.webp,中国大陆 / 喜剧 / 动画 / 儿童 / happy father happy son / 5分钟,张红军 / 陶雨旸 / 牟宏（哈爸爸） / 王婧欣（皮儿子）,8.5,18264,4.5,"['剧集', '可播放']",True,search_subject,https://search.douban.com/movie/subject_search?search_text=%E7%AB%A5%E5%B9%B4%E5%8A%A8%E7%94%BB&cat=1002&start=435,window.__DATA__
178,27,390,6436767,https://movie.douban.com/subject/6436767/,天眼小神童‎ (2005),https://img9.doubanio.com/view/photo/s_ratio_poster/public/p2571405945.webp,中国大陆 / 剧情 / 儿童 / 动画 / 奇幻 / 天眼 / 22分钟,糖仁 / 伍凤春 / 张美娟 / 腾腾 / 房露 / 王博 / 阎萌萌 / 孙佳禾 / 张璐,7.4,18202,3.5,"['剧集', '可播放']",True,search_subject,https://search.douban.com/movie/subject_search?search_text=%E7%AB%A5%E5%B9%B4%E5%8A%A8%E7%94%BB&cat=1002&start=390,window.__DATA__
179,4,45,1780256,https://movie.douban.com/subject/1780256/,金猴降妖‎ (1985),https://img1.doubanio.com/view/photo/s_ratio_poster/public/p2529053160.webp,中国大陆 / 剧情 / 动画 / 奇幻 / 孙悟空三打白骨精 / The Monkey King Conquers the Demon / 90分钟,特伟 / 严定宪 / 林文肖 / 李扬 / 谈鹏飞 / 洪融 / 吴鲁生 / 战车 / 赵兵 / 毕克 / 韦启昌,9.2,18072,4.5,['可播放'],False,search_subject,https://search.douban.com/movie/subject_search?search_text=%E7%AB%A5%E5%B9%B4%E5%8A%A8%E7%94%BB&cat=1002&start=45,window.__DATA__
180,9,120,1941319,https://movie.douban.com/subject/1941319/,怪老头儿‎ (1992),https://img3.doubanio.com/view/photo/s_ratio_poster/public/p2871798062.webp,中国大陆 / 儿童 / 动画 / 奇幻 / 冒险 / 短片 / 怪老头系列：怪老头儿 / 19分钟,尤磊 / 胡兆洪 / 乔元正,8.8,18055,4.5,"['剧集', '可播放']",True,search_subject,https://search.douban.com/movie/subject_search?search_text=%E7%AB%A5%E5%B9%B4%E5%8A%A8%E7%94%BB&cat=1002&start=120,window.__DATA__
181,13,180,1868519,https://movie.douban.com/subject/1868519/,圣斗士星矢：冥王哈迪斯十二宫篇 聖闘士星矢 冥王ハーデス十二宮編‎ (2002),https://img3.doubanio.com/view/photo/s_ratio_poster/public/p2775360892.webp,日本 / 动画 / 动作 / 冒险 / 奇幻 / 科幻 / 惊悚 / 圣斗士星矢: 冥王十二宫篇 / Saint Seiya: The Hades Chapter - Sanctuary / 25分钟,山内重保 / 古谷彻 / 铃置洋孝 / 山崎巧 / 草尾毅 / 置鲇龙太郎 / 神奈延年 / 堀川亮 / Kôichi Hashimoto,9.2,17937,4.5,"['剧集', '可播放']",True,search_subject,https://search.douban.com/movie/subject_search?search_text=%E7%AB%A5%E5%B9%B4%E5%8A%A8%E7%94%BB&cat=1002&start=180,window.__DATA__
182,18,255,2932856,https://movie.douban.com/subject/2932856/,十二生肖‎ (1995),https://img1.doubanio.com/view/photo/s_ratio_poster/public/p2609851628.webp,中国大陆 / 剧情 / 动画 / 儿童 / 奇幻 / 十二生肖的故事 / 9分钟,沈如东 / 伍仲文 / 龚金福,8.7,17825,4.5,"['剧集', '可播放']",True,search_subject,https://search.douban.com/movie/subject_search?search_text=%E7%AB%A5%E5%B9%B4%E5%8A%A8%E7%94%BB&cat=1002&start=255,window.__DATA__
183,15,210,1441946,https://movie.douban.com/subject/1441946/,丁丁历险记 第一季 The Adventures of Tintin Season 1‎ (1991),https://img3.doubanio.com/view/photo/s_ratio_poster/public/p2153205937.webp,法国 / 加拿大 / 比利时 / 美国 / 动画 / 冒险 / Les Aventures de Tintin / 30分钟,Stéphane Bernasconi / Colin O'Meara / David Fox / 韦恩·罗布森 / John Stocker / Dan Hennessey / 苏珊·罗曼,9.1,17417,4.5,"['剧集', '可播放']",True,search_subject,https://search.douban.com/movie/subject_search?search_text=%E7%AB%A5%E5%B9%B4%E5%8A%A8%E7%94%BB&cat=1002&start=210,window.__DATA__
184,21,300,1830130,https://movie.douban.com/subject/1830130/,加菲猫和他的朋友们 第一季 Garfield and Friends Season 1‎ (1988),https://img3.doubanio.com/view/photo/s_ratio_poster/public/p2199527672.webp,美国 / 剧情 / 喜剧 / 动画 / 加菲猫 / 加菲猫和他的朋友 / 24分钟,Steve Clark / Jeff Hall / Lorenzo Music / Gregg Berger / Thom Huge / Desiree Goyette / Howie Morris / Frank Welker / Julie Payne / Pat Buttram,9.1,17337,4.5,['剧集'],True,search_subject,https://search.douban.com/movie/subject_search?search_text=%E7%AB%A5%E5%B9%B4%E5%8A%A8%E7%94%BB&cat=1002&start=300,window.__DATA__
185,1,0,26087750,https://movie.douban.com/subject/26087750/,魁拔 (2011),https://img9.doubanio.com/view/photo/s_ratio_poster/public/p2204282956.webp,中国大陆 / 动画 / 奇幻 / 冒险 / Kuiba / Cribug,王川,9.3,17263,4.5,['剧集'],True,search_subject,https://www.douban.com/search?cat=1002&q=%E9%AD%81%E6%8B%94,playwright
186,9,120,2264554,https://movie.douban.com/subject/2264554/,赛文奥特曼 ウルトラセブン‎ (1967),https://img9.doubanio.com/view/photo/s_ratio_poster/public/p2305878425.webp,日本 / 剧情 / 动作 / 科幻 / 超人七星侠(港) / 奥特赛文 / 30分钟,圆谷英二 / 森次晃嗣 / 中山昭二 / 菱美百合子 / 阿知波信介 / 古谷敏,9.2,17138,4.5,"['剧集', '可播放']",True,search_subject,https://search.douban.com/movie/subject_search?search_text=%E7%AB%A5%E5%B9%B4%E5%8A%A8%E7%94%BB&cat=1002&start=120,window.__DATA__
187,19,270,2173190,https://movie.douban.com/subject/2173190/,太阳之子‎ (1992),https://img2.doubanio.com/view/photo/s_ratio_poster/public/p2909063181.webp,中国大陆 / 动画 / 威力童子 / 12分钟,阎善春 / 刘芝玲 / 王毅 / 阎青 / 唐亚男,6.8,17045,3.5,['剧集'],True,search_subject,https://search.douban.com/movie/subject_search?search_text=%E7%AB%A5%E5%B9%B4%E5%8A%A8%E7%94%BB&cat=1002&start=270,window.__DATA__
188,5,60,2264555,https://movie.douban.com/subject/2264555/,杰克奥特曼 帰ってきたウルトラマン‎ (1971),https://img1.doubanio.com/view/photo/s_ratio_poster/public/p2225082438.webp,日本 / 动作 / 科幻 / 归来的宇宙超人 / 归来的奥特曼 / 30分钟,本多猪四郎  / 山际永三 / 佐伯孚治 / 东条昭平 / 笕正典 / 富田义治 / 大木淳吉 / 松林宗惠 / 团时朗 / 西田健 / 根上淳 / 池田骏介 / 塚本信夫 / 不破万作 / 岸田森 / 榊原留美,9.1,16992,4.5,"['剧集', '可播放']",True,search_subject,https://search.douban.com/movie/subject_search?search_text=%E7%AB%A5%E5%B9%B4%E5%8A%A8%E7%94%BB&cat=1002&start=60,window.__DATA__
189,5,60,3117775,https://movie.douban.com/subject/3117775/,魔卡少女樱 剧场版 カードキャプターさくら 劇場版‎ (1999),https://img2.doubanio.com/view/photo/s_ratio_poster/public/p2181383161.webp,日本 / 动画 / 冒险 / 奇幻 / 魔卡少女樱 剧场版 香港篇 / Card Captor Sakura: The Movie - Die Reise nach Hongkong / 81分钟,浅香守生 / 丹下樱 / 久川绫 / 岩男润子 / 熊井统子 / 关智一 / 绪方惠美 / 野上尤加奈 / 田中秀幸,8.6,16983,4.5,['可播放'],False,search_subject,https://search.douban.com/movie/subject_search?search_text=%E7%AB%A5%E5%B9%B4%E5%8A%A8%E7%94%BB&cat=1002&start=60,window.__DATA__
190,17,240,10491640,https://movie.douban.com/subject/10491640/,甜心格格‎ (2011),https://img3.doubanio.com/view/photo/s_ratio_poster/public/p2258145822.webp,中国大陆 / 儿童 / 动画,彭雪梅 / 廖琦 / 史旭杰 / 田欣伟 / 王睿祥 / 陈萃 / 刘洋 / 王天水 / 徐欣,9.2,16947,4.5,"['剧集', '可播放']",True,search_subject,https://search.douban.com/movie/subject_search?search_text=%E7%AB%A5%E5%B9%B4%E5%8A%A8%E7%94%BB&cat=1002&start=240,window.__DATA__
191,23,330,4848102,https://movie.douban.com/subject/4848102/,猪猪侠第一部：魔幻环保‎ (2006),https://img2.doubanio.com/view/photo/s_ratio_poster/public/p2590364421.webp,中国大陆 / 儿童 / 喜剧 / 科幻 / 动画 / 冒险 / 猪猪侠第一部（魔幻环保） / 魔幻猪猡纪 / 15分钟,王巍 / 陆双 / 祖晴 / 高全胜,7.9,16417,4,"['剧集', '可播放']",True,search_subject,https://search.douban.com/movie/subject_search?search_text=%E7%AB%A5%E5%B9%B4%E5%8A%A8%E7%94%BB&cat=1002&start=330,window.__DATA__
192,11,150,1883634,https://movie.douban.com/subject/1883634/,骄傲的将军‎ (1956),https://img1.doubanio.com/view/photo/s_ratio_poster/public/p2589661018.webp,中国大陆 / 剧情 / 动画 / 短片 / The Proud General / 25分钟,特伟 / 李克弱,8.4,16403,4,['可播放'],False,search_subject,https://search.douban.com/movie/subject_search?search_text=%E7%AB%A5%E5%B9%B4%E5%8A%A8%E7%94%BB&cat=1002&start=150,window.__DATA__
193,42,615,2059456,https://movie.douban.com/subject/2059456/,晴天小猪 はれときどきぶた‎ (1997),https://img3.doubanio.com/view/photo/s_ratio_poster/public/p740354183.webp,日本 / 喜剧 / 动画 / 奇幻 / 晴天 PIG PIG / Tokyo Pig / 24分钟,渡边慎一 / 则座诚 / 上田芳裕 / 池端隆史 / 佐藤英一 / 松本淳 / 山崎茂 / 高田耕一 / 高桥幸雄 / 井之川慎太郎 / 南央美 / 金井美香 / 间宫胡桃 / 梁田清之 / 松井菜樱子 / 三石琴乃 / 渡边美佐 / 优希比吕,8,16178,4,['剧集'],True,search_subject,https://search.douban.com/movie/subject_search?search_text=%E7%AB%A5%E5%B9%B4%E5%8A%A8%E7%94%BB&cat=1002&start=615,window.__DATA__
194,20,285,1886965,https://movie.douban.com/subject/1886965/,海底小精灵 第一季 Snorks Season 1‎ (1984),https://img3.doubanio.com/view/photo/s_ratio_poster/public/p2554076062.webp,美国 / 比利时 / 动画 / 家庭 / 海底小精灵 / 22分钟,阿瑟·戴维斯 / 奥斯卡·杜佛 / 迈克尔·贝尔 / Patricia Alice Albrecht / 勒内·奥贝尔若努瓦 / 南茜·卡特莱特 / 彼得·库伦,8.3,15943,4,['剧集'],True,search_subject,https://search.douban.com/movie/subject_search?search_text=%E7%AB%A5%E5%B9%B4%E5%8A%A8%E7%94%BB&cat=1002&start=285,window.__DATA__
195,21,300,2158205,https://movie.douban.com/subject/2158205/,星际宝贝 第一季 Lilo & Stitch: The Series Season 1‎ (2003),https://img1.doubanio.com/view/photo/s_ratio_poster/public/p2922435690.webp,美国 / 喜剧 / 科幻 / 动画 / 冒险 / 家庭 / The Adventures of Lilo & Stitch / Lilo and Stitch / 21分钟,维克多·库克 / 唐·麦金农 / 托尼·克莱格 / 黛维·切斯 / 克里斯·桑德斯 / 戴维·奥格登·施蒂尔斯 / 凯文·麦克唐纳德 / 蒂亚·卡雷尔 / 迪·布莱德利·贝克 / 凯文·迈克尔·理查德森 / 罗伯·鲍森,9.4,15927,4.5,['剧集'],True,search_subject,https://search.douban.com/movie/subject_search?search_text=%E7%AB%A5%E5%B9%B4%E5%8A%A8%E7%94%BB&cat=1002&start=300,window.__DATA__
196,12,165,26584425,https://movie.douban.com/subject/26584425/,米老鼠和唐老鸭‎ (1986),https://img9.doubanio.com/view/photo/s_ratio_poster/public/p2260414786.webp,美国 / 中国大陆 / 喜剧 / 动画 / 米老鼠和唐老鸭 中国配音版 / 米老鼠与唐老鸭 / 10分钟,华特·迪士尼 / 董浩 / 李扬,9.2,15886,4.5,['剧集'],True,search_subject,https://search.douban.com/movie/subject_search?search_text=%E7%AB%A5%E5%B9%B4%E5%8A%A8%E7%94%BB&cat=1002&start=165,window.__DATA__
197,17,240,25980446,https://movie.douban.com/subject/25980446/,虹猫仗剑走天涯‎ (2008),https://img9.doubanio.com/view/photo/s_ratio_poster/public/p2199270546.webp,中国大陆 / 儿童 / 动作 / 动画 / 冒险 / 17分钟,王宏 / 付以琳 / 晏婷 / 刘蓉 / 刘娟 / 张怀武 / 肖睿 / 梁实之 / 王娜,9.3,15822,4.5,"['剧集', '可播放']",True,search_subject,https://search.douban.com/movie/subject_search?search_text=%E7%AB%A5%E5%B9%B4%E5%8A%A8%E7%94%BB&cat=1002&start=240,window.__DATA__
198,20,285,26274367,https://movie.douban.com/subject/26274367/,神兵小将1 下部‎ (2008),https://img1.doubanio.com/view/photo/s_ratio_poster/public/p2219780089.webp,中国大陆 / 儿童 / 动画 / 奇幻 / 冒险 / 神兵小英雄 / 神兵小将1 第二部分 / 20分钟,黄玉郎 / 乔彧 / 马小冀 / 吴晓蕾 / 刘旭莹,9.2,15688,4.5,"['剧集', '可播放']",True,search_subject,https://search.douban.com/movie/subject_search?search_text=%E7%AB%A5%E5%B9%B4%E5%8A%A8%E7%94%BB&cat=1002&start=285,window.__DATA__
199,9,120,1845560,https://movie.douban.com/subject/1845560/,非凡的公主希瑞 第一季 She-Ra: Princess of Power Season 1‎ (1985),https://img1.doubanio.com/view/photo/s_ratio_poster/public/p2181893690.webp,美国 / 动画 / 动作 / 冒险 / 家庭 / 科幻 / 非凡的希瑞公主 / 希拉 / 30分钟,埃德·弗赖德曼 / Mark Glamack / 卢·卡希瓦斯 / Marsh Lamore / 比尔•里德 / 汤姆·塔布瑙奇斯 / Gwen Wetzler / Melendy Britt / 乔治·第桑佐 / Tristan Erwin / Linda Gary / 艾伦·欧朋海默 / Diane Pershing / 埃里卡·谢默 / 娄·谢默,7.8,15683,4,"['剧集', '可播放']",True,search_subject,https://search.douban.com/movie/subject_search?search_text=%E7%AB%A5%E5%B9%B4%E5%8A%A8%E7%94%BB&cat=1002&start=120,window.__DATA__
200,18,255,5446257,https://movie.douban.com/subject/5446257/,开心宝贝‎ (2010),https://img1.doubanio.com/view/photo/s_ratio_poster/public/p2555999919.webp,中国大陆 / 儿童 / 动画 / 开心超人 / 开心宝贝第一部,黄伟明 / 刘红韵 / 邓玉婷 / 严彦子 / 祖晴 / 高全胜 / 李团,8.9,15682,4.5,"['剧集', '可播放']",True,search_subject,https://search.douban.com/movie/subject_search?search_text=%E7%AB%A5%E5%B9%B4%E5%8A%A8%E7%94%BB&cat=1002&start=255,window.__DATA__
201,19,270,1889320,https://movie.douban.com/subject/1889320/,德克斯特的实验室 第一季 Dexter's Laboratory Season 1‎ (1996),https://img3.doubanio.com/view/photo/s_ratio_poster/public/p2509043123.webp,美国 / 动画 / 喜剧 / 剧情 / 家庭 / 科幻 / Dexter's Lab  Season 1 / Dexter de Shiyanshi Season 1 / 30分钟,格恩迪·塔塔科夫斯基 / 凯斯·索西 / 杰夫·贝内特 / 克里斯汀·凯文诺 / 弗兰克·维尔克 / 汤姆·肯尼 / 凯特·克雷西达 / 艾莉森·摩尔 / 罗伯·鲍森,8.9,15626,4.5,['剧集'],True,search_subject,https://search.douban.com/movie/subject_search?search_text=%E7%AB%A5%E5%B9%B4%E5%8A%A8%E7%94%BB&cat=1002&start=270,window.__DATA__
202,7,90,1779379,https://movie.douban.com/subject/1779379/,宇宙骑士 宇宙の騎士テッカマンブレード‎ (1992),https://img1.doubanio.com/view/photo/s_ratio_poster/public/p2314047068.webp,法国 / 美国 / 日本 / 科幻 / 动画 / 宇宙骑士 利刃 / Starknight Tekkaman Blade / 19分钟,根岸弘 / 板野一郎 / 殿胜秀树 / 松园公 / 千叶大辅 / 铃木吉男 / 友田政晴 / 津田义三 / 高濑节夫 / 西山明树彦 / 森川智之 / 林原惠美 / 松本保典 / 横山智佐 / 铃置洋孝 / 饭塚昭三 / 中原茂 / 大泷进矢,9.1,15584,4.5,['剧集'],True,search_subject,https://search.douban.com/movie/subject_search?search_text=%E7%AB%A5%E5%B9%B4%E5%8A%A8%E7%94%BB&cat=1002&start=90,window.__DATA__
203,27,390,2051725,https://movie.douban.com/subject/2051725/,我是小甜甜 魔法の天使クリィミーマミ‎ (1983),https://img1.doubanio.com/view/photo/s_ratio_poster/public/p2282598529.webp,日本 / 动画 / 冒险 / 喜剧 / 剧情 / 家庭 / 奇幻 / 音乐 / 爱情 / 魔法天使 / Mahô no tenshi Creamy Mami / 24分钟,立场良 / 望月智充 / 安浓高志 / 小林治 / 水岛裕 / 肝付兼太 / 三田友子 / 井上和彦 / 土井美加 / 岛津冴子 / 村山明,8.2,15494,4,"['剧集', '可播放']",True,search_subject,https://search.douban.com/movie/subject_search?search_text=%E7%AB%A5%E5%B9%B4%E5%8A%A8%E7%94%BB&cat=1002&start=390,window.__DATA__
204,17,240,1794793,https://movie.douban.com/subject/1794793/,森林好小子 燃える！お兄さん‎ (1988),https://img9.doubanio.com/view/photo/s_ratio_poster/public/p2517830235.webp,日本 / 动作 / 动画 / 森林好小子 / Forest Boy / 30分钟,小林治 / 佐佐木和宏 / 红优 / 森健 / 横山广行 / 殿胜秀树 / 松园公 / 矢尾一树 / 本多知惠子 / 松冈洋子 / 池田秀一 / 屋良有作 / 速水奖 / 山本百合子 / 林原惠美,8.8,15189,4.5,['剧集'],True,search_subject,https://search.douban.com/movie/subject_search?search_text=%E7%AB%A5%E5%B9%B4%E5%8A%A8%E7%94%BB&cat=1002&start=240,window.__DATA__
205,9,120,1441863,https://movie.douban.com/subject/1441863/,人参果‎ (1981),https://img3.doubanio.com/view/photo/s_ratio_poster/public/p2386451132.webp,中国大陆 / 动画 / 奇幻 / 冒险 / 孙悟空偷吃人参果 / Monkey King and Fruit of Immortality / 45分钟,严定宪 / 尚华 / 杨文远 / 陈燕华,8.3,15154,4,['可播放'],False,search_subject,https://search.douban.com/movie/subject_search?search_text=%E7%AB%A5%E5%B9%B4%E5%8A%A8%E7%94%BB&cat=1002&start=120,window.__DATA__
206,23,330,2077448,https://movie.douban.com/subject/2077448/,游戏王 第一部 遊☆戯☆王 (アニメ第1作)‎ (1998),https://img1.doubanio.com/view/photo/s_ratio_poster/public/p2357130328.webp,日本 / 动画 / 惊悚 / 奇幻 / 冒险 / 游戏王(朝日版) / 游戏王前传 / 23分钟,绪方惠美 / 绿川光 / 森川智之 / 野上由加奈 / 置鲇龙太郎 / 青野武 / 盐泽兼人,9.1,15098,4.5,['剧集'],True,search_subject,https://search.douban.com/movie/subject_search?search_text=%E7%AB%A5%E5%B9%B4%E5%8A%A8%E7%94%BB&cat=1002&start=330,window.__DATA__
207,41,600,26303368,https://movie.douban.com/subject/26303368/,大风车‎ (1995),https://img1.doubanio.com/view/photo/s_ratio_poster/public/p2229194028.webp,中国大陆 / 儿童 / 真人秀 / Big Pinwheel / 40分钟,动画城 / 鞠萍 / 董浩 / 刘纯燕 / 何炅,9.3,14993,4.5,['剧集'],True,search_subject,https://search.douban.com/movie/subject_search?search_text=%E7%AB%A5%E5%B9%B4%E5%8A%A8%E7%94%BB&cat=1002&start=600,window.__DATA__
208,12,165,2173164,https://movie.douban.com/subject/2173164/,变形金刚：超能勇士 第一季 Beast Wars: Transformers Season 1‎ (1996),https://img2.doubanio.com/view/photo/s_ratio_poster/public/p2262512001.webp,加拿大 / 美国 / 科幻 / 动画 / 百变金钢(台) / 超能勇士 / 21分钟,史蒂夫·萨克斯 / 科林·戴维斯 / James Boshier / Don Brown / 吉姆·拜恩尼斯 / 加里·切克,9.1,14912,4.5,"['剧集', '可播放']",True,search_subject,https://search.douban.com/movie/subject_search?search_text=%E7%AB%A5%E5%B9%B4%E5%8A%A8%E7%94%BB&cat=1002&start=165,window.__DATA__
209,1,0,5392074,https://movie.douban.com/subject/5392074/,魔角侦探 (2010),https://img3.doubanio.com/view/photo/s_ratio_poster/public/p2463449732.webp,中国大陆 / 喜剧 / 科幻 / 动画 / 悬疑 / 儿童 / 冒险 / 魔角侦探 第一部 / 魔角侦探 第一季,刘宁 / 傅博 / 张杰 / 陈浩 / 季冠霖 / 姜广涛 / 张磊 / 山新,9.5,14758,5.0,"['剧集', '可播放']",True,search_subject,https://www.douban.com/search?cat=1002&q=%E9%AD%94%E8%A7%92%E4%BE%A6%E6%8E%A2,playwright
210,28,405,4097192,https://movie.douban.com/subject/4097192/,快乐星猫‎ (2008),https://img1.doubanio.com/view/photo/s_ratio_poster/public/p2867287150.webp,中国大陆 / 剧情 / 儿童 / 喜剧 / 科幻 / 动画 / 冒险 / 星猫历险记 / 13分钟,沈乐平 / 金波,8.5,14730,4.5,"['剧集', '可播放']",True,search_subject,https://search.douban.com/movie/subject_search?search_text=%E7%AB%A5%E5%B9%B4%E5%8A%A8%E7%94%BB&cat=1002&start=405,window.__DATA__
211,39,570,26613425,https://movie.douban.com/subject/26613425/,小神龙俱乐部‎ (1994),https://img1.doubanio.com/view/photo/s_ratio_poster/public/p2267245998.webp,中国大陆 / 儿童 / 动画 / The Dragon Club,胡可 / 迟帅 / 舒畅 / 榕榕,9.5,14623,5,['剧集'],True,search_subject,https://search.douban.com/movie/subject_search?search_text=%E7%AB%A5%E5%B9%B4%E5%8A%A8%E7%94%BB&cat=1002&start=570,window.__DATA__
212,24,345,2372011,https://movie.douban.com/subject/2372011/,四驱小子 ダッシュ!四駆郎‎ (1989),https://img9.doubanio.com/view/photo/s_ratio_poster/public/p2453535314.webp,日本 / 剧情 / 动画 / 四驅小子 / 四驱郎 / 20分钟,笹川浩 / 山田隆司 / 丸尾未步 / 野泽雅子 / 关俊彦 / 佐久间玲 / 片岡富枝 / 西原久美子 / 堀本等 / 安倍敦 / 鈴木清信,7.9,14568,4,['剧集'],True,search_subject,https://search.douban.com/movie/subject_search?search_text=%E7%AB%A5%E5%B9%B4%E5%8A%A8%E7%94%BB&cat=1002&start=345,window.__DATA__
213,25,360,3012751,https://movie.douban.com/subject/3012751/,哈哈镜花缘‎ (1994),https://img1.doubanio.com/view/photo/s_ratio_poster/public/p2918282888.webp,中国大陆 / 剧情 / 动画 / 22分钟,蔡志军 / 张伟 / 党同义,9.1,14401,4.5,['剧集'],True,search_subject,https://search.douban.com/movie/subject_search?search_text=%E7%AB%A5%E5%B9%B4%E5%8A%A8%E7%94%BB&cat=1002&start=360,window.__DATA__
214,7,90,25832758,https://movie.douban.com/subject/25832758/,神笔马良‎ (2014),https://img1.doubanio.com/view/photo/s_ratio_poster/public/p2190384370.webp,中国大陆 / 动画 / 奇幻 / The Magical Brush / 87分钟,钟智行 / 邵亦琛 / 孟祥龙 / 洪海天 / 吴磊 / 郭易峰 / 吴文伦,6.1,14319,3,['可播放'],False,search_subject,https://search.douban.com/movie/subject_search?search_text=%E7%AB%A5%E5%B9%B4%E5%8A%A8%E7%94%BB&cat=1002&start=90,window.__DATA__
215,18,255,35230532,https://movie.douban.com/subject/35230532/,喜羊羊与灰太狼之筐出胜利‎ (2021),https://img3.doubanio.com/view/photo/s_ratio_poster/public/p2629556552.webp,中国大陆 / 动画 / 喜羊羊与灰太狼之运动英雄传 / 喜羊羊与灰太狼之筐出胜利 / 15分钟,黄俊铭 / 陈力进 / 祖晴 / 邓玉婷 / 刘红韵 / 梁颖 / 高全胜 / 李团 / 张琳 / 赵娜,8.2,14301,4,"['剧集', '可播放']",True,search_subject,https://search.douban.com/movie/subject_search?search_text=%E7%AB%A5%E5%B9%B4%E5%8A%A8%E7%94%BB&cat=1002&start=255,window.__DATA__
216,45,660,1863598,https://movie.douban.com/subject/1863598/,小小露露秀 The Little Lulu Show‎ (1995),https://img9.doubanio.com/view/photo/s_ratio_poster/public/p2554078834.webp,美国 / 动画 / 家庭 / 儿童 / 露露 / 22分钟,Greg Bailey / Louis Piché / Jane Woods / Dawn Ford / Andrew Henry / 丹尼斯·圣约翰 / 崔茜·尤玛 / 瓦妮萨·洛金斯,8.5,14263,4.5,['剧集'],True,search_subject,https://search.douban.com/movie/subject_search?search_text=%E7%AB%A5%E5%B9%B4%E5%8A%A8%E7%94%BB&cat=1002&start=660,window.__DATA__
217,35,510,5326589,https://movie.douban.com/subject/5326589/,视线之外 Out of Sight‎ (2010),https://img9.doubanio.com/view/photo/s_ratio_poster/public/p2537675176.webp,中国台湾 / 剧情 / 动画 / 短片 / 敲敲 / 看不见的地方 / 5分钟,虞雅婷 / 叶亚璇 / 钟玲,8.5,14233,4.5,[],False,search_subject,https://search.douban.com/movie/subject_search?search_text=%E7%AB%A5%E5%B9%B4%E5%8A%A8%E7%94%BB&cat=1002&start=510,window.__DATA__
218,9,120,24859558,https://movie.douban.com/subject/24859558/,哆啦A梦：新·大雄的大魔境 映画ドラえもん 新・のび太の大魔境 ～ペコと5人の探検隊～‎ (2014),https://img1.doubanio.com/view/photo/s_ratio_poster/public/p2082462460.webp,日本 / 动画 / 多啦A梦：新大雄的大魔境-柏高与5人之探险队(港) / 哆啦A梦 新·大雄的大魔境 贝可与5人探险队 / 109分钟,八锹新之介 / 水田山葵 / 大原惠美 / 嘉数由美 / 木村昴 / 关智一 / 三石琴乃 / 松本保典 / 萩野志保子,7.9,14040,4,['可播放'],False,search_subject,https://search.douban.com/movie/subject_search?search_text=%E7%AB%A5%E5%B9%B4%E5%8A%A8%E7%94%BB&cat=1002&start=120,window.__DATA__
219,7,90,4896303,https://movie.douban.com/subject/4896303/,哆啦A梦：新·大雄与铁人兵团 新・のび太と鉄人兵団 〜はばたけ 天使たち〜‎ (2011),https://img3.doubanio.com/view/photo/s_ratio_poster/public/p889854632.webp,日本 / 动画 / 新·大雄与铁人兵团 / 电影多啦A梦-新·大雄与铁人兵团(港) / 108分钟,寺本幸代 / 水田山葵 / 大原惠美 / 嘉数由美 / 木村昴 / 关智一 / 三石琴乃 / 松本保典 / 高木涉,8.4,14002,4,['可播放'],False,search_subject,https://search.douban.com/movie/subject_search?search_text=%E7%AB%A5%E5%B9%B4%E5%8A%A8%E7%94%BB&cat=1002&start=90,window.__DATA__
220,19,270,21348822,https://movie.douban.com/subject/21348822/,生肖传奇之十二生肖闯江湖‎ (2012),https://img9.doubanio.com/view/photo/s_ratio_poster/public/p2571180855.webp,中国大陆 / 儿童 / 动画 / 奇幻 / 冒险 / Kung Fu Masters of the Zodiac: Origins of the Twelve / 12分钟,丁亮 / 万丹青 / 张秉君 / 王雨暄 / 谭笑 / 胡婷 Ting Hu,9.1,13911,4.5,"['剧集', '可播放']",True,search_subject,https://search.douban.com/movie/subject_search?search_text=%E7%AB%A5%E5%B9%B4%E5%8A%A8%E7%94%BB&cat=1002&start=270,window.__DATA__
221,11,150,4807936,https://movie.douban.com/subject/4807936/,米奇妙妙屋 第一季 Mickey Mouse Clubhouse Season 1‎ (2006),https://img1.doubanio.com/view/photo/s_ratio_poster/public/p2165677189.webp,美国 / 印度 / 中国大陆 / 菲律宾 / 喜剧 / 动画 / 奇幻 / 冒险 / 歌舞 / 家庭 / ickey Mouse Wonderful Room / 30分钟,Wayne Allwine / Tony Anselmo / Bill Farmer / Tress MacNeille / Russi Taylor,8.2,13848,4,"['剧集', '可播放']",True,search_subject,https://search.douban.com/movie/subject_search?search_text=%E7%AB%A5%E5%B9%B4%E5%8A%A8%E7%94%BB&cat=1002&start=150,window.__DATA__
222,40,585,2059443,https://movie.douban.com/subject/2059443/,飞天少女猪 とんでぶーりん‎ (1994),https://img9.doubanio.com/view/photo/s_ratio_poster/public/p2509065726.webp,日本 / 动画 / 动作 / 喜剧 / 奇幻 / とんでぶ～りん / 飞天少女猪事丁 / 24分钟,本橋浩一 / 鈴木孝義 / 白鸟由里 / 渊崎由里子 / 石田彰 / 松本梨香 / 柏仓敦 / 佐藤智惠 / 麻见顺子 / 园部启一,7.7,13788,4,['剧集'],True,search_subject,https://search.douban.com/movie/subject_search?search_text=%E7%AB%A5%E5%B9%B4%E5%8A%A8%E7%94%BB&cat=1002&start=585,window.__DATA__
223,18,255,3152738,https://movie.douban.com/subject/3152738/,数码宝贝4：无限地带 デジモンフロンティア‎ (2002),https://img1.doubanio.com/view/photo/s_ratio_poster/public/p2919720418.webp,日本 / 动画 / 动作 / 冒险 / 奇幻 / 惊悚 / 数码暴龙4：无限地带(港) / 数码宝贝最前线 / 22分钟,本乡昭由 / 竹内顺子 / 神谷浩史 / 石毛佐和 / 天田真人 / 渡边久美子 / 铃村健一,8.8,13569,4.5,"['剧集', '可播放']",True,search_subject,https://search.douban.com/movie/subject_search?search_text=%E7%AB%A5%E5%B9%B4%E5%8A%A8%E7%94%BB&cat=1002&start=255,window.__DATA__
224,18,255,3091047,https://movie.douban.com/subject/3091047/,大英雄狄青‎ (2003),https://img1.doubanio.com/view/photo/s_ratio_poster/public/p2589620710.webp,中国大陆 / 剧情 / 动作 / 动画 / 历史 / 战争 / 古装 / 22分钟,沈寿林 / 吴钧 / 金峰 / 刘钦 / 王肖兵,9,13449,4.5,"['剧集', '可播放']",True,search_subject,https://search.douban.com/movie/subject_search?search_text=%E7%AB%A5%E5%B9%B4%E5%8A%A8%E7%94%BB&cat=1002&start=255,window.__DATA__
225,34,495,3292815,https://movie.douban.com/subject/3292815/,小魔女蒙娜 第一季 Mona the Vampire Season 1‎ (1999),https://img1.doubanio.com/view/photo/s_ratio_poster/public/p2548627729.webp,加拿大 / 剧情 / 儿童 / 动画 / 奇幻 / 小魔女蒙娜 / 25分钟,Louis Piché,8.8,13434,4.5,"['剧集', '可播放']",True,search_subject,https://search.douban.com/movie/subject_search?search_text=%E7%AB%A5%E5%B9%B4%E5%8A%A8%E7%94%BB&cat=1002&start=495,window.__DATA__
226,14,195,33387267,https://movie.douban.com/subject/33387267/,我和吸铁石和一个死去的朋友‎ (2019),https://img3.doubanio.com/view/photo/s_ratio_poster/public/p2564382993.webp,中国大陆 / 动画 / 短片 / Me and My Magnet and My Dead Friend / 13分钟,刘毛宁,7.8,13392,4,['可播放'],False,search_subject,https://search.douban.com/movie/subject_search?search_text=%E7%AB%A5%E5%B9%B4%E5%8A%A8%E7%94%BB&cat=1002&start=195,window.__DATA__
227,8,105,1423031,https://movie.douban.com/subject/1423031/,星际宝贝2：史迪奇有问题 Lilo & Stitch 2: Stitch Has a Glitch‎ (2005),https://img3.doubanio.com/view/photo/s_ratio_poster/public/p2922849292.webp,美国 / 动画 / 喜剧 / 家庭 / 科幻 / 星际宝贝2:史迪奇 / 星际宝贝2:史迪奇有问题 / 68分钟,迈克尔·拉巴什 / 安东尼·莱昂迪斯 / 克里斯·桑德斯 / 达科塔·范宁 / 蒂亚·卡雷尔 / 戴维·奥格登·施蒂尔斯 / 凯文·麦克唐纳德 / 库内瓦·穆克 / 李截 / 霍利斯顿·科尔曼,8.1,13387,4,[],False,search_subject,https://search.douban.com/movie/subject_search?search_text=%E7%AB%A5%E5%B9%B4%E5%8A%A8%E7%94%BB&cat=1002&start=105,window.__DATA__
228,28,405,1781149,https://movie.douban.com/subject/1781149/,波波安 第一季 Pepper Ann Season 1‎ (1997),https://img9.doubanio.com/view/photo/s_ratio_poster/public/p2546235985.webp,美国 / 韩国 / 动画 / 家庭 / 喜剧 / Disney's Pepper Ann / 波波安 / 30分钟,凯瑟琳·威尔霍特 / 艾普尔·温切尔 / 丹尼·库克塞,8.4,13376,4,['剧集'],True,search_subject,https://search.douban.com/movie/subject_search?search_text=%E7%AB%A5%E5%B9%B4%E5%8A%A8%E7%94%BB&cat=1002&start=405,window.__DATA__
229,11,150,1299800,https://movie.douban.com/subject/1299800/,大力士 Hercules‎ (1997),https://img1.doubanio.com/view/photo/s_ratio_poster/public/p2370927539.webp,美国 / 喜剧 / 爱情 / 动画 / 奇幻 / 冒险 / 歌舞 / 海格力斯 / 赫拉克勒斯 / 93分钟,约翰·马斯克 / 罗恩·克莱蒙兹 / 泰特·多诺万 / 乔什·基顿 / 罗杰·巴特,7.9,13263,4,['可播放'],False,search_subject,https://search.douban.com/movie/subject_search?search_text=%E7%AB%A5%E5%B9%B4%E5%8A%A8%E7%94%BB&cat=1002&start=150,window.__DATA__
230,21,300,1766522,https://movie.douban.com/subject/1766522/,秀逗魔导士 スレイヤーズ‎ (1995),https://img9.doubanio.com/view/photo/s_ratio_poster/public/p2260258845.webp,日本 / 动画 / 动作 / 冒险 / 喜剧 / 奇幻 / Slayers / 魔剑美神 / 23分钟,渡部高志 / 则座诚 / 岩崎良明 / 佐藤英一 / 小林孝志 / 佐藤真人 / 松浦锭平 / 林原惠美 / 松本保典 / 绿川光 / 铃木真仁 / 冬马由美 / 石田彰 / 安西正弘 / 子安武人,8.9,13255,4.5,"['剧集', '可播放']",True,search_subject,https://search.douban.com/movie/subject_search?search_text=%E7%AB%A5%E5%B9%B4%E5%8A%A8%E7%94%BB&cat=1002&start=300,window.__DATA__
231,27,390,25711819,https://movie.douban.com/subject/25711819/,大耳朵图图 第三季‎ (2010),https://img9.doubanio.com/view/photo/s_ratio_poster/public/p2904162034.webp,中国大陆 / 动画 / 大耳朵图图 第三部 / 12分钟,速达 / 豆豆 / 范楚绒 / 胡谦,9.3,13237,4.5,"['剧集', '可播放']",True,search_subject,https://search.douban.com/movie/subject_search?search_text=%E7%AB%A5%E5%B9%B4%E5%8A%A8%E7%94%BB&cat=1002&start=390,window.__DATA__
232,8,105,1458889,https://movie.douban.com/subject/1458889/,哆啦A梦：大雄的恐龙 ドラえもん のび太の恐竜‎ (1980),https://img3.doubanio.com/view/photo/s_ratio_poster/public/p2519543937.webp,日本 / 剧情 / 科幻 / 动画 / 冒险 / Doraemon: Nobita no kyôryû / Doraemon: Nobita's Dinosaur / 93分钟,福富博 / 大山羡代 / 小原乃梨子 / 野村道子 / 立壁和也 / 肝付兼太 / 青木和代,8.7,13186,4.5,['可播放'],False,search_subject,https://search.douban.com/movie/subject_search?search_text=%E7%AB%A5%E5%B9%B4%E5%8A%A8%E7%94%BB&cat=1002&start=105,window.__DATA__
233,23,330,2285865,https://movie.douban.com/subject/2285865/,游戏王：怪兽之决斗 遊☆戯☆王デュエルモンスターズ‎ (2000),https://img3.doubanio.com/view/photo/s_ratio_poster/public/p2253506802.webp,日本 / 动画 / 游戏王DM / Yû-gi-ôh: Duel Monsters / 24分钟,杉岛邦久 / 笠井贤一 / 小野胜巳 / 细田雅弘 / 菱川直树 / 又野弘道 / 渡边正彦 / 武藤公春 / 北村真咲 / 南康宏 / 吉川浩司 / 松浦锭平 / 清水明 / 石田畅 / 山田彻 / 筱幸裕 / 高木茂树 / 岩井隆央 / 广岛秀树 / 久保太郎 / 志村宏明 / 风间俊介 / 津田健次郎 / 高桥广树 / 近藤孝行,9.5,13049,5,"['剧集', '可播放']",True,search_subject,https://search.douban.com/movie/subject_search?search_text=%E7%AB%A5%E5%B9%B4%E5%8A%A8%E7%94%BB&cat=1002&start=330,window.__DATA__
234,13,180,1458897,https://movie.douban.com/subject/1458897/,哆啦A梦：大雄的日本诞生 ドラえもん のび太の日本誕生‎ (1989),https://img3.doubanio.com/view/photo/s_ratio_poster/public/p2520700977.webp,日本 / 科幻 / 动画 / 冒险 / 哆啦A梦：大雄与日本诞生 / Doraemon: Nobita no Nihon tanjô / 100分钟,芝山努 / 大山羡代 / 小原乃梨子 / 野村道子 / 立壁和也 / 肝付兼太,8.6,13038,4.5,['可播放'],False,search_subject,https://search.douban.com/movie/subject_search?search_text=%E7%AB%A5%E5%B9%B4%E5%8A%A8%E7%94%BB&cat=1002&start=180,window.__DATA__
235,36,525,1939490,https://movie.douban.com/subject/1939490/,快乐家家车‎ (1997),https://img3.doubanio.com/view/photo/s_ratio_poster/public/p2902266817.webp,中国大陆 / 动画 / 儿童 / 12分钟,黄加世 / 武向彤 / 范雷颖,7.5,12958,4,"['剧集', '可播放']",True,search_subject,https://search.douban.com/movie/subject_search?search_text=%E7%AB%A5%E5%B9%B4%E5%8A%A8%E7%94%BB&cat=1002&start=525,window.__DATA__
236,33,480,4124391,https://movie.douban.com/subject/4124391/,Q版三国‎ (2003),https://img2.doubanio.com/view/photo/s_ratio_poster/public/p2569845841.webp,中国大陆 / 剧情 / 动画 / Q版刘关张 / 12分钟,傅燕 / 杨勇,8.8,12949,4.5,"['剧集', '可播放']",True,search_subject,https://search.douban.com/movie/subject_search?search_text=%E7%AB%A5%E5%B9%B4%E5%8A%A8%E7%94%BB&cat=1002&start=480,window.__DATA__
237,8,105,1458900,https://movie.douban.com/subject/1458900/,哆啦A梦：大雄与云之国 ドラえもん のび太と雲の王国‎ (1992),https://img1.doubanio.com/view/photo/s_ratio_poster/public/p2520701519.webp,日本 / 科幻 / 动画 / 冒险 / 哆啦A梦：大雄的梦幻王国 / ドラえもん のび太と云の王国 / 97分钟,芝山努 / 大山羡代 / 小原乃梨子 / 野村道子 / 立壁和也 / 肝付兼太 / 千千松幸子 / 加藤正之 / 田中亮一,8.8,12939,4.5,['可播放'],False,search_subject,https://search.douban.com/movie/subject_search?search_text=%E7%AB%A5%E5%B9%B4%E5%8A%A8%E7%94%BB&cat=1002&start=105,window.__DATA__
238,29,420,5337558,https://movie.douban.com/subject/5337558/,水果篮子 第一季 フルーツバスケット 1st season‎ (2019),https://img9.doubanio.com/view/photo/s_ratio_poster/public/p2552637635.webp,日本 / 动画 / 奇幻 / 生肖奇缘 / Fruits Basket / 24分钟,井端义秀 / 殿胜秀树 / 高岛大辅 / 榎本明广 / 猪狩崇 / 平向智子 / 川越崇弘 / 铃木孝聪 / 土屋康郎 / 工藤宽显 / 野木森达哉 / 石见舞菜香 / 岛崎信长 / 内田雄马 / 中村悠一 / 种崎敦美 / 佐藤聪美 / 钉宫理惠 / 潘惠美,8.5,12811,4.5,"['剧集', '可播放']",True,search_subject,https://search.douban.com/movie/subject_search?search_text=%E7%AB%A5%E5%B9%B4%E5%8A%A8%E7%94%BB&cat=1002&start=420,window.__DATA__
239,24,345,3215138,https://movie.douban.com/subject/3215138/,海绵宝宝 第三季 SpongeBob SquarePants Season 3‎ (2002),https://img1.doubanio.com/view/photo/s_ratio_poster/public/p2511348658.webp,美国 / 喜剧 / 动画 / 23分钟,Alan Smart / 汤姆·肯尼 / 比尔·法格巴克 / 玛丽·乔·卡特利特 / 欧内斯特·博格宁 / 罗德格尔·邦帕斯 / 卡罗琳·劳伦斯 / 克兰西·布朗 / 劳伦斯先生,9.6,12722,5,"['剧集', '可播放']",True,search_subject,https://search.douban.com/movie/subject_search?search_text=%E7%AB%A5%E5%B9%B4%E5%8A%A8%E7%94%BB&cat=1002&start=345,window.__DATA__
240,15,210,1860582,https://movie.douban.com/subject/1860582/,三眼神童 悪魔島のプリンス 三つ目がとおる‎ (1985),https://img1.doubanio.com/view/photo/s_ratio_poster/public/p2554491718.webp,日本 / 动画 / 三眼神童 / 恶魔岛的王子：三眼神童 / 85分钟,芹川有吾 / 岸野一彦 / 松井菜樱子 / 石田彰 / 绪方贤一 / 藤田淑子 / 高岛雅罗,8.4,12716,4,[],False,search_subject,https://search.douban.com/movie/subject_search?search_text=%E7%AB%A5%E5%B9%B4%E5%8A%A8%E7%94%BB&cat=1002&start=210,window.__DATA__
241,22,315,1431949,https://movie.douban.com/subject/1431949/,小马虎‎ (1980),https://img1.doubanio.com/view/photo/s_ratio_poster/public/p2649056159.webp,中国大陆 / 动画 / 短片 / 20分钟,刘蕙仪 / 程之,8,12674,4,['可播放'],False,search_subject,https://search.douban.com/movie/subject_search?search_text=%E7%AB%A5%E5%B9%B4%E5%8A%A8%E7%94%BB&cat=1002&start=315,window.__DATA__
242,7,90,1481825,https://movie.douban.com/subject/1481825/,世纪末救世主传说 北斗神拳 世紀末救世主伝説 北斗の拳‎ (1984),https://img9.doubanio.com/view/photo/s_ratio_poster/public/p2282604395.webp,日本 / 动作 / 动画 / 25分钟,芦田丰雄 / 板野一郎 / Masahisa Ishida / 神谷明 / 难波圭一 / 千叶繁 / 一龙斋贞友,8.4,12544,4,['剧集'],True,search_subject,https://search.douban.com/movie/subject_search?search_text=%E7%AB%A5%E5%B9%B4%E5%8A%A8%E7%94%BB&cat=1002&start=90,window.__DATA__
243,14,195,1872374,https://movie.douban.com/subject/1872374/,恐龙特急克塞号 恐竜戦隊コセイドン‎ (1978),https://img1.doubanio.com/view/photo/s_ratio_poster/public/p2499878599.webp,日本 / 剧情 / 科幻 / 冒险 / 恐龙战队 / Dinosaur Taskforce Koseidon / 30分钟,外山徹 / 东条昭平 / 平山公夫 / 大西彻哉 / 佐藤蛾次郎 / 三景啓司 / 一条みゆ希 / 川崎たか子 / 草野大悟 / 村野奈々美 / 観世栄夫,8.2,12341,4,['剧集'],True,search_subject,https://search.douban.com/movie/subject_search?search_text=%E7%AB%A5%E5%B9%B4%E5%8A%A8%E7%94%BB&cat=1002&start=195,window.__DATA__
244,26,375,4275579,https://movie.douban.com/subject/4275579/,夺宝幸运星‎ (2005),https://img2.doubanio.com/view/photo/s_ratio_poster/public/p2515647361.webp,中国大陆 / 喜剧 / 动画 / 短片 / 开心西游记 / 9分钟,哈磊,9.3,12335,4.5,"['剧集', '可播放']",True,search_subject,https://search.douban.com/movie/subject_search?search_text=%E7%AB%A5%E5%B9%B4%E5%8A%A8%E7%94%BB&cat=1002&start=375,window.__DATA__
245,26,375,2143839,https://movie.douban.com/subject/2143839/,人参王国‎ (1997),https://img9.doubanio.com/view/photo/s_ratio_poster/public/p2666503854.webp,中国 / 动画 / 12分钟,王强,8.6,12324,4.5,"['剧集', '可播放']",True,search_subject,https://search.douban.com/movie/subject_search?search_text=%E7%AB%A5%E5%B9%B4%E5%8A%A8%E7%94%BB&cat=1002&start=375,window.__DATA__
246,28,405,5683891,https://movie.douban.com/subject/5683891/,弹珠传说‎ (2010),https://img3.doubanio.com/view/photo/s_ratio_poster/public/p2869685387.webp,中国大陆 / 儿童 / 科幻 / 动画 / 冒险 / 运动 / Pinball Legend / 25分钟,朱珂 / 熊可 / 陈睿 / 张凯鑫 / 刘淳瑞 / 崔剑楠 / 于潇潇 / 刘贞 / 傅金秀 / 李凡杰 / 李君,9,12318,4.5,"['剧集', '可播放']",True,search_subject,https://search.douban.com/movie/subject_search?search_text=%E7%AB%A5%E5%B9%B4%E5%8A%A8%E7%94%BB&cat=1002&start=405,window.__DATA__
247,27,390,10573507,https://movie.douban.com/subject/10573507/,果宝特攻2‎ (2012),https://img3.doubanio.com/view/photo/s_ratio_poster/public/p2302439622.webp,中国大陆 / 儿童 / 喜剧 / 动作 / 动画 / 奇幻 / 冒险 / Fruity Robo 2,王巍 / 祖晴 / 陆双 / 李团 / 廖春玉 / 鞠月斌 / 赵然 / 刘筱天,8.8,12304,4.5,"['剧集', '可播放']",True,search_subject,https://search.douban.com/movie/subject_search?search_text=%E7%AB%A5%E5%B9%B4%E5%8A%A8%E7%94%BB&cat=1002&start=390,window.__DATA__
248,4,45,4897786,https://movie.douban.com/subject/4897786/,超决战！贝利亚银河帝国 ウルトラマンゼロ THE MOVIE 超決戦！ベリアル銀河帝国‎ (2010),https://img1.doubanio.com/view/photo/s_ratio_poster/public/p2230440190.webp,日本 / 动作 / 奥特曼大电影2012 / 赛罗奥特曼 THE MOVIE 超决战！贝利亚银河帝国 / 100分钟,阿部雄一  / 宫野真守 / 绿川光 / 关智一 / 神谷浩史 / 宫迫博之 / 小柳友 / 滨田龙臣 / 土屋太凤,8,12288,4,['可播放'],False,search_subject,https://search.douban.com/movie/subject_search?search_text=%E7%AB%A5%E5%B9%B4%E5%8A%A8%E7%94%BB&cat=1002&start=45,window.__DATA__
249,26,375,1465786,https://movie.douban.com/subject/1465786/,不思议游戏 ふしぎ遊戯‎ (1995),https://img3.doubanio.com/view/photo/s_ratio_poster/public/p2593179407.webp,日本 / 剧情 / 动画 / 奇幻 / 魔幻游戏 / 不可思议的游戏 / 23分钟,龟垣一 / 鴫野彰 / 西泽晋 / 锅岛修 / 红优 / 嵯峨敏 / 石原立也 / 筱原俊哉 / 贞光绅也 / 黑田康弘 / 岛崎奈奈子 / 元永庆太郎 / 荒木香惠 / 冬马由美 / 绿川光 / 子安武人 / 坂本千夏 / 关智一 / 神奈延年 / 石井康嗣,8.2,12284,4,"['剧集', '可播放']",True,search_subject,https://search.douban.com/movie/subject_search?search_text=%E7%AB%A5%E5%B9%B4%E5%8A%A8%E7%94%BB&cat=1002&start=375,window.__DATA__
250,24,345,2295831,https://movie.douban.com/subject/2295831/,十二生肖守护神 十二戦支 爆烈エトレンジャー‎ (1995),https://img9.doubanio.com/view/photo/s_ratio_poster/public/p2509139506.webp,日本 / 动画 / 十二生肖 爆烈戰士 / The Twelve Warriors Bakuretsu Eto-ranger,池田仁男 / 下坂英男 / 坂本千夏 / 森川智之 / 星野充昭 / 冰上恭子 / 山野井仁 / 纳谷六朗 / 长嶝高士 / 宫村优子,8.7,12254,4.5,['剧集'],True,search_subject,https://search.douban.com/movie/subject_search?search_text=%E7%AB%A5%E5%B9%B4%E5%8A%A8%E7%94%BB&cat=1002&start=345,window.__DATA__
251,16,225,5913021,https://movie.douban.com/subject/5913021/,加菲猫的幸福生活 The Garfield Show‎ (2008),https://img3.doubanio.com/view/photo/s_ratio_poster/public/p2199527582.webp,法国 / 美国 / 印度 / 新加坡 / 儿童 / 喜剧 / 动画 / 家庭 / 大食懒加菲猫(港) / 25分钟,Philippe Vidal / 弗兰克·维尔克 / 瓦利·维吉尔特 / 格雷格·白尔杰,9.1,12169,4.5,"['剧集', '可播放']",True,search_subject,https://search.douban.com/movie/subject_search?search_text=%E7%AB%A5%E5%B9%B4%E5%8A%A8%E7%94%BB&cat=1002&start=225,window.__DATA__
252,12,165,11534752,https://movie.douban.com/subject/11534752/,超魔神英雄传 超魔神英雄伝ワタル‎ (1997),https://img9.doubanio.com/view/photo/s_ratio_poster/public/p2517462664.webp,日本 / 动画 / 冒险 / 神龙斗士第三部 / 魔神英雄传第三季 / 24分钟,井内秀治 / 近藤信宏 / 山本裕介 / 西村聪 / 渡边哲哉 / 福本洁 / 高濑节夫 / 山田弘和 / 冈本英树 / 田中真弓 / 林原惠美 / 伊仓一惠 / 西村知道 / 宫村优子 / 伊藤健太郎 / 爱河里花子 / 横山智佐,9.3,12165,4.5,"['剧集', '可播放']",True,search_subject,https://search.douban.com/movie/subject_search?search_text=%E7%AB%A5%E5%B9%B4%E5%8A%A8%E7%94%BB&cat=1002&start=165,window.__DATA__
253,14,195,1458896,https://movie.douban.com/subject/1458896/,哆啦A梦：大雄的平行西游记 ドラえもん のび太のパラレル西遊記‎ (1988),https://img2.doubanio.com/view/photo/s_ratio_poster/public/p2896884631.webp,日本 / 科幻 / 动画 / 冒险 / 机器猫：乃比太的同次元西游记 / Doraemon: Nobita no Parareru saiyûki / 91分钟,芝山努 / 大山羡代 / 小原乃梨子 / 野村道子 / 立壁和也 / 肝付兼太 / 千千松幸子 / 加藤正之 / 横泽启子,8.1,12125,4,['可播放'],False,search_subject,https://search.douban.com/movie/subject_search?search_text=%E7%AB%A5%E5%B9%B4%E5%8A%A8%E7%94%BB&cat=1002&start=195,window.__DATA__
254,11,150,1458908,https://movie.douban.com/subject/1458908/,哆啦A梦：大雄的太阳王传说 ドラえもん のび太の太陽王伝説‎ (2000),https://img1.doubanio.com/view/photo/s_ratio_poster/public/p2520702689.webp,日本 / 科幻 / 动画 / 冒险 / 哆啦A梦：太阳王传说 / Doraemon: Nobita and the Legend of the Sun King / 94分钟,芝山努 / 大山羡代 / 小原乃梨子 / 野村道子 / 立壁和也 / 肝付兼太 / 绪方惠美,8.6,12116,4.5,['可播放'],False,search_subject,https://search.douban.com/movie/subject_search?search_text=%E7%AB%A5%E5%B9%B4%E5%8A%A8%E7%94%BB&cat=1002&start=150,window.__DATA__
255,14,195,1856522,https://movie.douban.com/subject/1856522/,企鹅家族第一季 Pingu Season 1‎ (1986),https://img1.doubanio.com/view/photo/s_ratio_poster/public/p2177924118.webp,瑞士 / 英国 / 动画 / 家庭 / 企鹅家族系列动画片 / 5分钟,Otmar Gutmann / Marianne Noser / Marcello Magni / David Sant,9.4,12112,4.5,"['剧集', '可播放']",True,search_subject,https://search.douban.com/movie/subject_search?search_text=%E7%AB%A5%E5%B9%B4%E5%8A%A8%E7%94%BB&cat=1002&start=195,window.__DATA__
256,24,345,1845597,https://movie.douban.com/subject/1845597/,"丹佛，最后的恐龙 Denver, the Last Dinosaur‎ (1988)",https://img1.doubanio.com/view/photo/s_ratio_poster/public/p2518123090.webp,美国 / 动画 / 家庭 / 丹佛，最后的恐龙 / 丹佛恐龙 / 29分钟,汤姆·波顿 / 帕特·弗雷利 / 杰克·安杰尔 / 亚当·卡尔,7.9,11934,4,"['剧集', '可播放']",True,search_subject,https://search.douban.com/movie/subject_search?search_text=%E7%AB%A5%E5%B9%B4%E5%8A%A8%E7%94%BB&cat=1002&start=345,window.__DATA__
257,32,465,4306679,https://movie.douban.com/subject/4306679/,魔豆传奇 魔豆奇伝パンダリアン‎ (2004),https://img2.doubanio.com/view/photo/s_ratio_poster/public/p2256510851.webp,日本 / 中国台湾 / 冒险 / 家庭 / 动画 / 奇幻 / Panda Monium / 22分钟,大庭秀昭 / 王晓燕 / 腾腾 / 纪元 / 李星珠 / 赵岭 / 严安 / 鲍大志,9,11918,4.5,"['剧集', '可播放']",True,search_subject,https://search.douban.com/movie/subject_search?search_text=%E7%AB%A5%E5%B9%B4%E5%8A%A8%E7%94%BB&cat=1002&start=465,window.__DATA__
258,20,285,1465023,https://movie.douban.com/subject/1465023/,美少女战士R 美少女戦士セーラームーンR‎ (1993),https://img1.doubanio.com/view/photo/s_ratio_poster/public/p2191454599.webp,日本 / 动画 / 喜剧 / 爱情 / 动作 / 奇幻 / 美少女战士第二季 / Pretty Soldier Sailor Moon R / 24分钟,佐藤顺一 / 几原邦彦 / 宇田钢之介 / 五十岚卓哉 / 竹之内和久 / 小坂春女 / 芝田浩树 / 三石琴乃 / 久川绫 / 富泽美智惠 / 筱原惠美 / 深见梨加 / 潘惠子 / 古谷彻 / 高户靖广,8.6,11865,4.5,"['剧集', '可播放']",True,search_subject,https://search.douban.com/movie/subject_search?search_text=%E7%AB%A5%E5%B9%B4%E5%8A%A8%E7%94%BB&cat=1002&start=285,window.__DATA__
259,11,150,1974733,https://movie.douban.com/subject/1974733/,乱马1/2 らんま1/2‎ (1989),https://img9.doubanio.com/view/photo/s_ratio_poster/public/p2257337165.webp,日本 / 动画 / 喜剧 / 奇幻 / 爱情 / 乱马½ / らんま½ / 24分钟,芝山努 / 望月智充 / 古桥一浩 / 山内重保 / 森健 / 山口胜平 / 林原惠美 / 日高范子,9,11857,4.5,['剧集'],True,search_subject,https://search.douban.com/movie/subject_search?search_text=%E7%AB%A5%E5%B9%B4%E5%8A%A8%E7%94%BB&cat=1002&start=150,window.__DATA__
260,36,525,2995127,https://movie.douban.com/subject/2995127/,熊猫京京‎ (1996),https://img3.doubanio.com/view/photo/s_ratio_poster/public/p2897106867.webp,中国大陆 / 剧情 / 儿童 / 犯罪 / 冒险 / 20分钟,王柏荣 / 王俪桦 / 齐杰 / 王羊,7.2,11832,3.5,['剧集'],True,search_subject,https://search.douban.com/movie/subject_search?search_text=%E7%AB%A5%E5%B9%B4%E5%8A%A8%E7%94%BB&cat=1002&start=525,window.__DATA__
261,9,120,1481828,https://movie.douban.com/subject/1481828/,天空战记 天空戦記シュラト‎ (1989),https://img3.doubanio.com/view/photo/s_ratio_poster/public/p2554090587.webp,日本 / 动画 / Tenkû senki Shurato / 24分钟,西久保瑞穗 / 舛成孝二 / 加户誉夫 / 松本佳久 / 森邦宏 / 村山靖 / 日下直义 / 津田义三 / 关俊彦 / 子安武人 / 水谷优子 / 井上和彦 / 堀内贤雄 / 山寺宏一 / 林原惠美 / 飞田展男,8.8,11817,4.5,['剧集'],True,search_subject,https://search.douban.com/movie/subject_search?search_text=%E7%AB%A5%E5%B9%B4%E5%8A%A8%E7%94%BB&cat=1002&start=120,window.__DATA__
262,21,300,1815485,https://movie.douban.com/subject/1815485/,济公斗蟋蟀‎ (1959),https://img9.doubanio.com/view/photo/s_ratio_poster/public/p1960466805.webp,中国大陆 / 动画 / 短片 / 23分钟,万古蟾,8.2,11751,4,['可播放'],False,search_subject,https://search.douban.com/movie/subject_search?search_text=%E7%AB%A5%E5%B9%B4%E5%8A%A8%E7%94%BB&cat=1002&start=300,window.__DATA__
263,18,255,1901660,https://movie.douban.com/subject/1901660/,逮捕令 逮捕しちゃうぞ‎ (1996),https://img2.doubanio.com/view/photo/s_ratio_poster/public/p2592275131.webp,日本 / 剧情 / 动画 / 警花逮捕令 / 辣妹逮捕令 / 24分钟,渡边浩 / 西村纯二 / 杉岛邦久 / 日色如夏 / 则座诚 / 菱川直树 / 上田茂 / 竹下健一 / 守冈博 / 横山广行 / 江上洁 / 清水明 / 平松晶子 / 玉川纱己子 / 小樱悦子 / 松本梨香 / 岛田敏 / 政宗一成,8.5,11740,4.5,['剧集'],True,search_subject,https://search.douban.com/movie/subject_search?search_text=%E7%AB%A5%E5%B9%B4%E5%8A%A8%E7%94%BB&cat=1002&start=255,window.__DATA__
264,6,75,1845562,https://movie.douban.com/subject/1845562/,宇宙的巨人希曼 第一季 He-Man and the Masters of the Universe Season 1‎ (1983),https://img9.doubanio.com/view/photo/s_ratio_poster/public/p2229311384.webp,美国 / 动画 / 动作 / 冒险 / 家庭 / 奇幻 / 科幻 / 宇宙的巨人希曼 / He-Man / 30分钟,埃德·弗赖德曼 / 卢·卡希瓦斯 / Marsh Lamore / 比尔•里德 / Guerdon Trueblood / Gwen Wetzler / Lou Zukor / Tristan Erwin / 艾伦·欧朋海默 / Linda Gary / 娄·谢默 / 埃里卡·谢默 / Michael Bell,7.5,11721,4,"['剧集', '可播放']",True,search_subject,https://search.douban.com/movie/subject_search?search_text=%E7%AB%A5%E5%B9%B4%E5%8A%A8%E7%94%BB&cat=1002&start=75,window.__DATA__
265,33,480,1902703,https://movie.douban.com/subject/1902703/,猫狗 第一季 CatDog Season 1‎ (1998),https://img1.doubanio.com/view/photo/s_ratio_poster/public/p2494976589.webp,美国 / 喜剧 / 动画 / 猫狗 / 23分钟,Arnie Wong / Scott Wood / 吉姆·卡明斯 / 汤姆·肯尼 / 卡洛斯·阿拉斯拉奇,9.2,11685,4.5,"['剧集', '可播放']",True,search_subject,https://search.douban.com/movie/subject_search?search_text=%E7%AB%A5%E5%B9%B4%E5%8A%A8%E7%94%BB&cat=1002&start=480,window.__DATA__
266,10,135,34953737,https://movie.douban.com/subject/34953737/,数码宝贝： デジモンアドベンチャー：‎ (2020),https://img9.doubanio.com/view/photo/s_ratio_poster/public/p2581478066.webp,日本 / 动画 / 冒险 / 数码宝贝大冒险 重启 / 数码宝贝 重启版 / 24分钟,三塚雅人 / 三瓶由布子 / 浪川大辅 / 小林由美子 / 白石凉子 / 草尾毅 / 高野麻里佳 / 潘惠美 / 和多田美咲,8.2,11480,4,"['剧集', '可播放']",True,search_subject,https://search.douban.com/movie/subject_search?search_text=%E7%AB%A5%E5%B9%B4%E5%8A%A8%E7%94%BB&cat=1002&start=135,window.__DATA__
267,22,315,4097232,https://movie.douban.com/subject/4097232/,精灵世纪 第一季 精灵世纪‎ (2006),https://img3.doubanio.com/view/photo/s_ratio_poster/public/p2633165857.webp,中国大陆 / 剧情 / 动画 / Wizard Century / 16分钟,刘阔 / 关心 / 林继东 / 边辉 / 姬他,9.5,11349,5,['剧集'],True,search_subject,https://search.douban.com/movie/subject_search?search_text=%E7%AB%A5%E5%B9%B4%E5%8A%A8%E7%94%BB&cat=1002&start=315,window.__DATA__
268,37,540,2140126,https://movie.douban.com/subject/2140126/,变形金刚：猛兽侠 第一季 Beast Machines: Transformers Season 1‎ (1999),https://img3.doubanio.com/view/photo/s_ratio_poster/public/p2516235212.webp,加拿大 / 动画 / Beast Machines: Transformers / Beast Machines / 30分钟,Greg Donis / William Lau / Jim Byrnes / Gary Chalk / Ian James Corlett,8.7,11334,4.5,['剧集'],True,search_subject,https://search.douban.com/movie/subject_search?search_text=%E7%AB%A5%E5%B9%B4%E5%8A%A8%E7%94%BB&cat=1002&start=540,window.__DATA__
269,20,285,1917866,https://movie.douban.com/subject/1917866/,刺猬索尼克 第一季 Sonic the Hedgehog Season 1‎ (1993),https://img9.doubanio.com/view/photo/s_ratio_poster/public/p2181644345.webp,美国 / 西班牙 / 意大利 / 动画 / 动作 / 冒险 / 喜剧 / 家庭 / 奇幻 / 科幻 / 刺猬索尼克 / 超音鼠(港) / 30分钟,John Grusd / Dick Sebast,8.1,11257,4,"['剧集', '可播放']",True,search_subject,https://search.douban.com/movie/subject_search?search_text=%E7%AB%A5%E5%B9%B4%E5%8A%A8%E7%94%BB&cat=1002&start=285,window.__DATA__
270,18,255,6989761,https://movie.douban.com/subject/6989761/,开心宝贝之开心超人‎ (2011),https://img1.doubanio.com/view/photo/s_ratio_poster/public/p2864739749.webp,中国大陆 / 儿童 / 喜剧 / 科幻 / 动画 / 冒险 / 开心宝贝第二部,黄伟明 / 刘红韵 / 邓玉婷 / 严彦子 / 祖晴 / 高全胜,8.9,11234,4.5,"['剧集', '可播放']",True,search_subject,https://search.douban.com/movie/subject_search?search_text=%E7%AB%A5%E5%B9%B4%E5%8A%A8%E7%94%BB&cat=1002&start=255,window.__DATA__
271,5,60,10461356,https://movie.douban.com/subject/10461356/,大雄的怀念奶奶 おばあちゃんの思い出‎ (2000),https://img1.doubanio.com/view/photo/s_ratio_poster/public/p2369337420.webp,日本 / 动画 / 奶奶的思念 / 奶奶的回忆,渡边步 / 大山羡代 / 小原乃梨子 / 立壁和也 / 肝付兼太 / 野村道子 / 高村章子 / 千千松幸子 / 大本真基子,9.2,11211,4.5,[],False,search_subject,https://search.douban.com/movie/subject_search?search_text=%E7%AB%A5%E5%B9%B4%E5%8A%A8%E7%94%BB&cat=1002&start=60,window.__DATA__
272,30,435,1431948,https://movie.douban.com/subject/1431948/,假如我是武松‎ (1982),https://img9.doubanio.com/view/photo/s_ratio_poster/public/p2534896054.webp,中国大陆 / 动画 / 短片 / 25分钟,詹同 / 郭冰 / 朱韶浚,8.2,11155,4,['可播放'],False,search_subject,https://search.douban.com/movie/subject_search?search_text=%E7%AB%A5%E5%B9%B4%E5%8A%A8%E7%94%BB&cat=1002&start=435,window.__DATA__
273,12,165,2264563,https://movie.douban.com/subject/2264563/,爱迪奥特曼 ウルトラマン80‎ (1980),https://img1.doubanio.com/view/photo/s_ratio_poster/public/p2219729819.webp,日本 / 剧情 / 儿童 / 动作 / 科幻 / 奇幻 / 冒险 / 艾迪奥特曼 / 我的囧老师是奥特曼 / 30分钟,汤浅宪明 / 大门正明 / 屋良有作 / 长谷川初范 / 中山仁 / 石田惠理 / 萩原佐代子 / 佐原健二 / 石松葛兹,8.7,11107,4.5,"['剧集', '可播放']",True,search_subject,https://search.douban.com/movie/subject_search?search_text=%E7%AB%A5%E5%B9%B4%E5%8A%A8%E7%94%BB&cat=1002&start=165,window.__DATA__
274,25,360,3780631,https://movie.douban.com/subject/3780631/,花园宝宝 In the Night Garden...‎ (2007),https://img3.doubanio.com/view/photo/s_ratio_poster/public/p2867324047.webp,英国 / 动画 / 家庭 / 儿童 / 夜晚园 / 28分钟,Alex Kirby / Dirk Campbell / 德里克·雅各比 / 尼克·凯灵顿 / 安迪·韦勒姆 / 丽贝卡·海兰 / Isaac Blake / Holly Denoon / Justyn Towler / Elisa Laghi,8.4,11107,4,"['剧集', '可播放']",True,search_subject,https://search.douban.com/movie/subject_search?search_text=%E7%AB%A5%E5%B9%B4%E5%8A%A8%E7%94%BB&cat=1002&start=360,window.__DATA__
275,14,195,2032212,https://movie.douban.com/subject/2032212/,OZ国历险记 オズの魔法使い‎ (1986),https://img9.doubanio.com/view/photo/s_ratio_poster/public/p2518078825.webp,日本 / 动画 / 奇幻 / 绿野仙踪 / 奥兹国历险记 / 21分钟,殿河内勝 / 斉藤博 / 岛本须美 / 依田英助 / 北浜晴子 / 安原义人 / 神山卓三 / 永井一郎,8.4,11075,4,['剧集'],True,search_subject,https://search.douban.com/movie/subject_search?search_text=%E7%AB%A5%E5%B9%B4%E5%8A%A8%E7%94%BB&cat=1002&start=195,window.__DATA__
276,10,135,1458893,https://movie.douban.com/subject/1458893/,哆啦A梦：大雄的魔界大冒险 ドラえもん のび太の魔界大冒険‎ (1984),https://img1.doubanio.com/view/photo/s_ratio_poster/public/p2520698818.webp,日本 / 科幻 / 动画 / 冒险 / Doraemon: Nobita's Great Adventure in the World of Magic / Doraemon: Nobita no makai dai bôken / 97分钟,芝山努 / 大山羡代 / 小原乃梨子 / 野村道子 / 立壁和也 / 肝付兼太 / 小山茉美 / 中村正 / 若山弦藏,8.8,11063,4.5,[],False,search_subject,https://search.douban.com/movie/subject_search?search_text=%E7%AB%A5%E5%B9%B4%E5%8A%A8%E7%94%BB&cat=1002&start=135,window.__DATA__
277,15,210,2174533,https://movie.douban.com/subject/2174533/,蜘蛛侠 第一季 Spider-Man Season 1‎ (1994),https://img9.doubanio.com/view/photo/s_ratio_poster/public/p2555926955.webp,美国 / 动画 / 蜘蛛俠动画版 / 23分钟,Gerry Conway / 斯坦·伯克维茨 / John Semper / Christopher Daniel Barnes / Linda Gary / Sara Ballantine / Gary Imhoff / Edward Asner / Roscoe Lee Browne / Jennifer Hale,8.5,10939,4.5,"['剧集', '可播放']",True,search_subject,https://search.douban.com/movie/subject_search?search_text=%E7%AB%A5%E5%B9%B4%E5%8A%A8%E7%94%BB&cat=1002&start=210,window.__DATA__
278,11,150,1807994,https://movie.douban.com/subject/1807994/,太空堡垒 Robotech‎ (1985),https://img2.doubanio.com/view/photo/s_ratio_poster/public/p2517443071.webp,美国 / 日本 / 动画 / 科幻 / 24分钟,罗伯特·V·巴伦 / 凯姆·克拉克 / Rebecca Forstadt / 托尼·奥立佛,9.1,10934,4.5,"['剧集', '可播放']",True,search_subject,https://search.douban.com/movie/subject_search?search_text=%E7%AB%A5%E5%B9%B4%E5%8A%A8%E7%94%BB&cat=1002&start=150,window.__DATA__
279,11,150,1458902,https://movie.douban.com/subject/1458902/,哆啦A梦：大雄与梦幻三剑士 ドラえもん のび太と夢幻三剣士‎ (1994),https://img1.doubanio.com/view/photo/s_ratio_poster/public/p2520701848.webp,日本 / 科幻 / 动画 / 冒险 / Doraemon: Nobita's Fantastic Three Musketeers / Doraemon: Nobita to mugen sankenshi / 99分钟,芝山努 / 大山羡代 / 小原乃梨子 / 野村道子 / 立壁和也 / 肝付兼太 / 千千松幸子 / 松原雅子 / 田中亮一,8.7,10885,4.5,['可播放'],False,search_subject,https://search.douban.com/movie/subject_search?search_text=%E7%AB%A5%E5%B9%B4%E5%8A%A8%E7%94%BB&cat=1002&start=150,window.__DATA__
280,43,630,2117911,https://movie.douban.com/subject/2117911/,彭彭丁满历险记 第一季 Timon and Pumbaa Season 1‎ (1995),https://img1.doubanio.com/view/photo/s_ratio_poster/public/p2554091190.webp,美国 / 动画 / 喜剧 / 家庭 / 彭彭丁满漫游世界 / 彭彭丁满快乐假期 / 30分钟,托尼·克莱格 / Robert Gannaway / Brad Neave / 南茜·卡特莱特 / 吉姆·卡明斯 / 科里·伯顿 / 埃林·萨贝拉 / 奎頓·佛林 / 凯姆·克拉克,8.9,10884,4.5,['剧集'],True,search_subject,https://search.douban.com/movie/subject_search?search_text=%E7%AB%A5%E5%B9%B4%E5%8A%A8%E7%94%BB&cat=1002&start=630,window.__DATA__
281,9,120,1458892,https://movie.douban.com/subject/1458892/,哆啦A梦：大雄的海底鬼岩城 ドラえもん のび太の海底鬼岩城‎ (1983),https://img3.doubanio.com/view/photo/s_ratio_poster/public/p2569026042.webp,日本 / 科幻 / 动画 / 冒险 / Doraemon: Nobita no Kaitei kiganjô / 95分钟,芝山努 / 大山羡代 / 小原乃梨子 / 野村道子 / 立壁和也 / 肝付兼太,8.6,10859,4.5,['可播放'],False,search_subject,https://search.douban.com/movie/subject_search?search_text=%E7%AB%A5%E5%B9%B4%E5%8A%A8%E7%94%BB&cat=1002&start=120,window.__DATA__
282,11,150,1431962,https://movie.douban.com/subject/1431962/,牧笛‎ (1963),https://img1.doubanio.com/view/photo/s_ratio_poster/public/p2649085690.webp,中国大陆 / 动画 / 奇幻 / 短片 / Buffalo Boy and the Flute / The Cowherd's Flute / 20分钟,特伟 / 钱家骏,9,10776,4.5,['可播放'],False,search_subject,https://search.douban.com/movie/subject_search?search_text=%E7%AB%A5%E5%B9%B4%E5%8A%A8%E7%94%BB&cat=1002&start=150,window.__DATA__
283,1,0,3601183,https://movie.douban.com/subject/3601183/,飞哥与小佛 第一季 (2007),https://img1.doubanio.com/view/photo/s_ratio_poster/public/p2187194609.webp,美国 / 喜剧 / 动画 / 家庭 / 飞哥与小佛,Vincent Martella / Thomas Sangster / Jeff 'Swampy' Marsh / Dan Povenmire / Ashley Tisdale,9.6,10776,5.0,"['剧集', '可播放']",True,search_subject,https://www.douban.com/search?cat=1002&q=%E9%A3%9E%E5%93%A5%E4%B8%8E%E5%B0%8F%E7%A6%8F,playwright
284,36,525,1431944,https://movie.douban.com/subject/1431944/,过猴山‎ (1958),https://img1.doubanio.com/view/photo/s_ratio_poster/public/p2004722298.webp,中国大陆 / 剧情 / 动画 / 短片 / 10分钟,王树忱,8.1,10731,4,['可播放'],False,search_subject,https://search.douban.com/movie/subject_search?search_text=%E7%AB%A5%E5%B9%B4%E5%8A%A8%E7%94%BB&cat=1002&start=525,window.__DATA__
285,23,330,1830126,https://movie.douban.com/subject/1830126/,查理·布朗和史努比秀 第一季 The Charlie Brown and Snoopy Show Season 1‎ (1983),https://img9.doubanio.com/view/photo/s_ratio_poster/public/p2628061376.webp,美国 / 动画 / 短片 / 史努比 / 22分钟,Sam Jaimes / Bill Melendez,9,10726,4.5,['剧集'],True,search_subject,https://search.douban.com/movie/subject_search?search_text=%E7%AB%A5%E5%B9%B4%E5%8A%A8%E7%94%BB&cat=1002&start=330,window.__DATA__
286,10,135,3091208,https://movie.douban.com/subject/3091208/,樱桃小丸子 ちびまる子ちゃん‎ (1990),https://img1.doubanio.com/view/photo/s_ratio_poster/public/p2380703550.webp,日本 / 动画 / 樱桃小丸子 剧场版 / 樱桃小丸子：友情岁月 / 93分钟,芝山努 / 須田裕美子 / 鳕子 / 屋良有作 / 鈴木みえ / 富山敬 / 佐々木優子,9.1,10718,4.5,[],False,search_subject,https://search.douban.com/movie/subject_search?search_text=%E7%AB%A5%E5%B9%B4%E5%8A%A8%E7%94%BB&cat=1002&start=135,window.__DATA__
287,48,705,2326678,https://movie.douban.com/subject/2326678/,婴儿城 Baby folies‎ (1993),https://img9.doubanio.com/view/photo/s_ratio_poster/public/p2509139126.webp,法国 / 儿童 / 动画 / Baby Follies（英） / 14分钟,denis olivieri,8.6,10683,4.5,['剧集'],True,search_subject,https://search.douban.com/movie/subject_search?search_text=%E7%AB%A5%E5%B9%B4%E5%8A%A8%E7%94%BB&cat=1002&start=705,window.__DATA__
288,31,450,1795462,https://movie.douban.com/subject/1795462/,下课后 第一季 Recess Season 1‎ (1997),https://img9.doubanio.com/view/photo/s_ratio_poster/public/p2554081366.webp,美国 / 动画 / 冒险 / 喜剧 / 家庭 / 运动 / 23分钟,Andrew Lawrence / Ashley Johnson / Jason Davis,8.5,10674,4.5,['剧集'],True,search_subject,https://search.douban.com/movie/subject_search?search_text=%E7%AB%A5%E5%B9%B4%E5%8A%A8%E7%94%BB&cat=1002&start=450,window.__DATA__
289,25,360,25711821,https://movie.douban.com/subject/25711821/,大耳朵图图 第四季‎ (2011),https://img3.doubanio.com/view/photo/s_ratio_poster/public/p2674284487.webp,中国大陆 / 动画 / 大耳朵图图 第四部 / 大耳朵图图之小小欢乐魔法师 / 12分钟,速达 / 豆豆 / 范楚绒 / 胡谦,9.3,10627,4.5,"['剧集', '可播放']",True,search_subject,https://search.douban.com/movie/subject_search?search_text=%E7%AB%A5%E5%B9%B4%E5%8A%A8%E7%94%BB&cat=1002&start=360,window.__DATA__
290,30,435,3642274,https://movie.douban.com/subject/3642274/,小贝流浪记‎ (1999),https://img3.doubanio.com/view/photo/s_ratio_poster/public/p2512690947.webp,中国大陆 / 剧情 / 动画 / 猫咪小贝 / 20分钟,曹小卉,9,10605,4.5,['剧集'],True,search_subject,https://search.douban.com/movie/subject_search?search_text=%E7%AB%A5%E5%B9%B4%E5%8A%A8%E7%94%BB&cat=1002&start=435,window.__DATA__
291,38,555,2091938,https://movie.douban.com/subject/2091938/,神偷卡门 第一季 Where on Earth Is Carmen Sandiego？ Season 1‎ (1994),https://img2.doubanio.com/view/photo/s_ratio_poster/public/p2494410711.webp,美国 / 动作 / 动画 / 冒险 / 神偷卡门 / 21分钟,Joe Barruso / Stan Phillips / Chadwick Pelletier / 丽塔·莫雷诺 / 斯科特·门维尔,8.7,10571,4.5,['剧集'],True,search_subject,https://search.douban.com/movie/subject_search?search_text=%E7%AB%A5%E5%B9%B4%E5%8A%A8%E7%94%BB&cat=1002&start=555,window.__DATA__
292,11,150,1457926,https://movie.douban.com/subject/1457926/,哆啦A梦：大雄与风之使者 ドラえもん のび太とふしぎ風使い‎ (2003),https://img1.doubanio.com/view/photo/s_ratio_poster/public/p2520703028.webp,日本 / 剧情 / 儿童 / 动画 / 奇幻 / Doraemon: Nobita to fushigi kazetsukai / Doraemon: Nobita and the Wind Wizard / 84分钟,芝山努 / 大山羡代 / 小原乃梨子 / 野村道子 / 肝付兼太 / 立壁和也 / 爱河里花子 / 穗积隆信 / 金井美香,8.6,10533,4.5,['可播放'],False,search_subject,https://search.douban.com/movie/subject_search?search_text=%E7%AB%A5%E5%B9%B4%E5%8A%A8%E7%94%BB&cat=1002&start=150,window.__DATA__
293,18,255,1845571,https://movie.douban.com/subject/1845571/,布雷斯塔警长 BraveStarr‎ (1987),https://img3.doubanio.com/view/photo/s_ratio_poster/public/p2182026337.webp,美国 / 动作 / 家庭 / 动画 / 科幻 / 西部 / 星际警长(台) / 30分钟,埃德·弗赖德曼 / Ernie Schmidt / 卢·卡希瓦斯 / 汤姆·塔布瑙奇斯 / 帕特·弗雷利 / 埃德·吉尔伯特 / 苏珊·布卢 / 查尔斯·阿德勒 / 艾伦·欧朋海默,8.2,10505,4,"['剧集', '可播放']",True,search_subject,https://search.douban.com/movie/subject_search?search_text=%E7%AB%A5%E5%B9%B4%E5%8A%A8%E7%94%BB&cat=1002&start=255,window.__DATA__
294,37,540,3809412,https://movie.douban.com/subject/3809412/,弹珠警察 Bビーダマン爆外伝‎ (1998),https://img1.doubanio.com/view/photo/s_ratio_poster/public/p2511480030.webp,日本 / 动画 / Bom Bom弹珠人 / 弹珠超人 / 24分钟,中西伸彰 / 桑岛法子 / 关俊彦 / 佐久间玲 / 小樱悦子 / 真殿光昭 / 津久井教生 / 小西宽子 / 子安武人,8.1,10463,4,['剧集'],True,search_subject,https://search.douban.com/movie/subject_search?search_text=%E7%AB%A5%E5%B9%B4%E5%8A%A8%E7%94%BB&cat=1002&start=540,window.__DATA__
295,29,420,3150342,https://movie.douban.com/subject/3150342/,三毛流浪记‎ (1984),https://img1.doubanio.com/view/photo/s_ratio_poster/public/p2649097419.webp,中国大陆 / 动画 / Winter Of Three Hairs / 10分钟,徐景达 / 朱康林 / 丁建华 / 毕克,9,10454,4.5,"['剧集', '可播放']",True,search_subject,https://search.douban.com/movie/subject_search?search_text=%E7%AB%A5%E5%B9%B4%E5%8A%A8%E7%94%BB&cat=1002&start=420,window.__DATA__
296,25,360,3722625,https://movie.douban.com/subject/3722625/,魔神英雄传2 魔神英雄伝ワタル2‎ (1990),https://img3.doubanio.com/view/photo/s_ratio_poster/public/p2517463783.webp,日本 / 喜剧 / 动作 / 动画 / 奇幻 / 冒险 / 新魔神英雄傳 / 魔神英雄传第二季 / 24分钟,井内秀治 / 渡边信一郎 / 日高政光 / 西村聪 / 近藤信宏 / 佐藤育郎 / 藤本义孝 / 河本升悟 / 田中真弓 / 林原惠美 / 伊仓一惠 / 高乃丽 / 西村知道 / 山寺宏一 / 玄田哲章 / 龙田直树,9.2,10435,4.5,"['剧集', '可播放']",True,search_subject,https://search.douban.com/movie/subject_search?search_text=%E7%AB%A5%E5%B9%B4%E5%8A%A8%E7%94%BB&cat=1002&start=360,window.__DATA__
297,7,90,1299227,https://movie.douban.com/subject/1299227/,魔法阿妈 魔法阿媽‎ (1998),https://img1.doubanio.com/view/photo/s_ratio_poster/public/p2726583460.webp,中国台湾 / 喜剧 / 动画 / 奇幻 / 魔法亚妈(港) / Mofa ama / 80分钟,王小棣 / 文英 / 许杰辉 / 莊博文,8.9,10424,4.5,[],False,search_subject,https://search.douban.com/movie/subject_search?search_text=%E7%AB%A5%E5%B9%B4%E5%8A%A8%E7%94%BB&cat=1002&start=90,window.__DATA__
298,11,150,3792787,https://movie.douban.com/subject/3792787/,长江7号爱地球‎ (2010),https://img3.doubanio.com/view/photo/s_ratio_poster/public/p540441562.webp,中国大陆 / 中国香港 / 动画 / 长江七号爱地球 / 长江7号：动画版 / 83分钟,袁建滔 / 徐娇 / 石班瑜 / 董洁 / 吴刚 / 黄蕾 / 冯勉恒 / 苏子龙 / 吕萍,6.5,10420,3.5,['可播放'],False,search_subject,https://search.douban.com/movie/subject_search?search_text=%E7%AB%A5%E5%B9%B4%E5%8A%A8%E7%94%BB&cat=1002&start=150,window.__DATA__
299,9,120,22232939,https://movie.douban.com/subject/22232939/,大耳朵图图之美食狂想曲‎ (2017),https://img9.doubanio.com/view/photo/s_ratio_poster/public/p2490966346.webp,中国大陆 / 喜剧 / 动画 / 冒险 / 大耳朵图图电影版 / 大耳朵图图：美食狂想曲 / 91分钟,速达 / 潘延 / 范楚绒 / 胡谦 / 王衡 / 李晔 / 王肖兵 / 吴磊 / 蒋可,6.2,10149,3,['可播放'],False,search_subject,https://search.douban.com/movie/subject_search?search_text=%E7%AB%A5%E5%B9%B4%E5%8A%A8%E7%94%BB&cat=1002&start=120,window.__DATA__
300,29,420,2153494,https://movie.douban.com/subject/2153494/,可可可心一家人‎ (2003),https://img9.doubanio.com/view/photo/s_ratio_poster/public/p2867168745.webp,中国大陆 / 喜剧 / 动画 / 短片 / 家庭 / 可可可心一家人1 / 8分钟,杨子岚 / 曹梁 / 徐刚 / 杨梦露 / 刘钦 / 王建新 / 李晔 / 张慧 / 戚国芳,8,10107,4,['剧集'],True,search_subject,https://search.douban.com/movie/subject_search?search_text=%E7%AB%A5%E5%B9%B4%E5%8A%A8%E7%94%BB&cat=1002&start=420,window.__DATA__
301,27,390,2346826,https://movie.douban.com/subject/2346826/,勇敢的兔八哥 Bugs Bunny Gets the Boid‎ (1942),https://img2.doubanio.com/view/photo/s_ratio_poster/public/p2870686781.webp,美国 / 家庭 / 动画 / 短片 / 喜剧 / 7分钟,Robert Clampett / 梅尔·布兰科 / 萨拉·伯纳 / Kent Rogers,8.8,10094,4.5,[],False,search_subject,https://search.douban.com/movie/subject_search?search_text=%E7%AB%A5%E5%B9%B4%E5%8A%A8%E7%94%BB&cat=1002&start=390,window.__DATA__
302,15,210,2149802,https://movie.douban.com/subject/2149802/,阿尔卑斯山的少女 アルプスの少女ハイジ‎ (1974),https://img3.doubanio.com/view/photo/s_ratio_poster/public/p740322053.webp,日本 / 动画 / 飘零燕 / 小天使 / 28分钟,高畑勋 / 早川启二 / 横田和善 / 杉山佳寿子 / 宫内幸平 / 中西妙子 / 小原乃梨子 / 丸山裕子 / 坪井章子 / 吉田理保子 / 麻生美代子,9.3,10087,4.5,['剧集'],True,search_subject,https://search.douban.com/movie/subject_search?search_text=%E7%AB%A5%E5%B9%B4%E5%8A%A8%E7%94%BB&cat=1002&start=210,window.__DATA__
303,13,180,1458894,https://movie.douban.com/subject/1458894/,哆啦A梦：大雄与铁人兵团 ドラえもん のび太と鉄人兵団‎ (1986),https://img3.doubanio.com/view/photo/s_ratio_poster/public/p2520700067.webp,日本 / 科幻 / 动画 / 冒险 / 哆啦A夢：大雄与铁人兵团 / 哆啦A梦：大雄与铁人兵团 / 97分钟,芝山努 / 大山羡代 / 小原乃梨子 / 立壁和也 / 肝付兼太 / 野村道子 / 熊仓一雄,8.7,10073,4.5,['可播放'],False,search_subject,https://search.douban.com/movie/subject_search?search_text=%E7%AB%A5%E5%B9%B4%E5%8A%A8%E7%94%BB&cat=1002&start=180,window.__DATA__
304,10,135,1458891,https://movie.douban.com/subject/1458891/,哆啦A梦：大雄的大魔境 ドラえもん のび太の大魔境‎ (1982),https://img9.doubanio.com/view/photo/s_ratio_poster/public/p2568835835.webp,日本 / 科幻 / 动画 / 冒险 / Doraemon: Nobita and the Haunts of Evil / 92分钟,西牧秀雄 / 大山羡代 / 小原乃梨子 / 野村道子 / 立壁和也 / 肝付兼太 / 千千松幸子 / 加藤正之 / 白川澄子,8.6,10069,4.5,['可播放'],False,search_subject,https://search.douban.com/movie/subject_search?search_text=%E7%AB%A5%E5%B9%B4%E5%8A%A8%E7%94%BB&cat=1002&start=135,window.__DATA__
305,28,405,2136149,https://movie.douban.com/subject/2136149/,狼来了‎ (1982),https://img9.doubanio.com/view/photo/s_ratio_poster/public/p2649055154.webp,中国大陆 / 动画 / 短片 / 牧羊人的玩笑 / 17分钟,夏秉钧,7.9,10057,4,['可播放'],False,search_subject,https://search.douban.com/movie/subject_search?search_text=%E7%AB%A5%E5%B9%B4%E5%8A%A8%E7%94%BB&cat=1002&start=405,window.__DATA__
306,22,315,1951386,https://movie.douban.com/subject/1951386/,丑小鸭 Ugly Duckling‎ (1939),https://img9.doubanio.com/view/photo/s_ratio_poster/public/p2351277114.webp,美国 / 动画 / 喜剧 / 家庭 / 短片 / 丑小鸭 / 9分钟,Jack Cutting,8.2,10036,4,['可播放'],False,search_subject,https://search.douban.com/movie/subject_search?search_text=%E7%AB%A5%E5%B9%B4%E5%8A%A8%E7%94%BB&cat=1002&start=315,window.__DATA__
307,25,360,1944402,https://movie.douban.com/subject/1944402/,麻辣女孩 第一季 Kim possible Season 1‎ (2002),https://img9.doubanio.com/view/photo/s_ratio_poster/public/p2494977854.webp,美国 / 动画 / 麻辣女孩 / 30分钟,Nicholas Filippi / Lisa Schaffer / Christy Carlson Romano	.... Kim Possible (voice) / Will Friedle	 .... 	Ron Stoppable (voice),8.8,9982,4.5,['剧集'],True,search_subject,https://search.douban.com/movie/subject_search?search_text=%E7%AB%A5%E5%B9%B4%E5%8A%A8%E7%94%BB&cat=1002&start=360,window.__DATA__
308,15,210,4067285,https://movie.douban.com/subject/4067285/,空想新子和千年的魔法 マイマイ新子と千年の魔法‎ (2009),https://img3.doubanio.com/view/photo/s_ratio_poster/public/p2198419957.webp,日本 / 剧情 / 动画 / 新子与千年魔法(台) / 空想新子与千年的魔法 / 93分钟,片渊须直 / 福田麻由子 / 水泽奈子 / 森迫永依 / 本上真奈美 / 松元环季 / 富泽风斗 / 竹本英史 / 小山刚志,7.7,9888,4,['可播放'],False,search_subject,https://search.douban.com/movie/subject_search?search_text=%E7%AB%A5%E5%B9%B4%E5%8A%A8%E7%94%BB&cat=1002&start=210,window.__DATA__
309,17,240,2000689,https://movie.douban.com/subject/2000689/,猪八戒吃瓜‎ (1958),https://img1.doubanio.com/view/photo/s_ratio_poster/public/p2169336848.webp,中国大陆 / 动画 / 短片 / 猪八戒吃西瓜 / Pigsy Eats Watermelon / 20分钟,万古蟾,7.8,9827,4,['可播放'],False,search_subject,https://search.douban.com/movie/subject_search?search_text=%E7%AB%A5%E5%B9%B4%E5%8A%A8%E7%94%BB&cat=1002&start=240,window.__DATA__
310,31,450,4888048,https://movie.douban.com/subject/4888048/,瑶玲啊瑶玲‎ (2003),https://img3.doubanio.com/view/photo/s_ratio_poster/public/p2607630217.webp,中国大陆 / 韩国 / 喜剧 / 爱情 / 动画 / 요랑아 요랑아（韩国） / 魔法小迷狐（台） / 25分钟,李詹雄 / 江贤 / 瑶兰 / 瑶玲（瑶兰） / 布嘟，咕迪，巴迪,8.9,9809,4.5,"['剧集', '可播放']",True,search_subject,https://search.douban.com/movie/subject_search?search_text=%E7%AB%A5%E5%B9%B4%E5%8A%A8%E7%94%BB&cat=1002&start=450,window.__DATA__
311,27,390,1465024,https://movie.douban.com/subject/1465024/,美少女战士S 美少女戦士セーラームーンS‎ (1994),https://img1.doubanio.com/view/photo/s_ratio_poster/public/p2122734938.webp,日本 / 动画 / 动作 / 冒险 / 奇幻 / 剧情 / 爱情 / 惊悚 / 美少女战士第三季 / Bishoujo Senshi Sailor Moon / 30分钟,佐藤顺一 / 几原邦彦 / 宇田钢之介 / 五十岚卓哉 / 小坂春女 / 芝田浩树 / 三石琴乃 / 久川绫 / 古谷彻 / 富泽美智惠 / 筱原惠美 / 深见梨加 / 绪方惠美 / 胜生真沙子,8.6,9776,4.5,"['剧集', '可播放']",True,search_subject,https://search.douban.com/movie/subject_search?search_text=%E7%AB%A5%E5%B9%B4%E5%8A%A8%E7%94%BB&cat=1002&start=390,window.__DATA__
312,28,405,2030751,https://movie.douban.com/subject/2030751/,小蛋壳‎ (1986),https://img2.doubanio.com/view/photo/s_ratio_poster/public/p2604569451.webp,中国大陆 / 儿童 / 动画 / 奇幻 / 短片 / 18分钟,熊南清,8.6,9748,4.5,['可播放'],False,search_subject,https://search.douban.com/movie/subject_search?search_text=%E7%AB%A5%E5%B9%B4%E5%8A%A8%E7%94%BB&cat=1002&start=405,window.__DATA__
313,26,375,19897570,https://movie.douban.com/subject/19897570/,憨八龟的故事‎ (2006),https://img9.doubanio.com/view/photo/s_ratio_poster/public/p2546796464.webp,中国大陆 / 儿童 / 科幻 / 动画 / 奇幻 / 冒险 / 13分钟,邓本勤 / 庄伯权 / 谷放冰 / 邹岱玲 / 杨光普,8.2,9734,4,['剧集'],True,search_subject,https://search.douban.com/movie/subject_search?search_text=%E7%AB%A5%E5%B9%B4%E5%8A%A8%E7%94%BB&cat=1002&start=375,window.__DATA__
314,27,390,11612337,https://movie.douban.com/subject/11612337/,海绵宝宝 第四季 SpongeBob SquarePants Season 4‎ (2005),https://img2.doubanio.com/view/photo/s_ratio_poster/public/p2511349101.webp,美国 / 喜剧 / 动画 / 家庭 / 23分钟,保罗·提比特 / Alan smart / Sherm Cohen / 汤姆·肯尼 / 比尔·法格巴克 / 克兰西·布朗 / 劳伦斯先生 / 吉尔·塔利 / 卡罗琳·劳伦斯 / 罗里·艾伦 / 迪·布莱德利·贝克,9.6,9732,5,"['剧集', '可播放']",True,search_subject,https://search.douban.com/movie/subject_search?search_text=%E7%AB%A5%E5%B9%B4%E5%8A%A8%E7%94%BB&cat=1002&start=390,window.__DATA__
315,37,540,4262232,https://movie.douban.com/subject/4262232/,小牛向前冲‎ (2009),https://img9.doubanio.com/view/photo/s_ratio_poster/public/p2270923316.webp,中国大陆 / 儿童 / 动画 / 奇幻 / 冒险 / Go! Calf / 20分钟,蔡志军 / 何澄 / 王星峰 / 王晓燕 / 杨梦露 / 刘彬 / 沈达威 / 程玉珠 / 张欣 / 邹亮 / 贾志超,8,9653,4,"['剧集', '可播放']",True,search_subject,https://search.douban.com/movie/subject_search?search_text=%E7%AB%A5%E5%B9%B4%E5%8A%A8%E7%94%BB&cat=1002&start=540,window.__DATA__
316,20,285,1306554,https://movie.douban.com/subject/1306554/,跳跳虎历险记 The Tigger Movie‎ (2000),https://img1.doubanio.com/view/photo/s_ratio_poster/public/p1731326340.webp,美国 / 日本 / 喜剧 / 动画 / 老虎的故事 / 77分钟,君·法尔克斯汀 / 吉姆·卡明斯 / 约翰·菲德勒 / 尼基塔·霍普金斯 / Ken Sansom / 彼得·库伦 / 凯斯·索西 / Tom Attenborough,8.2,9571,4,['可播放'],False,search_subject,https://search.douban.com/movie/subject_search?search_text=%E7%AB%A5%E5%B9%B4%E5%8A%A8%E7%94%BB&cat=1002&start=285,window.__DATA__
317,37,540,5268621,https://movie.douban.com/subject/5268621/,超智能足球‎ (2010),https://img1.doubanio.com/view/photo/s_ratio_poster/public/p2271872068.webp,中国大陆 / 儿童 / 科幻 / 动画 / 冒险 / 运动 / 超智能足球GGO / AI Football GGO / 23分钟,钱国栋 / 巫志兴 / 潜龙 / 核能 / 流星,9.3,9548,4.5,"['剧集', '可播放']",True,search_subject,https://search.douban.com/movie/subject_search?search_text=%E7%AB%A5%E5%B9%B4%E5%8A%A8%E7%94%BB&cat=1002&start=540,window.__DATA__
318,18,255,1498605,https://movie.douban.com/subject/1498605/,阿凡提的故事之宝驴‎ (1988),https://img1.doubanio.com/view/photo/s_ratio_poster/public/p2537217088.webp,中国大陆 / 动画 / 短片 / 第十一集：宝驴 / 19分钟,曲建方 / 金芳玲 / 毕克 / 邱岳峰,8.7,9420,4.5,[],False,search_subject,https://search.douban.com/movie/subject_search?search_text=%E7%AB%A5%E5%B9%B4%E5%8A%A8%E7%94%BB&cat=1002&start=255,window.__DATA__
319,15,210,25955412,https://movie.douban.com/subject/25955412/,数码宝贝大冒险tri. 第1章：再会 デジモンアドベンチャー tri. 第1章 再会‎ (2015),https://img3.doubanio.com/view/photo/s_ratio_poster/public/p2232020973.webp,日本 / 动画 / 奇幻 / 冒险 / デジモンアドベンチャー 世界中の“選ばれし子どもたち”へ / Digimon Adventure tri. Chapter 1: Reunion / 87分钟,元永庆太郎 / 花江夏树 / 三森铃子 / 细谷佳正 / 田村睦心 / 吉田仁美 / 池田纯矢 / 榎木淳弥 / 市道真央,6.9,9413,3.5,['可播放'],False,search_subject,https://search.douban.com/movie/subject_search?search_text=%E7%AB%A5%E5%B9%B4%E5%8A%A8%E7%94%BB&cat=1002&start=210,window.__DATA__
320,28,405,4103436,https://movie.douban.com/subject/4103436/,星际恐龙 Extreme Dinosaurs‎ (1997),https://img9.doubanio.com/view/photo/s_ratio_poster/public/p2609491146.webp,美国 / 动画 / 动作 / 犯罪 / 家庭 / 科幻 / 恐龙勇士 / 星际恐龙 / 20分钟,Phil Harnage / Ken Pontac / David Sobolov / 加里·切克 / 安德鲁·弗朗西斯 / 贾森·加里-斯坦福德 / Terry Klassen,8.3,9370,4,['剧集'],True,search_subject,https://search.douban.com/movie/subject_search?search_text=%E7%AB%A5%E5%B9%B4%E5%8A%A8%E7%94%BB&cat=1002&start=405,window.__DATA__
321,12,165,1470189,https://movie.douban.com/subject/1470189/,蓝宝石之谜 ふしぎの海のナディア‎ (1990),https://img9.doubanio.com/view/photo/s_ratio_poster/public/p2023676836.webp,日本 / 剧情 / 动画 / 冒险 / 海底两万里 / 不可思议的海之娜蒂亚 / 25分钟,庵野秀明 / 樋口真嗣 / 摩砂雪 / 前田真宏 / 米谷良知 / 高山文彦 / 舛成孝二 / 红优 / 森健 / 神谷纯 / 萨川昭夫 / 粟井重纪 / 增尾昭一 / 洼冈俊之 / 鹰森淑乃 / 日高范子 / 水谷优子 / 大塚明夫 / 井上喜久子 / 泷泽久美子 / 堀内贤雄 / 樱井敏治,9,9368,4.5,['剧集'],True,search_subject,https://search.douban.com/movie/subject_search?search_text=%E7%AB%A5%E5%B9%B4%E5%8A%A8%E7%94%BB&cat=1002&start=165,window.__DATA__
322,15,210,1458903,https://movie.douban.com/subject/1458903/,哆啦A梦：大雄的创世日记 ドラえもん のび太の創世日記‎ (1995),https://img3.doubanio.com/view/photo/s_ratio_poster/public/p2520701997.webp,日本 / 科幻 / 动画 / 冒险 / 哆啦A梦剧场版1995：大雄的创世纪日记 / Doraemon: Nobita's Genesis Diary / 98分钟,芝山努 / 大山羡代 / 小原乃梨子 / 野村道子 / 立壁和也 / 肝付兼太 / 千千松幸子 / 中岛和男 / 白川澄子,8.6,9331,4.5,['可播放'],False,search_subject,https://search.douban.com/movie/subject_search?search_text=%E7%AB%A5%E5%B9%B4%E5%8A%A8%E7%94%BB&cat=1002&start=210,window.__DATA__
323,28,405,11612338,https://movie.douban.com/subject/11612338/,海绵宝宝 第五季 SpongeBob SquarePants Season 5‎ (2007),https://img3.doubanio.com/view/photo/s_ratio_poster/public/p2627901032.webp,美国 / 喜剧 / 动画 / 家庭 / 23分钟,保罗·提比特 / Alan smart / Sherm Cohen / 汤姆·肯尼 / 比尔·法格巴克 / 吉尔·塔利 / 罗德格尔·邦帕斯 / 克兰西·布朗 / 劳伦斯先生 / 罗里·艾伦 / 卡罗琳·劳伦斯,9.6,9316,5,"['剧集', '可播放']",True,search_subject,https://search.douban.com/movie/subject_search?search_text=%E7%AB%A5%E5%B9%B4%E5%8A%A8%E7%94%BB&cat=1002&start=405,window.__DATA__
324,35,510,26593597,https://movie.douban.com/subject/26593597/,动画城‎ (1994),https://img1.doubanio.com/view/photo/s_ratio_poster/public/p2263201210.webp,中国大陆 / 儿童 / 动画 / 30分钟,郏捷 / 何子然 / 梁超,9.4,9305,4.5,['剧集'],True,search_subject,https://search.douban.com/movie/subject_search?search_text=%E7%AB%A5%E5%B9%B4%E5%8A%A8%E7%94%BB&cat=1002&start=510,window.__DATA__
325,18,255,3019536,https://movie.douban.com/subject/3019536/,叮当猫 ポコニャン‎ (1993),https://img1.doubanio.com/view/photo/s_ratio_poster/public/p2873183120.webp,日本 / 动画 / 美琪家的叮当猫 / Pokonyan / 10分钟,笹川浩 / 原征太郎 / 大地丙太郎 / 神户守 / 岩崎良明 / 佐山圣子 / 浅田裕二 / 香川丰 / 高木真司 / 高桥幸雄 / 古川政美 / 井硲清高 / 福本洁 / 西本由纪夫 / 三田友子 / 三石琴乃 / 平松晶子 / 江原正士 / 向井真理子 / 肝付兼太 / 柏仓敦 / 小林优子,8.8,9302,4.5,"['剧集', '可播放']",True,search_subject,https://search.douban.com/movie/subject_search?search_text=%E7%AB%A5%E5%B9%B4%E5%8A%A8%E7%94%BB&cat=1002&start=255,window.__DATA__
326,31,450,3503813,https://movie.douban.com/subject/3503813/,快乐东西‎ (2003),https://img2.doubanio.com/view/photo/s_ratio_poster/public/p2867121051.webp,中国大陆 / 动画 / 家庭 / Happy Stuff / 10分钟,王云飞 / 朱江 / 白涛 / 冯宪珍 / 姜广涛 / 林兰 / 田波 / 韩童生,9.2,9127,4.5,"['剧集', '可播放']",True,search_subject,https://search.douban.com/movie/subject_search?search_text=%E7%AB%A5%E5%B9%B4%E5%8A%A8%E7%94%BB&cat=1002&start=450,window.__DATA__
327,33,480,1498594,https://movie.douban.com/subject/1498594/,阿凡提的故事之吝啬鬼‎ (1985),https://img9.doubanio.com/view/photo/s_ratio_poster/public/p2537217175.webp,中国大陆 / 动画 / 短片 / 第六集：吝啬鬼 / 25分钟,蔡渊澜 / 曲建方 / 毕克 / 邱岳峰,8.8,9111,4.5,[],False,search_subject,https://search.douban.com/movie/subject_search?search_text=%E7%AB%A5%E5%B9%B4%E5%8A%A8%E7%94%BB&cat=1002&start=480,window.__DATA__
328,22,315,2349573,https://movie.douban.com/subject/2349573/,托马斯和朋友 第一季 Thomas the Tank Engine & Friends Season 1‎ (1984),https://img1.doubanio.com/view/photo/s_ratio_poster/public/p2536661079.webp,英国 / 儿童 / 动画 / 短片 / 汤玛斯和朋友伟大的发现 / 托马斯和他的朋友们 / 10分钟,W. Awdry / Oliver / Percy / Peter Sam,7.6,9093,4,"['剧集', '可播放']",True,search_subject,https://search.douban.com/movie/subject_search?search_text=%E7%AB%A5%E5%B9%B4%E5%8A%A8%E7%94%BB&cat=1002&start=315,window.__DATA__
329,34,495,20088223,https://movie.douban.com/subject/20088223/,火车火车过山洞 Zeinek Gehiago Iraun‎ (2012),https://img3.doubanio.com/view/photo/s_ratio_poster/public/p1961354223.webp,西班牙 / 剧情 / 动画 / 短片 / 家庭 / Who Lasts Longer / 13分钟,Gregorio Muro Arriet / 拉蒙·阿吉尔 / 因阿基·贝拉尔特 / Marian Galarraga / Vito Rogado,8.4,9063,4,[],False,search_subject,https://search.douban.com/movie/subject_search?search_text=%E7%AB%A5%E5%B9%B4%E5%8A%A8%E7%94%BB&cat=1002&start=495,window.__DATA__
330,16,225,1815504,https://movie.douban.com/subject/1815504/,女娲补天‎ (1985),https://img9.doubanio.com/view/photo/s_ratio_poster/public/p2649054924.webp,中国大陆 / 动画 / 奇幻 / 短片 / NüWa Patches Up the Sky / 10分钟,钱运达,8.1,9044,4,['可播放'],False,search_subject,https://search.douban.com/movie/subject_search?search_text=%E7%AB%A5%E5%B9%B4%E5%8A%A8%E7%94%BB&cat=1002&start=225,window.__DATA__
331,37,540,1949034,https://movie.douban.com/subject/1949034/,地球超人 第一季 Captain Planet and the Planeteers Season 1‎ (1990),https://img3.doubanio.com/view/photo/s_ratio_poster/public/p2540015697.webp,美国 / 剧情 / 动画 / 25分钟,特德·特纳 / David Coburn / LeVar Burton / Joey Dedio / Janice Kawaye / Scott Menville / Kath Soucie / Whoopi Goldberg / Frank Welker,7.6,9042,4,['剧集'],True,search_subject,https://search.douban.com/movie/subject_search?search_text=%E7%AB%A5%E5%B9%B4%E5%8A%A8%E7%94%BB&cat=1002&start=540,window.__DATA__
332,38,555,4097157,https://movie.douban.com/subject/4097157/,福五鼠三十六计‎ (2008),https://img9.doubanio.com/view/photo/s_ratio_poster/public/p2571176044.webp,中国大陆 / 儿童 / 历史 / 战争 / 动画 / 福五鼠,无锡世纪宏柏数码动画,8.7,8992,4.5,['剧集'],True,search_subject,https://search.douban.com/movie/subject_search?search_text=%E7%AB%A5%E5%B9%B4%E5%8A%A8%E7%94%BB&cat=1002&start=555,window.__DATA__
333,27,390,1431956,https://movie.douban.com/subject/1431956/,熊猫百货商店‎ (1979),https://img3.doubanio.com/view/photo/s_ratio_poster/public/p2649062352.webp,中国大陆 / 动画 / 短片 / Panda's Department Store / 16分钟,沈祖慰 / 周克勤,8.3,8945,4,['可播放'],False,search_subject,https://search.douban.com/movie/subject_search?search_text=%E7%AB%A5%E5%B9%B4%E5%8A%A8%E7%94%BB&cat=1002&start=390,window.__DATA__
334,16,225,3060442,https://movie.douban.com/subject/3060442/,小明和王猫‎ (2000),https://img3.doubanio.com/view/photo/s_ratio_poster/public/p1902946523.webp,中国大陆 / 动画 / 21分钟,,9.7,8925,5,"['剧集', '可播放']",True,search_subject,https://search.douban.com/movie/subject_search?search_text=%E7%AB%A5%E5%B9%B4%E5%8A%A8%E7%94%BB&cat=1002&start=225,window.__DATA__
335,23,330,1868522,https://movie.douban.com/subject/1868522/,圣斗士星矢 冥王哈迪斯冥界篇 前章 聖闘士星矢 冥王ハーデス冥界編 前章‎ (2005),https://img9.doubanio.com/view/photo/s_ratio_poster/public/p2262328064.webp,日本 / 动画 / Saint Seiya: The Hades Chapter - Inferno / 圣斗士星矢: 冥界篇 / 24分钟,Shigeyasu Yamauchi / 森田成一 / 櫻井孝宏 / 三浦祥朗 / 粕谷雄太 / 小西克幸 / 折笠富美子,8.6,8895,4.5,"['剧集', '可播放']",True,search_subject,https://search.douban.com/movie/subject_search?search_text=%E7%AB%A5%E5%B9%B4%E5%8A%A8%E7%94%BB&cat=1002&start=330,window.__DATA__
336,24,345,20452338,https://movie.douban.com/subject/20452338/,奇奇颗颗历险记‎ (2006),https://img3.doubanio.com/view/photo/s_ratio_poster/public/p2546807853.webp,中国大陆 / 剧情 / 儿童 / 动画 / 冒险 / 7分钟,罗沐 / 赵育军 / 刘素贞 / 陈群 / 晏婷 / 刘娟 / 张怀武 / 袁文君,8.2,8884,4,"['剧集', '可播放']",True,search_subject,https://search.douban.com/movie/subject_search?search_text=%E7%AB%A5%E5%B9%B4%E5%8A%A8%E7%94%BB&cat=1002&start=345,window.__DATA__
337,1,0,10465118,https://movie.douban.com/subject/10465118/,侠岚 第一季 (2012),https://img3.doubanio.com/view/photo/s_ratio_poster/public/p2257748303.webp,中国大陆 / 动画 / 武侠 / 侠岚振翼篇 / Shalen Season 1,关心 / 刘阔 / 山新 / 赵毅,8.5,8865,4.0,"['剧集', '可播放']",True,search_subject,https://www.douban.com/search?cat=1002&q=%E4%BE%A0%E5%B2%9A,playwright
338,47,690,3058386,https://movie.douban.com/subject/3058386/,唐老鸭俱乐部 第一季 Duck Tales Season 1‎ (1987),https://img9.doubanio.com/view/photo/s_ratio_poster/public/p2554075836.webp,美国 / 动画 / 冒险 / 喜剧 / 家庭 / Disney's DuckTales / 22分钟,史蒂夫·克拉克 / 弗雷德·沃尔夫 / 艾伦·扬,8.4,8841,4,['剧集'],True,search_subject,https://search.douban.com/movie/subject_search?search_text=%E7%AB%A5%E5%B9%B4%E5%8A%A8%E7%94%BB&cat=1002&start=690,window.__DATA__
339,11,150,1303927,https://movie.douban.com/subject/1303927/,数码宝贝 滚球兽的诞生 デジモンアドベンチャー‎ (1999),https://img1.doubanio.com/view/photo/s_ratio_poster/public/p2525457080.webp,日本 / 动画 / 冒险 / 短片 / 光丘事件 / Digimon: The Movie / 20分钟,细田守 / 藤田淑子 / 荒木香惠 / 坂本千夏 / 石丸博也 / 榊原良子 / 冬马由美 / 尾小平志津香 / 菊地祥子,9.3,8808,4.5,['可播放'],False,search_subject,https://search.douban.com/movie/subject_search?search_text=%E7%AB%A5%E5%B9%B4%E5%8A%A8%E7%94%BB&cat=1002&start=150,window.__DATA__
340,28,405,1968581,https://movie.douban.com/subject/1968581/,猫怪麦克 What's Michael‎ (1988),https://img3.doubanio.com/view/photo/s_ratio_poster/public/p1607870377.webp,日本 / 动画 / 小林家的猫 / 俏皮猫麦克 / 24分钟,富山敬 / 梅津秀行 / 鹰森淑乃 / 川村万梨阿 / 增冈弘,9.2,8775,4.5,['剧集'],True,search_subject,https://search.douban.com/movie/subject_search?search_text=%E7%AB%A5%E5%B9%B4%E5%8A%A8%E7%94%BB&cat=1002&start=405,window.__DATA__
341,14,195,4216624,https://movie.douban.com/subject/4216624/,数码宝贝大冒险：我们的战争游戏！ デジモンアドベンチャー ぼくらのウォーゲーム!‎ (2000),https://img9.doubanio.com/view/photo/s_ratio_poster/public/p2562994505.webp,日本 / 动画 / 冒险 / 科幻 / Dejimon adobenchâ - Bokura no war game / Digimon Adventure: Our War Game / 41分钟,细田守 / 藤田淑子 / 水谷优子 / 风间勇刀 / 天神有海 / 前田爱 / 小西宽子 / 菊池正美 / 荒木香惠,8.9,8714,4.5,['可播放'],False,search_subject,https://search.douban.com/movie/subject_search?search_text=%E7%AB%A5%E5%B9%B4%E5%8A%A8%E7%94%BB&cat=1002&start=195,window.__DATA__
342,29,420,1849336,https://movie.douban.com/subject/1849336/,愚人买鞋‎ (1979),https://img9.doubanio.com/view/photo/s_ratio_poster/public/p2649054384.webp,中国大陆 / 儿童 / 动画 / 短片 / 9分钟,方润南 / 尤磊,7.9,8676,4,['可播放'],False,search_subject,https://search.douban.com/movie/subject_search?search_text=%E7%AB%A5%E5%B9%B4%E5%8A%A8%E7%94%BB&cat=1002&start=420,window.__DATA__
343,21,300,25857295,https://movie.douban.com/subject/25857295/,果宝特攻3‎ (2014),https://img3.doubanio.com/view/photo/s_ratio_poster/public/p2302440327.webp,中国大陆 / 动画 / 果宝特攻之三果演义,陈奋 / 祖晴 / 陆双 / 邓红 / 王巍 / 李团,8.9,8657,4.5,"['剧集', '可播放']",True,search_subject,https://search.douban.com/movie/subject_search?search_text=%E7%AB%A5%E5%B9%B4%E5%8A%A8%E7%94%BB&cat=1002&start=300,window.__DATA__
344,12,165,4721284,https://movie.douban.com/subject/4721284/,精灵宝可梦超世代 ポケットモンスター アドバンスジェネレーション‎ (2002),https://img3.doubanio.com/view/photo/s_ratio_poster/public/p2920111053.webp,日本 / 喜剧 / 动画 / 冒险 / 神奇宝贝超世代 / 宠物小精灵超世代 / 23分钟,汤山邦彦 / 日高政光 / 浅田裕二 / 须藤典彦 / 秦义人 / 嵯峨敏 / 长滨亘彦 / 渡边正彦 / 松本佳久 / 志村锭儿 / 松本梨香 / 大谷育江 / 川菜翠 / 山田恭子 / 上田祐司 / 林原惠美 / 三木真一郎 / 犬山犬子,9.2,8576,4.5,"['剧集', '可播放']",True,search_subject,https://search.douban.com/movie/subject_search?search_text=%E7%AB%A5%E5%B9%B4%E5%8A%A8%E7%94%BB&cat=1002&start=165,window.__DATA__
345,21,300,25907638,https://movie.douban.com/subject/25907638/,电击小子 第二季‎ (2009),https://img1.doubanio.com/view/photo/s_ratio_poster/public/p2329195379.webp,中国大陆 / 儿童 / 动作 / 科幻 / 动画 / 冒险 / 电击小子2,,8.5,8563,4.5,"['剧集', '可播放']",True,search_subject,https://search.douban.com/movie/subject_search?search_text=%E7%AB%A5%E5%B9%B4%E5%8A%A8%E7%94%BB&cat=1002&start=300,window.__DATA__
346,30,435,6796142,https://movie.douban.com/subject/6796142/,喜羊羊与灰太狼之奇思妙想喜羊羊‎ (2011),https://img9.doubanio.com/view/photo/s_ratio_poster/public/p2537018865.webp,中国大陆 / 儿童 / 动画 / 喜羊羊与灰太狼(第691-750集) / 15分钟,谭淑君 / 祖晴 / 张琳 / 梁颖,8.2,8556,4,"['剧集', '可播放']",True,search_subject,https://search.douban.com/movie/subject_search?search_text=%E7%AB%A5%E5%B9%B4%E5%8A%A8%E7%94%BB&cat=1002&start=435,window.__DATA__
347,10,135,1467923,https://movie.douban.com/subject/1467923/,小鹿斑比2 Bambi 2‎ (2006),https://img3.doubanio.com/view/photo/s_ratio_poster/public/p2278521382.webp,美国 / 家庭 / 动画 / 小鹿班比2 / 72分钟,Brian Pimental / Patrick Stewart / Alexander Gould / Keith Ferguson,8.3,8479,4,[],False,search_subject,https://search.douban.com/movie/subject_search?search_text=%E7%AB%A5%E5%B9%B4%E5%8A%A8%E7%94%BB&cat=1002&start=135,window.__DATA__
348,14,195,25928048,https://movie.douban.com/subject/25928048/,哆啦A梦：大雄的宇宙英雄记 映画ドラえもん のび太の宇宙英雄記‎ (2015),https://img3.doubanio.com/view/photo/s_ratio_poster/public/p2371784693.webp,日本 / 剧情 / 科幻 / Doraemon: Nobita's Space Heroes / Doraemon The Super Star 2015 / 101分钟,大杉宜弘 / 水田山葵 / 大原惠美 / 嘉数由美 / 木村昴 / 关智一 / 三石琴乃 / 竹内都子 / 井上麻里奈,7.1,8474,3.5,['可播放'],False,search_subject,https://search.douban.com/movie/subject_search?search_text=%E7%AB%A5%E5%B9%B4%E5%8A%A8%E7%94%BB&cat=1002&start=195,window.__DATA__
349,40,585,1849337,https://movie.douban.com/subject/1849337/,老鼠嫁女‎ (1983),https://img1.doubanio.com/view/photo/s_ratio_poster/public/p2650195150.webp,中国大陆 / 喜剧 / 动画 / 短片 / 10分钟,王柏荣,8,8389,4,['可播放'],False,search_subject,https://search.douban.com/movie/subject_search?search_text=%E7%AB%A5%E5%B9%B4%E5%8A%A8%E7%94%BB&cat=1002&start=585,window.__DATA__
350,12,165,2378589,https://movie.douban.com/subject/2378589/,小蜜蜂寻亲记 昆虫物語 みなしごハッチ‎ (1970),https://img1.doubanio.com/view/photo/s_ratio_poster/public/p2625283489.webp,日本 / 动画 / 昆虫物语 孤儿小哈奇 / 小蜜蜂寻母记 / 30分钟,鸟海尽三 / 九里一平 / 原征太郎 / 千叶顺二 / 寺岛信子 / 千叶顺二 Junji Chiba,8.8,8377,4.5,['剧集'],True,search_subject,https://search.douban.com/movie/subject_search?search_text=%E7%AB%A5%E5%B9%B4%E5%8A%A8%E7%94%BB&cat=1002&start=165,window.__DATA__
351,21,300,1458895,https://movie.douban.com/subject/1458895/,哆啦A梦：大雄与龙骑士 ドラえもん のび太と竜の骑士‎ (1987),https://img9.doubanio.com/view/photo/s_ratio_poster/public/p2520700344.webp,日本 / 科幻 / 动画 / 冒险 / Doraemon: Nobita to Ryû no kishi / 89分钟,芝山努 / 大山羡代 / 小原乃梨子 / 野村道子 / 立壁和也 / 肝付兼太,8.5,8326,4.5,['可播放'],False,search_subject,https://search.douban.com/movie/subject_search?search_text=%E7%AB%A5%E5%B9%B4%E5%8A%A8%E7%94%BB&cat=1002&start=300,window.__DATA__
352,13,180,1458904,https://movie.douban.com/subject/1458904/,哆啦A梦：大雄与银河超特急 ドラえもん のび太と銀河超特急‎ (1996),https://img3.doubanio.com/view/photo/s_ratio_poster/public/p2520702177.webp,日本 / 科幻 / 动画 / 冒险 / Doraemon: Nobita to Ginga ekusupuresu / 99分钟,芝山努 / 大山羡代 / 小原乃梨子 / 立壁和也 / 肝付兼太 / 野村道子 / 盐泽兼人 / 伊仓一惠 / 真殿光昭,8.7,8305,4.5,['可播放'],False,search_subject,https://search.douban.com/movie/subject_search?search_text=%E7%AB%A5%E5%B9%B4%E5%8A%A8%E7%94%BB&cat=1002&start=180,window.__DATA__
353,29,420,3780341,https://movie.douban.com/subject/3780341/,天地无用 天地無用!‎ (1995),https://img1.doubanio.com/view/photo/s_ratio_poster/public/p2554091079.webp,日本 / 剧情 / 动画 / Tenchi Universe / 天地无用 / 24分钟,根岸弘 / 石原立也 / 黑田康弘 / 木村真一郎 / 福本洁 / 小村敏明 / 广岛秀树 / 岩崎良明 / 菊池正美 / 折笠爱 / 高田由美 / 横山智佐 / 小樱悦子 / 水谷优子 / 天野由梨 / 小林优子,8.1,8298,4,['剧集'],True,search_subject,https://search.douban.com/movie/subject_search?search_text=%E7%AB%A5%E5%B9%B4%E5%8A%A8%E7%94%BB&cat=1002&start=420,window.__DATA__
354,40,585,1498607,https://movie.douban.com/subject/1498607/,阿凡提的故事之真假阿凡提‎ (1988),https://img1.doubanio.com/view/photo/s_ratio_poster/public/p2591211339.webp,中国大陆 / 动画 / 短片 / 第十三集：真假阿凡提 / 20分钟,曲建方 / 蔡渊澜 / 毕克 / 邱岳峰,8.8,8258,4.5,[],False,search_subject,https://search.douban.com/movie/subject_search?search_text=%E7%AB%A5%E5%B9%B4%E5%8A%A8%E7%94%BB&cat=1002&start=585,window.__DATA__
355,27,390,1472238,https://movie.douban.com/subject/1472238/,草原英雄小姐妹‎ (1965),https://img1.doubanio.com/view/photo/s_ratio_poster/public/p2649088079.webp,中国大陆 / 动画 / Little Sisters of the Grassland / 草原英雄小姊妹 / 44分钟,钱运达 / 唐澄,7.5,8244,4,['可播放'],False,search_subject,https://search.douban.com/movie/subject_search?search_text=%E7%AB%A5%E5%B9%B4%E5%8A%A8%E7%94%BB&cat=1002&start=390,window.__DATA__
356,25,360,1465020,https://movie.douban.com/subject/1465020/,钢铁神兵 ビート・エックス‎ (1996),https://img9.doubanio.com/view/photo/s_ratio_poster/public/p2577193526.webp,日本 / 动画 / B'T X / B'T X鋼鐵神兵 / 23分钟,滨津守 / 松井仁之 / 高桥幸雄 / 冈崎幸男 / 井硲清高 / 福本洁 / 桧山修之 / 佐佐木望 / 绪方惠美 / 一条和矢 / 藤原启治 / 佐久田修 / 堀内贤雄 / 汤屋敦子,8.6,8142,4.5,"['剧集', '可播放']",True,search_subject,https://search.douban.com/movie/subject_search?search_text=%E7%AB%A5%E5%B9%B4%E5%8A%A8%E7%94%BB&cat=1002&start=360,window.__DATA__
357,1,0,5413820,https://movie.douban.com/subject/5413820/,星际精灵蓝多多 (2012),https://img2.doubanio.com/view/photo/s_ratio_poster/public/p2867133441.webp,中国大陆 / 科幻 / 儿童 / 怪手蓝多多,赵牛 / 高亚麟 / 高亚麟 / 李晴 / 程媛媛 / 洪剑涛 / 张一山 / 郑伟,8.8,8046,4.5,"['剧集', '可播放']",True,search_subject,https://www.douban.com/search?cat=1002&q=%E6%98%9F%E9%99%85%E7%B2%BE%E7%81%B5%E8%93%9D%E5%A4%9A%E5%A4%9A,playwright
358,38,555,1498593,https://movie.douban.com/subject/1498593/,阿凡提的故事之比智慧‎ (1983),https://img1.doubanio.com/view/photo/s_ratio_poster/public/p2649096650.webp,中国大陆 / 动画 / 短片 / 第四集：比智慧 / 26分钟,曲建方 / 毕克 / 邱岳峰,8.7,7984,4.5,[],False,search_subject,https://search.douban.com/movie/subject_search?search_text=%E7%AB%A5%E5%B9%B4%E5%8A%A8%E7%94%BB&cat=1002&start=555,window.__DATA__
359,39,570,4287532,https://movie.douban.com/subject/4287532/,美猴王‎ (2009),https://img3.doubanio.com/view/photo/s_ratio_poster/public/p2259311023.webp,中国大陆 / 儿童 / 动作 / 动画 / 奇幻 / 冒险 / Monkey King,陈家奇 / 耿少波 / 邵建明 / 武寒青 / 马华 / 倪骏 / 郝幽玥 / 刘校妤 / 张碧玉 / 李金燕 / 高枫 / 付绍业 / 陈红 / 刘九榕,8.5,7936,4.5,"['剧集', '可播放']",True,search_subject,https://search.douban.com/movie/subject_search?search_text=%E7%AB%A5%E5%B9%B4%E5%8A%A8%E7%94%BB&cat=1002&start=570,window.__DATA__
360,9,120,27064923,https://movie.douban.com/subject/27064923/,星河战队：火星叛国者 Starship Troopers: Traitor of Mars‎ (2017),https://img9.doubanio.com/view/photo/s_ratio_poster/public/p2461966324.webp,美国 / 日本 / 动作 / 科幻 / 动画 / 星河战队：火星的叛徒 / 88分钟,荒牧伸志 / 松本松子 / 卡斯帕·范·迪恩 / 迪娜·迈耶 / 德雷·戴维斯 / 露西·克里斯蒂安,6.1,7905,3,['可播放'],False,search_subject,https://search.douban.com/movie/subject_search?search_text=%E7%AB%A5%E5%B9%B4%E5%8A%A8%E7%94%BB&cat=1002&start=120,window.__DATA__
361,38,555,4281623,https://movie.douban.com/subject/4281623/,蓝猫龙骑团‎ (2009),https://img3.doubanio.com/view/photo/s_ratio_poster/public/p2532809892.webp,中国大陆 / 剧情 / 动画 / 18分钟,贺梦凡 / 余立平 / 徐海 / 朱争献 / 陈双喜 / 罗赞 / 杨桦 / 王峰 / 曾令 / 葛平 / 付以琳 / 袁慧敏 / 殷姿 / 李强 / 周期,8.1,7806,4,"['剧集', '可播放']",True,search_subject,https://search.douban.com/movie/subject_search?search_text=%E7%AB%A5%E5%B9%B4%E5%8A%A8%E7%94%BB&cat=1002&start=555,window.__DATA__
362,43,630,2340756,https://movie.douban.com/subject/2340756/,小精灵灰豆‎ (1999),https://img1.doubanio.com/view/photo/s_ratio_poster/public/p2018080499.webp,中国大陆 / 动画 / 奇幻 / 12分钟,刘积昆 / 纪元 / 张美娟 / 郭政建 / 高扬 / 孙悦斌 / 吴犀,8,7796,4,['剧集'],True,search_subject,https://search.douban.com/movie/subject_search?search_text=%E7%AB%A5%E5%B9%B4%E5%8A%A8%E7%94%BB&cat=1002&start=630,window.__DATA__
363,46,675,26762232,https://movie.douban.com/subject/26762232/,星际宝贝 第二季 Lilo & Stitch: The Series Season 2‎ (2004),https://img9.doubanio.com/view/photo/s_ratio_poster/public/p2498279056.webp,美国 / 喜剧 / 科幻 / 动画 / 冒险 / 家庭 / 30分钟,维克多·库克 / 托尼·克莱格 / 罗布·拉杜卡 / 黛维·切斯 / 克里斯·桑德斯 / 戴维·奥格登·施蒂尔斯 / 凯文·麦克唐纳德 / 蒂亚·卡雷尔 / 迪·布莱德利·贝克 / 凯文·迈克尔·理查德森 / 罗伯·鲍森,9.5,7792,5,['剧集'],True,search_subject,https://search.douban.com/movie/subject_search?search_text=%E7%AB%A5%E5%B9%B4%E5%8A%A8%E7%94%BB&cat=1002&start=675,window.__DATA__
364,22,315,4115013,https://movie.douban.com/subject/4115013/,铁臂阿童木 鉄腕アトム‎ (1980),https://img9.doubanio.com/view/photo/s_ratio_poster/public/p2888534144.webp,日本 / 动画 / 动作 / 冒险 / 家庭 / 科幻 / 小战士 / 原子小金刚 / 24分钟,手冢治虫 / 安浓高志 / 石黑升 / 出崎哲 / 秋山胜仁 / 桥本直人 / 清水真理 / 大木民夫 / 胜田久 / 菅谷政子 / 森功至 / 森山周一郎 / 桑原毅 / 日比野美佐子,9.1,7755,4.5,"['剧集', '可播放']",True,search_subject,https://search.douban.com/movie/subject_search?search_text=%E7%AB%A5%E5%B9%B4%E5%8A%A8%E7%94%BB&cat=1002&start=315,window.__DATA__
365,17,240,1457957,https://movie.douban.com/subject/1457957/,哆啦A梦：大雄的宇宙小战争 ドラえもん のび太の宇宙小戦争‎ (1985),https://img1.doubanio.com/view/photo/s_ratio_poster/public/p2520699109.webp,日本 / 科幻 / 动画 / 冒险 / Doraemon: Nobita no uchuu shô-sensô / 98分钟,芝山努 / 大山羡代 / 小原乃梨子 / 野村道子 / 立壁和也 / 肝付兼太 / 潘惠子 / 三矢雄二 / 八名信夫,8.6,7731,4.5,['可播放'],False,search_subject,https://search.douban.com/movie/subject_search?search_text=%E7%AB%A5%E5%B9%B4%E5%8A%A8%E7%94%BB&cat=1002&start=240,window.__DATA__
366,17,240,4071781,https://movie.douban.com/subject/4071781/,"克里蒂，童话的小屋 Kerity, la maison des contes‎ (2009)",https://img3.doubanio.com/view/photo/s_ratio_poster/public/p2134908313.webp,法国 / 儿童 / 动画 / 冒险 / 克里蒂，房子的故事 / 老奶奶的魔法小屋 / 74分钟,多米尼克·蒙法尼 / 让娜·莫罗 / 朱莉·加耶 / Liliane Rovère / 皮埃尔·里夏尔 / 德尼·波达利德斯 / 洛兰特·道驰 / 马修·格克齐,7.9,7716,4,['可播放'],False,search_subject,https://search.douban.com/movie/subject_search?search_text=%E7%AB%A5%E5%B9%B4%E5%8A%A8%E7%94%BB&cat=1002&start=240,window.__DATA__
367,5,60,1849591,https://movie.douban.com/subject/1849591/,麦克斯奥特曼 ウルトラマンマックス‎ (2005),https://img1.doubanio.com/view/photo/s_ratio_poster/public/p2338291508.webp,日本 / 动作 / 科幻 / Ultraman Max / 24分钟,金子修介 / 村石宏实 / 栃原广昭 / 梶研吾 / 佐藤太 / 村上秀晃 / 八木毅 / 三池崇史 / 实相寺昭雄 / 高野敏幸 / 饭岛敏宏 / 青山草太 / 小川信行 / 长谷部瞳 / 肖恩·尼科尔斯 / 满岛光 / 宍户开 / 樱井浩子 / 二瓶正也,8.9,7701,4.5,"['剧集', '可播放']",True,search_subject,https://search.douban.com/movie/subject_search?search_text=%E7%AB%A5%E5%B9%B4%E5%8A%A8%E7%94%BB&cat=1002&start=60,window.__DATA__
368,40,585,2215476,https://movie.douban.com/subject/2215476/,牙刷家族‎ (1999),https://img1.doubanio.com/view/photo/s_ratio_poster/public/p2509138468.webp,澳大利亚 / 中国大陆 / 动画 / The Toothbrush Family / 5分钟,Scented soap / Toothpaste  Toothbrush / Comb       and so on,8.4,7690,4,['剧集'],True,search_subject,https://search.douban.com/movie/subject_search?search_text=%E7%AB%A5%E5%B9%B4%E5%8A%A8%E7%94%BB&cat=1002&start=585,window.__DATA__
369,8,105,2264581,https://movie.douban.com/subject/2264581/,迪迦奥特曼&戴拿奥特曼 光之星的战士们 ウルトラマンティガ&ウルトラマンダイナ 光の星の戦士たち‎ (1998),https://img1.doubanio.com/view/photo/s_ratio_poster/public/p2513978549.webp,日本 / 动作 / 科幻 / 奥特曼剧场版 星光战士 / Urutoraman Tiga & Urutoraman Daina: Hikari no hoshi no senshi tachi / 68分钟,Kazuya Konaka / Takeshi Tsuruno / Ryo Kinomoto / Toshikazu Fukawa / Jou Onodera / Mariya Yamada / Mio Takaki,8.6,7677,4.5,['可播放'],False,search_subject,https://search.douban.com/movie/subject_search?search_text=%E7%AB%A5%E5%B9%B4%E5%8A%A8%E7%94%BB&cat=1002&start=105,window.__DATA__
370,39,570,1498592,https://movie.douban.com/subject/1498592/,阿凡提的故事之神医‎ (1984),https://img1.doubanio.com/view/photo/s_ratio_poster/public/p2620654579.webp,中国大陆 / 动画 / 短片 / 第三集：神医 / 28分钟,曲建方 / 毕克 / 邱岳峰,8.7,7582,4.5,[],False,search_subject,https://search.douban.com/movie/subject_search?search_text=%E7%AB%A5%E5%B9%B4%E5%8A%A8%E7%94%BB&cat=1002&start=570,window.__DATA__
371,16,225,35034171,https://movie.douban.com/subject/35034171/,西行纪之再见悟空‎ (2020),https://img9.doubanio.com/view/photo/s_ratio_poster/public/p2596182476.webp,中国大陆 / 动作 / 动画 / 奇幻 / 西游之再见悟空(港) / 西行纪剧场版 / 65分钟,钟沐龙 / 樊俊航 / 萧清源 / 刘北辰 / 夏磊 / 张杰 / 吴磊 / 孟祥龙 / 孙晔,6.2,7564,3,['可播放'],False,search_subject,https://search.douban.com/movie/subject_search?search_text=%E7%AB%A5%E5%B9%B4%E5%8A%A8%E7%94%BB&cat=1002&start=225,window.__DATA__
372,17,240,26683354,https://movie.douban.com/subject/26683354/,精灵宝可梦：波尔凯尼恩与机巧的玛机雅娜 ポケモン・ザ・ムービーXY&Z ボルケニオンと機巧のマギアナ‎ (2016),https://img1.doubanio.com/view/photo/s_ratio_poster/public/p2503056709.webp,日本 / 动画 / 奇幻 / 冒险 / 精灵宝可梦：波尔凯尼恩与机巧的玛吉安娜 / 神奇宝贝剧场版：波尔凯尼恩与机巧的玛吉安娜 / 95分钟,汤山邦彦 / 松本梨香 / 大谷育江 / 牧口真幸 / 梶裕贵 / 伊濑茉莉也 / 林原惠美 / 三木真一郎 / 犬山犬子,6.1,7561,3,['可播放'],False,search_subject,https://search.douban.com/movie/subject_search?search_text=%E7%AB%A5%E5%B9%B4%E5%8A%A8%E7%94%BB&cat=1002&start=240,window.__DATA__
373,1,0,1856493,https://movie.douban.com/subject/1856493/,憨豆先生卡通版 第一季 (2002),https://img3.doubanio.com/view/photo/s_ratio_poster/public/p2359318692.webp,"英国 / 喜剧 / 动画 / 憨豆先生动画版 / 憨豆先生动画系列 / Mr. Bean: The Animated Series 1, Season 1",Alexei Alexeev / Rowan Atkinson (Voice),8.7,7518,4.5,"['剧集', '可播放']",True,search_subject,https://www.douban.com/search?cat=1002&q=%E6%86%A8%E8%B1%86%E5%85%88%E7%94%9F%EF%BC%88%E5%8A%A8%E7%94%BB%E7%89%88%EF%BC%89,playwright
374,24,345,1864784,https://movie.douban.com/subject/1864784/,猫和老鼠：魔法戒指 Tom and Jerry: The Magic Ring‎ (2002),https://img9.doubanio.com/view/photo/s_ratio_poster/public/p2561801844.webp,美国 / 喜剧 / 动画 / 猫和老鼠：魔术戒指 / 62分钟,James T. Walker / 杰夫·贝内特 / 弗兰克·维尔克 / 查理·斯克莱特 / 吉姆·卡明斯 / 麦丽·弗拉纳甘 / 杰斯·哈梅尔 / 莫里斯·拉马奇 / 特蕾丝·麦克尼尔,8.6,7448,4.5,[],False,search_subject,https://search.douban.com/movie/subject_search?search_text=%E7%AB%A5%E5%B9%B4%E5%8A%A8%E7%94%BB&cat=1002&start=345,window.__DATA__
375,28,405,1766542,https://movie.douban.com/subject/1766542/,高智能方程式赛车 新世紀GPXサイバーフォーミュラ‎ (1991),https://img9.doubanio.com/view/photo/s_ratio_poster/public/p2557772974.webp,日本 / 剧情 / 动画 / 运动 / 霹雳赛车 / 新世纪GPX高智能方程式赛车 / 25分钟,福田己津央 / 赤根和树 / 山口美浩 / 西村聪 / 三家本泰美 / 藤本义孝 / 松浦锭平 / 金丸淳一 / 三石琴乃 / 冬马由美 / 关俊彦 / 绿川光 / 天野由梨,8.9,7348,4.5,['剧集'],True,search_subject,https://search.douban.com/movie/subject_search?search_text=%E7%AB%A5%E5%B9%B4%E5%8A%A8%E7%94%BB&cat=1002&start=405,window.__DATA__
376,47,690,1949528,https://movie.douban.com/subject/1949528/,摩登大圣 第一季 The Mask Season 1‎ (1995),https://img3.doubanio.com/view/photo/s_ratio_poster/public/p2511766687.webp,美国 / 动画 / 变相怪杰 (动画系列剧) / 摩登大圣 / 30分钟,罗伯·鲍森 / 弗兰克·维尔克 / 吉姆·卡明斯,8.8,7343,4.5,['剧集'],True,search_subject,https://search.douban.com/movie/subject_search?search_text=%E7%AB%A5%E5%B9%B4%E5%8A%A8%E7%94%BB&cat=1002&start=690,window.__DATA__
377,36,525,1498595,https://movie.douban.com/subject/1498595/,阿凡提的故事之驴说话‎ (1986),https://img2.doubanio.com/view/photo/s_ratio_poster/public/p2649096751.webp,中国大陆 / 动画 / 短片 / 第八集：驴说话 / 17分钟,曲建方 / 毕克 / 邱岳峰,8.7,7333,4.5,[],False,search_subject,https://search.douban.com/movie/subject_search?search_text=%E7%AB%A5%E5%B9%B4%E5%8A%A8%E7%94%BB&cat=1002&start=525,window.__DATA__
378,15,210,2154464,https://movie.douban.com/subject/2154464/,双子星公主 ふしぎ星のふたご姫‎ (2005),https://img9.doubanio.com/view/photo/s_ratio_poster/public/p2518546156.webp,日本 / 剧情 / 喜剧 / 爱情 / 动画 / 家庭 / 奇幻 / 冒险 / 不可思议星球的双胞胎公主 / 不思议双子星公主 / 24分钟,佐藤顺一 / 小岛惠 / 后藤邑子 / 兴梠里美 / 皆川纯子,8.4,7317,4,['剧集'],True,search_subject,https://search.douban.com/movie/subject_search?search_text=%E7%AB%A5%E5%B9%B4%E5%8A%A8%E7%94%BB&cat=1002&start=210,window.__DATA__
379,41,600,3215600,https://movie.douban.com/subject/3215600/,辛巴狮子王 Simba: È nato un re‎ (1995),https://img3.doubanio.com/view/photo/s_ratio_poster/public/p2554144213.webp,意大利 / 朝鲜 / 动画 / 狮子王辛巴 / 意大利版狮子王 / 22分钟,Kim J. Ok,9.2,7281,4.5,"['剧集', '可播放']",True,search_subject,https://search.douban.com/movie/subject_search?search_text=%E7%AB%A5%E5%B9%B4%E5%8A%A8%E7%94%BB&cat=1002&start=600,window.__DATA__
380,50,735,3093221,https://movie.douban.com/subject/3093221/,铁胆火车侠2 電光超特急ヒカリアン‎ (2002),https://img9.doubanio.com/view/photo/s_ratio_poster/public/p2305880316.webp,日本 / 剧情 / Lightning Attack Express / Ultra Radiant Express Hikarian / 20分钟,井上敏树 / 大庭秀昭 / 秦義人 / 大宅光子 / 飯島正勝 / 佐々木皓一 / 木村亜希子 / 嶋崎はるか / 梶田夕貴 / 真田麻美 / 桧山修之 / 栗原みきこ / 渋谷茂 / 松本纱雪,7.7,7280,4,['剧集'],True,search_subject,https://search.douban.com/movie/subject_search?search_text=%E7%AB%A5%E5%B9%B4%E5%8A%A8%E7%94%BB&cat=1002&start=735,window.__DATA__
381,32,465,1808041,https://movie.douban.com/subject/1808041/,咪咪流浪记 家なき子‎ (1977),https://img9.doubanio.com/view/photo/s_ratio_poster/public/p2676769485.webp,日本 / 法国 / 动画 / 剧情 / 家庭 / 没家的孩子 / 星仔走天涯 / 96分钟,出崎统 / 竹内启雄 / 高屋敷英夫 / 菅谷政子 / 近藤洋介 / 铃木弘子 / 青野武 / 武藤礼子 / 山本嘉子 / 小原乃梨子 / 高坂真琴,8.7,7279,4.5,['剧集'],True,search_subject,https://search.douban.com/movie/subject_search?search_text=%E7%AB%A5%E5%B9%B4%E5%8A%A8%E7%94%BB&cat=1002&start=465,window.__DATA__
382,17,240,7051370,https://movie.douban.com/subject/7051370/,宇宙星神‎ (2011),https://img3.doubanio.com/view/photo/s_ratio_poster/public/p2598005662.webp,中国大陆 / 动画,马凌 / 迪路 / 莉莉 / 小安,9.2,7218,4.5,"['剧集', '可播放']",True,search_subject,https://search.douban.com/movie/subject_search?search_text=%E7%AB%A5%E5%B9%B4%E5%8A%A8%E7%94%BB&cat=1002&start=240,window.__DATA__
383,10,135,11537964,https://movie.douban.com/subject/11537964/,有人赞美聪慧，有人则不‎ (2012),https://img9.doubanio.com/view/photo/s_ratio_poster/public/p1913736665.webp,中国大陆 / 韩国 / 剧情 / 儿童 / 家庭 / Don' t Expect Praises / ホメられないかも / 108分钟,杨瑾 / 李书晨 / 王琛 / 卫永邵 / 毕东林 / 马有贯 / 赵俊艾 / 彭科浩 / 任粉环,7.7,7203,4,['可播放'],False,search_subject,https://search.douban.com/movie/subject_search?search_text=%E7%AB%A5%E5%B9%B4%E5%8A%A8%E7%94%BB&cat=1002&start=135,window.__DATA__
384,16,225,26829827,https://movie.douban.com/subject/26829827/,蓝猫淘气3000问之恐龙时代‎ (2002),https://img2.doubanio.com/view/photo/s_ratio_poster/public/p2639384461.webp,中国大陆 / 儿童 / 科幻 / 动画 / 冒险 / 蓝猫恐龙系列 / 10分钟,唐振国 / 魏岳青 / 龚颂扬 / 杜娟 / 栗拥军 / 杨桦 / 许清平 / 唐振宇 / 黄圣皎 / 梁巍 / 段淑娟 / 许清明 / 许龙 / 唐海鹏 / 王瑶 / 颜雷鸣 / 王宏 / 雷骁 / 雷珺麟 / 张建和 / 扶梅陵 / 黄红兰 / 江莉 / 艾慕华 / 葛平 / 付以琳 / 罗沐 / 袁文君 / 刘娜,8.9,7117,4.5,"['剧集', '可播放']",True,search_subject,https://search.douban.com/movie/subject_search?search_text=%E7%AB%A5%E5%B9%B4%E5%8A%A8%E7%94%BB&cat=1002&start=225,window.__DATA__
385,28,405,2123619,https://movie.douban.com/subject/2123619/,拔萝卜‎ (1957),https://img2.doubanio.com/view/photo/s_ratio_poster/public/p2649063591.webp,中国大陆 / 动画 / 短片 / 10分钟,钱家骏,7.7,7087,4,['可播放'],False,search_subject,https://search.douban.com/movie/subject_search?search_text=%E7%AB%A5%E5%B9%B4%E5%8A%A8%E7%94%BB&cat=1002&start=405,window.__DATA__
386,22,315,1295833,https://movie.douban.com/subject/1295833/,猫的协奏曲 The Cat Concerto‎ (1947),https://img1.doubanio.com/view/photo/s_ratio_poster/public/p2458595750.webp,美国 / 动画 / 短片 / 喜剧 / 家庭 / 音乐 / 猫的协奏曲 / 8分钟,约瑟夫·巴伯拉 / 威廉·汉纳,9.3,7086,4.5,[],False,search_subject,https://search.douban.com/movie/subject_search?search_text=%E7%AB%A5%E5%B9%B4%E5%8A%A8%E7%94%BB&cat=1002&start=315,window.__DATA__
387,18,255,6971309,https://movie.douban.com/subject/6971309/,斗龙战士‎ (2011),https://img1.doubanio.com/view/photo/s_ratio_poster/public/p2867269188.webp,中国大陆 / 儿童 / 科幻 / 动画 / 冒险 / 23分钟,梁启波 / 欣怡 / 郭德欣 / 赵然 / 马子玉 / 赵昕 / 何曦 / 卞亮 / 刘思敏,8.4,7066,4,"['剧集', '可播放']",True,search_subject,https://search.douban.com/movie/subject_search?search_text=%E7%AB%A5%E5%B9%B4%E5%8A%A8%E7%94%BB&cat=1002&start=255,window.__DATA__
388,14,195,26282454,https://movie.douban.com/subject/26282454/,游戏王：次元的黑暗面 遊☆戯☆王 THE DARK SIDE OF DIMENSIONS‎ (2016),https://img1.doubanio.com/view/photo/s_ratio_poster/public/p2391551700.webp,日本 / 剧情 / 动画 / 奇幻 / 冒险 / 游戏王剧场版：次元的黑暗面(港) / 游戏王：次元之暗面 / 130分钟,桑原智 / 风间俊介 / 津田健次郎 / 花泽香菜 / 日野聪 / 斋藤真纪 / 高桥广树 / 菊池英博 / 竹内顺子,8.3,7010,4,[],False,search_subject,https://search.douban.com/movie/subject_search?search_text=%E7%AB%A5%E5%B9%B4%E5%8A%A8%E7%94%BB&cat=1002&start=195,window.__DATA__
389,25,360,11598913,https://movie.douban.com/subject/11598913/,铁甲威虫之骑刃王‎ (2012),https://img1.doubanio.com/view/photo/s_ratio_poster/public/p2581627610.webp,中国大陆 / 儿童 / 动画 / 铁甲威虫骑刃王 / 25分钟,王巍 / 祖晴 / 邓红 / 严彦子 / 刘晓天 / 廖春玉,9.3,6841,4.5,"['剧集', '可播放']",True,search_subject,https://search.douban.com/movie/subject_search?search_text=%E7%AB%A5%E5%B9%B4%E5%8A%A8%E7%94%BB&cat=1002&start=360,window.__DATA__
390,33,480,4848107,https://movie.douban.com/subject/4848107/,猪猪侠第五部：积木世界的童话‎ (2010),https://img1.doubanio.com/view/photo/s_ratio_poster/public/p2590526620.webp,中国大陆 / 儿童 / 动作 / 科幻 / 动画 / 冒险 / 猪猪侠5 积木世界里的童话,古志斌 / 祖晴 / 陆双 / 陈志荣 / 徐经纬,8.4,6817,4,"['剧集', '可播放']",True,search_subject,https://search.douban.com/movie/subject_search?search_text=%E7%AB%A5%E5%B9%B4%E5%8A%A8%E7%94%BB&cat=1002&start=480,window.__DATA__
391,31,450,5262056,https://movie.douban.com/subject/5262056/,宋代足球小将‎ (2010),https://img3.doubanio.com/view/photo/s_ratio_poster/public/p2234273483.webp,中国大陆 / 儿童 / 动画 / 蹴鞠小英雄 / 一脚定江山 / 15分钟,陈辉衍 / 陆双 / 祖晴 / 刘红韵 / 蒋莎 / 李喆 / 邓玉婷 / 张琳 / 李团,9.2,6740,4.5,['剧集'],True,search_subject,https://search.douban.com/movie/subject_search?search_text=%E7%AB%A5%E5%B9%B4%E5%8A%A8%E7%94%BB&cat=1002&start=450,window.__DATA__
392,43,630,10573506,https://movie.douban.com/subject/10573506/,赛尔号‎ (2012),https://img1.doubanio.com/view/photo/s_ratio_poster/public/p2650975780.webp,中国大陆 / 儿童 / 科幻 / 动画 / 冒险 / 赛尔号 第一季 / 13分钟,王章俊 / 罗玉婷 / 李晔,7.6,6170,4,"['剧集', '可播放']",True,search_subject,https://search.douban.com/movie/subject_search?search_text=%E7%AB%A5%E5%B9%B4%E5%8A%A8%E7%94%BB&cat=1002&start=630,window.__DATA__
393,40,585,11524483,https://movie.douban.com/subject/11524483/,小鸡不好惹‎ (2010),https://img3.doubanio.com/view/photo/s_ratio_poster/public/p2867324132.webp,中国大陆 / 剧情 / 喜剧 / 动画 / 儿童 / 13分钟,丁亮 / 田驰 / 万丹青 / 胡婷 / 张秉君 / 史华著,7.8,6148,4,"['剧集', '可播放']",True,search_subject,https://search.douban.com/movie/subject_search?search_text=%E7%AB%A5%E5%B9%B4%E5%8A%A8%E7%94%BB&cat=1002&start=585,window.__DATA__
394,22,315,5041060,https://movie.douban.com/subject/5041060/,生肖传奇之十二生肖总动员‎ (2010),https://img1.doubanio.com/view/photo/s_ratio_poster/public/p2858721260.webp,中国大陆 / 剧情 / 喜剧 / 动画 / 十二生肖总动员 / 22分钟,华强数字动漫公司 / 万丹青 / 胡婷 / 史华著 / 张秉君 / 王雨暄,8.7,4763,4.5,"['剧集', '可播放']",True,search_subject,https://search.douban.com/movie/subject_search?search_text=%E7%AB%A5%E5%B9%B4%E5%8A%A8%E7%94%BB&cat=1002&start=315,window.__DATA__
395,22,315,5975033,https://movie.douban.com/subject/5975033/,西游记‎ (2010),https://img9.doubanio.com/view/photo/s_ratio_poster/public/p2893844255.webp,"中国大陆 / 动画 / 奇幻 / 冒险 / Monkey, Monk, and the Monsters Go West / 20分钟",龚宾四,9.2,3371,4.5,['剧集'],True,search_subject,https://search.douban.com/movie/subject_search?search_text=%E7%AB%A5%E5%B9%B4%E5%8A%A8%E7%94%BB&cat=1002&start=315,window.__DATA__
396,45,660,24294851,https://movie.douban.com/subject/24294851/,快乐酷宝‎ (2012),https://img9.doubanio.com/view/photo/s_ratio_poster/public/p2003451274.webp,中国大陆 / 动画 / 儿童 / 奇幻 / Happy Q-Bot / 20分钟,王巍 / 高展航 / 彭悦先 / 陈国源 / 凌伟禧 / 吉莹,6.8,2201,3.5,"['剧集', '可播放']",True,search_subject,https://search.douban.com/movie/subject_search?search_text=%E7%AB%A5%E5%B9%B4%E5%8A%A8%E7%94%BB&cat=1002&start=660,window.__DATA__
397,33,480,6514113,https://movie.douban.com/subject/6514113/,战斗王EX‎ (2007),https://img9.doubanio.com/view/photo/s_ratio_poster/public/p2312644936.webp,中国大陆 / 剧情 / 儿童 / 科幻 / 悬疑 / 奇幻 / 冒险 / 战斗王传奇 / 24分钟,张雷 / 田礼 / 吴浇浇 / 王屹 / 孙弋惟 / 杨全静,8.5,2175,4.5,"['剧集', '可播放']",True,search_subject,https://search.douban.com/movie/subject_search?search_text=%E7%AB%A5%E5%B9%B4%E5%8A%A8%E7%94%BB&cat=1002&start=480,window.__DATA__
398,31,450,26814350,https://movie.douban.com/subject/26814350/,小猪佩奇 第五季 Peppa Pig Season 5‎ (2016),https://img9.doubanio.com/view/photo/s_ratio_poster/public/p2551382836.webp,英国 / 儿童 / 喜剧 / 动画 / 家庭 / 粉红猪小妹(台) / 10分钟,内维尔·阿斯特利 / 马克·贝克 / 莫温娜·班克斯 / 理查德·赖丁斯,8.8,2152,4.5,"['剧集', '可播放']",True,search_subject,https://search.douban.com/movie/subject_search?search_text=%E7%AB%A5%E5%B9%B4%E5%8A%A8%E7%94%BB&cat=1002&start=450,window.__DATA__
399,34,495,1940491,https://movie.douban.com/subject/1940491/,神雕侠侣 神鵰侠侶 コンドルヒーロー‎ (2001),https://img9.doubanio.com/view/photo/s_ratio_poster/public/p2225906266.webp,日本 / 中国香港 / 动画 / 神鵰俠侶 / Legend of Condor Hero / 24分钟,案纳正美 / 高木淳 / 浪川大辅 / 园崎未惠 / 中田让治 / 唐泽润 / 木村亚希子 / 小村哲生 / 广田行生 / 高户靖广,7.6,2109,4,"['剧集', '可播放']",True,search_subject,https://search.douban.com/movie/subject_search?search_text=%E7%AB%A5%E5%B9%B4%E5%8A%A8%E7%94%BB&cat=1002&start=495,window.__DATA__
400,1,0,25951728,https://movie.douban.com/subject/25951728/,正义红师 (2014),https://img1.doubanio.com/view/photo/s_ratio_poster/public/p2194656379.webp,中国大陆 / 剧情 / 动作 / 科幻 / 动画 / 儿童 / 战争 / 冒险,钱国栋 / 孙尧东 / 高歌 / 王睿祥 / 王乐天 / 史旭杰 / 辛媛,9.1,1436,4.5,"['剧集', '可播放']",True,search_subject,https://www.douban.com/search?cat=1002&q=%E6%AD%A3%E4%B9%89%E7%BA%A2%E5%B8%88,playwright
401,42,615,11604218,https://movie.douban.com/subject/11604218/,小鸡不好惹之咸蛋寺‎ (2012),https://img2.doubanio.com/view/photo/s_ratio_poster/public/p2869130981.webp,中国大陆 / 动画,丁亮,8.5,1410,4.5,"['剧集', '可播放']",True,search_subject,https://search.douban.com/movie/subject_search?search_text=%E7%AB%A5%E5%B9%B4%E5%8A%A8%E7%94%BB&cat=1002&start=615,window.__DATA__
402,50,735,3711645,https://movie.douban.com/subject/3711645/,孔子‎ (2009),https://img9.doubanio.com/view/photo/s_ratio_poster/public/p2398900335.webp,中国大陆 / 动画 / 孔子 / 13分钟,赵先德 / 刘纯燕 / 徐涛 / 薛白 / 郭政建 / 赵震 / 姜广涛 / 李易 / 何冠男,7.8,1390,4,"['剧集', '可播放']",True,search_subject,https://search.douban.com/movie/subject_search?search_text=%E7%AB%A5%E5%B9%B4%E5%8A%A8%E7%94%BB&cat=1002&start=735,window.__DATA__
403,1,0,20451493,https://movie.douban.com/subject/20451493/,百变机兽之元气星魂 (2012),https://img3.doubanio.com/view/photo/s_ratio_poster/public/p2909904142.webp,中国大陆 / 科幻 / 动画 / 儿童 / 战争 / 神龙拯救队之元气星魂 / 元气星魂,杨小湛,8.8,951,4.5,"['剧集', '可播放']",True,search_subject,https://www.douban.com/search?cat=1002&q=%E5%85%83%E6%B0%94%E6%98%9F%E9%AD%82,playwright
404,1,0,25735646,https://movie.douban.com/subject/25735646/,激战奇轮 (2013),https://img3.doubanio.com/view/photo/s_ratio_poster/public/p2880435507.webp,中国大陆 / 动画,吴冠廷,8.7,898,4.5,"['剧集', '可播放']",True,search_subject,https://www.douban.com/search?cat=1002&q=%E6%BF%80%E6%88%98%E5%A5%87%E8%BD%AE,playwright
405,36,525,26416094,https://movie.douban.com/subject/26416094/,缇可春季篇‎ (2007),https://img9.doubanio.com/view/photo/s_ratio_poster/public/p2361246384.webp,中国大陆 / 剧情 / 喜剧 / 动画 / 奇幻 / 冒险 / TlCO / 12分钟,朱珂 / 熊可 / 缇可 / 夏天 / 鹏鹏 / 露露,9.2,691,4.5,['剧集'],True,search_subject,https://search.douban.com/movie/subject_search?search_text=%E7%AB%A5%E5%B9%B4%E5%8A%A8%E7%94%BB&cat=1002&start=525,window.__DATA__
406,1,0,24496774,https://movie.douban.com/subject/24496774/,翼空之巅 (2013),https://img3.doubanio.com/view/photo/s_ratio_poster/public/p1956409133.webp,中国大陆 / 动画 / 极限运动,,8.5,533,4.0,"['剧集', '可播放']",True,search_subject,https://www.douban.com/search?cat=1002&q=%E7%BF%BC%E7%A9%BA%E4%B9%8B%E5%B7%85%EF%BC%88%E6%89%8B%E6%8C%87%E6%BB%91%E6%9D%BF%EF%BC%89,playwright
407,1,0,10573502,https://movie.douban.com/subject/10573502/,奇博少年 (2013),https://img1.doubanio.com/view/photo/s_ratio_poster/public/p2869132559.webp,中国大陆 / 动画 / 雷霆神虎之奇博少年,韩峰,8.2,505,4.0,"['剧集', '可播放']",True,search_subject,https://www.douban.com/search?cat=1002&q=%E5%A5%87%E5%8D%9A%E5%B0%91%E5%B9%B4,playwright
