rank,source_page,source_page_start,subject_id,title,rating,rating_count,star_count,labels,is_tv,abstract,abstract_2,cover_url,subject_url,search_url,parse_source,tpl_name
1,1,0,3204594,虹猫蓝兔七侠传‎ (2006),9.6,140242,5.0,"['剧集', '可播放']",True,中国大陆 / 剧情 / 儿童 / 动作 / 动画 / 冒险 / 武侠 / The story of hongmao and lantu / 15分钟,王宏 / 罗沐 / 许龙 / 徐艳娜 / 江莉 / 艾慕华 / 张建和 / 周韧峰 / 颜雷鸣 / 赵玉碧 / 朱海燕 / 付以琳 / 晏婷 / 刘蓉 / 刘娟 / 肖睿 / 张怀武 / 袁文君 / 廖新星,https://img1.doubanio.com/view/photo/s_ratio_poster/public/p2307667150.webp,https://movie.douban.com/subject/3204594/,https://search.douban.com/movie/subject_search?search_text=%E7%AB%A5%E5%B9%B4%E5%8A%A8%E7%94%BB&cat=1002&start=0,window.__DATA__,search_subject
2,1,0,3012377,神兵小将‎ (2009),8.9,42125,4.5,['可播放'],False,中国大陆 / 动画 / 奇幻 / SHENBING KIDS / 神兵小将：电影版 / 95分钟,黄玉郎 / 方锦历 / 乔彧 / 杨青倩 / 谢楠 / 常索妮 / 胡静 / 杨莹,https://img9.doubanio.com/view/photo/s_ratio_poster/public/p1597570216.webp,https://movie.douban.com/subject/3012377/,https://search.douban.com/movie/subject_search?search_text=%E7%AB%A5%E5%B9%B4%E5%8A%A8%E7%94%BB&cat=1002&start=0,window.__DATA__,search_subject
3,1,0,3713659,铁甲小宝 ビーロボカブタック‎ (1997),8.8,45917,4.5,"['剧集', '可播放']",True,日本 / 剧情 / 铁甲小宝—卡布达 / B-Robo Kabutack / 22分钟,坂本太郎 / 渡边胜也 / 石田秀范 / 岩原直树 / 诸田敏 / 二见一树 / 木村雅 / 小出由华 / 石井洋祐 / 向井亚纪 / 井上碧 / 石井宁 / 国分佐智子,https://img3.doubanio.com/view/photo/s_ratio_poster/public/p2908574802.webp,https://movie.douban.com/subject/3713659/,https://search.douban.com/movie/subject_search?search_text=%E7%AB%A5%E5%B9%B4%E5%8A%A8%E7%94%BB&cat=1002&start=0,window.__DATA__,search_subject
4,1,0,4321270,猫和老鼠 Tom and Jerry‎ (1965),9.8,207513,5.0,"['剧集', '可播放']",True,美国 / 喜剧 / 动画 / 家庭 / 妙妙妙 / 汤姆猫与杰米鼠 / 30分钟,约瑟夫·巴伯拉 / 威廉·汉纳 / 特克斯·艾弗里 / 迈克尔·拉赫 / 道斯·巴特勒 / 里德·科菲,https://img1.doubanio.com/view/photo/s_ratio_poster/public/p2554009820.webp,https://movie.douban.com/subject/4321270/,https://search.douban.com/movie/subject_search?search_text=%E7%AB%A5%E5%B9%B4%E5%8A%A8%E7%94%BB&cat=1002&start=0,window.__DATA__,search_subject
5,1,0,2264567,迪迦奥特曼 ウルトラマンティガ‎ (1996),9.6,114753,5.0,"['剧集', '可播放']",True,日本 / 动作 / 冒险 / 奇幻 / 科幻 / 超人迪加 / 迪迦·奥特曼 / 30分钟,松原信吾 / 村石宏实 / 川崎乡太 / 冈田宁 / 神泽信一 / 北浦嗣巳 / 原田昌树 / 石井辉仪 / 实相寺昭雄 / 满田穧 / 长野博 / 吉本多香美 / 高树澪 / 大泷明利 / 影丸茂樹 / 增田由纪夫 / 古屋畅一 / 川地民夫,https://img3.doubanio.com/view/photo/s_ratio_poster/public/p2533388717.webp,https://movie.douban.com/subject/2264567/,https://search.douban.com/movie/subject_search?search_text=%E7%AB%A5%E5%B9%B4%E5%8A%A8%E7%94%BB&cat=1002&start=0,window.__DATA__,search_subject
6,1,0,2244765,中华小子‎ (2006),9.6,63082,5.0,"['剧集', '可播放']",True,法国 / 中国大陆 / 儿童 / 喜剧 / 动作 / 动画 / 冒险 / 武侠 / Shaolin Wuzang / 24分钟,张天晓 / 周磊 / 黄怡晴 / 徐刚 / 刘强 / 王肖兵 / 游军 / 王衡 / 王勇 / 李敏妍,https://img1.doubanio.com/view/photo/s_ratio_poster/public/p2570091648.webp,https://movie.douban.com/subject/2244765/,https://search.douban.com/movie/subject_search?search_text=%E7%AB%A5%E5%B9%B4%E5%8A%A8%E7%94%BB&cat=1002&start=0,window.__DATA__,search_subject
7,1,0,11808948,海绵宝宝 The SpongeBob Movie: Sponge Out of Water‎ (2015),7.7,54176,4.0,['可播放'],False,美国 / 喜剧 / 动画 / 冒险 / 海绵宝宝：脱水大冒险(港) / 海绵宝宝：海陆大出击(台) / 93分钟,保罗·提比特 / 迈克·米切尔 / 安东尼奥·班德拉斯 / 艾瑞克·鲍扎 / 蒂姆·康威 / 埃迪·狄森 / 罗伯·鲍森 / 凯文·迈克尔·理查德森 / 艾普尔·斯图瓦特 / 克里·萨莫,https://img1.doubanio.com/view/photo/s_ratio_poster/public/p2282934200.webp,https://movie.douban.com/subject/11808948/,https://search.douban.com/movie/subject_search?search_text=%E7%AB%A5%E5%B9%B4%E5%8A%A8%E7%94%BB&cat=1002&start=0,window.__DATA__,search_subject
8,1,0,6850547,玩具总动员4 Toy Story 4‎ (2019),8.5,377180,4.5,['可播放'],False,美国 / 喜剧 / 动画 / 奇幻 / 反斗奇兵4(港) / 100分钟,乔什·库雷 / 汤姆·汉克斯 / 蒂姆·艾伦 / 安妮·波茨 / 托尼·海尔 / 科甘-迈克尔·凯 / 玛德琳·麦格劳 / 克里斯蒂娜·亨德里克斯 / 乔丹·皮尔,https://img3.doubanio.com/view/photo/s_ratio_poster/public/p2551222752.webp,https://movie.douban.com/subject/6850547/,https://search.douban.com/movie/subject_search?search_text=%E7%AB%A5%E5%B9%B4%E5%8A%A8%E7%94%BB&cat=1002&start=0,window.__DATA__,search_subject
9,1,0,1291560,龙猫 となりのトトロ‎ (1988),9.2,1415036,4.5,[],False,日本 / 动画 / 奇幻 / 冒险 / 邻居托托罗 / 邻家的豆豆龙 / 86分钟,宫崎骏 / 日高范子 / 坂本千夏 / 糸井重里 / 岛本须美 / 北林谷荣 / 高木均 / 雨笠利幸 / 丸山裕子,https://img9.doubanio.com/view/photo/s_ratio_poster/public/p2540924496.webp,https://movie.douban.com/subject/1291560/,https://search.douban.com/movie/subject_search?search_text=%E7%AB%A5%E5%B9%B4%E5%8A%A8%E7%94%BB&cat=1002&start=0,window.__DATA__,search_subject
10,1,0,1301753,狮子王 The Lion King‎ (1994),9.1,964494,4.5,['可播放'],False,美国 / 动画 / 冒险 / 歌舞 / 狮子王3D / 89分钟,罗杰·阿勒斯 / 罗伯·明可夫 / 乔纳森·泰勒·托马斯 / 马修·布罗德里克 / 杰瑞米·艾恩斯 / 詹姆斯·厄尔·琼斯 / 莫伊拉·凯利 / 内森·连恩 / 尼基塔·卡兰姆 / 埃林·萨贝拉,https://img3.doubanio.com/view/photo/s_ratio_poster/public/p726659067.webp,https://movie.douban.com/subject/1301753/,https://search.douban.com/movie/subject_search?search_text=%E7%AB%A5%E5%B9%B4%E5%8A%A8%E7%94%BB&cat=1002&start=0,window.__DATA__,search_subject
11,1,0,1418019,大闹天宫‎ (1961),9.4,512060,4.5,['可播放'],False,中国大陆 / 剧情 / 动画 / 奇幻 / 古装 / 大闹天宫 上下集 / The Monkey King / 113分钟,万籁鸣 / 邱岳峰 / 富润生 / 毕克 / 尚华 / 于鼎 / 李梓 / 刘广宁,https://img3.doubanio.com/view/photo/s_ratio_poster/public/p2184505167.webp,https://movie.douban.com/subject/1418019/,https://search.douban.com/movie/subject_search?search_text=%E7%AB%A5%E5%B9%B4%E5%8A%A8%E7%94%BB&cat=1002&start=0,window.__DATA__,search_subject
12,1,0,1428581,天书奇谭‎ (1983),9.2,338433,4.5,['可播放'],False,中国大陆 / 动画 / 奇幻 / 天书奇谭4K纪念版 / The Legend of Sealed Book / 89分钟,王树忱 / 钱运达 / 丁建华 / 毕克 / 苏秀 / 程晓桦 / 施融 / 于鼎 / 杨成纯 / 孙渝烽,https://img9.doubanio.com/view/photo/s_ratio_poster/public/p2700138245.webp,https://movie.douban.com/subject/1428581/,https://search.douban.com/movie/subject_search?search_text=%E7%AB%A5%E5%B9%B4%E5%8A%A8%E7%94%BB&cat=1002&start=0,window.__DATA__,search_subject
13,1,0,1307315,哪吒闹海‎ (1979),9.2,310891,4.5,['可播放'],False,中国大陆 / 冒险 / 动画 / 奇幻 / Prince Nezha's Triumph Against Dragon King / Nezha Conquers the Dragon King / 62分钟,王树忱 / 严定宪 / 徐景达 / 梁正晖 / 邱岳峰 / 毕克 / 富润生 / 尚华 / 于鼎,https://img9.doubanio.com/view/photo/s_ratio_poster/public/p2532803206.webp,https://movie.douban.com/subject/1307315/,https://search.douban.com/movie/subject_search?search_text=%E7%AB%A5%E5%B9%B4%E5%8A%A8%E7%94%BB&cat=1002&start=0,window.__DATA__,search_subject
14,1,0,26884354,狮子王 The Lion King‎ (2019),7.2,383019,3.5,['可播放'],False,美国 / 剧情 / 动画 / 冒险 / 狮子王真狮版 / 狮子王真实版 / 118分钟,乔恩·费儒 / 唐纳德·格洛弗 / 阿尔法·伍达德 / 詹姆斯·厄尔·琼斯 / 切瓦特·埃加福 / 科甘-迈克尔·凯 / 塞斯·罗根 / 比利·艾希纳 / 碧昂丝,https://img3.doubanio.com/view/photo/s_ratio_poster/public/p2549283092.webp,https://movie.douban.com/subject/26884354/,https://search.douban.com/movie/subject_search?search_text=%E7%AB%A5%E5%B9%B4%E5%8A%A8%E7%94%BB&cat=1002&start=0,window.__DATA__,search_subject
15,1,0,1299643,宝莲灯‎ (1999),8.6,238269,4.5,['可播放'],False,中国大陆 / 动画 / 奇幻 / 冒险 / Lotus Lantern / 85分钟,常光希 / 姜文 / 徐帆 / 宁静 / 陈佩斯 / 崔杰 / 丁嘉丽 / 江平 / 雷恪生,https://img9.doubanio.com/view/photo/s_ratio_poster/public/p2195312435.webp,https://movie.douban.com/subject/1299643/,https://search.douban.com/movie/subject_search?search_text=%E7%AB%A5%E5%B9%B4%E5%8A%A8%E7%94%BB&cat=1002&start=0,window.__DATA__,search_subject
16,2,15,25769362,哆啦A梦：伴我同行 STAND BY ME ドラえもん‎ (2014),8.1,296626,4.0,['可播放'],False,日本 / 剧情 / 动画 / 与我同行的哆啦A梦 / 机器猫：伴我同行 / 95分钟,八木龙一 / 山崎贵 / 水田山葵 / 大原惠美 / 嘉数由美 / 木村昴 / 关智一 / 三石琴乃 / 松本保典 / 田原阿尔诺,https://img9.doubanio.com/view/photo/s_ratio_poster/public/p2244958975.webp,https://movie.douban.com/subject/25769362/,https://search.douban.com/movie/subject_search?search_text=%E7%AB%A5%E5%B9%B4%E5%8A%A8%E7%94%BB&cat=1002&start=15,window.__DATA__,search_subject
17,2,15,3443967,圣斗士星矢 聖闘士星矢‎ (1986),8.9,60450,4.5,"['剧集', '可播放']",True,日本 / 法国 / 意大利 / 动作 / 科幻 / 动画 / Knights of the Zodiac / 圣斗士 / 23分钟,旗野義文 / 横山和夫 / 森下孝三 / 古谷彻 / 铃置洋孝 / 桥本晃一 / 堀川亮 / 掘秀行,https://img1.doubanio.com/view/photo/s_ratio_poster/public/p2165971108.webp,https://movie.douban.com/subject/3443967/,https://search.douban.com/movie/subject_search?search_text=%E7%AB%A5%E5%B9%B4%E5%8A%A8%E7%94%BB&cat=1002&start=15,window.__DATA__,search_subject
18,2,15,26835471,大侦探皮卡丘 Pokémon Detective Pikachu‎ (2019),6.4,391296,3.0,['可播放'],False,美国 / 日本 / 英国 / 加拿大 / 喜剧 / 动画 / 奇幻 / 冒险 / 精灵宝可梦：大侦探皮卡丘 / POKÉMON 名侦探皮卡丘(台) / 104分钟,罗伯·莱特曼 / 瑞安·雷诺兹 / 贾斯蒂斯·史密斯 / 凯瑟琳·纽顿 / 克里斯·吉尔 / 比尔·奈伊 / 渡边谦 / 瑞塔·奥拉 / 苏琪·沃特豪斯,https://img3.doubanio.com/view/photo/s_ratio_poster/public/p2909216683.webp,https://movie.douban.com/subject/26835471/,https://search.douban.com/movie/subject_search?search_text=%E7%AB%A5%E5%B9%B4%E5%8A%A8%E7%94%BB&cat=1002&start=15,window.__DATA__,search_subject
19,2,15,26220731,熊出没之雪岭熊风‎ (2015),8.5,86071,4.5,['可播放'],False,中国大陆 / 喜剧 / 动画 / 冒险 / 家庭 / 熊出没大电影2 / Boonie Bears: Mystical Winter / 96分钟,丁亮 / 刘富源 / 张伟 / 张秉君 / 谭笑 / 孟雨田 / 孙尧东 / 赵肖宇 / 辛媛 / 万丹青,https://img9.doubanio.com/view/photo/s_ratio_poster/public/p2222373886.webp,https://movie.douban.com/subject/26220731/,https://search.douban.com/movie/subject_search?search_text=%E7%AB%A5%E5%B9%B4%E5%8A%A8%E7%94%BB&cat=1002&start=15,window.__DATA__,search_subject
20,2,15,1307547,星际宝贝 Lilo & Stitch‎ (2002),8.6,90515,4.5,['可播放'],False,美国 / 喜剧 / 科幻 / 动画 / 冒险 / 家庭 / 扮野小魔星(港) / 莉萝与史迪奇 / 85分钟,克里斯·桑德斯 / 迪恩·戴布洛伊 / 黛维·切斯 / 蒂亚·卡雷尔 / 戴维·奥格登·施蒂尔斯 / 凯文·麦克唐纳德 / 文·瑞姆斯 / 佐伊·考德威尔 / 李截,https://img3.doubanio.com/view/photo/s_ratio_poster/public/p2510798502.webp,https://movie.douban.com/subject/1307547/,https://search.douban.com/movie/subject_search?search_text=%E7%AB%A5%E5%B9%B4%E5%8A%A8%E7%94%BB&cat=1002&start=15,window.__DATA__,search_subject
21,2,15,25955779,忍者神龟2：破影而出 Teenage Mutant Ninja Turtles: Out of the Shadows‎ (2016),6.6,92589,3.5,['可播放'],False,美国 / 中国香港 / 中国大陆 / 加拿大 / 丹麦 / 德国 / 英国 / 喜剧 / 动作 / 科幻 / 冒险 / 忍者龟：魅影突击(港) / 忍者龟：破影而出(台) / 113分钟,戴夫·格林 / 梅根·福克斯 / 斯蒂芬·阿梅尔 / 威尔·阿奈特 / 皮特·普劳泽克 / 阿兰·里奇森 / 杰瑞米·霍华德 / 诺尔·费舍 / 布莱恩·泰,https://img9.doubanio.com/view/photo/s_ratio_poster/public/p2357111716.webp,https://movie.douban.com/subject/25955779/,https://search.douban.com/movie/subject_search?search_text=%E7%AB%A5%E5%B9%B4%E5%8A%A8%E7%94%BB&cat=1002&start=15,window.__DATA__,search_subject
22,2,15,1782006,七龙珠 ドラゴンボール‎ (1986),9.4,104425,4.5,"['剧集', '可播放']",True,日本 / 喜剧 / 动画 / 奇幻 / 冒险 / 龙珠 / Dragonball / 25分钟,西尾大介 / 野泽雅子 / 八奈见乘儿 / 鹤弘美,https://img3.doubanio.com/view/photo/s_ratio_poster/public/p2190442032.webp,https://movie.douban.com/subject/1782006/,https://search.douban.com/movie/subject_search?search_text=%E7%AB%A5%E5%B9%B4%E5%8A%A8%E7%94%BB&cat=1002&start=15,window.__DATA__,search_subject
23,2,15,3217149,忍者神龟：变种时代 Teenage Mutant Ninja Turtles‎ (2014),6.6,137867,3.5,['可播放'],False,美国 / 喜剧 / 动作 / 科幻 / 冒险 / 真人版忍者神龟 / 忍者龟：变种世代(台) / 101分钟,乔纳森·里贝斯曼 / 梅根·福克斯 / 威尔·阿奈特 / 威廉·菲克纳 / 阿兰·里奇森 / 诺尔·费舍 / 皮特·普劳泽克 / 约翰尼·诺克斯维尔 / 杰瑞米·霍华德,https://img2.doubanio.com/view/photo/s_ratio_poster/public/p2204991581.webp,https://movie.douban.com/subject/3217149/,https://search.douban.com/movie/subject_search?search_text=%E7%AB%A5%E5%B9%B4%E5%8A%A8%E7%94%BB&cat=1002&start=15,window.__DATA__,search_subject
24,2,15,1298204,101忠狗 One Hundred and One Dalmatians‎ (1961),8.6,71812,4.5,['可播放'],False,美国 / 喜剧 / 动画 / 冒险 / 家庭 / 101斑点狗 / 忠狗历险记 / 79分钟,克莱德·杰洛尼米 / 汉密尔顿·卢斯科 / 沃夫冈·雷瑟曼 / 罗德·泰勒 / 凯特·鲍尔 / 本·怀特 / 丽莎·戴维斯 / 贝蒂·洛乌·格尔森 / J·帕特·奥马利 / 玛莎·温特沃思 / 大卫·弗兰克海姆,https://img9.doubanio.com/view/photo/s_ratio_poster/public/p2493005064.webp,https://movie.douban.com/subject/1298204/,https://search.douban.com/movie/subject_search?search_text=%E7%AB%A5%E5%B9%B4%E5%8A%A8%E7%94%BB&cat=1002&start=15,window.__DATA__,search_subject
25,2,15,1299513,阿拉丁 Aladdin‎ (1992),8.3,89537,4.0,['可播放'],False,美国 / 喜剧 / 动画 / 冒险 / 阿拉丁历险记 / 90分钟,罗恩·克莱蒙兹 / 约翰·马斯克 / 斯科特·维内尔 / 罗宾·威廉姆斯 / 琳达·拉金 / 乔纳森·弗里曼 / 弗兰克·维尔克 / 吉尔伯特·戈特弗雷德 / 查尔斯·阿德勒 / 杰克·安杰尔,https://img3.doubanio.com/view/photo/s_ratio_poster/public/p1833285442.webp,https://movie.douban.com/subject/1299513/,https://search.douban.com/movie/subject_search?search_text=%E7%AB%A5%E5%B9%B4%E5%8A%A8%E7%94%BB&cat=1002&start=15,window.__DATA__,search_subject
26,2,15,1428577,九色鹿‎ (1981),9.0,104385,4.5,['可播放'],False,中国大陆 / 剧情 / 动画 / 短片 / 奇幻 / The Nine-Colored Deer / 鹿王本生 / 25分钟,钱家骏 / 戴铁郎 / 丁建华 / 杨成纯 / 程晓桦 / 于鼎,https://img1.doubanio.com/view/photo/s_ratio_poster/public/p2331868079.webp,https://movie.douban.com/subject/1428577/,https://search.douban.com/movie/subject_search?search_text=%E7%AB%A5%E5%B9%B4%E5%8A%A8%E7%94%BB&cat=1002&start=15,window.__DATA__,search_subject
27,2,15,1296109,变形金刚大电影 The Transformers: The Movie‎ (1986),8.4,6727,4.0,['可播放'],False,美国 / 日本 / 动作 / 科幻 / 动画 / 冒险 / 变形金刚：大电影 / トランスフォーマー ザ・ムービー / 84分钟,申能均 / 彼得·库伦 / 伦纳德·尼莫伊 / 弗兰克·维尔克 / 奥逊·威尔斯 / 贾德·尼尔森 / 克里斯·拉塔 / 诺曼·阿尔登 / 杰克·安杰尔,https://img9.doubanio.com/view/photo/s_ratio_poster/public/p1809882654.webp,https://movie.douban.com/subject/1296109/,https://search.douban.com/movie/subject_search?search_text=%E7%AB%A5%E5%B9%B4%E5%8A%A8%E7%94%BB&cat=1002&start=15,window.__DATA__,search_subject
28,2,15,3062897,葫芦兄弟‎ (2008),9.0,82889,4.5,['可播放'],False,中国大陆 / 动画 / 葫芦兄弟电影版 / Calabash Brothers / 83分钟,胡进庆 / 周克勤 / 葛桂云,https://img9.doubanio.com/view/photo/s_ratio_poster/public/p1228139585.webp,https://movie.douban.com/subject/3062897/,https://search.douban.com/movie/subject_search?search_text=%E7%AB%A5%E5%B9%B4%E5%8A%A8%E7%94%BB&cat=1002&start=15,window.__DATA__,search_subject
29,2,15,2994961,鼹鼠的故事 Krtek‎ (1957),9.4,49091,4.5,"['剧集', '可播放']",True,捷克斯洛伐克 / 动画 / 小鼹鼠妙妙奇遇记 / 小鼹鼠 / 5分钟,兹德内克·米莱尔 / Antonín Jedlicka / 弗兰季塞克·菲利波夫斯基 / Viola Zinková / 约瑟夫·赫利诺马兹 / Artus Kalous / P. Kysela / E. Smítková,https://img3.doubanio.com/view/photo/s_ratio_poster/public/p1383065323.webp,https://movie.douban.com/subject/2994961/,https://search.douban.com/movie/subject_search?search_text=%E7%AB%A5%E5%B9%B4%E5%8A%A8%E7%94%BB&cat=1002&start=15,window.__DATA__,search_subject
30,2,15,10772258,麦兜·当当伴我心 麥兜‧噹噹伴我心‎ (2012),8.5,121240,4.5,['可播放'],False,中国大陆 / 中国香港 / 喜剧 / 动画 / 腰花伴菜芯 / 麦兜故事5 / 80分钟,谢立文 / 黄秋生 / 吴君如 / 胡歌 / 郑中基 / 许飞,https://img9.doubanio.com/view/photo/s_ratio_poster/public/p2454027095.webp,https://movie.douban.com/subject/10772258/,https://search.douban.com/movie/subject_search?search_text=%E7%AB%A5%E5%B9%B4%E5%8A%A8%E7%94%BB&cat=1002&start=15,window.__DATA__,search_subject
31,3,30,30335059,熊出没·原始时代‎ (2019),6.6,31741,3.5,['可播放'],False,中国大陆 / 喜剧 / 动画 / 冒险 / 熊出没6 / 熊出没大电影6 / 92分钟,丁亮 / 林汇达 / 张伟 / 张秉君 / 谭笑 / 宋祖儿 / 刘思奇 / 万丹青 / 刘沛 / 孟雨田,https://img2.doubanio.com/view/photo/s_ratio_poster/public/p2541035591.webp,https://movie.douban.com/subject/30335059/,https://search.douban.com/movie/subject_search?search_text=%E7%AB%A5%E5%B9%B4%E5%8A%A8%E7%94%BB&cat=1002&start=30,window.__DATA__,search_subject
32,3,30,30482645,数码宝贝：最后的进化 デジモンアドベンチャー LAST EVOLUTION 絆‎ (2020),7.3,95535,3.5,['可播放'],False,日本 / 动画 / 冒险 / 数码宝贝大冒险 最后的进化·羁绊 / 数码宝贝大冒险剧场版 / 94分钟,田口智久 / 花江夏树 / 细谷佳正 / 三森铃子 / 田村睦心 / 吉田仁美 / 池田纯矢 / 榎木淳弥 / 市道真央,https://img9.doubanio.com/view/photo/s_ratio_poster/public/p2623955494.webp,https://movie.douban.com/subject/30482645/,https://search.douban.com/movie/subject_search?search_text=%E7%AB%A5%E5%B9%B4%E5%8A%A8%E7%94%BB&cat=1002&start=30,window.__DATA__,search_subject
33,3,30,1292757,木偶奇遇记 Pinocchio‎ (1940),8.4,66735,4.0,['可播放'],False,美国 / 剧情 / 动画 / 奇幻 / 音乐 / 匹诺曹 / 木偶奇遇记 / 88分钟,诺曼·弗格森 / T·希 / 威尔弗雷德·杰克逊 / 杰克·金尼 / 汉密尔顿·卢斯科 / 比尔·罗伯茨 / 宾·沙普斯坦 / Mel Blanc / Frankie Darro / Cliff Edwards / Dickie Jones,https://img1.doubanio.com/view/photo/s_ratio_poster/public/p1958894020.webp,https://movie.douban.com/subject/1292757/,https://search.douban.com/movie/subject_search?search_text=%E7%AB%A5%E5%B9%B4%E5%8A%A8%E7%94%BB&cat=1002&start=30,window.__DATA__,search_subject
34,3,30,3681613,大闹天宫‎ (2012),8.4,26885,4.0,['可播放'],False,中国大陆 / 动画 / The Monkey King / 90分钟,万籁鸣 / 唐澄 / 速达 / 陈志宏 / 李扬 / 陈凯歌 / 陈道明 / 张国立 / 刘烨 / 胡歌 / 周立波 / 何炅,https://img9.doubanio.com/view/photo/s_ratio_poster/public/p2500167606.webp,https://movie.douban.com/subject/3681613/,https://search.douban.com/movie/subject_search?search_text=%E7%AB%A5%E5%B9%B4%E5%8A%A8%E7%94%BB&cat=1002&start=30,window.__DATA__,search_subject
35,3,30,4006490,龙珠Z ドラゴンボール Z‎ (1989),9.6,39717,5.0,"['剧集', '可播放']",True,日本 / 动作 / 动画 / 奇幻 / 冒险 / Dragon Ball Z: Doragon bôru zetto / 龙珠Z / 25分钟,西尾大介 / 野泽雅子 / 古川登志夫 / 青野武 / 千叶繁 / 江川央生 / 古谷彻 / 江森浩子 / 银河万丈,https://img1.doubanio.com/view/photo/s_ratio_poster/public/p2554128260.webp,https://movie.douban.com/subject/4006490/,https://search.douban.com/movie/subject_search?search_text=%E7%AB%A5%E5%B9%B4%E5%8A%A8%E7%94%BB&cat=1002&start=30,window.__DATA__,search_subject
36,3,30,1431947,雪孩子‎ (1980),9.0,86922,4.5,['可播放'],False,中国大陆 / 动画 / 短片 / 雪孩子——小兔淘淘的故事 / 20分钟,林文肖 / 丁建华,https://img9.doubanio.com/view/photo/s_ratio_poster/public/p2928176565.webp,https://movie.douban.com/subject/1431947/,https://search.douban.com/movie/subject_search?search_text=%E7%AB%A5%E5%B9%B4%E5%8A%A8%E7%94%BB&cat=1002&start=30,window.__DATA__,search_subject
37,3,30,3335371,小蝌蚪找妈妈‎ (1960),8.9,107734,4.5,['可播放'],False,中国大陆 / 动画 / 短片 / Baby Tadpoles Look for Their Mother / 15分钟,特伟 / 钱家骏 / 唐澄,https://img9.doubanio.com/view/photo/s_ratio_poster/public/p2250602634.webp,https://movie.douban.com/subject/3335371/,https://search.douban.com/movie/subject_search?search_text=%E7%AB%A5%E5%B9%B4%E5%8A%A8%E7%94%BB&cat=1002&start=30,window.__DATA__,search_subject
38,3,30,1431699,三个和尚‎ (1980),8.9,121164,4.5,['可播放'],False,中国大陆 / 动画 / 短片 / Three Monks / 20分钟,徐景达,https://img3.doubanio.com/view/photo/s_ratio_poster/public/p1463972087.webp,https://movie.douban.com/subject/1431699/,https://search.douban.com/movie/subject_search?search_text=%E7%AB%A5%E5%B9%B4%E5%8A%A8%E7%94%BB&cat=1002&start=30,window.__DATA__,search_subject
39,3,30,1970134,数码宝贝 デジモンアドベンチャー‎ (1999),9.5,147058,5.0,"['剧集', '可播放']",True,日本 / 动画 / 动作 / 冒险 / 家庭 / 奇幻 / 惊悚 / 数码暴龙 / 数码兽大冒险 / 30分钟,角铜博之 / 芝田浩树 / 川田武范 / 今村隆宽 / 今泽哲男 / 早川启二 / 志水淳儿 / 吉泽孝男 / 小坂春女 / 中村哲治 / 细田守 / 藤田淑子 / 风间勇刀 / 水谷优子 / 天神有海 / 前田爱 / 菊池正美 / 小西宽子 / 荒木香惠,https://img3.doubanio.com/view/photo/s_ratio_poster/public/p2554018582.webp,https://movie.douban.com/subject/1970134/,https://search.douban.com/movie/subject_search?search_text=%E7%AB%A5%E5%B9%B4%E5%8A%A8%E7%94%BB&cat=1002&start=30,window.__DATA__,search_subject
40,3,30,1428576,葫芦兄弟‎ (1986),9.2,150445,4.5,"['剧集', '可播放']",True,中国大陆 / 儿童 / 动画 / 葫芦娃 / The Gourd Brother / 10分钟,胡进庆 / 葛桂云 / 周克勤 / 戴欣 / 朱艺 / 倪以临 / 战车,https://img1.doubanio.com/view/photo/s_ratio_poster/public/p2561717360.webp,https://movie.douban.com/subject/1428576/,https://search.douban.com/movie/subject_search?search_text=%E7%AB%A5%E5%B9%B4%E5%8A%A8%E7%94%BB&cat=1002&start=30,window.__DATA__,search_subject
41,3,30,1465035,魔卡少女樱 カードキャプターさくら‎ (1998),9.2,121150,4.5,"['剧集', '可播放']",True,日本 / 动画 / 动作 / 冒险 / 喜剧 / 百变小樱魔术卡 / 库洛魔法使 / 25分钟,浅香守生 / 神户守 / 片渊须直 / 田中洋之 / 坂田纯一 / 高柳滋仁 / 政木伸一 / 中西伸彰 / 佐伯昭志 / 真野玲 / 水野和则 / 山口赖房 / 八谷贤一 / 长滨亘彦 / 松井仁之 / 三家本泰美 / 安藤健 / 三笠修 / 高濑节夫 / 桥本直人 / 富永恒雄 / 丹下樱 / 岩男润子 / 久川绫 / 小野坂昌也 / 熊井统子 / 绪方惠美 / 关智一 / 田中秀幸,https://img9.doubanio.com/view/photo/s_ratio_poster/public/p2361563805.webp,https://movie.douban.com/subject/1465035/,https://search.douban.com/movie/subject_search?search_text=%E7%AB%A5%E5%B9%B4%E5%8A%A8%E7%94%BB&cat=1002&start=30,window.__DATA__,search_subject
42,3,30,1782004,哆啦A梦 ドラえもん‎ (1979),9.6,202780,5.0,"['剧集', '可播放']",True,日本 / 动画 / 喜剧 / 家庭 / 奇幻 / 科幻 / 机器猫 / 小叮当 / 23分钟,楠叶宏三 / 芝山努 / 大山羡代 / 小原乃梨子 / 野村道子 / 立壁和也 / 肝付兼太 / 千千松幸子 / 加藤正之 / 中庸助,https://img2.doubanio.com/view/photo/s_ratio_poster/public/p2510688261.webp,https://movie.douban.com/subject/1782004/,https://search.douban.com/movie/subject_search?search_text=%E7%AB%A5%E5%B9%B4%E5%8A%A8%E7%94%BB&cat=1002&start=30,window.__DATA__,search_subject
43,3,30,27607378,龙珠超：布罗利 ドラゴンボール超 ブロリー‎ (2018),7.2,55530,3.5,['可播放'],False,日本 / 动作 / 动画 / 奇幻 / 冒险 / 龙珠超剧场版：布洛尼(港) / 七龙珠超 布罗利(台) / 100分钟,长峰达也 / 野泽雅子 / 堀川亮 / 久川绫 / 古川登志夫 / 草尾毅 / 中尾隆圣 / 山寺宏一 / 森田成一,https://img2.doubanio.com/view/photo/s_ratio_poster/public/p2555458551.webp,https://movie.douban.com/subject/27607378/,https://search.douban.com/movie/subject_search?search_text=%E7%AB%A5%E5%B9%B4%E5%8A%A8%E7%94%BB&cat=1002&start=30,window.__DATA__,search_subject
44,3,30,1860377,黑猫警长‎ (1984),8.9,117439,4.5,"['剧集', '可播放']",True,中国大陆 / 动画 / 悬疑 / Inspector Black Cat / 20分钟,戴铁郎 / 范马迪 / 熊南清 / 史东敏 / 王卫 / 张泉灵 / 杨文元 / 杨玉天 / 范楚绒 / 战车 / 黄翔,https://img3.doubanio.com/view/photo/s_ratio_poster/public/p2528877467.webp,https://movie.douban.com/subject/1860377/,https://search.douban.com/movie/subject_search?search_text=%E7%AB%A5%E5%B9%B4%E5%8A%A8%E7%94%BB&cat=1002&start=30,window.__DATA__,search_subject
45,3,30,1431683,蜡笔小新 クレヨンしんちゃん‎ (1992),9.3,121370,4.5,"['剧集', '可播放']",True,日本 / 喜剧 / 动画 / 家庭 / Kureyon Shin-chan / 24分钟,本乡满 / 高桥涉 / 原惠一 / 水岛努 / 武藤裕治 / 矢岛晶子 / 小林由美子 / 楢桥美纪 / 藤原启治 / 森川智之 / 兴梠里美 / 真柴摩利 / 林玉绪,https://img9.doubanio.com/view/photo/s_ratio_poster/public/p2510330984.webp,https://movie.douban.com/subject/1431683/,https://search.douban.com/movie/subject_search?search_text=%E7%AB%A5%E5%B9%B4%E5%8A%A8%E7%94%BB&cat=1002&start=30,window.__DATA__,search_subject
46,4,45,2159331,蓝精灵 The Smurfs‎ (2011),7.3,110899,3.5,['可播放'],False,美国 / 比利时 / 喜剧 / 动画 / 奇幻 / 蓝色小精灵(台) / 蓝精灵 / 103分钟,拉加·高斯内尔 / 尼尔·帕特里克·哈里斯 / 杰玛·梅斯 / 汉克·阿扎利亚 / 乔纳森·温特斯 / 凯蒂·派瑞 / 艾伦·卡明 / 乔治·洛佩兹 / 保罗·雷宾斯,https://img1.doubanio.com/view/photo/s_ratio_poster/public/p884990120.webp,https://movie.douban.com/subject/2159331/,https://search.douban.com/movie/subject_search?search_text=%E7%AB%A5%E5%B9%B4%E5%8A%A8%E7%94%BB&cat=1002&start=45,window.__DATA__,search_subject
47,4,45,2993424,中华小当家 中華一番!‎ (1997),8.7,101643,4.5,"['剧集', '可播放']",True,日本 / 动画 / 中华一番之满汉传奇(台) / 23分钟,案纳正美 / 杉岛邦久 / 香川丰 / 高木淳 / 高村彰 / 渊上真 / 羽生尚靖 / 西田健一 / 铃木轮流郎 / 腰繁男 / 田中真弓 / 雪野五月 / 大塚明夫 / 置鲇龙太郎 / 吉田理保子 / 引田有美 / 阪口大助 / 神奈延年,https://img1.doubanio.com/view/photo/s_ratio_poster/public/p2225808630.webp,https://movie.douban.com/subject/2993424/,https://search.douban.com/movie/subject_search?search_text=%E7%AB%A5%E5%B9%B4%E5%8A%A8%E7%94%BB&cat=1002&start=45,window.__DATA__,search_subject
48,4,45,1780256,金猴降妖‎ (1985),9.2,18072,4.5,['可播放'],False,中国大陆 / 剧情 / 动画 / 奇幻 / 孙悟空三打白骨精 / The Monkey King Conquers the Demon / 90分钟,特伟 / 严定宪 / 林文肖 / 李扬 / 谈鹏飞 / 洪融 / 吴鲁生 / 战车 / 赵兵 / 毕克 / 韦启昌,https://img1.doubanio.com/view/photo/s_ratio_poster/public/p2529053160.webp,https://movie.douban.com/subject/1780256/,https://search.douban.com/movie/subject_search?search_text=%E7%AB%A5%E5%B9%B4%E5%8A%A8%E7%94%BB&cat=1002&start=45,window.__DATA__,search_subject
49,4,45,1295148,小鹿斑比 Bambi‎ (1942),8.6,42988,4.5,['可播放'],False,美国 / 剧情 / 动画 / Walt Disney's Bambi / 70分钟,戴维·汉德 / 詹姆斯·阿尔格 / 塞缪尔·阿姆斯特朗 / 格雷厄姆·海德 / 比尔·罗伯茨 / 保罗·萨特菲尔德 / 诺曼·莱特 / 哈迪·奥尔布赖特 / Stan Alexander / Bobette Audrey / Peter Behn / 谢尔玛·博德曼,https://img3.doubanio.com/view/photo/s_ratio_poster/public/p2261878972.webp,https://movie.douban.com/subject/1295148/,https://search.douban.com/movie/subject_search?search_text=%E7%AB%A5%E5%B9%B4%E5%8A%A8%E7%94%BB&cat=1002&start=45,window.__DATA__,search_subject
50,4,45,1296538,小飞侠 Peter Pan‎ (1953),8.3,35665,4.0,['可播放'],False,美国 / 动画 / 奇幻 / 冒险 / 歌舞 / 彼得·潘 / 77分钟,克莱德·杰洛尼米 / 威尔弗雷德·杰克逊 / 汉密尔顿·卢斯科 / 鲍比·德里斯科尔 / 凯瑟琳·博蒙特 / 汉斯·康拉德 / 比尔·汤普森 / 希瑟·安吉尔 / 保罗·科林斯 / 汤米·卢斯克 / 康迪·康迪多,https://img2.doubanio.com/view/photo/s_ratio_poster/public/p1161429881.webp,https://movie.douban.com/subject/1296538/,https://search.douban.com/movie/subject_search?search_text=%E7%AB%A5%E5%B9%B4%E5%8A%A8%E7%94%BB&cat=1002&start=45,window.__DATA__,search_subject
51,4,45,4897786,超决战！贝利亚银河帝国 ウルトラマンゼロ THE MOVIE 超決戦！ベリアル銀河帝国‎ (2010),8.0,12288,4.0,['可播放'],False,日本 / 动作 / 奥特曼大电影2012 / 赛罗奥特曼 THE MOVIE 超决战！贝利亚银河帝国 / 100分钟,阿部雄一  / 宫野真守 / 绿川光 / 关智一 / 神谷浩史 / 宫迫博之 / 小柳友 / 滨田龙臣 / 土屋太凤,https://img1.doubanio.com/view/photo/s_ratio_poster/public/p2230440190.webp,https://movie.douban.com/subject/4897786/,https://search.douban.com/movie/subject_search?search_text=%E7%AB%A5%E5%B9%B4%E5%8A%A8%E7%94%BB&cat=1002&start=45,window.__DATA__,search_subject
52,4,45,30249161,哆啦A梦：大雄的月球探险记 映画ドラえもん のび太の月面探査記‎ (2019),7.2,55623,3.5,['可播放'],False,日本 / 剧情 / 动画 / 哆啦A梦剧场版：大雄的月面探查记 / 哆啦A梦：大雄的月球探测记 / 111分钟,八锹新之介 / 水田山葵 / 大原惠美 / 嘉数由美 / 木村昴 / 关智一 / 大谷育江 / 皆川纯子 / 铃木晶子,https://img9.doubanio.com/view/photo/s_ratio_poster/public/p2557500825.webp,https://movie.douban.com/subject/30249161/,https://search.douban.com/movie/subject_search?search_text=%E7%AB%A5%E5%B9%B4%E5%8A%A8%E7%94%BB&cat=1002&start=45,window.__DATA__,search_subject
53,4,45,2156775,西游记‎ (1999),9.3,88849,4.5,"['剧集', '可播放']",True,中国大陆 / 动画 / 奇幻 / 古装 / Monkey King / Journey to the West: Legends of the Monkey King / 25分钟,方润南 / 潘积耀 / 周凤英 / 沈晓谦 / 张涵予 / 乔榛 / 程玉珠 / 刘风 / 丁建华 / 童自荣 / 胡平智,https://img2.doubanio.com/view/photo/s_ratio_poster/public/p2927747451.webp,https://movie.douban.com/subject/2156775/,https://search.douban.com/movie/subject_search?search_text=%E7%AB%A5%E5%B9%B4%E5%8A%A8%E7%94%BB&cat=1002&start=45,window.__DATA__,search_subject
54,4,45,1304603,小飞象 Dumbo‎ (1941),8.4,38398,4.0,['可播放'],False,美国 / 动画 / 奇幻 / 歌舞 / 小象丹波 / Dumbo the Flying Elephant / 64分钟,塞缪尔·阿姆斯特朗 / 诺曼·弗格森 / 威尔弗雷德·杰克逊 / 杰克·金尼 / 比尔·罗伯茨 / 宾·沙普斯坦 / 詹姆斯·巴斯凯特 / 赫尔曼·宾  / 比利·布莱彻 / 爱德华·布罗菲 / Jim Carmichael,https://img2.doubanio.com/view/photo/s_ratio_poster/public/p1833107201.webp,https://movie.douban.com/subject/1304603/,https://search.douban.com/movie/subject_search?search_text=%E7%AB%A5%E5%B9%B4%E5%8A%A8%E7%94%BB&cat=1002&start=45,window.__DATA__,search_subject
55,4,45,2032236,美少女战士 美少女戦士セーラームーン‎ (1992),8.7,69603,4.5,"['剧集', '可播放']",True,日本 / 动画 / 动作 / 喜剧 / 奇幻 / 爱情 / 惊悚 / 美少女战士第一季 / 美少女战士初代 / 30分钟,佐藤顺一 / 几原邦彦 / 宇田钢之介 / 五十岚卓哉 / 竹之内和久 / 小坂春女 / 又野弘道 / 三石琴乃 / 久川绫 / 富泽美智惠 / 筱原惠美 / 深见梨加 / 古谷彻 / 潘惠子 / 荒木香惠,https://img3.doubanio.com/view/photo/s_ratio_poster/public/p2178340302.webp,https://movie.douban.com/subject/2032236/,https://search.douban.com/movie/subject_search?search_text=%E7%AB%A5%E5%B9%B4%E5%8A%A8%E7%94%BB&cat=1002&start=45,window.__DATA__,search_subject
56,4,45,1428578,没头脑和不高兴‎ (1962),8.8,79498,4.5,['可播放'],False,中国大陆 / 喜剧 / 动画 / 短片 / 20分钟,张松林 / 邱岳峰 / 姚培华,https://img9.doubanio.com/view/photo/s_ratio_poster/public/p2358516564.webp,https://movie.douban.com/subject/1428578/,https://search.douban.com/movie/subject_search?search_text=%E7%AB%A5%E5%B9%B4%E5%8A%A8%E7%94%BB&cat=1002&start=45,window.__DATA__,search_subject
57,4,45,27069070,哆啦A梦：大雄的金银岛 ドラえもん のび太の宝島‎ (2018),6.4,42959,3.0,['可播放'],False,日本 / 动画 / 奇幻 / 冒险 / 哆啦A梦：大雄的宝岛 / 哆啦A梦2018剧场版 / 109分钟,今井一晓 / 水田山葵 / 大原惠美 / 嘉数由美 / 木村昴 / 关智一 / 三石琴乃 / 松本保典 / 萩野志保子,https://img3.doubanio.com/view/photo/s_ratio_poster/public/p2523364763.webp,https://movie.douban.com/subject/27069070/,https://search.douban.com/movie/subject_search?search_text=%E7%AB%A5%E5%B9%B4%E5%8A%A8%E7%94%BB&cat=1002&start=45,window.__DATA__,search_subject
58,4,45,26527993,哆啦A梦：新·大雄的日本诞生 ドラえもん 新・のび太の日本誕生‎ (2016),7.4,45485,3.5,['可播放'],False,日本 / 动画 / 104分钟,八锹新之介 / 水田山葵 / 大原惠美 / 嘉数由美 / 木村昴 / 关智一 / 三石琴乃 / 松本保典 / 竹内都子,https://img9.doubanio.com/view/photo/s_ratio_poster/public/p2567863935.webp,https://movie.douban.com/subject/26527993/,https://search.douban.com/movie/subject_search?search_text=%E7%AB%A5%E5%B9%B4%E5%8A%A8%E7%94%BB&cat=1002&start=45,window.__DATA__,search_subject
59,4,45,1465037,樱桃小丸子 ちびまる子ちゃん‎ (1990),9.2,110507,4.5,"['剧集', '可播放']",True,日本 / 动画 / 喜剧 / 剧情 / 家庭 / Chibi Maruko-chan / 樱桃小丸子 / 23分钟,芝山努 / 棚桥一德 / 楠叶宏三 / 佐藤龙雄 / 高木淳 / 高松信司 / 小林常夫 / 宫下新平 / 片渊须直 / 西田健一 / 鳕子 / 水谷优子 / 一龙斋贞友 / 屋良有作 / 富山敬 / 青野武 / 岛田敏 / 佐佐木优子,https://img3.doubanio.com/view/photo/s_ratio_poster/public/p2347386817.webp,https://movie.douban.com/subject/1465037/,https://search.douban.com/movie/subject_search?search_text=%E7%AB%A5%E5%B9%B4%E5%8A%A8%E7%94%BB&cat=1002&start=45,window.__DATA__,search_subject
60,4,45,10480973,圣斗士星矢：圣域传说 聖闘士星矢 Legend of Sanctuary‎ (2014),6.4,20599,3.0,['可播放'],False,日本 / 动画 / 圣斗士星矢 Legend of Sanctuary / Saint Seiya: Legend of Sanctuary / 93分钟,佐藤敬一 / 石川界人 / 赤羽根健治 / 小野贤章 / 冈本信彦 / 野岛健儿 / 小山力也 / 川田绅司 / 真殿光昭,https://img9.doubanio.com/view/photo/s_ratio_poster/public/p2321634376.webp,https://movie.douban.com/subject/10480973/,https://search.douban.com/movie/subject_search?search_text=%E7%AB%A5%E5%B9%B4%E5%8A%A8%E7%94%BB&cat=1002&start=45,window.__DATA__,search_subject
61,5,60,3025199,蓝猫淘气3000问‎ (1999),8.1,25148,4.0,"['剧集', '可播放']",True,中国大陆 / 动画 / 儿童 / 蓝猫淘气三千问 / 蓝猫淘气3000问之幽默舞台 / 20分钟,王宏 / 葛平 / 付以琳 / 俞涛 / 曾令 / 袁文君 / 罗沐 / 陈蕾 / 李一兵,https://img3.doubanio.com/view/photo/s_ratio_poster/public/p2377506157.webp,https://movie.douban.com/subject/3025199/,https://search.douban.com/movie/subject_search?search_text=%E7%AB%A5%E5%B9%B4%E5%8A%A8%E7%94%BB&cat=1002&start=60,window.__DATA__,search_subject
62,5,60,1849591,麦克斯奥特曼 ウルトラマンマックス‎ (2005),8.9,7701,4.5,"['剧集', '可播放']",True,日本 / 动作 / 科幻 / Ultraman Max / 24分钟,金子修介 / 村石宏实 / 栃原广昭 / 梶研吾 / 佐藤太 / 村上秀晃 / 八木毅 / 三池崇史 / 实相寺昭雄 / 高野敏幸 / 饭岛敏宏 / 青山草太 / 小川信行 / 长谷部瞳 / 肖恩·尼科尔斯 / 满岛光 / 宍户开 / 樱井浩子 / 二瓶正也,https://img1.doubanio.com/view/photo/s_ratio_poster/public/p2338291508.webp,https://movie.douban.com/subject/1849591/,https://search.douban.com/movie/subject_search?search_text=%E7%AB%A5%E5%B9%B4%E5%8A%A8%E7%94%BB&cat=1002&start=60,window.__DATA__,search_subject
63,5,60,2148394,大头儿子和小头爸爸‎ (1995),8.1,78678,4.0,"['剧集', '可播放']",True,中国大陆 / 动画 / 10分钟,崔世昱 / 姚培华 / 符冲 / 范楚绒,https://img3.doubanio.com/view/photo/s_ratio_poster/public/p2375026803.webp,https://movie.douban.com/subject/2148394/,https://search.douban.com/movie/subject_search?search_text=%E7%AB%A5%E5%B9%B4%E5%8A%A8%E7%94%BB&cat=1002&start=60,window.__DATA__,search_subject
64,5,60,2264555,杰克奥特曼 帰ってきたウルトラマン‎ (1971),9.1,16992,4.5,"['剧集', '可播放']",True,日本 / 动作 / 科幻 / 归来的宇宙超人 / 归来的奥特曼 / 30分钟,本多猪四郎  / 山际永三 / 佐伯孚治 / 东条昭平 / 笕正典 / 富田义治 / 大木淳吉 / 松林宗惠 / 团时朗 / 西田健 / 根上淳 / 池田骏介 / 塚本信夫 / 不破万作 / 岸田森 / 榊原留美,https://img1.doubanio.com/view/photo/s_ratio_poster/public/p2225082438.webp,https://movie.douban.com/subject/2264555/,https://search.douban.com/movie/subject_search?search_text=%E7%AB%A5%E5%B9%B4%E5%8A%A8%E7%94%BB&cat=1002&start=60,window.__DATA__,search_subject
65,5,60,2015069,精灵宝可梦 ポケットモンスター‎ (1997),9.2,65487,4.5,"['剧集', '可播放']",True,日本 / 喜剧 / 动画 / 冒险 / 宠物小精灵 / 口袋妖怪 / 23分钟,汤山邦彦 / 日高政光 / 小野胜巳 / 石原立也 / 江上洁 / 原口浩 / 大原实 / 福本洁 / 秦义人 / 浅田裕二 / 藤本义孝 / 岩崎太郎 / 小川浩司 / 广岛秀树 / 松本正幸 / 冈崎幸男 / 石仓贤一 / 岩本保雄 / 井硲清高 / 深泽幸司 / 元永庆太郎 / 志村宏明 / 松本梨香 / 大谷育江 / 饭冢雅弓 / 兴梠里美 / 上田祐司 / 关智一 / 林原惠美 / 三木真一郎,https://img3.doubanio.com/view/photo/s_ratio_poster/public/p2920527572.webp,https://movie.douban.com/subject/2015069/,https://search.douban.com/movie/subject_search?search_text=%E7%AB%A5%E5%B9%B4%E5%8A%A8%E7%94%BB&cat=1002&start=60,window.__DATA__,search_subject
66,5,60,3117775,魔卡少女樱 剧场版 カードキャプターさくら 劇場版‎ (1999),8.6,16983,4.5,['可播放'],False,日本 / 动画 / 冒险 / 奇幻 / 魔卡少女樱 剧场版 香港篇 / Card Captor Sakura: The Movie - Die Reise nach Hongkong / 81分钟,浅香守生 / 丹下樱 / 久川绫 / 岩男润子 / 熊井统子 / 关智一 / 绪方惠美 / 野上尤加奈 / 田中秀幸,https://img2.doubanio.com/view/photo/s_ratio_poster/public/p2181383161.webp,https://movie.douban.com/subject/3117775/,https://search.douban.com/movie/subject_search?search_text=%E7%AB%A5%E5%B9%B4%E5%8A%A8%E7%94%BB&cat=1002&start=60,window.__DATA__,search_subject
67,5,60,1870436,舒克和贝塔‎ (1989),8.8,94079,4.5,"['剧集', '可播放']",True,中国大陆 / 动画 / 儿童 / 舒克与贝塔 / Shuke and Beita / 20分钟,严定宪 / 林文肖 / 胡依红 / 王加世 / 阎善春 / 姚光华 / 沈寿林 / 薛梅君 / 彭戈 / 范捷 / 翟巍 / 范蕾颕 / 余大金 / 洪海天 / 迟琳文 / 范益松,https://img1.doubanio.com/view/photo/s_ratio_poster/public/p2627283939.webp,https://movie.douban.com/subject/1870436/,https://search.douban.com/movie/subject_search?search_text=%E7%AB%A5%E5%B9%B4%E5%8A%A8%E7%94%BB&cat=1002&start=60,window.__DATA__,search_subject
68,5,60,10461356,大雄的怀念奶奶 おばあちゃんの思い出‎ (2000),9.2,11211,4.5,[],False,日本 / 动画 / 奶奶的思念 / 奶奶的回忆,渡边步 / 大山羡代 / 小原乃梨子 / 立壁和也 / 肝付兼太 / 野村道子 / 高村章子 / 千千松幸子 / 大本真基子,https://img1.doubanio.com/view/photo/s_ratio_poster/public/p2369337420.webp,https://movie.douban.com/subject/10461356/,https://search.douban.com/movie/subject_search?search_text=%E7%AB%A5%E5%B9%B4%E5%8A%A8%E7%94%BB&cat=1002&start=60,window.__DATA__,search_subject
69,5,60,1917638,阿凡提的故事之种金子‎ (1979),8.9,30473,4.5,['可播放'],False,中国大陆 / 动画 / 短片 / 阿凡提的故事前传之种金子 / 31分钟,靳夕 / 刘蕙仪 / 毕克,https://img1.doubanio.com/view/photo/s_ratio_poster/public/p2537216779.webp,https://movie.douban.com/subject/1917638/,https://search.douban.com/movie/subject_search?search_text=%E7%AB%A5%E5%B9%B4%E5%8A%A8%E7%94%BB&cat=1002&start=60,window.__DATA__,search_subject
70,5,60,1883755,聪明的一休 一休さん‎ (1975),8.8,104838,4.5,"['剧集', '可播放']",True,日本 / 儿童 / 动画 / 一休和尚 / 聪明的一休 / 25分钟,矢吹公郎 / 寒竹清隆 / 白土武 / 古泽日出夫 / 今泽哲男 / 新田义方 / 藤田淑子 / 桂玲子 / 宫内幸平 / 增山江威子 / 野田圭一 / 山田俊司 / 吉田理保子,https://img1.doubanio.com/view/photo/s_ratio_poster/public/p2550674130.webp,https://movie.douban.com/subject/1883755/,https://search.douban.com/movie/subject_search?search_text=%E7%AB%A5%E5%B9%B4%E5%8A%A8%E7%94%BB&cat=1002&start=60,window.__DATA__,search_subject
71,5,60,11502154,邋遢大王奇遇记‎ (2012),8.6,40111,4.5,['可播放'],False,中国大陆 / 动画 / 儿童 / 邋遢大王奇遇记 影院版 / Slovenly Boy's Adventure / 86分钟,钱运达 / 阎善春 / 范楚绒 / 谢添天 / 罗玉婷 / 王肖兵 / 符冲,https://img3.doubanio.com/view/photo/s_ratio_poster/public/p1644025847.webp,https://movie.douban.com/subject/11502154/,https://search.douban.com/movie/subject_search?search_text=%E7%AB%A5%E5%B9%B4%E5%8A%A8%E7%94%BB&cat=1002&start=60,window.__DATA__,search_subject
72,5,60,19899718,蓝精灵：寻找神秘村 Smurfs: The Lost Village‎ (2017),6.2,21925,3.0,['可播放'],False,美国 / 喜剧 / 动画 / 奇幻 / 冒险 / 蓝精灵3：失落的村庄 / 蓝色小精灵：失落的蓝蓝村(台) / 90分钟,凯利·阿斯博瑞 / 黛米·洛瓦托 / 雷恩·威尔森 / 乔·曼根尼罗 / 杰克·麦克布瑞尔 / 丹尼·朴迪 / 曼迪·帕廷金 / 迪·布莱德利·贝克 / 弗兰克·维尔克,https://img1.doubanio.com/view/photo/s_ratio_poster/public/p2443742358.webp,https://movie.douban.com/subject/19899718/,https://search.douban.com/movie/subject_search?search_text=%E7%AB%A5%E5%B9%B4%E5%8A%A8%E7%94%BB&cat=1002&start=60,window.__DATA__,search_subject
73,5,60,1817169,邋遢大王奇遇记‎ (1987),8.7,78027,4.5,"['剧集', '可播放']",True,中国大陆 / 儿童 / 动画 / Dirty King Adventure / 10分钟,钱运达 / 阎善春 / 丁建华,https://img3.doubanio.com/view/photo/s_ratio_poster/public/p2520057783.webp,https://movie.douban.com/subject/1817169/,https://search.douban.com/movie/subject_search?search_text=%E7%AB%A5%E5%B9%B4%E5%8A%A8%E7%94%BB&cat=1002&start=60,window.__DATA__,search_subject
74,5,60,5937977,铠甲勇士刑天‎ (2011),9.2,25922,4.5,"['剧集', '可播放']",True,中国大陆 / 剧情 / 动作 / 科幻 / 铠甲勇士第二部：刑天 / Armor Hero XT / 24分钟,张瀚文 / 张瀚文 / 李巍 / 吴昊泽 / 张亚男 / 徐子菲 / 张维娜 / 廖晓晨 / 皮逸嘉 / 沈人杰,https://img1.doubanio.com/view/photo/s_ratio_poster/public/p2907631248.webp,https://movie.douban.com/subject/5937977/,https://search.douban.com/movie/subject_search?search_text=%E7%AB%A5%E5%B9%B4%E5%8A%A8%E7%94%BB&cat=1002&start=60,window.__DATA__,search_subject
75,5,60,1899125,大盗贼‎ (1989),9.3,36610,4.5,"['剧集', '可播放']",True,中国大陆 / 剧情 / 喜剧 / 动画 / Der Räuber Hotzenplotz / 27分钟,方润南 / 刘蕙仪 / 夏秉钧 / 程中岳 / 胡兆洪 / 翁振新 / 戴欣 / 范婕 / 尚华 / 舒蓉,https://img1.doubanio.com/view/photo/s_ratio_poster/public/p2609151949.webp,https://movie.douban.com/subject/1899125/,https://search.douban.com/movie/subject_search?search_text=%E7%AB%A5%E5%B9%B4%E5%8A%A8%E7%94%BB&cat=1002&start=60,window.__DATA__,search_subject
76,6,75,1431718,神笔‎ (1955),8.5,69209,4.5,['可播放'],False,中国大陆 / 动画 / 短片 / 神笔马良 / The Magical Pen / 20分钟,靳夕 / 尤磊,https://img3.doubanio.com/view/photo/s_ratio_poster/public/p2649081482.webp,https://movie.douban.com/subject/1431718/,https://search.douban.com/movie/subject_search?search_text=%E7%AB%A5%E5%B9%B4%E5%8A%A8%E7%94%BB&cat=1002&start=75,window.__DATA__,search_subject
77,6,75,1845562,宇宙的巨人希曼 第一季 He-Man and the Masters of the Universe Season 1‎ (1983),7.5,11721,4.0,"['剧集', '可播放']",True,美国 / 动画 / 动作 / 冒险 / 家庭 / 奇幻 / 科幻 / 宇宙的巨人希曼 / He-Man / 30分钟,埃德·弗赖德曼 / 卢·卡希瓦斯 / Marsh Lamore / 比尔•里德 / Guerdon Trueblood / Gwen Wetzler / Lou Zukor / Tristan Erwin / 艾伦·欧朋海默 / Linda Gary / 娄·谢默 / 埃里卡·谢默 / Michael Bell,https://img9.doubanio.com/view/photo/s_ratio_poster/public/p2229311384.webp,https://movie.douban.com/subject/1845562/,https://search.douban.com/movie/subject_search?search_text=%E7%AB%A5%E5%B9%B4%E5%8A%A8%E7%94%BB&cat=1002&start=75,window.__DATA__,search_subject
78,6,75,3069864,葫芦小金刚‎ (1989),9.3,69349,4.5,"['剧集', '可播放']",True,中国大陆 / 儿童 / 动画 / 葫芦兄弟第二部 / 葫芦娃第二部 / 19分钟,胡进庆 / 葛桂云 / 周克勤 / 于鼎 / 范捷 / 戴欣 / 朱莎 / 谈鹏飞,https://img1.doubanio.com/view/photo/s_ratio_poster/public/p2180839589.webp,https://movie.douban.com/subject/3069864/,https://search.douban.com/movie/subject_search?search_text=%E7%AB%A5%E5%B9%B4%E5%8A%A8%E7%94%BB&cat=1002&start=75,window.__DATA__,search_subject
79,6,75,1933857,成龙历险记 第一季 Jackie Chan Adventures Season 1‎ (2000),9.3,69293,4.5,"['剧集', '可播放']",True,美国 / 中国香港 / 动画 / 奇幻 / 家庭 / 动作 / 喜剧 / 冒险 / 22分钟,Frank Squillace / Phil Weinstein / Bryan Andrews / 成龙 / 詹姆士·谢 / 夏野萨博,https://img1.doubanio.com/view/photo/s_ratio_poster/public/p2530298328.webp,https://movie.douban.com/subject/1933857/,https://search.douban.com/movie/subject_search?search_text=%E7%AB%A5%E5%B9%B4%E5%8A%A8%E7%94%BB&cat=1002&start=75,window.__DATA__,search_subject
80,6,75,2148391,海尔兄弟‎ (1995),8.3,63300,4.0,"['剧集', '可播放']",True,中国大陆 / 儿童 / 动画 / 冒险 / Haier Brothers / 11分钟,刘左锋 / 唐亚男 / 王江 / 张美娟 / 房露 / 张华 / 王羊 / 滕腾 / 车晓彤,https://img3.doubanio.com/view/photo/s_ratio_poster/public/p2405876167.webp,https://movie.douban.com/subject/2148391/,https://search.douban.com/movie/subject_search?search_text=%E7%AB%A5%E5%B9%B4%E5%8A%A8%E7%94%BB&cat=1002&start=75,window.__DATA__,search_subject
81,6,75,2264545,奥特曼 ウルトラマン‎ (1966),9.0,21604,4.5,"['剧集', '可播放']",True,日本 / 剧情 / 动作 / 科幻 / 初代奥特曼 / Ultraman / 25分钟,圆谷一 / 饭岛敏宏 / 野长濑三摩地 / 满田穧 / 实相寺昭雄 / 樋口祐三 / 铃木俊继 / 小林昭二 / 黑部进 / 毒蝮三太夫 / 二瓶正也 / 樱井浩子 / 津泽彰秀 / 平田昭彦 / 森塚敏,https://img2.doubanio.com/view/photo/s_ratio_poster/public/p2225084301.webp,https://movie.douban.com/subject/2264545/,https://search.douban.com/movie/subject_search?search_text=%E7%AB%A5%E5%B9%B4%E5%8A%A8%E7%94%BB&cat=1002&start=75,window.__DATA__,search_subject
82,6,75,2156771,哪吒传奇‎ (2003),9.2,78437,4.5,"['剧集', '可播放']",True,中国大陆 / 儿童 / 动画 / 奇幻 / 冒险 / The Legend of Nezha / 21分钟,蔡志军 / 陈家奇 / 郝幽玥 / 高枫 / 张云龙,https://img1.doubanio.com/view/photo/s_ratio_poster/public/p2913958760.webp,https://movie.douban.com/subject/2156771/,https://search.douban.com/movie/subject_search?search_text=%E7%AB%A5%E5%B9%B4%E5%8A%A8%E7%94%BB&cat=1002&start=75,window.__DATA__,search_subject
83,6,75,2156779,东方小故事‎ (1994),8.4,6850,4.0,['剧集'],True,中国大陆 / 剧情 / 儿童 / 历史 / 古装 / 10分钟,张韵华 / 冯广泉 / 史久峰 / 袁岳 / 徐峥 / 余彬 / 黄达亮 / 曹秋根 / 姚安濂,https://img1.doubanio.com/view/photo/s_ratio_poster/public/p2912332500.webp,https://movie.douban.com/subject/2156779/,https://search.douban.com/movie/subject_search?search_text=%E7%AB%A5%E5%B9%B4%E5%8A%A8%E7%94%BB&cat=1002&start=75,window.__DATA__,search_subject
84,6,75,26877406,"名侦探柯南：章节ONE 变小的名侦探 名探偵コナン エピソード ""ONE"" 小さくなった名探偵‎ (2016)",8.4,25583,4.0,['可播放'],False,日本 / 动画 / 悬疑 / 名侦探柯南 真·第一话 / 名侦探柯南 Episode“ONE” 变小的名侦探 / 92分钟,山本泰一郎 / 山口胜平 / 高山南 / 山崎和佳奈 / 林原惠美 / 绪方贤一 / 小山力也 / 高岛雅罗 / 岩居由希子,https://img1.doubanio.com/view/photo/s_ratio_poster/public/p2505885669.webp,https://movie.douban.com/subject/26877406/,https://search.douban.com/movie/subject_search?search_text=%E7%AB%A5%E5%B9%B4%E5%8A%A8%E7%94%BB&cat=1002&start=75,window.__DATA__,search_subject
85,6,75,1431688,崂山道士‎ (1981),8.7,21628,4.5,['可播放'],False,中国大陆 / 动画 / 短片 / (木偶动画) / 25分钟,虞哲光,https://img3.doubanio.com/view/photo/s_ratio_poster/public/p2871200057.webp,https://movie.douban.com/subject/1431688/,https://search.douban.com/movie/subject_search?search_text=%E7%AB%A5%E5%B9%B4%E5%8A%A8%E7%94%BB&cat=1002&start=75,window.__DATA__,search_subject
86,6,75,26839466,哆啦A梦：大雄的南极冰冰凉大冒险 ドラえもん のび太の南極カチコチ大冒険‎ (2017),6.5,31477,3.5,['可播放'],False,日本 / 动画 / 冒险 / 哆啦A梦：大雄的南极冰寒大冒险 / 101分钟,高桥敦史 / 水田山葵 / 大原惠美 / 嘉数由美 / 木村昴 / 关智一 / 三石琴乃 / 松本保典 / 藤本千秋,https://img1.doubanio.com/view/photo/s_ratio_poster/public/p2459265598.webp,https://movie.douban.com/subject/26839466/,https://search.douban.com/movie/subject_search?search_text=%E7%AB%A5%E5%B9%B4%E5%8A%A8%E7%94%BB&cat=1002&start=75,window.__DATA__,search_subject
87,6,75,35045591,汪汪队立大功大电影 Paw Patrol: The Movie‎ (2021),7.1,6829,3.5,['可播放'],False,美国 / 加拿大 / 喜剧 / 动画 / 冒险 / 狗狗巡逻队 / 汪汪队立大功电影版(台) / 86分钟,卡尔·布伦克尔 / 伊恩·阿米蒂奇 / 马尔赛·马丁 / 威尔·布鲁斯宾 / 金斯利·马歇尔 / 罗恩·帕尔多 / 雅拉·沙希迪 / 莉莉·巴特拉姆 / 卡勒姆·肖尼克,https://img1.doubanio.com/view/photo/s_ratio_poster/public/p2808318200.webp,https://movie.douban.com/subject/35045591/,https://search.douban.com/movie/subject_search?search_text=%E7%AB%A5%E5%B9%B4%E5%8A%A8%E7%94%BB&cat=1002&start=75,window.__DATA__,search_subject
88,6,75,1860528,魔神英雄传 魔神英雄伝ワタル‎ (1988),9.0,45740,4.5,"['剧集', '可播放']",True,日本 / 动画 / 冒险 / 喜剧 / 奇幻 / 神龙斗士第一部 / ましんえいゆうでんワタル / 24分钟,井内秀治 / 谷田部胜义 / 日高政光 / 香川丰 / 河本升悟 / 近藤信宏 / 田中真弓 / 林原惠美 / 伊仓一惠 / 玄田哲章 / 山寺宏一 / 西村知道 / 绪方贤一 / 泽律雄,https://img3.doubanio.com/view/photo/s_ratio_poster/public/p2517420753.webp,https://movie.douban.com/subject/1860528/,https://search.douban.com/movie/subject_search?search_text=%E7%AB%A5%E5%B9%B4%E5%8A%A8%E7%94%BB&cat=1002&start=75,window.__DATA__,search_subject
89,6,75,1305217,鬼马小精灵 Casper‎ (1995),8.1,30152,4.0,['可播放'],False,美国 / 喜剧 / 奇幻 / 卡斯珀 / 鬼马小灵精 / 100分钟,布拉德·塞伯宁 / 克里斯蒂娜·里奇 / 艾瑞克·爱都 / 本·斯坦 / 比尔·普尔曼 / 昌西·莱奥普拉迪 / 戴文·萨瓦 Devon Sawa / 加雷特·拉特利夫·亨森,https://img3.doubanio.com/view/photo/s_ratio_poster/public/p2649312862.webp,https://movie.douban.com/subject/1305217/,https://search.douban.com/movie/subject_search?search_text=%E7%AB%A5%E5%B9%B4%E5%8A%A8%E7%94%BB&cat=1002&start=75,window.__DATA__,search_subject
90,6,75,1918445,福星小子 うる星やつら‎ (1981),8.7,3175,4.5,"['剧集', '可播放']",True,日本 / 动画 / 喜剧 / 科幻 / 福星小子 / 23分钟,押井守 / 山崎和男 / 西村纯二 / 铃木行 / 望月智充 / 安浓高志 / 网野哲朗 / 富永恒雄 / 坂田纯一 / 森山雄治 / 吉永尚之 / 早川启二 / 小华和为雄 / 森胁真琴 / 滨津守 / 关田修 / 高桥资祐 / 平野文 / 古川登志夫 / 神谷明 / 田中真弓 / 永井一郎 / 绪方贤一 / 井上瑶,https://img9.doubanio.com/view/photo/s_ratio_poster/public/p2260277385.webp,https://movie.douban.com/subject/1918445/,https://search.douban.com/movie/subject_search?search_text=%E7%AB%A5%E5%B9%B4%E5%8A%A8%E7%94%BB&cat=1002&start=75,window.__DATA__,search_subject
91,7,90,26469862,樱桃小丸子：来自意大利的少年 ちびまる子ちゃん イタリアから来た少年‎ (2015),7.0,24755,3.5,[],False,日本 / 剧情 / 动画 / 樱桃小丸子 来自意大利的少年 / 樱桃小丸子：从意大利来的少年 / 94分钟,高木淳 / 鳕子 / 屋良有作 / 一龙斋贞友 / 岛田敏 / 水谷优子 / 渡边菜生子 / 中川大志 / 剧团一人,https://img1.doubanio.com/view/photo/s_ratio_poster/public/p2383897820.webp,https://movie.douban.com/subject/26469862/,https://search.douban.com/movie/subject_search?search_text=%E7%AB%A5%E5%B9%B4%E5%8A%A8%E7%94%BB&cat=1002&start=90,window.__DATA__,search_subject
92,7,90,2156754,魔方大厦‎ (1990),8.8,47376,4.5,"['剧集', '可播放']",True,中国大陆 / 儿童 / 动画 / 奇幻 / 冒险 / A Building of Cube / 18分钟,查侃 / 黄澄澄 / 韩青 / 沈明举 / 孙敬季 / 孙薇薇 / 李娟,https://img1.doubanio.com/view/photo/s_ratio_poster/public/p2607628829.webp,https://movie.douban.com/subject/2156754/,https://search.douban.com/movie/subject_search?search_text=%E7%AB%A5%E5%B9%B4%E5%8A%A8%E7%94%BB&cat=1002&start=90,window.__DATA__,search_subject
93,7,90,1420088,精灵宝可梦：超梦的逆袭 劇場版ポケットモンスター ミュウツーの逆襲‎ (1998),8.2,23641,4.0,['可播放'],False,日本 / 动作 / 动画 / 冒险 / 宠物小精灵：超梦的反击 / 神奇宝贝：超梦的逆袭 / 75分钟,汤山邦彦 / 松本梨香 / 大谷育江 / 饭冢雅弓 / 上田祐司 / 兴梠里美 / 林原惠美 / 三木真一郎 / 犬山犬子,https://img3.doubanio.com/view/photo/s_ratio_poster/public/p2932670472.webp,https://movie.douban.com/subject/1420088/,https://search.douban.com/movie/subject_search?search_text=%E7%AB%A5%E5%B9%B4%E5%8A%A8%E7%94%BB&cat=1002&start=90,window.__DATA__,search_subject
94,7,90,3200195,龙珠GT ドラゴンボールGT‎ (1996),9.0,19094,4.5,"['剧集', '可播放']",True,日本 / 动作 / 动画 / 奇幻 / 冒险 / 七龙珠GT / 24分钟,葛西治 / 野泽雅子 / 堀川亮 / 古川登志夫 / 草尾毅 / 古谷彻 / 鹤广美 / 铃置洋孝 / 田中真弓,https://img2.doubanio.com/view/photo/s_ratio_poster/public/p2516088581.webp,https://movie.douban.com/subject/3200195/,https://search.douban.com/movie/subject_search?search_text=%E7%AB%A5%E5%B9%B4%E5%8A%A8%E7%94%BB&cat=1002&start=90,window.__DATA__,search_subject
95,7,90,1481825,世纪末救世主传说 北斗神拳 世紀末救世主伝説 北斗の拳‎ (1984),8.4,12544,4.0,['剧集'],True,日本 / 动作 / 动画 / 25分钟,芦田丰雄 / 板野一郎 / Masahisa Ishida / 神谷明 / 难波圭一 / 千叶繁 / 一龙斋贞友,https://img9.doubanio.com/view/photo/s_ratio_poster/public/p2282604395.webp,https://movie.douban.com/subject/1481825/,https://search.douban.com/movie/subject_search?search_text=%E7%AB%A5%E5%B9%B4%E5%8A%A8%E7%94%BB&cat=1002&start=90,window.__DATA__,search_subject
96,7,90,2990287,四驱兄弟 爆走兄弟レッツ&ゴー!!‎ (1996),8.5,60370,4.5,"['剧集', '可播放']",True,日本 / 剧情 / 动画 / 爆走兄弟 / Bakusou Kyoudai Let's & Go / 20分钟,网野哲朗 / 安藤亚里沙 / 池泽春菜 / 高乃丽 / 神代知衣 / 渡边久美子 / 今井由香 / 西村千奈美,https://img9.doubanio.com/view/photo/s_ratio_poster/public/p2554018844.webp,https://movie.douban.com/subject/2990287/,https://search.douban.com/movie/subject_search?search_text=%E7%AB%A5%E5%B9%B4%E5%8A%A8%E7%94%BB&cat=1002&start=90,window.__DATA__,search_subject
97,7,90,1779379,宇宙骑士 宇宙の騎士テッカマンブレード‎ (1992),9.1,15584,4.5,['剧集'],True,法国 / 美国 / 日本 / 科幻 / 动画 / 宇宙骑士 利刃 / Starknight Tekkaman Blade / 19分钟,根岸弘 / 板野一郎 / 殿胜秀树 / 松园公 / 千叶大辅 / 铃木吉男 / 友田政晴 / 津田义三 / 高濑节夫 / 西山明树彦 / 森川智之 / 林原惠美 / 松本保典 / 横山智佐 / 铃置洋孝 / 饭塚昭三 / 中原茂 / 大泷进矢,https://img1.doubanio.com/view/photo/s_ratio_poster/public/p2314047068.webp,https://movie.douban.com/subject/1779379/,https://search.douban.com/movie/subject_search?search_text=%E7%AB%A5%E5%B9%B4%E5%8A%A8%E7%94%BB&cat=1002&start=90,window.__DATA__,search_subject
98,7,90,1449381,巴巴爸爸 第一季 Les Barbapapa Season 1‎ (1974),9.0,32728,4.5,"['剧集', '可播放']",True,荷兰 / 日本 / 美国 / 法国 / 动画 / 可里可里可里，巴巴变 / 26分钟,Talus Taylor / Annette Tison / Allen Swift / Julia Holewinski / Leen Jongewaard,https://img9.doubanio.com/view/photo/s_ratio_poster/public/p2554014344.webp,https://movie.douban.com/subject/1449381/,https://search.douban.com/movie/subject_search?search_text=%E7%AB%A5%E5%B9%B4%E5%8A%A8%E7%94%BB&cat=1002&start=90,window.__DATA__,search_subject
99,7,90,1299227,魔法阿妈 魔法阿媽‎ (1998),8.9,10424,4.5,[],False,中国台湾 / 喜剧 / 动画 / 奇幻 / 魔法亚妈(港) / Mofa ama / 80分钟,王小棣 / 文英 / 许杰辉 / 莊博文,https://img1.doubanio.com/view/photo/s_ratio_poster/public/p2726583460.webp,https://movie.douban.com/subject/1299227/,https://search.douban.com/movie/subject_search?search_text=%E7%AB%A5%E5%B9%B4%E5%8A%A8%E7%94%BB&cat=1002&start=90,window.__DATA__,search_subject
100,7,90,25832758,神笔马良‎ (2014),6.1,14319,3.0,['可播放'],False,中国大陆 / 动画 / 奇幻 / The Magical Brush / 87分钟,钟智行 / 邵亦琛 / 孟祥龙 / 洪海天 / 吴磊 / 郭易峰 / 吴文伦,https://img1.doubanio.com/view/photo/s_ratio_poster/public/p2190384370.webp,https://movie.douban.com/subject/25832758/,https://search.douban.com/movie/subject_search?search_text=%E7%AB%A5%E5%B9%B4%E5%8A%A8%E7%94%BB&cat=1002&start=90,window.__DATA__,search_subject
101,7,90,3098725,小鲤鱼历险记‎ (2007),8.7,55725,4.5,"['剧集', '可播放']",True,中国大陆 / 儿童 / 动画 / 奇幻 / 冒险 / The Adventures of Little Carp / 22分钟,张族权 / 杨子岚 / 伍凤春 / 贾小军 / 高枫 / 张云龙 / 陈红 / 李金燕 / 刘雪婷,https://img3.doubanio.com/view/photo/s_ratio_poster/public/p2355099687.webp,https://movie.douban.com/subject/3098725/,https://search.douban.com/movie/subject_search?search_text=%E7%AB%A5%E5%B9%B4%E5%8A%A8%E7%94%BB&cat=1002&start=90,window.__DATA__,search_subject
102,7,90,1431719,渔童‎ (1959),8.8,28289,4.5,['可播放'],False,中国大陆 / 动画 / 短片 / 23分钟,万古蟾 / 杨文元 / 邱岳峰 / 阳华,https://img9.doubanio.com/view/photo/s_ratio_poster/public/p2688325324.webp,https://movie.douban.com/subject/1431719/,https://search.douban.com/movie/subject_search?search_text=%E7%AB%A5%E5%B9%B4%E5%8A%A8%E7%94%BB&cat=1002&start=90,window.__DATA__,search_subject
103,7,90,4896303,哆啦A梦：新·大雄与铁人兵团 新・のび太と鉄人兵団 〜はばたけ 天使たち〜‎ (2011),8.4,14002,4.0,['可播放'],False,日本 / 动画 / 新·大雄与铁人兵团 / 电影多啦A梦-新·大雄与铁人兵团(港) / 108分钟,寺本幸代 / 水田山葵 / 大原惠美 / 嘉数由美 / 木村昴 / 关智一 / 三石琴乃 / 松本保典 / 高木涉,https://img3.doubanio.com/view/photo/s_ratio_poster/public/p889854632.webp,https://movie.douban.com/subject/4896303/,https://search.douban.com/movie/subject_search?search_text=%E7%AB%A5%E5%B9%B4%E5%8A%A8%E7%94%BB&cat=1002&start=90,window.__DATA__,search_subject
104,7,90,3111378,大耳朵图图‎ (2004),8.9,54224,4.5,"['剧集', '可播放']",True,中国大陆 / 动画 / 儿童 / 大耳朵图图第一季 / 12分钟,速达 / 豆豆 / 赵铭 / 范楚绒 / 何瑾 / 金炜,https://img9.doubanio.com/view/photo/s_ratio_poster/public/p2674283905.webp,https://movie.douban.com/subject/3111378/,https://search.douban.com/movie/subject_search?search_text=%E7%AB%A5%E5%B9%B4%E5%8A%A8%E7%94%BB&cat=1002&start=90,window.__DATA__,search_subject
105,7,90,3831622,泰罗奥特曼 ウルトラマンタロウ‎ (1973),9.0,18334,4.5,"['剧集', '可播放']",True,日本 / 动作 / 超人太郎 / Urutoraman Tarou / 30分钟,熊谷健 / 橋本洋二 / 筱田三郎 / 名古屋章 / 東野孝彦 / 朝加真由美 / 浜村纯 / 石堂淑朗 / 黑部进 / 草薙幸二郎,https://img2.doubanio.com/view/photo/s_ratio_poster/public/p2225083321.webp,https://movie.douban.com/subject/3831622/,https://search.douban.com/movie/subject_search?search_text=%E7%AB%A5%E5%B9%B4%E5%8A%A8%E7%94%BB&cat=1002&start=90,window.__DATA__,search_subject
106,8,105,1857662,机动警察 機動警察パトレイバー‎ (1989),9.1,5167,4.5,['剧集'],True,日本 / 动画 / 动作 / 喜剧 / 剧情 / 悬疑 / 科幻 / 机动警察 (TV版) / Mobile Police PATLABOR / 25分钟,吉永尚之 / 高松信司 / 泷泽敏文 / 元永庆太郎 / 青木康直 / 原田奈奈 / 浦田保则 / 西山明树彦 / 富永美伊奈 / 古川登志夫 / 池水通洋 / 二又一成 / 乡里大辅 / 大林隆介 / 榊原良子 / 井上瑶,https://img1.doubanio.com/view/photo/s_ratio_poster/public/p2899662838.webp,https://movie.douban.com/subject/1857662/,https://search.douban.com/movie/subject_search?search_text=%E7%AB%A5%E5%B9%B4%E5%8A%A8%E7%94%BB&cat=1002&start=105,window.__DATA__,search_subject
107,8,105,1458889,哆啦A梦：大雄的恐龙 ドラえもん のび太の恐竜‎ (1980),8.7,13186,4.5,['可播放'],False,日本 / 剧情 / 科幻 / 动画 / 冒险 / Doraemon: Nobita no kyôryû / Doraemon: Nobita's Dinosaur / 93分钟,福富博 / 大山羡代 / 小原乃梨子 / 野村道子 / 立壁和也 / 肝付兼太 / 青木和代,https://img3.doubanio.com/view/photo/s_ratio_poster/public/p2519543937.webp,https://movie.douban.com/subject/1458889/,https://search.douban.com/movie/subject_search?search_text=%E7%AB%A5%E5%B9%B4%E5%8A%A8%E7%94%BB&cat=1002&start=105,window.__DATA__,search_subject
108,8,105,1756889,棒球英豪 タッチ‎ (1985),9.3,32254,4.5,['剧集'],True,日本 / 动画 / 喜剧 / 运动 / 邻家女孩 / 棒球小子 / 25分钟,杉井仪三郎 / 前田庸生 / 望月智充 / 永丘昭典 / 棚桥一德 / 坂田纯一 / 小柴纯弥 / 早川启二 / 铃木卓夫 / 高本宣弘 / 三矢雄二 / 难波圭一 / 日高范子 / 银河万丈 / 稻叶实 / 盐泽兼人 / 千叶繁 / 小宫和枝,https://img3.doubanio.com/view/photo/s_ratio_poster/public/p2554018103.webp,https://movie.douban.com/subject/1756889/,https://search.douban.com/movie/subject_search?search_text=%E7%AB%A5%E5%B9%B4%E5%8A%A8%E7%94%BB&cat=1002&start=105,window.__DATA__,search_subject
109,8,105,1465036,猫眼三姐妹 CAT'S EYE キャッツ・アイ‎ (1983),8.3,35917,4.0,"['剧集', '可播放']",True,日本 / 动画 / 动作 / 喜剧 / 犯罪 / 悬疑 / キャッツ♥アイ / Cat's Eye / 24分钟,竹内启雄 / 户田惠子 / 安原义人 / 藤田淑子 / 坂本千夏,https://img9.doubanio.com/view/photo/s_ratio_poster/public/p2225062624.webp,https://movie.douban.com/subject/1465036/,https://search.douban.com/movie/subject_search?search_text=%E7%AB%A5%E5%B9%B4%E5%8A%A8%E7%94%BB&cat=1002&start=105,window.__DATA__,search_subject
110,8,105,1781636,大力水手 第一季 Popeye the Sailor Season 1‎ (1960),8.5,83730,4.5,"['剧集', '可播放']",True,美国 / 喜剧 / 动画 / Popeye / 大力水手 / 6分钟,E.C. Segar,https://img1.doubanio.com/view/photo/s_ratio_poster/public/p2518122800.webp,https://movie.douban.com/subject/1781636/,https://search.douban.com/movie/subject_search?search_text=%E7%AB%A5%E5%B9%B4%E5%8A%A8%E7%94%BB&cat=1002&start=105,window.__DATA__,search_subject
111,8,105,4840353,果宝特攻‎ (2010),8.8,30839,4.5,"['剧集', '可播放']",True,中国大陆 / 儿童 / 喜剧 / 动作 / 动画 / 奇幻 / 冒险 / Fruity Robo,王巍 / 橙留香 / 菠萝吹雪 / 陆小果,https://img2.doubanio.com/view/photo/s_ratio_poster/public/p2302438861.webp,https://movie.douban.com/subject/4840353/,https://search.douban.com/movie/subject_search?search_text=%E7%AB%A5%E5%B9%B4%E5%8A%A8%E7%94%BB&cat=1002&start=105,window.__DATA__,search_subject
112,8,105,1458900,哆啦A梦：大雄与云之国 ドラえもん のび太と雲の王国‎ (1992),8.8,12939,4.5,['可播放'],False,日本 / 科幻 / 动画 / 冒险 / 哆啦A梦：大雄的梦幻王国 / ドラえもん のび太と云の王国 / 97分钟,芝山努 / 大山羡代 / 小原乃梨子 / 野村道子 / 立壁和也 / 肝付兼太 / 千千松幸子 / 加藤正之 / 田中亮一,https://img1.doubanio.com/view/photo/s_ratio_poster/public/p2520701519.webp,https://movie.douban.com/subject/1458900/,https://search.douban.com/movie/subject_search?search_text=%E7%AB%A5%E5%B9%B4%E5%8A%A8%E7%94%BB&cat=1002&start=105,window.__DATA__,search_subject
113,8,105,1423031,星际宝贝2：史迪奇有问题 Lilo & Stitch 2: Stitch Has a Glitch‎ (2005),8.1,13387,4.0,[],False,美国 / 动画 / 喜剧 / 家庭 / 科幻 / 星际宝贝2:史迪奇 / 星际宝贝2:史迪奇有问题 / 68分钟,迈克尔·拉巴什 / 安东尼·莱昂迪斯 / 克里斯·桑德斯 / 达科塔·范宁 / 蒂亚·卡雷尔 / 戴维·奥格登·施蒂尔斯 / 凯文·麦克唐纳德 / 库内瓦·穆克 / 李截 / 霍利斯顿·科尔曼,https://img3.doubanio.com/view/photo/s_ratio_poster/public/p2922849292.webp,https://movie.douban.com/subject/1423031/,https://search.douban.com/movie/subject_search?search_text=%E7%AB%A5%E5%B9%B4%E5%8A%A8%E7%94%BB&cat=1002&start=105,window.__DATA__,search_subject
114,8,105,36566017,喜羊羊与灰太狼之守护‎ (2024),5.9,5727,3.0,['可播放'],False,中国大陆 / 动画 / 喜羊羊与灰太狼大电影9 / Pleasant Goat and Big Big Wolf: The World Guardians / 96分钟,黄俊铭 / 陈力进 / 祖晴 / 张琳 / 邓玉婷 / 刘红韵 / 高全胜 / 赵娜,https://img1.doubanio.com/view/photo/s_ratio_poster/public/p2909943008.webp,https://movie.douban.com/subject/36566017/,https://search.douban.com/movie/subject_search?search_text=%E7%AB%A5%E5%B9%B4%E5%8A%A8%E7%94%BB&cat=1002&start=105,window.__DATA__,search_subject
115,8,105,2264581,迪迦奥特曼&戴拿奥特曼 光之星的战士们 ウルトラマンティガ&ウルトラマンダイナ 光の星の戦士たち‎ (1998),8.6,7677,4.5,['可播放'],False,日本 / 动作 / 科幻 / 奥特曼剧场版 星光战士 / Urutoraman Tiga & Urutoraman Daina: Hikari no hoshi no senshi tachi / 68分钟,Kazuya Konaka / Takeshi Tsuruno / Ryo Kinomoto / Toshikazu Fukawa / Jou Onodera / Mariya Yamada / Mio Takaki,https://img1.doubanio.com/view/photo/s_ratio_poster/public/p2513978549.webp,https://movie.douban.com/subject/2264581/,https://search.douban.com/movie/subject_search?search_text=%E7%AB%A5%E5%B9%B4%E5%8A%A8%E7%94%BB&cat=1002&start=105,window.__DATA__,search_subject
116,8,105,1484187,怪鸭历险记 第一季 Count Duckula Season 1‎ (1988),8.7,18864,4.5,['剧集'],True,英国 / 动画 / 喜剧 / 家庭 / 恐怖 / 怪鸭历险记 第一季 / 僵尸奇鸭(港) / 22分钟,克里斯·兰达尔 / Keith Scoble / 大卫·杰森 / 杰克·梅 / Brian Trueman / Jimmy Hibbert / 巴里·克莱顿,https://img9.doubanio.com/view/photo/s_ratio_poster/public/p2181894046.webp,https://movie.douban.com/subject/1484187/,https://search.douban.com/movie/subject_search?search_text=%E7%AB%A5%E5%B9%B4%E5%8A%A8%E7%94%BB&cat=1002&start=105,window.__DATA__,search_subject
117,8,105,1888063,镜花缘‎ (1991),9.0,23824,4.5,"['剧集', '可播放']",True,中国大陆 / 动画 / 奇幻 / 短片 / 古装 / 19分钟,胡兆洪 / 邹勤,https://img1.doubanio.com/view/photo/s_ratio_poster/public/p2867385879.webp,https://movie.douban.com/subject/1888063/,https://search.douban.com/movie/subject_search?search_text=%E7%AB%A5%E5%B9%B4%E5%8A%A8%E7%94%BB&cat=1002&start=105,window.__DATA__,search_subject
118,8,105,1807959,蓝精灵 第一季 Smurfs Season 1‎ (1981),8.4,49432,4.0,"['剧集', '可播放']",True,美国 / 比利时 / 动画 / 家庭 / 奇幻 / 蓝精灵的世界 / Smurfs' Adventures / 25分钟,José Dutillieu / 乔治·戈登 / 唐·梅西克 / 弗兰克·维尔克 / Danny Goldman / 露西尔·布利斯 / 迈克尔·贝尔 / 哈弥尔顿·坎普 / William Callaway / 保罗·温切尔,https://img9.doubanio.com/view/photo/s_ratio_poster/public/p2533594555.webp,https://movie.douban.com/subject/1807959/,https://search.douban.com/movie/subject_search?search_text=%E7%AB%A5%E5%B9%B4%E5%8A%A8%E7%94%BB&cat=1002&start=105,window.__DATA__,search_subject
119,8,105,3831618,雷欧奥特曼 ウルトラマンレオ‎ (1974),8.7,19282,4.5,"['剧集', '可播放']",True,日本 / 动作 / 科幻 / 雷欧·奥特曼 / Ultraman Reo / 25分钟,円谷粲 / 熊谷健 / 橋本洋二 / 熊谷国雄 / 东条昭平 / 大木淳吉 / 山际永三 / 真船祯 / 深泽清澄 / 外山徹 / 笕正典 / 前田勲 / 山本正孝 / 大木淳 / 中川信夫 / 冈村精 / 真夏龙 / 森次晃嗣 / 蓝友子 / 藤木悠 / 原知佐子 / 春川真澄 / 伊藤猛 / 松田洋治,https://img1.doubanio.com/view/photo/s_ratio_poster/public/p2554347188.webp,https://movie.douban.com/subject/3831618/,https://search.douban.com/movie/subject_search?search_text=%E7%AB%A5%E5%B9%B4%E5%8A%A8%E7%94%BB&cat=1002&start=105,window.__DATA__,search_subject
120,8,105,3160834,鸭子侦探 A Miss Mallard Mystery‎ (2000),9.2,34151,4.5,"['剧集', '可播放']",True,中国大陆 / 加拿大 / 犯罪 / 动画 / 24分钟,徐坚平 / 彭戈 / 陈玉清 / 陈令长,https://img9.doubanio.com/view/photo/s_ratio_poster/public/p2873957875.webp,https://movie.douban.com/subject/3160834/,https://search.douban.com/movie/subject_search?search_text=%E7%AB%A5%E5%B9%B4%E5%8A%A8%E7%94%BB&cat=1002&start=105,window.__DATA__,search_subject
121,9,120,27064923,星河战队：火星叛国者 Starship Troopers: Traitor of Mars‎ (2017),6.1,7905,3.0,['可播放'],False,美国 / 日本 / 动作 / 科幻 / 动画 / 星河战队：火星的叛徒 / 88分钟,荒牧伸志 / 松本松子 / 卡斯帕·范·迪恩 / 迪娜·迈耶 / 德雷·戴维斯 / 露西·克里斯蒂安,https://img9.doubanio.com/view/photo/s_ratio_poster/public/p2461966324.webp,https://movie.douban.com/subject/27064923/,https://search.douban.com/movie/subject_search?search_text=%E7%AB%A5%E5%B9%B4%E5%8A%A8%E7%94%BB&cat=1002&start=120,window.__DATA__,search_subject
122,9,120,1481828,天空战记 天空戦記シュラト‎ (1989),8.8,11817,4.5,['剧集'],True,日本 / 动画 / Tenkû senki Shurato / 24分钟,西久保瑞穗 / 舛成孝二 / 加户誉夫 / 松本佳久 / 森邦宏 / 村山靖 / 日下直义 / 津田义三 / 关俊彦 / 子安武人 / 水谷优子 / 井上和彦 / 堀内贤雄 / 山寺宏一 / 林原惠美 / 飞田展男,https://img3.doubanio.com/view/photo/s_ratio_poster/public/p2554090587.webp,https://movie.douban.com/subject/1481828/,https://search.douban.com/movie/subject_search?search_text=%E7%AB%A5%E5%B9%B4%E5%8A%A8%E7%94%BB&cat=1002&start=120,window.__DATA__,search_subject
123,9,120,27097683,阿凡提的故事‎ (1981),9.3,22779,4.5,"['剧集', '可播放']",True,中国大陆 / 动画 / 阿凡提 / 25分钟,靳夕 / 刘惠仪 / 曲建方 / 毕克 / 邱岳峰 / 程之,https://img9.doubanio.com/view/photo/s_ratio_poster/public/p2626959455.webp,https://movie.douban.com/subject/27097683/,https://search.douban.com/movie/subject_search?search_text=%E7%AB%A5%E5%B9%B4%E5%8A%A8%E7%94%BB&cat=1002&start=120,window.__DATA__,search_subject
124,9,120,24859558,哆啦A梦：新·大雄的大魔境 映画ドラえもん 新・のび太の大魔境 ～ペコと5人の探検隊～‎ (2014),7.9,14040,4.0,['可播放'],False,日本 / 动画 / 多啦A梦：新大雄的大魔境-柏高与5人之探险队(港) / 哆啦A梦 新·大雄的大魔境 贝可与5人探险队 / 109分钟,八锹新之介 / 水田山葵 / 大原惠美 / 嘉数由美 / 木村昴 / 关智一 / 三石琴乃 / 松本保典 / 萩野志保子,https://img1.doubanio.com/view/photo/s_ratio_poster/public/p2082462460.webp,https://movie.douban.com/subject/24859558/,https://search.douban.com/movie/subject_search?search_text=%E7%AB%A5%E5%B9%B4%E5%8A%A8%E7%94%BB&cat=1002&start=120,window.__DATA__,search_subject
125,9,120,3538051,哆啦A梦 ドラえもん‎ (2005),9.6,27304,5.0,"['剧集', '可播放']",True,日本 / 喜剧 / 科幻 / 动画 / 新哆啦A梦 / 机器猫 / 24分钟,楠叶宏三 / 渡边步 / 善聪一郎 / 八锹新之介 / 大杉宜弘 / 宫本幸裕 / 高桥涉 / 高桥敦史 / 寺本幸代 / 今井一晓 / 小仓宏文 / 矢岛哲生 / 宫下新平 / 高桥谦仁 / 佐藤真人 / 村野佑太 / 佐佐木纯人 / 江岛泰男 / 铃木卓夫 / 茉田哲明 / 秦义人 / 古贺一臣 / 五月女有作 / 金子祥之 / 钉宫洋 / 松村树里亚 / 吉田光春 / 铃木孝聪 / 松园公 / 筱崎康行 / 矢花馨 / 三上喜子 / 三家本泰美 / 腰繁男 / 佐土原武之 / 根岸宏树 / 饭村正之 / 安藤敏彦 / 藤仓拓也 / 古屋胜悟 / 福本洁 / 大关雅幸 / 岩田义彦 / 山冈实 / 大塚隆宽 / 西田健一 / 堂山卓见  / 水田山葵 / 大原惠美 / 嘉数由美 / 关智一 / 木村昴 / 三石琴乃 / 松本保典 / 堀秀行,https://img1.doubanio.com/view/photo/s_ratio_poster/public/p2100245550.webp,https://movie.douban.com/subject/3538051/,https://search.douban.com/movie/subject_search?search_text=%E7%AB%A5%E5%B9%B4%E5%8A%A8%E7%94%BB&cat=1002&start=120,window.__DATA__,search_subject
126,9,120,22232939,大耳朵图图之美食狂想曲‎ (2017),6.2,10149,3.0,['可播放'],False,中国大陆 / 喜剧 / 动画 / 冒险 / 大耳朵图图电影版 / 大耳朵图图：美食狂想曲 / 91分钟,速达 / 潘延 / 范楚绒 / 胡谦 / 王衡 / 李晔 / 王肖兵 / 吴磊 / 蒋可,https://img9.doubanio.com/view/photo/s_ratio_poster/public/p2490966346.webp,https://movie.douban.com/subject/22232939/,https://search.douban.com/movie/subject_search?search_text=%E7%AB%A5%E5%B9%B4%E5%8A%A8%E7%94%BB&cat=1002&start=120,window.__DATA__,search_subject
127,9,120,2079898,足球小将 キャプテン翼‎ (1983),8.7,20809,4.5,['剧集'],True,日本 / 动画 / 儿童 / 运动 / 足球小将（昭和版） / 天使之翼 / 22分钟,Hiroyoshi Mitsunobu / 若本纪昭 / 三桥阳一,https://img3.doubanio.com/view/photo/s_ratio_poster/public/p2507674857.webp,https://movie.douban.com/subject/2079898/,https://search.douban.com/movie/subject_search?search_text=%E7%AB%A5%E5%B9%B4%E5%8A%A8%E7%94%BB&cat=1002&start=120,window.__DATA__,search_subject
128,9,120,1845560,非凡的公主希瑞 第一季 She-Ra: Princess of Power Season 1‎ (1985),7.8,15683,4.0,"['剧集', '可播放']",True,美国 / 动画 / 动作 / 冒险 / 家庭 / 科幻 / 非凡的希瑞公主 / 希拉 / 30分钟,埃德·弗赖德曼 / Mark Glamack / 卢·卡希瓦斯 / Marsh Lamore / 比尔•里德 / 汤姆·塔布瑙奇斯 / Gwen Wetzler / Melendy Britt / 乔治·第桑佐 / Tristan Erwin / Linda Gary / 艾伦·欧朋海默 / Diane Pershing / 埃里卡·谢默 / 娄·谢默,https://img1.doubanio.com/view/photo/s_ratio_poster/public/p2181893690.webp,https://movie.douban.com/subject/1845560/,https://search.douban.com/movie/subject_search?search_text=%E7%AB%A5%E5%B9%B4%E5%8A%A8%E7%94%BB&cat=1002&start=120,window.__DATA__,search_subject
129,9,120,2129044,梅与小猫巴士 めいとこねこバス‎ (2002),9.1,6802,4.5,[],False,日本 / 动画 / 短片 / 《龙猫》番外篇 / Mei and the Kitten Bus / 13分钟,宫崎骏 / 坂本千夏,https://img3.doubanio.com/view/photo/s_ratio_poster/public/p2573159042.webp,https://movie.douban.com/subject/2129044/,https://search.douban.com/movie/subject_search?search_text=%E7%AB%A5%E5%B9%B4%E5%8A%A8%E7%94%BB&cat=1002&start=120,window.__DATA__,search_subject
130,9,120,1440937,变形金刚 第一季 Transformers Season 1‎ (1984),8.9,21322,4.5,"['剧集', '可播放']",True,美国 / 日本 / 动画 / 动作 / 冒险 / 家庭 / 奇幻 / 科幻 / 惊悚 / 变形金刚G1 / Transformers: Generation 1 / 25分钟,约翰·吉布斯 / Michael Bell / Corey Burton / Victor Caroli / Scatman Crothers / Peter Cullen / 丹·吉尔维赞,https://img9.doubanio.com/view/photo/s_ratio_poster/public/p2570585234.webp,https://movie.douban.com/subject/1440937/,https://search.douban.com/movie/subject_search?search_text=%E7%AB%A5%E5%B9%B4%E5%8A%A8%E7%94%BB&cat=1002&start=120,window.__DATA__,search_subject
131,9,120,1458892,哆啦A梦：大雄的海底鬼岩城 ドラえもん のび太の海底鬼岩城‎ (1983),8.6,10859,4.5,['可播放'],False,日本 / 科幻 / 动画 / 冒险 / Doraemon: Nobita no Kaitei kiganjô / 95分钟,芝山努 / 大山羡代 / 小原乃梨子 / 野村道子 / 立壁和也 / 肝付兼太,https://img3.doubanio.com/view/photo/s_ratio_poster/public/p2569026042.webp,https://movie.douban.com/subject/1458892/,https://search.douban.com/movie/subject_search?search_text=%E7%AB%A5%E5%B9%B4%E5%8A%A8%E7%94%BB&cat=1002&start=120,window.__DATA__,search_subject
132,9,120,1431685,猴子捞月‎ (1981),8.2,40455,4.0,['可播放'],False,中国大陆 / 动画 / 短片 / Fishing the Moon from the Pool / 11分钟,周克勤,https://img1.doubanio.com/view/photo/s_ratio_poster/public/p2609857589.webp,https://movie.douban.com/subject/1431685/,https://search.douban.com/movie/subject_search?search_text=%E7%AB%A5%E5%B9%B4%E5%8A%A8%E7%94%BB&cat=1002&start=120,window.__DATA__,search_subject
133,9,120,1941319,怪老头儿‎ (1992),8.8,18055,4.5,"['剧集', '可播放']",True,中国大陆 / 儿童 / 动画 / 奇幻 / 冒险 / 短片 / 怪老头系列：怪老头儿 / 19分钟,尤磊 / 胡兆洪 / 乔元正,https://img3.doubanio.com/view/photo/s_ratio_poster/public/p2871798062.webp,https://movie.douban.com/subject/1941319/,https://search.douban.com/movie/subject_search?search_text=%E7%AB%A5%E5%B9%B4%E5%8A%A8%E7%94%BB&cat=1002&start=120,window.__DATA__,search_subject
134,9,120,1441863,人参果‎ (1981),8.3,15154,4.0,['可播放'],False,中国大陆 / 动画 / 奇幻 / 冒险 / 孙悟空偷吃人参果 / Monkey King and Fruit of Immortality / 45分钟,严定宪 / 尚华 / 杨文远 / 陈燕华,https://img3.doubanio.com/view/photo/s_ratio_poster/public/p2386451132.webp,https://movie.douban.com/subject/1441863/,https://search.douban.com/movie/subject_search?search_text=%E7%AB%A5%E5%B9%B4%E5%8A%A8%E7%94%BB&cat=1002&start=120,window.__DATA__,search_subject
135,9,120,2264554,赛文奥特曼 ウルトラセブン‎ (1967),9.2,17138,4.5,"['剧集', '可播放']",True,日本 / 剧情 / 动作 / 科幻 / 超人七星侠(港) / 奥特赛文 / 30分钟,圆谷英二 / 森次晃嗣 / 中山昭二 / 菱美百合子 / 阿知波信介 / 古谷敏,https://img9.doubanio.com/view/photo/s_ratio_poster/public/p2305878425.webp,https://movie.douban.com/subject/2264554/,https://search.douban.com/movie/subject_search?search_text=%E7%AB%A5%E5%B9%B4%E5%8A%A8%E7%94%BB&cat=1002&start=120,window.__DATA__,search_subject
136,10,135,3091208,樱桃小丸子 ちびまる子ちゃん‎ (1990),9.1,10718,4.5,[],False,日本 / 动画 / 樱桃小丸子 剧场版 / 樱桃小丸子：友情岁月 / 93分钟,芝山努 / 須田裕美子 / 鳕子 / 屋良有作 / 鈴木みえ / 富山敬 / 佐々木優子,https://img1.doubanio.com/view/photo/s_ratio_poster/public/p2380703550.webp,https://movie.douban.com/subject/3091208/,https://search.douban.com/movie/subject_search?search_text=%E7%AB%A5%E5%B9%B4%E5%8A%A8%E7%94%BB&cat=1002&start=135,window.__DATA__,search_subject
137,10,135,1456202,魔神坛斗士 鎧伝サムライトルーパー‎ (1988),8.7,21467,4.5,"['剧集', '可播放']",True,日本 / 动画 / 鎧傳 / 铠传——武士军团 / 30分钟,池田成 / 滨津守 / 谷田部胜义 / 赤根和树 / 杉岛邦久 / 米谷良知 / 川濑敏文 / 高松信司 / 关田修 / 草尾毅 / 竹村拓 / 中村大树 / 佐佐木望 / 西村朋纮 / 若本规夫,https://img3.doubanio.com/view/photo/s_ratio_poster/public/p2331800893.webp,https://movie.douban.com/subject/1456202/,https://search.douban.com/movie/subject_search?search_text=%E7%AB%A5%E5%B9%B4%E5%8A%A8%E7%94%BB&cat=1002&start=135,window.__DATA__,search_subject
138,10,135,2988872,魔兵传奇 MÄR-メルヘヴン-‎ (2005),8.8,3298,4.5,"['剧集', '可播放']",True,日本 / 动画 / 冒险 / MAR魔法世界 / 魔界奇兵 / 24分钟,奥胁雅晴 / 川口敬一郎 / 御厨恭辅 / 奥村吉昭 / 大关雅幸 / 山口美浩 / 藤本义孝 / 冈崎幸男 / 小高义规 / 千叶大辅 / 德本善信 / 大和直道 / 浅见松雄 / 畠山茂树 / 筱崎康行 / 小林哲也 / 野上和男 / 桥口洋介 / 小野田雄亮 / 久保山英一 / 大雄男 / 濑藤健嗣 / 熊井统子 / 银河万丈 / 清水爱 / 中岛沙树 / 阪口大助 / 保志总一朗 / 小野坂昌也 / 小杉十郎太,https://img2.doubanio.com/view/photo/s_ratio_poster/public/p1823645611.webp,https://movie.douban.com/subject/2988872/,https://search.douban.com/movie/subject_search?search_text=%E7%AB%A5%E5%B9%B4%E5%8A%A8%E7%94%BB&cat=1002&start=135,window.__DATA__,search_subject
139,10,135,1304978,三只小猪 Three Little Pigs‎ (1933),7.9,18934,4.0,[],False,美国 / 动画 / 歌舞 / 家庭 / 喜剧 / 短片 / 三只小猪 / 8分钟,伯特·吉列特 / 比利·布莱彻 / 品托·考维格 / Dorothy Compton / Mary Moder,https://img3.doubanio.com/view/photo/s_ratio_poster/public/p2508993772.webp,https://movie.douban.com/subject/1304978/,https://search.douban.com/movie/subject_search?search_text=%E7%AB%A5%E5%B9%B4%E5%8A%A8%E7%94%BB&cat=1002&start=135,window.__DATA__,search_subject
140,10,135,27045442,钢铁飞龙之再见奥特曼‎ (2017),2.6,6948,1.5,['可播放'],False,中国大陆 / 动作 / 科幻 / 动画 / 再见奥特曼 / 钢铁飞龙大电影 / 90分钟,王巍 / 侯勇 / 大张伟 / 金晨 / 曲哲明 / 向佐 / 罗云熙 / 郝劭文 / 汪铎,https://img1.doubanio.com/view/photo/s_ratio_poster/public/p2500046429.webp,https://movie.douban.com/subject/27045442/,https://search.douban.com/movie/subject_search?search_text=%E7%AB%A5%E5%B9%B4%E5%8A%A8%E7%94%BB&cat=1002&start=135,window.__DATA__,search_subject
141,10,135,4117005,洛洛历险记‎ (2008),9.5,39520,5.0,"['剧集', '可播放']",True,中国大陆 / 动画 / 百变机兽之洛洛历险记 / RoboWarriors / 22分钟,王巍 / 郑世健 / 黎盛炜 / 祖晴 / 李晶,https://img1.doubanio.com/view/photo/s_ratio_poster/public/p2412771229.webp,https://movie.douban.com/subject/4117005/,https://search.douban.com/movie/subject_search?search_text=%E7%AB%A5%E5%B9%B4%E5%8A%A8%E7%94%BB&cat=1002&start=135,window.__DATA__,search_subject
142,10,135,1458893,哆啦A梦：大雄的魔界大冒险 ドラえもん のび太の魔界大冒険‎ (1984),8.8,11063,4.5,[],False,日本 / 科幻 / 动画 / 冒险 / Doraemon: Nobita's Great Adventure in the World of Magic / Doraemon: Nobita no makai dai bôken / 97分钟,芝山努 / 大山羡代 / 小原乃梨子 / 野村道子 / 立壁和也 / 肝付兼太 / 小山茉美 / 中村正 / 若山弦藏,https://img1.doubanio.com/view/photo/s_ratio_poster/public/p2520698818.webp,https://movie.douban.com/subject/1458893/,https://search.douban.com/movie/subject_search?search_text=%E7%AB%A5%E5%B9%B4%E5%8A%A8%E7%94%BB&cat=1002&start=135,window.__DATA__,search_subject
143,10,135,26921827,大卫贝肯之倒霉特工熊‎ (2017),4.6,6807,2.5,['可播放'],False,中国大陆 / 喜剧 / 动画 / 冒险 / 家庭 / 大卫贝肯之倒霉特工熊3D / 90分钟,李清舫 / 汤水雨 / 徐佳琦 / 杨默 / 张遥函 / 刘琮 / 雪萌 / 齐思伽,https://img1.doubanio.com/view/photo/s_ratio_poster/public/p2408893200.webp,https://movie.douban.com/subject/26921827/,https://search.douban.com/movie/subject_search?search_text=%E7%AB%A5%E5%B9%B4%E5%8A%A8%E7%94%BB&cat=1002&start=135,window.__DATA__,search_subject
144,10,135,1845625,忍者神龟 Teenage Mutant Ninja Turtles‎ (1987),8.3,49525,4.0,['剧集'],True,美国 / 喜剧 / 动作 / 科幻 / 动画 / 犯罪 / 冒险 / Teenage Mutant Hero Turtles / 忍者神龟 / 30分钟,Townsend Coleman / Jack Angel / James Avery,https://img9.doubanio.com/view/photo/s_ratio_poster/public/p2550673636.webp,https://movie.douban.com/subject/1845625/,https://search.douban.com/movie/subject_search?search_text=%E7%AB%A5%E5%B9%B4%E5%8A%A8%E7%94%BB&cat=1002&start=135,window.__DATA__,search_subject
145,10,135,3025311,神厨小福贵‎ (2007),9.3,60394,4.5,"['剧集', '可播放']",True,中国大陆 / 剧情 / 动画 / 20分钟,王宏 / 袁文君 / 晏婷 / 刘娟 / 刘洁 / 张怀武 / 徐炜 / 邹正均 / 梁实之,https://img3.doubanio.com/view/photo/s_ratio_poster/public/p2319328117.webp,https://movie.douban.com/subject/3025311/,https://search.douban.com/movie/subject_search?search_text=%E7%AB%A5%E5%B9%B4%E5%8A%A8%E7%94%BB&cat=1002&start=135,window.__DATA__,search_subject
146,10,135,1292598,忍者神龟 Teenage Mutant Ninja Turtles‎ (1990),7.3,4406,3.5,[],False,美国 / 中国香港 / 喜剧 / 动作 / 科幻 / 冒险 / 家庭 / 忍者龟 / 93分钟,斯蒂夫·巴伦 / 乔什·帕斯 / 迈克林·西提 / 利夫·蒂尔登 / David Forman,https://img3.doubanio.com/view/photo/s_ratio_poster/public/p2524503703.webp,https://movie.douban.com/subject/1292598/,https://search.douban.com/movie/subject_search?search_text=%E7%AB%A5%E5%B9%B4%E5%8A%A8%E7%94%BB&cat=1002&start=135,window.__DATA__,search_subject
147,10,135,1458891,哆啦A梦：大雄的大魔境 ドラえもん のび太の大魔境‎ (1982),8.6,10069,4.5,['可播放'],False,日本 / 科幻 / 动画 / 冒险 / Doraemon: Nobita and the Haunts of Evil / 92分钟,西牧秀雄 / 大山羡代 / 小原乃梨子 / 野村道子 / 立壁和也 / 肝付兼太 / 千千松幸子 / 加藤正之 / 白川澄子,https://img9.doubanio.com/view/photo/s_ratio_poster/public/p2568835835.webp,https://movie.douban.com/subject/1458891/,https://search.douban.com/movie/subject_search?search_text=%E7%AB%A5%E5%B9%B4%E5%8A%A8%E7%94%BB&cat=1002&start=135,window.__DATA__,search_subject
148,10,135,1467923,小鹿斑比2 Bambi 2‎ (2006),8.3,8479,4.0,[],False,美国 / 家庭 / 动画 / 小鹿班比2 / 72分钟,Brian Pimental / Patrick Stewart / Alexander Gould / Keith Ferguson,https://img3.doubanio.com/view/photo/s_ratio_poster/public/p2278521382.webp,https://movie.douban.com/subject/1467923/,https://search.douban.com/movie/subject_search?search_text=%E7%AB%A5%E5%B9%B4%E5%8A%A8%E7%94%BB&cat=1002&start=135,window.__DATA__,search_subject
149,10,135,11537964,有人赞美聪慧，有人则不‎ (2012),7.7,7203,4.0,['可播放'],False,中国大陆 / 韩国 / 剧情 / 儿童 / 家庭 / Don' t Expect Praises / ホメられないかも / 108分钟,杨瑾 / 李书晨 / 王琛 / 卫永邵 / 毕东林 / 马有贯 / 赵俊艾 / 彭科浩 / 任粉环,https://img9.doubanio.com/view/photo/s_ratio_poster/public/p1913736665.webp,https://movie.douban.com/subject/11537964/,https://search.douban.com/movie/subject_search?search_text=%E7%AB%A5%E5%B9%B4%E5%8A%A8%E7%94%BB&cat=1002&start=135,window.__DATA__,search_subject
150,10,135,34953737,数码宝贝： デジモンアドベンチャー：‎ (2020),8.2,11480,4.0,"['剧集', '可播放']",True,日本 / 动画 / 冒险 / 数码宝贝大冒险 重启 / 数码宝贝 重启版 / 24分钟,三塚雅人 / 三瓶由布子 / 浪川大辅 / 小林由美子 / 白石凉子 / 草尾毅 / 高野麻里佳 / 潘惠美 / 和多田美咲,https://img9.doubanio.com/view/photo/s_ratio_poster/public/p2581478066.webp,https://movie.douban.com/subject/34953737/,https://search.douban.com/movie/subject_search?search_text=%E7%AB%A5%E5%B9%B4%E5%8A%A8%E7%94%BB&cat=1002&start=135,window.__DATA__,search_subject
151,11,150,1303927,数码宝贝 滚球兽的诞生 デジモンアドベンチャー‎ (1999),9.3,8808,4.5,['可播放'],False,日本 / 动画 / 冒险 / 短片 / 光丘事件 / Digimon: The Movie / 20分钟,细田守 / 藤田淑子 / 荒木香惠 / 坂本千夏 / 石丸博也 / 榊原良子 / 冬马由美 / 尾小平志津香 / 菊地祥子,https://img1.doubanio.com/view/photo/s_ratio_poster/public/p2525457080.webp,https://movie.douban.com/subject/1303927/,https://search.douban.com/movie/subject_search?search_text=%E7%AB%A5%E5%B9%B4%E5%8A%A8%E7%94%BB&cat=1002&start=150,window.__DATA__,search_subject
152,11,150,1299800,大力士 Hercules‎ (1997),7.9,13263,4.0,['可播放'],False,美国 / 喜剧 / 爱情 / 动画 / 奇幻 / 冒险 / 歌舞 / 海格力斯 / 赫拉克勒斯 / 93分钟,约翰·马斯克 / 罗恩·克莱蒙兹 / 泰特·多诺万 / 乔什·基顿 / 罗杰·巴特,https://img1.doubanio.com/view/photo/s_ratio_poster/public/p2370927539.webp,https://movie.douban.com/subject/1299800/,https://search.douban.com/movie/subject_search?search_text=%E7%AB%A5%E5%B9%B4%E5%8A%A8%E7%94%BB&cat=1002&start=150,window.__DATA__,search_subject
153,11,150,3792787,长江7号爱地球‎ (2010),6.5,10420,3.5,['可播放'],False,中国大陆 / 中国香港 / 动画 / 长江七号爱地球 / 长江7号：动画版 / 83分钟,袁建滔 / 徐娇 / 石班瑜 / 董洁 / 吴刚 / 黄蕾 / 冯勉恒 / 苏子龙 / 吕萍,https://img3.doubanio.com/view/photo/s_ratio_poster/public/p540441562.webp,https://movie.douban.com/subject/3792787/,https://search.douban.com/movie/subject_search?search_text=%E7%AB%A5%E5%B9%B4%E5%8A%A8%E7%94%BB&cat=1002&start=150,window.__DATA__,search_subject
154,11,150,4807936,米奇妙妙屋 第一季 Mickey Mouse Clubhouse Season 1‎ (2006),8.2,13848,4.0,"['剧集', '可播放']",True,美国 / 印度 / 中国大陆 / 菲律宾 / 喜剧 / 动画 / 奇幻 / 冒险 / 歌舞 / 家庭 / ickey Mouse Wonderful Room / 30分钟,Wayne Allwine / Tony Anselmo / Bill Farmer / Tress MacNeille / Russi Taylor,https://img1.doubanio.com/view/photo/s_ratio_poster/public/p2165677189.webp,https://movie.douban.com/subject/4807936/,https://search.douban.com/movie/subject_search?search_text=%E7%AB%A5%E5%B9%B4%E5%8A%A8%E7%94%BB&cat=1002&start=150,window.__DATA__,search_subject
155,11,150,4135763,天上掉下个猪八戒‎ (2005),8.3,39799,4.0,"['剧集', '可播放']",True,中国大陆 / 剧情 / 喜剧 / 动画 / 12分钟,方润南 / 陶孝友 / 刘明升 / 林博文 / 薛方一 / 李晔 / 孙晔,https://img1.doubanio.com/view/photo/s_ratio_poster/public/p2665402938.webp,https://movie.douban.com/subject/4135763/,https://search.douban.com/movie/subject_search?search_text=%E7%AB%A5%E5%B9%B4%E5%8A%A8%E7%94%BB&cat=1002&start=150,window.__DATA__,search_subject
156,11,150,1458902,哆啦A梦：大雄与梦幻三剑士 ドラえもん のび太と夢幻三剣士‎ (1994),8.7,10885,4.5,['可播放'],False,日本 / 科幻 / 动画 / 冒险 / Doraemon: Nobita's Fantastic Three Musketeers / Doraemon: Nobita to mugen sankenshi / 99分钟,芝山努 / 大山羡代 / 小原乃梨子 / 野村道子 / 立壁和也 / 肝付兼太 / 千千松幸子 / 松原雅子 / 田中亮一,https://img1.doubanio.com/view/photo/s_ratio_poster/public/p2520701848.webp,https://movie.douban.com/subject/1458902/,https://search.douban.com/movie/subject_search?search_text=%E7%AB%A5%E5%B9%B4%E5%8A%A8%E7%94%BB&cat=1002&start=150,window.__DATA__,search_subject
157,11,150,1431962,牧笛‎ (1963),9.0,10776,4.5,['可播放'],False,中国大陆 / 动画 / 奇幻 / 短片 / Buffalo Boy and the Flute / The Cowherd's Flute / 20分钟,特伟 / 钱家骏,https://img1.doubanio.com/view/photo/s_ratio_poster/public/p2649085690.webp,https://movie.douban.com/subject/1431962/,https://search.douban.com/movie/subject_search?search_text=%E7%AB%A5%E5%B9%B4%E5%8A%A8%E7%94%BB&cat=1002&start=150,window.__DATA__,search_subject
158,11,150,1458908,哆啦A梦：大雄的太阳王传说 ドラえもん のび太の太陽王伝説‎ (2000),8.6,12116,4.5,['可播放'],False,日本 / 科幻 / 动画 / 冒险 / 哆啦A梦：太阳王传说 / Doraemon: Nobita and the Legend of the Sun King / 94分钟,芝山努 / 大山羡代 / 小原乃梨子 / 野村道子 / 立壁和也 / 肝付兼太 / 绪方惠美,https://img1.doubanio.com/view/photo/s_ratio_poster/public/p2520702689.webp,https://movie.douban.com/subject/1458908/,https://search.douban.com/movie/subject_search?search_text=%E7%AB%A5%E5%B9%B4%E5%8A%A8%E7%94%BB&cat=1002&start=150,window.__DATA__,search_subject
159,11,150,26290398,美食大冒险之英雄烩‎ (2018),6.8,5284,3.5,['可播放'],False,中国大陆 / 动作 / 动画 / 冒险 / 美食大冒险 / Kungfood / 98分钟,孙海鹏 / 杨光普照 / 孟宇 / 张喆 / 郭政建,https://img1.doubanio.com/view/photo/s_ratio_poster/public/p2569607978.webp,https://movie.douban.com/subject/26290398/,https://search.douban.com/movie/subject_search?search_text=%E7%AB%A5%E5%B9%B4%E5%8A%A8%E7%94%BB&cat=1002&start=150,window.__DATA__,search_subject
160,11,150,30198729,新大头儿子和小头爸爸3：俄罗斯奇遇记‎ (2018),4.8,5696,2.5,['可播放'],False,中国大陆 / 儿童 / 动画 / 冒险 / 家庭 / 新大头儿子和小头爸爸3 / New Happy Dad and Son 3: Adventure in Russia / 80分钟,何澄 / 刘纯燕 / 董浩 / 鞠萍 / 陈苏 / 耿晨晨 / 周志强 / 黄炜,https://img9.doubanio.com/view/photo/s_ratio_poster/public/p2522820714.webp,https://movie.douban.com/subject/30198729/,https://search.douban.com/movie/subject_search?search_text=%E7%AB%A5%E5%B9%B4%E5%8A%A8%E7%94%BB&cat=1002&start=150,window.__DATA__,search_subject
161,11,150,1807994,太空堡垒 Robotech‎ (1985),9.1,10934,4.5,"['剧集', '可播放']",True,美国 / 日本 / 动画 / 科幻 / 24分钟,罗伯特·V·巴伦 / 凯姆·克拉克 / Rebecca Forstadt / 托尼·奥立佛,https://img2.doubanio.com/view/photo/s_ratio_poster/public/p2517443071.webp,https://movie.douban.com/subject/1807994/,https://search.douban.com/movie/subject_search?search_text=%E7%AB%A5%E5%B9%B4%E5%8A%A8%E7%94%BB&cat=1002&start=150,window.__DATA__,search_subject
162,11,150,1296684,小熊维尼历险记 The Many Adventures of Winnie the Pooh‎ (1977),0.0,0,0.0,['可播放'],False,美国 / 动画 / 奇幻 / 歌舞 / 小熊维尼历险记 / 74分钟,约翰·朗斯伯里 / 沃夫冈·雷瑟曼 / 塞巴斯蒂安·卡伯特 / 朱尼乌斯·马修斯 / 芭芭拉·卢迪,https://img1.doubanio.com/view/photo/s_ratio_poster/public/p1315728990.webp,https://movie.douban.com/subject/1296684/,https://search.douban.com/movie/subject_search?search_text=%E7%AB%A5%E5%B9%B4%E5%8A%A8%E7%94%BB&cat=1002&start=150,window.__DATA__,search_subject
163,11,150,1883634,骄傲的将军‎ (1956),8.4,16403,4.0,['可播放'],False,中国大陆 / 剧情 / 动画 / 短片 / The Proud General / 25分钟,特伟 / 李克弱,https://img1.doubanio.com/view/photo/s_ratio_poster/public/p2589661018.webp,https://movie.douban.com/subject/1883634/,https://search.douban.com/movie/subject_search?search_text=%E7%AB%A5%E5%B9%B4%E5%8A%A8%E7%94%BB&cat=1002&start=150,window.__DATA__,search_subject
164,11,150,1457926,哆啦A梦：大雄与风之使者 ドラえもん のび太とふしぎ風使い‎ (2003),8.6,10533,4.5,['可播放'],False,日本 / 剧情 / 儿童 / 动画 / 奇幻 / Doraemon: Nobita to fushigi kazetsukai / Doraemon: Nobita and the Wind Wizard / 84分钟,芝山努 / 大山羡代 / 小原乃梨子 / 野村道子 / 肝付兼太 / 立壁和也 / 爱河里花子 / 穗积隆信 / 金井美香,https://img1.doubanio.com/view/photo/s_ratio_poster/public/p2520703028.webp,https://movie.douban.com/subject/1457926/,https://search.douban.com/movie/subject_search?search_text=%E7%AB%A5%E5%B9%B4%E5%8A%A8%E7%94%BB&cat=1002&start=150,window.__DATA__,search_subject
165,11,150,1974733,乱马1/2 らんま1/2‎ (1989),9.0,11857,4.5,['剧集'],True,日本 / 动画 / 喜剧 / 奇幻 / 爱情 / 乱马½ / らんま½ / 24分钟,芝山努 / 望月智充 / 古桥一浩 / 山内重保 / 森健 / 山口胜平 / 林原惠美 / 日高范子,https://img9.doubanio.com/view/photo/s_ratio_poster/public/p2257337165.webp,https://movie.douban.com/subject/1974733/,https://search.douban.com/movie/subject_search?search_text=%E7%AB%A5%E5%B9%B4%E5%8A%A8%E7%94%BB&cat=1002&start=150,window.__DATA__,search_subject
166,12,165,11534752,超魔神英雄传 超魔神英雄伝ワタル‎ (1997),9.3,12165,4.5,"['剧集', '可播放']",True,日本 / 动画 / 冒险 / 神龙斗士第三部 / 魔神英雄传第三季 / 24分钟,井内秀治 / 近藤信宏 / 山本裕介 / 西村聪 / 渡边哲哉 / 福本洁 / 高濑节夫 / 山田弘和 / 冈本英树 / 田中真弓 / 林原惠美 / 伊仓一惠 / 西村知道 / 宫村优子 / 伊藤健太郎 / 爱河里花子 / 横山智佐,https://img9.doubanio.com/view/photo/s_ratio_poster/public/p2517462664.webp,https://movie.douban.com/subject/11534752/,https://search.douban.com/movie/subject_search?search_text=%E7%AB%A5%E5%B9%B4%E5%8A%A8%E7%94%BB&cat=1002&start=165,window.__DATA__,search_subject
167,12,165,26584425,米老鼠和唐老鸭‎ (1986),9.2,15886,4.5,['剧集'],True,美国 / 中国大陆 / 喜剧 / 动画 / 米老鼠和唐老鸭 中国配音版 / 米老鼠与唐老鸭 / 10分钟,华特·迪士尼 / 董浩 / 李扬,https://img9.doubanio.com/view/photo/s_ratio_poster/public/p2260414786.webp,https://movie.douban.com/subject/26584425/,https://search.douban.com/movie/subject_search?search_text=%E7%AB%A5%E5%B9%B4%E5%8A%A8%E7%94%BB&cat=1002&start=165,window.__DATA__,search_subject
168,12,165,2378589,小蜜蜂寻亲记 昆虫物語 みなしごハッチ‎ (1970),8.8,8377,4.5,['剧集'],True,日本 / 动画 / 昆虫物语 孤儿小哈奇 / 小蜜蜂寻母记 / 30分钟,鸟海尽三 / 九里一平 / 原征太郎 / 千叶顺二 / 寺岛信子 / 千叶顺二 Junji Chiba,https://img1.doubanio.com/view/photo/s_ratio_poster/public/p2625283489.webp,https://movie.douban.com/subject/2378589/,https://search.douban.com/movie/subject_search?search_text=%E7%AB%A5%E5%B9%B4%E5%8A%A8%E7%94%BB&cat=1002&start=165,window.__DATA__,search_subject
169,12,165,2173164,变形金刚：超能勇士 第一季 Beast Wars: Transformers Season 1‎ (1996),9.1,14912,4.5,"['剧集', '可播放']",True,加拿大 / 美国 / 科幻 / 动画 / 百变金钢(台) / 超能勇士 / 21分钟,史蒂夫·萨克斯 / 科林·戴维斯 / James Boshier / Don Brown / 吉姆·拜恩尼斯 / 加里·切克,https://img2.doubanio.com/view/photo/s_ratio_poster/public/p2262512001.webp,https://movie.douban.com/subject/2173164/,https://search.douban.com/movie/subject_search?search_text=%E7%AB%A5%E5%B9%B4%E5%8A%A8%E7%94%BB&cat=1002&start=165,window.__DATA__,search_subject
170,12,165,1498604,花仙子 花の子ルンルン‎ (1979),8.1,28800,4.0,"['剧集', '可播放']",True,日本 / 动画 / 家庭 / 奇幻 / 23分钟,设乐博 / 冈本茉莉 / 水岛裕 / 白石冬美 / 神山卓三 / 喜多道枝 / 长谷山治,https://img9.doubanio.com/view/photo/s_ratio_poster/public/p2554019745.webp,https://movie.douban.com/subject/1498604/,https://search.douban.com/movie/subject_search?search_text=%E7%AB%A5%E5%B9%B4%E5%8A%A8%E7%94%BB&cat=1002&start=165,window.__DATA__,search_subject
171,12,165,26923124,魔卡少女樱 透明牌篇 カードキャプターさくら クリアカード編‎ (2018),8.2,22833,4.0,"['剧集', '可播放']",True,日本 / 剧情 / 动画 / 奇幻 / 魔卡少女樱 第四季 / 魔卡少女樱 CLEAR CARD篇 / 25分钟,浅香守生 / 细川秀树 / 市村彻夫 / 菱川直树 / 筑紫大介 / 高岛大辅 / 友田政晴 / 神原敏昭 / 菊池聪延 / 加藤显 / 饭村正之 / 熨斗谷充孝 / 丹下樱 / 熊井统子 / 岩男润子 / 绪方惠美 / 久川绫 / 关智一 / 田中秀幸 / 铃木实里,https://img9.doubanio.com/view/photo/s_ratio_poster/public/p2510628384.webp,https://movie.douban.com/subject/26923124/,https://search.douban.com/movie/subject_search?search_text=%E7%AB%A5%E5%B9%B4%E5%8A%A8%E7%94%BB&cat=1002&start=165,window.__DATA__,search_subject
172,12,165,3868335,数码宝贝2 デジモンアドベンチャー02‎ (2000),8.3,27330,4.0,"['剧集', '可播放']",True,日本 / 动画 / 冒险 / 奇幻 / 数码暴龙2 / 数码宝贝大冒险2 / 23分钟,角铜博之 / 木内玲子 / 夏树莉绪 / 浦和惠 / 山本泰辅 / 荒木香惠 / 朴璐美 / 野田顺子 / 远近孝一,https://img1.doubanio.com/view/photo/s_ratio_poster/public/p2282580019.webp,https://movie.douban.com/subject/3868335/,https://search.douban.com/movie/subject_search?search_text=%E7%AB%A5%E5%B9%B4%E5%8A%A8%E7%94%BB&cat=1002&start=165,window.__DATA__,search_subject
173,12,165,1441802,超级肥皂‎ (1986),9.0,19274,4.5,['可播放'],False,中国大陆 / 喜剧 / 动画 / 短片 / Super Soap / 6分钟,徐景达 / 马克宣,https://img3.doubanio.com/view/photo/s_ratio_poster/public/p2649088437.webp,https://movie.douban.com/subject/1441802/,https://search.douban.com/movie/subject_search?search_text=%E7%AB%A5%E5%B9%B4%E5%8A%A8%E7%94%BB&cat=1002&start=165,window.__DATA__,search_subject
174,12,165,3632505,马丁的早晨‎ (2003),9.2,37461,4.5,['剧集'],True,法国 / 中国大陆 / 儿童 / 喜剧 / 动画 / 奇幻 / 冒险 / 家庭 / Martin Morning / 12分钟,张天晓 / 杰克·布多圈 / 姚培华 / 范蕾颖 / 杨梦露 / 洪海天 / 王肖兵,https://img1.doubanio.com/view/photo/s_ratio_poster/public/p2913959160.webp,https://movie.douban.com/subject/3632505/,https://search.douban.com/movie/subject_search?search_text=%E7%AB%A5%E5%B9%B4%E5%8A%A8%E7%94%BB&cat=1002&start=165,window.__DATA__,search_subject
175,12,165,2272384,蝙蝠侠：动画版 第一季 Batman: The Animated Series Season 1‎ (1992),9.2,5371,4.5,"['剧集', '可播放']",True,美国 / 动画 / 动作 / 犯罪 / 剧情 / 家庭 / 奇幻 / 悬疑 / 惊悚 / Batman: The Animated Series / 22分钟,Kevin Altieri / Boyd Kirkland / Frank Paur / Dan Riba / Dick Sebast / Bill Finger / 凯文·康瑞 / 马克·哈米尔 / 亚当·韦斯特 / 朗·普尔曼 / 小艾德·博格里 / 伊丽莎白·莫斯,https://img9.doubanio.com/view/photo/s_ratio_poster/public/p2502053084.webp,https://movie.douban.com/subject/2272384/,https://search.douban.com/movie/subject_search?search_text=%E7%AB%A5%E5%B9%B4%E5%8A%A8%E7%94%BB&cat=1002&start=165,window.__DATA__,search_subject
176,12,165,2264563,爱迪奥特曼 ウルトラマン80‎ (1980),8.7,11107,4.5,"['剧集', '可播放']",True,日本 / 剧情 / 儿童 / 动作 / 科幻 / 奇幻 / 冒险 / 艾迪奥特曼 / 我的囧老师是奥特曼 / 30分钟,汤浅宪明 / 大门正明 / 屋良有作 / 长谷川初范 / 中山仁 / 石田惠理 / 萩原佐代子 / 佐原健二 / 石松葛兹,https://img1.doubanio.com/view/photo/s_ratio_poster/public/p2219729819.webp,https://movie.douban.com/subject/2264563/,https://search.douban.com/movie/subject_search?search_text=%E7%AB%A5%E5%B9%B4%E5%8A%A8%E7%94%BB&cat=1002&start=165,window.__DATA__,search_subject
177,12,165,1470189,蓝宝石之谜 ふしぎの海のナディア‎ (1990),9.0,9368,4.5,['剧集'],True,日本 / 剧情 / 动画 / 冒险 / 海底两万里 / 不可思议的海之娜蒂亚 / 25分钟,庵野秀明 / 樋口真嗣 / 摩砂雪 / 前田真宏 / 米谷良知 / 高山文彦 / 舛成孝二 / 红优 / 森健 / 神谷纯 / 萨川昭夫 / 粟井重纪 / 增尾昭一 / 洼冈俊之 / 鹰森淑乃 / 日高范子 / 水谷优子 / 大塚明夫 / 井上喜久子 / 泷泽久美子 / 堀内贤雄 / 樱井敏治,https://img9.doubanio.com/view/photo/s_ratio_poster/public/p2023676836.webp,https://movie.douban.com/subject/1470189/,https://search.douban.com/movie/subject_search?search_text=%E7%AB%A5%E5%B9%B4%E5%8A%A8%E7%94%BB&cat=1002&start=165,window.__DATA__,search_subject
178,12,165,4721284,精灵宝可梦超世代 ポケットモンスター アドバンスジェネレーション‎ (2002),9.2,8576,4.5,"['剧集', '可播放']",True,日本 / 喜剧 / 动画 / 冒险 / 神奇宝贝超世代 / 宠物小精灵超世代 / 23分钟,汤山邦彦 / 日高政光 / 浅田裕二 / 须藤典彦 / 秦义人 / 嵯峨敏 / 长滨亘彦 / 渡边正彦 / 松本佳久 / 志村锭儿 / 松本梨香 / 大谷育江 / 川菜翠 / 山田恭子 / 上田祐司 / 林原惠美 / 三木真一郎 / 犬山犬子,https://img3.doubanio.com/view/photo/s_ratio_poster/public/p2920111053.webp,https://movie.douban.com/subject/4721284/,https://search.douban.com/movie/subject_search?search_text=%E7%AB%A5%E5%B9%B4%E5%8A%A8%E7%94%BB&cat=1002&start=165,window.__DATA__,search_subject
179,12,165,2085004,蓝皮鼠和大脸猫‎ (1993),7.8,36556,4.0,"['剧集', '可播放']",True,中国大陆 / 动画 / 蓝皮鼠和大脸猫 第一部 / 蓝皮鼠大脸猫 / 15分钟,尚世顺 / 王雪纯 / 李立宏,https://img2.doubanio.com/view/photo/s_ratio_poster/public/p2911022211.webp,https://movie.douban.com/subject/2085004/,https://search.douban.com/movie/subject_search?search_text=%E7%AB%A5%E5%B9%B4%E5%8A%A8%E7%94%BB&cat=1002&start=165,window.__DATA__,search_subject
180,12,165,26839582,新大头儿子和小头爸爸2一日成才‎ (2016),5.2,5179,2.5,['可播放'],False,中国大陆 / 喜剧 / 动画 / 家庭 / 新大头儿子和小头爸爸2 / 新大头儿子和小头爸爸2：一日成才 / 85分钟,何澄 / 张振益 / 刘纯燕 / 董浩 / 鞠萍 / 林永健 / 林大竣 / 郏捷 / 何子然 / 陈苏,https://img1.doubanio.com/view/photo/s_ratio_poster/public/p2369678279.webp,https://movie.douban.com/subject/26839582/,https://search.douban.com/movie/subject_search?search_text=%E7%AB%A5%E5%B9%B4%E5%8A%A8%E7%94%BB&cat=1002&start=165,window.__DATA__,search_subject
181,13,180,25715365,成龙历险记 第四季 Jackie Chan Adventures Season 4‎ (2003),9.5,26710,5.0,"['剧集', '可播放']",True,美国 / 中国香港 / 动画 / 奇幻 / 家庭 / 22分钟,成龙 / 詹姆士·谢 / 夏野萨博,https://img1.doubanio.com/view/photo/s_ratio_poster/public/p2548566619.webp,https://movie.douban.com/subject/25715365/,https://search.douban.com/movie/subject_search?search_text=%E7%AB%A5%E5%B9%B4%E5%8A%A8%E7%94%BB&cat=1002&start=180,window.__DATA__,search_subject
182,13,180,5041037,迪迦奥特曼外传 远古复苏的巨人 ウルトラマンティガ外伝 古代に蘇る巨人‎ (2001),8.1,6413,4.0,[],False,日本 / 剧情 / 动作 / Ultraman Tiga Gaiden: Revival of the Ancient Giant / 超人迪加外传 在古代苏醒的巨人 / 58分钟,村石宏貴 / 山口翔吾 / 山崎ゆり / 上條誠 / 大滝明利 / 高樹澪,https://img1.doubanio.com/view/photo/s_ratio_poster/public/p2589884620.webp,https://movie.douban.com/subject/5041037/,https://search.douban.com/movie/subject_search?search_text=%E7%AB%A5%E5%B9%B4%E5%8A%A8%E7%94%BB&cat=1002&start=180,window.__DATA__,search_subject
183,13,180,1845639,铁臂阿童木 鉄腕アトム‎ (1963),8.7,32479,4.5,"['剧集', '可播放']",True,日本 / 动画 / 家庭 / 奇幻 / 科幻 / 冒险 / 原子小金刚 / Tetsuwan atomu / 30分钟,手冢治虫 / 林太郎 / 杉井仪三郎 / 山本映一 / 出崎统 / 富野由悠季 / 西牧秀雄 / 杉山卓 / 清水真理 / 胜田久,https://img9.doubanio.com/view/photo/s_ratio_poster/public/p2509134004.webp,https://movie.douban.com/subject/1845639/,https://search.douban.com/movie/subject_search?search_text=%E7%AB%A5%E5%B9%B4%E5%8A%A8%E7%94%BB&cat=1002&start=180,window.__DATA__,search_subject
184,13,180,1458904,哆啦A梦：大雄与银河超特急 ドラえもん のび太と銀河超特急‎ (1996),8.7,8305,4.5,['可播放'],False,日本 / 科幻 / 动画 / 冒险 / Doraemon: Nobita to Ginga ekusupuresu / 99分钟,芝山努 / 大山羡代 / 小原乃梨子 / 立壁和也 / 肝付兼太 / 野村道子 / 盐泽兼人 / 伊仓一惠 / 真殿光昭,https://img3.doubanio.com/view/photo/s_ratio_poster/public/p2520702177.webp,https://movie.douban.com/subject/1458904/,https://search.douban.com/movie/subject_search?search_text=%E7%AB%A5%E5%B9%B4%E5%8A%A8%E7%94%BB&cat=1002&start=180,window.__DATA__,search_subject
185,13,180,25715362,成龙历险记 第二季 Jackie Chan Adventures Season 2‎ (2001),9.4,33361,4.5,['剧集'],True,美国 / 中国香港 / 动画 / 奇幻 / 家庭 / 22分钟,成龙 / 詹姆士·谢 / 夏野萨博,https://img9.doubanio.com/view/photo/s_ratio_poster/public/p2152803944.webp,https://movie.douban.com/subject/25715362/,https://search.douban.com/movie/subject_search?search_text=%E7%AB%A5%E5%B9%B4%E5%8A%A8%E7%94%BB&cat=1002&start=180,window.__DATA__,search_subject
186,13,180,2148677,小糊涂神‎ (1997),7.5,23243,4.0,['剧集'],True,中国大陆 / 动画 / 小糊涂神 / 12分钟,孙哲 / 韩力 / 王晓燕 / 杨光,https://img3.doubanio.com/view/photo/s_ratio_poster/public/p2571390107.webp,https://movie.douban.com/subject/2148677/,https://search.douban.com/movie/subject_search?search_text=%E7%AB%A5%E5%B9%B4%E5%8A%A8%E7%94%BB&cat=1002&start=180,window.__DATA__,search_subject
187,13,180,1431716,曹冲称象‎ (1982),7.8,25926,4.0,['可播放'],False,中国大陆 / 动画 / 短片 / Cao Chong Cheng Xiang / 16分钟,刘蕙仪,https://img3.doubanio.com/view/photo/s_ratio_poster/public/p2607684152.webp,https://movie.douban.com/subject/1431716/,https://search.douban.com/movie/subject_search?search_text=%E7%AB%A5%E5%B9%B4%E5%8A%A8%E7%94%BB&cat=1002&start=180,window.__DATA__,search_subject
188,13,180,4287117,奥林匹斯星传 그리스 로마 신화 올림포스 가디언‎ (2002),9.5,27703,5.0,['剧集'],True,韩国 / 动画 / 奇幻 / 希腊封神榜 / 奥林匹斯星传 / 20分钟,倪康 / 姚培华 / 王肖兵,https://img9.doubanio.com/view/photo/s_ratio_poster/public/p1444653174.webp,https://movie.douban.com/subject/4287117/,https://search.douban.com/movie/subject_search?search_text=%E7%AB%A5%E5%B9%B4%E5%8A%A8%E7%94%BB&cat=1002&start=180,window.__DATA__,search_subject
189,13,180,1458894,哆啦A梦：大雄与铁人兵团 ドラえもん のび太と鉄人兵団‎ (1986),8.7,10073,4.5,['可播放'],False,日本 / 科幻 / 动画 / 冒险 / 哆啦A夢：大雄与铁人兵团 / 哆啦A梦：大雄与铁人兵团 / 97分钟,芝山努 / 大山羡代 / 小原乃梨子 / 立壁和也 / 肝付兼太 / 野村道子 / 熊仓一雄,https://img3.doubanio.com/view/photo/s_ratio_poster/public/p2520700067.webp,https://movie.douban.com/subject/1458894/,https://search.douban.com/movie/subject_search?search_text=%E7%AB%A5%E5%B9%B4%E5%8A%A8%E7%94%BB&cat=1002&start=180,window.__DATA__,search_subject
190,13,180,1431945,老狼请客‎ (1980),8.2,20026,4.0,['可播放'],False,中国大陆 / 动画 / 短片 / 10分钟,阎善春,https://img3.doubanio.com/view/photo/s_ratio_poster/public/p2649056383.webp,https://movie.douban.com/subject/1431945/,https://search.douban.com/movie/subject_search?search_text=%E7%AB%A5%E5%B9%B4%E5%8A%A8%E7%94%BB&cat=1002&start=180,window.__DATA__,search_subject
191,13,180,1466085,龙子太郎 龍の子太郎‎ (1979),8.7,4726,4.5,[],False,日本 / 动画 / 奇幻 / 冒险 / Tatsu no ko Tarô / Taro the Dragon Boy / 75分钟,浦山桐郎 / 北村和夫 / 吉永小百合 / Junya Kato / 树木希林 / Kazuo Kumakura / 富永美伊奈,https://img3.doubanio.com/view/photo/s_ratio_poster/public/p2188460823.webp,https://movie.douban.com/subject/1466085/,https://search.douban.com/movie/subject_search?search_text=%E7%AB%A5%E5%B9%B4%E5%8A%A8%E7%94%BB&cat=1002&start=180,window.__DATA__,search_subject
192,13,180,1431946,南郭先生‎ (1981),8.2,35967,4.0,['可播放'],False,中国大陆 / 动画 / 短片 / The Story of Mr. Nanguo / 18分钟,钱家骍 / 王柏荣 / 郑拾风,https://img3.doubanio.com/view/photo/s_ratio_poster/public/p2867148803.webp,https://movie.douban.com/subject/1431946/,https://search.douban.com/movie/subject_search?search_text=%E7%AB%A5%E5%B9%B4%E5%8A%A8%E7%94%BB&cat=1002&start=180,window.__DATA__,search_subject
193,13,180,1868519,圣斗士星矢：冥王哈迪斯十二宫篇 聖闘士星矢 冥王ハーデス十二宮編‎ (2002),9.2,17937,4.5,"['剧集', '可播放']",True,日本 / 动画 / 动作 / 冒险 / 奇幻 / 科幻 / 惊悚 / 圣斗士星矢: 冥王十二宫篇 / Saint Seiya: The Hades Chapter - Sanctuary / 25分钟,山内重保 / 古谷彻 / 铃置洋孝 / 山崎巧 / 草尾毅 / 置鲇龙太郎 / 神奈延年 / 堀川亮 / Kôichi Hashimoto,https://img3.doubanio.com/view/photo/s_ratio_poster/public/p2775360892.webp,https://movie.douban.com/subject/1868519/,https://search.douban.com/movie/subject_search?search_text=%E7%AB%A5%E5%B9%B4%E5%8A%A8%E7%94%BB&cat=1002&start=180,window.__DATA__,search_subject
194,13,180,1458897,哆啦A梦：大雄的日本诞生 ドラえもん のび太の日本誕生‎ (1989),8.6,13038,4.5,['可播放'],False,日本 / 科幻 / 动画 / 冒险 / 哆啦A梦：大雄与日本诞生 / Doraemon: Nobita no Nihon tanjô / 100分钟,芝山努 / 大山羡代 / 小原乃梨子 / 野村道子 / 立壁和也 / 肝付兼太,https://img3.doubanio.com/view/photo/s_ratio_poster/public/p2520700977.webp,https://movie.douban.com/subject/1458897/,https://search.douban.com/movie/subject_search?search_text=%E7%AB%A5%E5%B9%B4%E5%8A%A8%E7%94%BB&cat=1002&start=180,window.__DATA__,search_subject
195,13,180,1507332,天线宝宝 Teletubbies‎ (1997),8.4,23697,4.0,"['剧集', '可播放']",True,英国 / 奇幻 / 歌舞 / 天线得得B / 25分钟,Vic Finch/David Hiller / 李康敏 / 埃里克·赛克斯 / 托亚·威尔考克斯 / 桑德拉·迪金森 / 约翰·施瓦布 / 鲁道夫·沃克尔 / 佩内洛普·凯兹 / 罗尔夫·萨克森,https://img2.doubanio.com/view/photo/s_ratio_poster/public/p2624838091.webp,https://movie.douban.com/subject/1507332/,https://search.douban.com/movie/subject_search?search_text=%E7%AB%A5%E5%B9%B4%E5%8A%A8%E7%94%BB&cat=1002&start=180,window.__DATA__,search_subject
196,14,195,4223337,老夫子‎ (1981),8.1,6170,4.0,['可播放'],False,中国香港 / 喜剧 / 动画 / 七彩卡通老夫子 / Older Master Q / 80分钟,谢金涂 / 蔡志忠 / 胡树儒 / 陈曙光 / 黄端 / 金贵 / 武莉 / 古铮,https://img1.doubanio.com/view/photo/s_ratio_poster/public/p2359590509.webp,https://movie.douban.com/subject/4223337/,https://search.douban.com/movie/subject_search?search_text=%E7%AB%A5%E5%B9%B4%E5%8A%A8%E7%94%BB&cat=1002&start=195,window.__DATA__,search_subject
197,14,195,1856522,企鹅家族第一季 Pingu Season 1‎ (1986),9.4,12112,4.5,"['剧集', '可播放']",True,瑞士 / 英国 / 动画 / 家庭 / 企鹅家族系列动画片 / 5分钟,Otmar Gutmann / Marianne Noser / Marcello Magni / David Sant,https://img1.doubanio.com/view/photo/s_ratio_poster/public/p2177924118.webp,https://movie.douban.com/subject/1856522/,https://search.douban.com/movie/subject_search?search_text=%E7%AB%A5%E5%B9%B4%E5%8A%A8%E7%94%BB&cat=1002&start=195,window.__DATA__,search_subject
198,14,195,2032212,OZ国历险记 オズの魔法使い‎ (1986),8.4,11075,4.0,['剧集'],True,日本 / 动画 / 奇幻 / 绿野仙踪 / 奥兹国历险记 / 21分钟,殿河内勝 / 斉藤博 / 岛本须美 / 依田英助 / 北浜晴子 / 安原义人 / 神山卓三 / 永井一郎,https://img9.doubanio.com/view/photo/s_ratio_poster/public/p2518078825.webp,https://movie.douban.com/subject/2032212/,https://search.douban.com/movie/subject_search?search_text=%E7%AB%A5%E5%B9%B4%E5%8A%A8%E7%94%BB&cat=1002&start=195,window.__DATA__,search_subject
199,14,195,1300863,罗宾汉 Robin Hood‎ (1973),8.2,4540,4.0,['可播放'],False,美国 / 动画 / 冒险 / 家庭 / 爱情 / 侠盗罗宾汉 / 罗宾汉 / 83分钟,沃夫冈·雷瑟曼 / 戴维·汉德 / Roger Miller / 彼得·乌斯蒂诺夫 / 特里-托马斯 / Brian Bedford / 菲尔·哈里斯 / 安迪·德怀恩 / 卡罗尔·谢利 / Pat Buttram,https://img2.doubanio.com/view/photo/s_ratio_poster/public/p851340621.webp,https://movie.douban.com/subject/1300863/,https://search.douban.com/movie/subject_search?search_text=%E7%AB%A5%E5%B9%B4%E5%8A%A8%E7%94%BB&cat=1002&start=195,window.__DATA__,search_subject
200,14,195,25715367,成龙历险记 第五季 Jackie Chan Adventures Season 5‎ (2004),9.5,27801,5.0,"['剧集', '可播放']",True,美国 / 中国香港 / 动画 / 奇幻 / 家庭 / 22分钟,成龙 / 詹姆士·谢 / 夏野萨博,https://img1.doubanio.com/view/photo/s_ratio_poster/public/p2550461549.webp,https://movie.douban.com/subject/25715367/,https://search.douban.com/movie/subject_search?search_text=%E7%AB%A5%E5%B9%B4%E5%8A%A8%E7%94%BB&cat=1002&start=195,window.__DATA__,search_subject
201,14,195,4216624,数码宝贝大冒险：我们的战争游戏！ デジモンアドベンチャー ぼくらのウォーゲーム!‎ (2000),8.9,8714,4.5,['可播放'],False,日本 / 动画 / 冒险 / 科幻 / Dejimon adobenchâ - Bokura no war game / Digimon Adventure: Our War Game / 41分钟,细田守 / 藤田淑子 / 水谷优子 / 风间勇刀 / 天神有海 / 前田爱 / 小西宽子 / 菊池正美 / 荒木香惠,https://img9.doubanio.com/view/photo/s_ratio_poster/public/p2562994505.webp,https://movie.douban.com/subject/4216624/,https://search.douban.com/movie/subject_search?search_text=%E7%AB%A5%E5%B9%B4%E5%8A%A8%E7%94%BB&cat=1002&start=195,window.__DATA__,search_subject
202,14,195,1872374,恐龙特急克塞号 恐竜戦隊コセイドン‎ (1978),8.2,12341,4.0,['剧集'],True,日本 / 剧情 / 科幻 / 冒险 / 恐龙战队 / Dinosaur Taskforce Koseidon / 30分钟,外山徹 / 东条昭平 / 平山公夫 / 大西彻哉 / 佐藤蛾次郎 / 三景啓司 / 一条みゆ希 / 川崎たか子 / 草野大悟 / 村野奈々美 / 観世栄夫,https://img1.doubanio.com/view/photo/s_ratio_poster/public/p2499878599.webp,https://movie.douban.com/subject/1872374/,https://search.douban.com/movie/subject_search?search_text=%E7%AB%A5%E5%B9%B4%E5%8A%A8%E7%94%BB&cat=1002&start=195,window.__DATA__,search_subject
203,14,195,25928048,哆啦A梦：大雄的宇宙英雄记 映画ドラえもん のび太の宇宙英雄記‎ (2015),7.1,8474,3.5,['可播放'],False,日本 / 剧情 / 科幻 / Doraemon: Nobita's Space Heroes / Doraemon The Super Star 2015 / 101分钟,大杉宜弘 / 水田山葵 / 大原惠美 / 嘉数由美 / 木村昴 / 关智一 / 三石琴乃 / 竹内都子 / 井上麻里奈,https://img3.doubanio.com/view/photo/s_ratio_poster/public/p2371784693.webp,https://movie.douban.com/subject/25928048/,https://search.douban.com/movie/subject_search?search_text=%E7%AB%A5%E5%B9%B4%E5%8A%A8%E7%94%BB&cat=1002&start=195,window.__DATA__,search_subject
204,14,195,1296585,精灵宝可梦：结晶塔的帝王 劇場版ポケットモンスター 結晶塔の帝王 ENTEI‎ (2000),7.7,6307,4.0,['可播放'],False,日本 / 动作 / 科幻 / 动画 / 奇幻 / 冒险 / 家庭 / 结晶塔的帝王 炎帝 / Pocket Monsters: Lord of the Unknown Tower / 73分钟,汤山邦彦 / 松本梨香 / 大谷育江 / 石冢运升 / 饭冢雅弓 / 上田祐司 / 关智一 / 矢岛晶子 / 林原惠美,https://img1.doubanio.com/view/photo/s_ratio_poster/public/p2616959790.webp,https://movie.douban.com/subject/1296585/,https://search.douban.com/movie/subject_search?search_text=%E7%AB%A5%E5%B9%B4%E5%8A%A8%E7%94%BB&cat=1002&start=195,window.__DATA__,search_subject
205,14,195,2059529,忍者乱太郎 忍たま乱太郎‎ (1993),8.9,24120,4.5,['剧集'],True,日本 / 动画 / にんたまらんたろう / Nintama Rantaro / 26分钟,芝山努 / 河內日出夫 / 高山南 / 田中真弓 / 一龙斋贞友 / 松井摩味 / 佐藤智惠 / 江森浩子 / 小林优子,https://img3.doubanio.com/view/photo/s_ratio_poster/public/p2299153633.webp,https://movie.douban.com/subject/2059529/,https://search.douban.com/movie/subject_search?search_text=%E7%AB%A5%E5%B9%B4%E5%8A%A8%E7%94%BB&cat=1002&start=195,window.__DATA__,search_subject
206,14,195,22735528,神兵小将1 上部‎ (2007),9.1,40957,4.5,"['剧集', '可播放']",True,中国大陆 / 中国香港 / 儿童 / 动作 / 动画 / 奇幻 / 冒险 / 神兵小英雄 / 神兵小将 第一部 / 22分钟,黄玉郎 / 方锦历 / 刘彦婷 / 马小冀 / 刘旭莹 / 杨莹 / 吴晓蕾 / 王凯,https://img1.doubanio.com/view/photo/s_ratio_poster/public/p2603922030.webp,https://movie.douban.com/subject/22735528/,https://search.douban.com/movie/subject_search?search_text=%E7%AB%A5%E5%B9%B4%E5%8A%A8%E7%94%BB&cat=1002&start=195,window.__DATA__,search_subject
207,14,195,2136181,大草原上的小老鼠‎ (1996),8.3,32825,4.0,"['剧集', '可播放']",True,美国 / 中国大陆 / 儿童 / 动画 / Little Mouse on the Prairie / 12分钟,王力平 / 王强 / 庄正斌 / 广定宪 / 劳伦 / 卡东 / 吴福漳 / 陆成法 / 林文肖 / 姚光华 / 顾建国 / 曾毅刚 / 邹赫威 / 滕腾 / 房露 / 薛白 / 田二喜 / 白玉林 / 高扬,https://img3.doubanio.com/view/photo/s_ratio_poster/public/p2554017743.webp,https://movie.douban.com/subject/2136181/,https://search.douban.com/movie/subject_search?search_text=%E7%AB%A5%E5%B9%B4%E5%8A%A8%E7%94%BB&cat=1002&start=195,window.__DATA__,search_subject
208,14,195,1458896,哆啦A梦：大雄的平行西游记 ドラえもん のび太のパラレル西遊記‎ (1988),8.1,12125,4.0,['可播放'],False,日本 / 科幻 / 动画 / 冒险 / 机器猫：乃比太的同次元西游记 / Doraemon: Nobita no Parareru saiyûki / 91分钟,芝山努 / 大山羡代 / 小原乃梨子 / 野村道子 / 立壁和也 / 肝付兼太 / 千千松幸子 / 加藤正之 / 横泽启子,https://img2.doubanio.com/view/photo/s_ratio_poster/public/p2896884631.webp,https://movie.douban.com/subject/1458896/,https://search.douban.com/movie/subject_search?search_text=%E7%AB%A5%E5%B9%B4%E5%8A%A8%E7%94%BB&cat=1002&start=195,window.__DATA__,search_subject
209,14,195,33387267,我和吸铁石和一个死去的朋友‎ (2019),7.8,13392,4.0,['可播放'],False,中国大陆 / 动画 / 短片 / Me and My Magnet and My Dead Friend / 13分钟,刘毛宁,https://img3.doubanio.com/view/photo/s_ratio_poster/public/p2564382993.webp,https://movie.douban.com/subject/33387267/,https://search.douban.com/movie/subject_search?search_text=%E7%AB%A5%E5%B9%B4%E5%8A%A8%E7%94%BB&cat=1002&start=195,window.__DATA__,search_subject
210,14,195,26282454,游戏王：次元的黑暗面 遊☆戯☆王 THE DARK SIDE OF DIMENSIONS‎ (2016),8.3,7010,4.0,[],False,日本 / 剧情 / 动画 / 奇幻 / 冒险 / 游戏王剧场版：次元的黑暗面(港) / 游戏王：次元之暗面 / 130分钟,桑原智 / 风间俊介 / 津田健次郎 / 花泽香菜 / 日野聪 / 斋藤真纪 / 高桥广树 / 菊池英博 / 竹内顺子,https://img1.doubanio.com/view/photo/s_ratio_poster/public/p2391551700.webp,https://movie.douban.com/subject/26282454/,https://search.douban.com/movie/subject_search?search_text=%E7%AB%A5%E5%B9%B4%E5%8A%A8%E7%94%BB&cat=1002&start=195,window.__DATA__,search_subject
211,15,210,25955412,数码宝贝大冒险tri. 第1章：再会 デジモンアドベンチャー tri. 第1章 再会‎ (2015),6.9,9413,3.5,['可播放'],False,日本 / 动画 / 奇幻 / 冒险 / デジモンアドベンチャー 世界中の“選ばれし子どもたち”へ / Digimon Adventure tri. Chapter 1: Reunion / 87分钟,元永庆太郎 / 花江夏树 / 三森铃子 / 细谷佳正 / 田村睦心 / 吉田仁美 / 池田纯矢 / 榎木淳弥 / 市道真央,https://img3.doubanio.com/view/photo/s_ratio_poster/public/p2232020973.webp,https://movie.douban.com/subject/25955412/,https://search.douban.com/movie/subject_search?search_text=%E7%AB%A5%E5%B9%B4%E5%8A%A8%E7%94%BB&cat=1002&start=210,window.__DATA__,search_subject
212,15,210,30190607,钢铁飞龙之奥特曼崛起‎ (2019),3.1,3864,1.5,['可播放'],False,中国大陆 / 动作 / 科幻 / 动画 / Dragon Force-Rise of Ultraman / 90分钟,王巍,https://img9.doubanio.com/view/photo/s_ratio_poster/public/p2544885346.webp,https://movie.douban.com/subject/30190607/,https://search.douban.com/movie/subject_search?search_text=%E7%AB%A5%E5%B9%B4%E5%8A%A8%E7%94%BB&cat=1002&start=210,window.__DATA__,search_subject
213,15,210,1860582,三眼神童 悪魔島のプリンス 三つ目がとおる‎ (1985),8.4,12716,4.0,[],False,日本 / 动画 / 三眼神童 / 恶魔岛的王子：三眼神童 / 85分钟,芹川有吾 / 岸野一彦 / 松井菜樱子 / 石田彰 / 绪方贤一 / 藤田淑子 / 高岛雅罗,https://img1.doubanio.com/view/photo/s_ratio_poster/public/p2554491718.webp,https://movie.douban.com/subject/1860582/,https://search.douban.com/movie/subject_search?search_text=%E7%AB%A5%E5%B9%B4%E5%8A%A8%E7%94%BB&cat=1002&start=210,window.__DATA__,search_subject
214,15,210,2149802,阿尔卑斯山的少女 アルプスの少女ハイジ‎ (1974),9.3,10087,4.5,['剧集'],True,日本 / 动画 / 飘零燕 / 小天使 / 28分钟,高畑勋 / 早川启二 / 横田和善 / 杉山佳寿子 / 宫内幸平 / 中西妙子 / 小原乃梨子 / 丸山裕子 / 坪井章子 / 吉田理保子 / 麻生美代子,https://img3.doubanio.com/view/photo/s_ratio_poster/public/p740322053.webp,https://movie.douban.com/subject/2149802/,https://search.douban.com/movie/subject_search?search_text=%E7%AB%A5%E5%B9%B4%E5%8A%A8%E7%94%BB&cat=1002&start=210,window.__DATA__,search_subject
215,15,210,1886877,鹿铃‎ (1982),8.9,5436,4.5,['可播放'],False,中国大陆 / 动画 / 短片 / 20分钟,唐澄 / 邬强,https://img1.doubanio.com/view/photo/s_ratio_poster/public/p2358520628.webp,https://movie.douban.com/subject/1886877/,https://search.douban.com/movie/subject_search?search_text=%E7%AB%A5%E5%B9%B4%E5%8A%A8%E7%94%BB&cat=1002&start=210,window.__DATA__,search_subject
216,15,210,2147055,飞天小女警 第一季 The Powerpuff Girls Season 1‎ (1998),8.7,38043,4.5,"['剧集', '可播放']",True,美国 / 喜剧 / 动作 / 动画 / CN原创之飞天小女警 / 30分钟,克雷格·迈克科雷肯 / 塔拉·斯特朗 / 伊丽莎白·戴利 / 汤姆·凯恩,https://img3.doubanio.com/view/photo/s_ratio_poster/public/p2554080552.webp,https://movie.douban.com/subject/2147055/,https://search.douban.com/movie/subject_search?search_text=%E7%AB%A5%E5%B9%B4%E5%8A%A8%E7%94%BB&cat=1002&start=210,window.__DATA__,search_subject
217,15,210,2138382,Q版猫和老鼠 Tom and Jerry Kids Show‎ (1990),9.2,45743,4.5,"['剧集', '可播放']",True,美国 / 动画 / 喜剧 / 家庭 / 小猫和小鼠 / Q版猫和老鼠 / 30分钟,,https://img3.doubanio.com/view/photo/s_ratio_poster/public/p2554076397.webp,https://movie.douban.com/subject/2138382/,https://search.douban.com/movie/subject_search?search_text=%E7%AB%A5%E5%B9%B4%E5%8A%A8%E7%94%BB&cat=1002&start=210,window.__DATA__,search_subject
218,15,210,2174533,蜘蛛侠 第一季 Spider-Man Season 1‎ (1994),8.5,10939,4.5,"['剧集', '可播放']",True,美国 / 动画 / 蜘蛛俠动画版 / 23分钟,Gerry Conway / 斯坦·伯克维茨 / John Semper / Christopher Daniel Barnes / Linda Gary / Sara Ballantine / Gary Imhoff / Edward Asner / Roscoe Lee Browne / Jennifer Hale,https://img9.doubanio.com/view/photo/s_ratio_poster/public/p2555926955.webp,https://movie.douban.com/subject/2174533/,https://search.douban.com/movie/subject_search?search_text=%E7%AB%A5%E5%B9%B4%E5%8A%A8%E7%94%BB&cat=1002&start=210,window.__DATA__,search_subject
219,15,210,1458903,哆啦A梦：大雄的创世日记 ドラえもん のび太の創世日記‎ (1995),8.6,9331,4.5,['可播放'],False,日本 / 科幻 / 动画 / 冒险 / 哆啦A梦剧场版1995：大雄的创世纪日记 / Doraemon: Nobita's Genesis Diary / 98分钟,芝山努 / 大山羡代 / 小原乃梨子 / 野村道子 / 立壁和也 / 肝付兼太 / 千千松幸子 / 中岛和男 / 白川澄子,https://img3.doubanio.com/view/photo/s_ratio_poster/public/p2520701997.webp,https://movie.douban.com/subject/1458903/,https://search.douban.com/movie/subject_search?search_text=%E7%AB%A5%E5%B9%B4%E5%8A%A8%E7%94%BB&cat=1002&start=210,window.__DATA__,search_subject
220,15,210,1441946,丁丁历险记 第一季 The Adventures of Tintin Season 1‎ (1991),9.1,17417,4.5,"['剧集', '可播放']",True,法国 / 加拿大 / 比利时 / 美国 / 动画 / 冒险 / Les Aventures de Tintin / 30分钟,Stéphane Bernasconi / Colin O'Meara / David Fox / 韦恩·罗布森 / John Stocker / Dan Hennessey / 苏珊·罗曼,https://img3.doubanio.com/view/photo/s_ratio_poster/public/p2153205937.webp,https://movie.douban.com/subject/1441946/,https://search.douban.com/movie/subject_search?search_text=%E7%AB%A5%E5%B9%B4%E5%8A%A8%E7%94%BB&cat=1002&start=210,window.__DATA__,search_subject
221,15,210,3131665,数码宝贝3：驯兽师之王 デジモンテイマーズ‎ (2001),9.1,19290,4.5,"['剧集', '可播放']",True,日本 / 动作 / 科幻 / 动画 / 惊悚 / 数码暴龙3：驯兽师之王 / 数码兽驯兽师 / 23分钟,贝泽幸男 / 折笠富美子 / 金田朋子 / 松山鹰志 / 石冢运升 / 津村真琴 / 野泽雅子 / 山口真弓 / 多田葵,https://img1.doubanio.com/view/photo/s_ratio_poster/public/p1948291048.webp,https://movie.douban.com/subject/3131665/,https://search.douban.com/movie/subject_search?search_text=%E7%AB%A5%E5%B9%B4%E5%8A%A8%E7%94%BB&cat=1002&start=210,window.__DATA__,search_subject
222,15,210,2154464,双子星公主 ふしぎ星のふたご姫‎ (2005),8.4,7317,4.0,['剧集'],True,日本 / 剧情 / 喜剧 / 爱情 / 动画 / 家庭 / 奇幻 / 冒险 / 不可思议星球的双胞胎公主 / 不思议双子星公主 / 24分钟,佐藤顺一 / 小岛惠 / 后藤邑子 / 兴梠里美 / 皆川纯子,https://img9.doubanio.com/view/photo/s_ratio_poster/public/p2518546156.webp,https://movie.douban.com/subject/2154464/,https://search.douban.com/movie/subject_search?search_text=%E7%AB%A5%E5%B9%B4%E5%8A%A8%E7%94%BB&cat=1002&start=210,window.__DATA__,search_subject
223,15,210,4067285,空想新子和千年的魔法 マイマイ新子と千年の魔法‎ (2009),7.7,9888,4.0,['可播放'],False,日本 / 剧情 / 动画 / 新子与千年魔法(台) / 空想新子与千年的魔法 / 93分钟,片渊须直 / 福田麻由子 / 水泽奈子 / 森迫永依 / 本上真奈美 / 松元环季 / 富泽风斗 / 竹本英史 / 小山刚志,https://img3.doubanio.com/view/photo/s_ratio_poster/public/p2198419957.webp,https://movie.douban.com/subject/4067285/,https://search.douban.com/movie/subject_search?search_text=%E7%AB%A5%E5%B9%B4%E5%8A%A8%E7%94%BB&cat=1002&start=210,window.__DATA__,search_subject
224,15,210,10728463,超兽武装之勇者无惧‎ (2011),9.7,24936,5.0,"['剧集', '可播放']",True,中国大陆 / 儿童 / 科幻 / 动画 / 冒险 / 超兽武装第二部 / Ultra Beast Force / 25分钟,王巍 / 祖晴 / 陆双 / 赵然 / 邓红 / 鞠月斌 / 李团 / 陈轶 / 高全胜,https://img3.doubanio.com/view/photo/s_ratio_poster/public/p2918542407.webp,https://movie.douban.com/subject/10728463/,https://search.douban.com/movie/subject_search?search_text=%E7%AB%A5%E5%B9%B4%E5%8A%A8%E7%94%BB&cat=1002&start=210,window.__DATA__,search_subject
225,15,210,1431714,小鲤鱼跳龙门‎ (1958),8.0,22166,4.0,['可播放'],False,中国大陆 / 动画 / 短片 / 儿童 / 18分钟,何玉门,https://img3.doubanio.com/view/photo/s_ratio_poster/public/p2688343693.webp,https://movie.douban.com/subject/1431714/,https://search.douban.com/movie/subject_search?search_text=%E7%AB%A5%E5%B9%B4%E5%8A%A8%E7%94%BB&cat=1002&start=210,window.__DATA__,search_subject
226,16,225,1781597,神探加杰特 第一季 Inspector Gadget Season 1‎ (1983),8.4,23945,4.0,['剧集'],True,美国 / 法国 / 加拿大 / 日本 / 中国台湾 / 动画 / 家庭 / 喜剧 / 动作 / 冒险 / 犯罪 / 悬疑 / 奇探加杰特 / G型神探 / 30分钟,Bruno Bianchi / 达沃·考克斯 / Edouard David / 雷蒙德·贾费利切 / Ken Stephenson / 唐·亚当斯 / 弗兰克·维尔克 / Bernard Carez,https://img3.doubanio.com/view/photo/s_ratio_poster/public/p2554012433.webp,https://movie.douban.com/subject/1781597/,https://search.douban.com/movie/subject_search?search_text=%E7%AB%A5%E5%B9%B4%E5%8A%A8%E7%94%BB&cat=1002&start=225,window.__DATA__,search_subject
227,16,225,26829827,蓝猫淘气3000问之恐龙时代‎ (2002),8.9,7117,4.5,"['剧集', '可播放']",True,中国大陆 / 儿童 / 科幻 / 动画 / 冒险 / 蓝猫恐龙系列 / 10分钟,唐振国 / 魏岳青 / 龚颂扬 / 杜娟 / 栗拥军 / 杨桦 / 许清平 / 唐振宇 / 黄圣皎 / 梁巍 / 段淑娟 / 许清明 / 许龙 / 唐海鹏 / 王瑶 / 颜雷鸣 / 王宏 / 雷骁 / 雷珺麟 / 张建和 / 扶梅陵 / 黄红兰 / 江莉 / 艾慕华 / 葛平 / 付以琳 / 罗沐 / 袁文君 / 刘娜,https://img2.doubanio.com/view/photo/s_ratio_poster/public/p2639384461.webp,https://movie.douban.com/subject/26829827/,https://search.douban.com/movie/subject_search?search_text=%E7%AB%A5%E5%B9%B4%E5%8A%A8%E7%94%BB&cat=1002&start=225,window.__DATA__,search_subject
228,16,225,5913021,加菲猫的幸福生活 The Garfield Show‎ (2008),9.1,12169,4.5,"['剧集', '可播放']",True,法国 / 美国 / 印度 / 新加坡 / 儿童 / 喜剧 / 动画 / 家庭 / 大食懒加菲猫(港) / 25分钟,Philippe Vidal / 弗兰克·维尔克 / 瓦利·维吉尔特 / 格雷格·白尔杰,https://img3.doubanio.com/view/photo/s_ratio_poster/public/p2199527582.webp,https://movie.douban.com/subject/5913021/,https://search.douban.com/movie/subject_search?search_text=%E7%AB%A5%E5%B9%B4%E5%8A%A8%E7%94%BB&cat=1002&start=225,window.__DATA__,search_subject
229,16,225,25715364,成龙历险记 第三季 Jackie Chan Adventures Season 3‎ (2002),9.5,28690,5.0,"['剧集', '可播放']",True,美国 / 中国香港 / 动画 / 奇幻 / 家庭 / 22分钟,成龙 / 詹姆士·谢 / 夏野萨博,https://img9.doubanio.com/view/photo/s_ratio_poster/public/p2546212236.webp,https://movie.douban.com/subject/25715364/,https://search.douban.com/movie/subject_search?search_text=%E7%AB%A5%E5%B9%B4%E5%8A%A8%E7%94%BB&cat=1002&start=225,window.__DATA__,search_subject
230,16,225,35034171,西行纪之再见悟空‎ (2020),6.2,7564,3.0,['可播放'],False,中国大陆 / 动作 / 动画 / 奇幻 / 西游之再见悟空(港) / 西行纪剧场版 / 65分钟,钟沐龙 / 樊俊航 / 萧清源 / 刘北辰 / 夏磊 / 张杰 / 吴磊 / 孟祥龙 / 孙晔,https://img9.doubanio.com/view/photo/s_ratio_poster/public/p2596182476.webp,https://movie.douban.com/subject/35034171/,https://search.douban.com/movie/subject_search?search_text=%E7%AB%A5%E5%B9%B4%E5%8A%A8%E7%94%BB&cat=1002&start=225,window.__DATA__,search_subject
231,16,225,4707882,铁胆火车侠 超特急ヒカリアン‎ (1997),8.2,19386,4.0,['剧集'],True,日本 / 剧情 / 动画 / 电光快车侠 / Japan Hikarian Railroad / 30分钟,广川和之 / 新田义方 / 金田伊功 / 越智一裕 / 龟垣一 / 山口赖房 / 大关雅幸 / 吉川浩司 / 石堂宏之 / 饭岛正胜 / 御厨恭辅 / 藤本次朗 / 早川启二 / 雄谷将仁 / 日下直义 / 松村康弘 / 山崎友正 / 大町繁 / 岛崎遥 / 卷口久美子 / 藤原明里 / 成田剑 / 铃木胜美 / 原泽晃绮 / 加势田进 / 横田荣治,https://img9.doubanio.com/view/photo/s_ratio_poster/public/p2305881594.webp,https://movie.douban.com/subject/4707882/,https://search.douban.com/movie/subject_search?search_text=%E7%AB%A5%E5%B9%B4%E5%8A%A8%E7%94%BB&cat=1002&start=225,window.__DATA__,search_subject
232,16,225,2567998,我为歌狂‎ (2001),8.4,18598,4.0,"['剧集', '可播放']",True,中国大陆 / 剧情 / 动画 / 22分钟,胡依红 / 源唯杰 / 叶琪山 / 李晔 / 沈蕾 / 孙晔 / 沈达威 / 冯骏骅 / 陶海,https://img9.doubanio.com/view/photo/s_ratio_poster/public/p2911812084.webp,https://movie.douban.com/subject/2567998/,https://search.douban.com/movie/subject_search?search_text=%E7%AB%A5%E5%B9%B4%E5%8A%A8%E7%94%BB&cat=1002&start=225,window.__DATA__,search_subject
233,16,225,26829804,蓝猫淘气3000问之太空历险记‎ (2005),8.9,3333,4.5,"['剧集', '可播放']",True,中国大陆 / 儿童 / 科幻 / 动画 / 冒险 / 蓝猫淘气三千问航天系列 / 11分钟,唐振国 / 龚颂扬 / 魏岳青 / 扶梅陵 / 栗拥军 / 杨桦 / 朱争献 / 许清平 / 梁巍 / 段淑娟 / 邱爽 / 黄新建 / 葛平 / 付以琳 / 殷姿 / 曾令 / 王峰 Feng Wang / 袁慧敏 Huimin Yuan / 章颖智 / 刘娜,https://img9.doubanio.com/view/photo/s_ratio_poster/public/p2532809984.webp,https://movie.douban.com/subject/26829804/,https://search.douban.com/movie/subject_search?search_text=%E7%AB%A5%E5%B9%B4%E5%8A%A8%E7%94%BB&cat=1002&start=225,window.__DATA__,search_subject
234,16,225,3060442,小明和王猫‎ (2000),9.7,8925,5.0,"['剧集', '可播放']",True,中国大陆 / 动画 / 21分钟,,https://img3.doubanio.com/view/photo/s_ratio_poster/public/p1902946523.webp,https://movie.douban.com/subject/3060442/,https://search.douban.com/movie/subject_search?search_text=%E7%AB%A5%E5%B9%B4%E5%8A%A8%E7%94%BB&cat=1002&start=225,window.__DATA__,search_subject
235,16,225,2373457,怪盗圣少女 怪盗セイント・テール‎ (1995),8.5,18721,4.5,"['剧集', '可播放']",True,日本 / 冒险 / 动画 / 怪盗St. Tail(港) / 圣少女 / 20分钟,锅岛修 / 佐藤真人 / 山本泰一郎 / 棚桥一德 / 松井仁之 / 大庭秀昭 / 贞光绅也 / 冈崎幸男 / 神田直人 / 酒井伸次 / 越智一裕 / 樱井智 / 冈野浩介 / 井上喜久子 / 兴梠里美 / 永岛由子 / 森川智之 / 岩男润子 / 榎本智惠子,https://img9.doubanio.com/view/photo/s_ratio_poster/public/p2525937494.webp,https://movie.douban.com/subject/2373457/,https://search.douban.com/movie/subject_search?search_text=%E7%AB%A5%E5%B9%B4%E5%8A%A8%E7%94%BB&cat=1002&start=225,window.__DATA__,search_subject
236,16,225,1808049,小飞龙 海のトリトン‎ (1979),8.1,6140,4.0,[],False,日本 / 加拿大 / 动画 / 奇幻 / 冒险 / 海之子 / 海王子 / 74分钟,富野由悠季 / 塩谷翼 (voice) / 広川あけみ (voice) / 北浜晴子 (voice),https://img3.doubanio.com/view/photo/s_ratio_poster/public/p740285377.webp,https://movie.douban.com/subject/1808049/,https://search.douban.com/movie/subject_search?search_text=%E7%AB%A5%E5%B9%B4%E5%8A%A8%E7%94%BB&cat=1002&start=225,window.__DATA__,search_subject
237,16,225,1815504,女娲补天‎ (1985),8.1,9044,4.0,['可播放'],False,中国大陆 / 动画 / 奇幻 / 短片 / NüWa Patches Up the Sky / 10分钟,钱运达,https://img9.doubanio.com/view/photo/s_ratio_poster/public/p2649054924.webp,https://movie.douban.com/subject/1815504/,https://search.douban.com/movie/subject_search?search_text=%E7%AB%A5%E5%B9%B4%E5%8A%A8%E7%94%BB&cat=1002&start=225,window.__DATA__,search_subject
238,16,225,1431951,人参娃娃‎ (1961),8.2,21632,4.0,['可播放'],False,中国大陆 / 动画 / 短片 / 儿童 / Ginseng Baby / 26分钟,万古蟾,https://img3.doubanio.com/view/photo/s_ratio_poster/public/p2519665837.webp,https://movie.douban.com/subject/1431951/,https://search.douban.com/movie/subject_search?search_text=%E7%AB%A5%E5%B9%B4%E5%8A%A8%E7%94%BB&cat=1002&start=225,window.__DATA__,search_subject
239,16,225,3062549,雪人波利 Bouli‎ (1990),8.3,6657,4.0,['剧集'],True,法国 / 剧情 / 动画 / 雪人波利 / 28分钟,,https://img9.doubanio.com/view/photo/s_ratio_poster/public/p2225648744.webp,https://movie.douban.com/subject/3062549/,https://search.douban.com/movie/subject_search?search_text=%E7%AB%A5%E5%B9%B4%E5%8A%A8%E7%94%BB&cat=1002&start=225,window.__DATA__,search_subject
240,16,225,1305905,猫和老鼠1992电影版 Tom and Jerry: The Movie‎ (1993),7.8,4239,4.0,['可播放'],False,美国 / 动画 / 家庭 / 84分钟,菲尔·罗曼,https://img1.doubanio.com/view/photo/s_ratio_poster/public/p2585770189.webp,https://movie.douban.com/subject/1305905/,https://search.douban.com/movie/subject_search?search_text=%E7%AB%A5%E5%B9%B4%E5%8A%A8%E7%94%BB&cat=1002&start=225,window.__DATA__,search_subject
241,17,240,25980446,虹猫仗剑走天涯‎ (2008),9.3,15822,4.5,"['剧集', '可播放']",True,中国大陆 / 儿童 / 动作 / 动画 / 冒险 / 17分钟,王宏 / 付以琳 / 晏婷 / 刘蓉 / 刘娟 / 张怀武 / 肖睿 / 梁实之 / 王娜,https://img9.doubanio.com/view/photo/s_ratio_poster/public/p2199270546.webp,https://movie.douban.com/subject/25980446/,https://search.douban.com/movie/subject_search?search_text=%E7%AB%A5%E5%B9%B4%E5%8A%A8%E7%94%BB&cat=1002&start=240,window.__DATA__,search_subject
242,17,240,1794793,森林好小子 燃える！お兄さん‎ (1988),8.8,15189,4.5,['剧集'],True,日本 / 动作 / 动画 / 森林好小子 / Forest Boy / 30分钟,小林治 / 佐佐木和宏 / 红优 / 森健 / 横山广行 / 殿胜秀树 / 松园公 / 矢尾一树 / 本多知惠子 / 松冈洋子 / 池田秀一 / 屋良有作 / 速水奖 / 山本百合子 / 林原惠美,https://img9.doubanio.com/view/photo/s_ratio_poster/public/p2517830235.webp,https://movie.douban.com/subject/1794793/,https://search.douban.com/movie/subject_search?search_text=%E7%AB%A5%E5%B9%B4%E5%8A%A8%E7%94%BB&cat=1002&start=240,window.__DATA__,search_subject
243,17,240,33437509,贝肯熊2：金牌特工‎ (2021),4.5,3516,2.5,['可播放'],False,中国大陆 / 动画 / 冒险 / 特工贝肯熊2 / Agent Backkom：Kings Bear / 95分钟,张扬 / 汤水雨 / 孟子焱 / 徐佳琦 / 任亚明 / 凌振赫 / 藤新 / 高增志 / 刘芊含,https://img9.doubanio.com/view/photo/s_ratio_poster/public/p2654242565.webp,https://movie.douban.com/subject/33437509/,https://search.douban.com/movie/subject_search?search_text=%E7%AB%A5%E5%B9%B4%E5%8A%A8%E7%94%BB&cat=1002&start=240,window.__DATA__,search_subject
244,17,240,26683354,精灵宝可梦：波尔凯尼恩与机巧的玛机雅娜 ポケモン・ザ・ムービーXY&Z ボルケニオンと機巧のマギアナ‎ (2016),6.1,7561,3.0,['可播放'],False,日本 / 动画 / 奇幻 / 冒险 / 精灵宝可梦：波尔凯尼恩与机巧的玛吉安娜 / 神奇宝贝剧场版：波尔凯尼恩与机巧的玛吉安娜 / 95分钟,汤山邦彦 / 松本梨香 / 大谷育江 / 牧口真幸 / 梶裕贵 / 伊濑茉莉也 / 林原惠美 / 三木真一郎 / 犬山犬子,https://img1.doubanio.com/view/photo/s_ratio_poster/public/p2503056709.webp,https://movie.douban.com/subject/26683354/,https://search.douban.com/movie/subject_search?search_text=%E7%AB%A5%E5%B9%B4%E5%8A%A8%E7%94%BB&cat=1002&start=240,window.__DATA__,search_subject
245,17,240,1781621,摩登原始人 第一季 The Flintstones Season 1‎ (1960),8.7,27253,4.5,"['剧集', '可播放']",True,美国 / 动画 / 家庭 / 喜剧 / 弗林特斯通一家 / 聪明笨伯 / 30分钟,约瑟夫·巴伯拉 / 威廉·汉纳 / 艾伦·里德 / 约翰·范德·派尔 / Mel Blanc / 贝亚·本德雷 / John Stephenson / Gerry Johnson,https://img1.doubanio.com/view/photo/s_ratio_poster/public/p2508642899.webp,https://movie.douban.com/subject/1781621/,https://search.douban.com/movie/subject_search?search_text=%E7%AB%A5%E5%B9%B4%E5%8A%A8%E7%94%BB&cat=1002&start=240,window.__DATA__,search_subject
246,17,240,10491640,甜心格格‎ (2011),9.2,16947,4.5,"['剧集', '可播放']",True,中国大陆 / 儿童 / 动画,彭雪梅 / 廖琦 / 史旭杰 / 田欣伟 / 王睿祥 / 陈萃 / 刘洋 / 王天水 / 徐欣,https://img3.doubanio.com/view/photo/s_ratio_poster/public/p2258145822.webp,https://movie.douban.com/subject/10491640/,https://search.douban.com/movie/subject_search?search_text=%E7%AB%A5%E5%B9%B4%E5%8A%A8%E7%94%BB&cat=1002&start=240,window.__DATA__,search_subject
247,17,240,3074611,小虎还乡‎ (2002),8.8,18645,4.5,['剧集'],True,中国大陆 / 剧情 / 儿童 / 动画 / 冒险 / 小虎历险记 / 22分钟,陈向农 / 来栋敏 / 刘艺 / 刘海霞 / 赵阳 / 贾丽娜,https://img3.doubanio.com/view/photo/s_ratio_poster/public/p2932419617.webp,https://movie.douban.com/subject/3074611/,https://search.douban.com/movie/subject_search?search_text=%E7%AB%A5%E5%B9%B4%E5%8A%A8%E7%94%BB&cat=1002&start=240,window.__DATA__,search_subject
248,17,240,1457957,哆啦A梦：大雄的宇宙小战争 ドラえもん のび太の宇宙小戦争‎ (1985),8.6,7731,4.5,['可播放'],False,日本 / 科幻 / 动画 / 冒险 / Doraemon: Nobita no uchuu shô-sensô / 98分钟,芝山努 / 大山羡代 / 小原乃梨子 / 野村道子 / 立壁和也 / 肝付兼太 / 潘惠子 / 三矢雄二 / 八名信夫,https://img1.doubanio.com/view/photo/s_ratio_poster/public/p2520699109.webp,https://movie.douban.com/subject/1457957/,https://search.douban.com/movie/subject_search?search_text=%E7%AB%A5%E5%B9%B4%E5%8A%A8%E7%94%BB&cat=1002&start=240,window.__DATA__,search_subject
249,17,240,7051370,宇宙星神‎ (2011),9.2,7218,4.5,"['剧集', '可播放']",True,中国大陆 / 动画,马凌 / 迪路 / 莉莉 / 小安,https://img3.doubanio.com/view/photo/s_ratio_poster/public/p2598005662.webp,https://movie.douban.com/subject/7051370/,https://search.douban.com/movie/subject_search?search_text=%E7%AB%A5%E5%B9%B4%E5%8A%A8%E7%94%BB&cat=1002&start=240,window.__DATA__,search_subject
250,17,240,4016559,猪猪侠第四部：百变猪猪侠‎ (2009),7.1,3401,3.5,"['剧集', '可播放']",True,中国大陆 / 儿童 / 喜剧 / 科幻 / 动画 / 奇幻 / 百变猪猪侠 / 猪猪侠4：百变猪猪侠,王巍 / 陆双 / 祖晴 / 孙金华 / 高全胜,https://img3.doubanio.com/view/photo/s_ratio_poster/public/p2590365727.webp,https://movie.douban.com/subject/4016559/,https://search.douban.com/movie/subject_search?search_text=%E7%AB%A5%E5%B9%B4%E5%8A%A8%E7%94%BB&cat=1002&start=240,window.__DATA__,search_subject
251,17,240,1428580,阿凡提的故事之卖树荫‎ (1981),8.8,25241,4.5,[],False,中国大陆 / 动画 / 短片 / 第一集：卖树荫 / 25分钟,曲建方 / 程之 / 邱岳峰 / 毕克,https://img1.doubanio.com/view/photo/s_ratio_poster/public/p2650195850.webp,https://movie.douban.com/subject/1428580/,https://search.douban.com/movie/subject_search?search_text=%E7%AB%A5%E5%B9%B4%E5%8A%A8%E7%94%BB&cat=1002&start=240,window.__DATA__,search_subject
252,17,240,4071781,"克里蒂，童话的小屋 Kerity, la maison des contes‎ (2009)",7.9,7716,4.0,['可播放'],False,法国 / 儿童 / 动画 / 冒险 / 克里蒂，房子的故事 / 老奶奶的魔法小屋 / 74分钟,多米尼克·蒙法尼 / 让娜·莫罗 / 朱莉·加耶 / Liliane Rovère / 皮埃尔·里夏尔 / 德尼·波达利德斯 / 洛兰特·道驰 / 马修·格克齐,https://img3.doubanio.com/view/photo/s_ratio_poster/public/p2134908313.webp,https://movie.douban.com/subject/4071781/,https://search.douban.com/movie/subject_search?search_text=%E7%AB%A5%E5%B9%B4%E5%8A%A8%E7%94%BB&cat=1002&start=240,window.__DATA__,search_subject
253,17,240,1782013,啄木鸟伍迪 The Woody Woodpecker Show‎ (1957),8.6,23494,4.5,"['剧集', '可播放']",True,美国 / 动画 / 家庭 / 调皮啄木鸟 / 30分钟,杰克·汉纳 / Robert Owan / 格雷丝·斯塔福德 / 道斯·巴特勒 / Johnny Coons,https://img9.doubanio.com/view/photo/s_ratio_poster/public/p2554015455.webp,https://movie.douban.com/subject/1782013/,https://search.douban.com/movie/subject_search?search_text=%E7%AB%A5%E5%B9%B4%E5%8A%A8%E7%94%BB&cat=1002&start=240,window.__DATA__,search_subject
254,17,240,2000689,猪八戒吃瓜‎ (1958),7.8,9827,4.0,['可播放'],False,中国大陆 / 动画 / 短片 / 猪八戒吃西瓜 / Pigsy Eats Watermelon / 20分钟,万古蟾,https://img1.doubanio.com/view/photo/s_ratio_poster/public/p2169336848.webp,https://movie.douban.com/subject/2000689/,https://search.douban.com/movie/subject_search?search_text=%E7%AB%A5%E5%B9%B4%E5%8A%A8%E7%94%BB&cat=1002&start=240,window.__DATA__,search_subject
255,17,240,1300505,鹬蚌相争‎ (1984),8.2,22028,4.0,['可播放'],False,中国大陆 / 动画 / 短片 / Snipe -Clam Grapple / 10分钟,胡进庆 / 陆汝浩,https://img2.doubanio.com/view/photo/s_ratio_poster/public/p2608336611.webp,https://movie.douban.com/subject/1300505/,https://search.douban.com/movie/subject_search?search_text=%E7%AB%A5%E5%B9%B4%E5%8A%A8%E7%94%BB&cat=1002&start=240,window.__DATA__,search_subject
256,18,255,3019536,叮当猫 ポコニャン‎ (1993),8.8,9302,4.5,"['剧集', '可播放']",True,日本 / 动画 / 美琪家的叮当猫 / Pokonyan / 10分钟,笹川浩 / 原征太郎 / 大地丙太郎 / 神户守 / 岩崎良明 / 佐山圣子 / 浅田裕二 / 香川丰 / 高木真司 / 高桥幸雄 / 古川政美 / 井硲清高 / 福本洁 / 西本由纪夫 / 三田友子 / 三石琴乃 / 平松晶子 / 江原正士 / 向井真理子 / 肝付兼太 / 柏仓敦 / 小林优子,https://img1.doubanio.com/view/photo/s_ratio_poster/public/p2873183120.webp,https://movie.douban.com/subject/3019536/,https://search.douban.com/movie/subject_search?search_text=%E7%AB%A5%E5%B9%B4%E5%8A%A8%E7%94%BB&cat=1002&start=255,window.__DATA__,search_subject
257,18,255,6989761,开心宝贝之开心超人‎ (2011),8.9,11234,4.5,"['剧集', '可播放']",True,中国大陆 / 儿童 / 喜剧 / 科幻 / 动画 / 冒险 / 开心宝贝第二部,黄伟明 / 刘红韵 / 邓玉婷 / 严彦子 / 祖晴 / 高全胜,https://img1.doubanio.com/view/photo/s_ratio_poster/public/p2864739749.webp,https://movie.douban.com/subject/6989761/,https://search.douban.com/movie/subject_search?search_text=%E7%AB%A5%E5%B9%B4%E5%8A%A8%E7%94%BB&cat=1002&start=255,window.__DATA__,search_subject
258,18,255,2342538,魔动王 魔動王グランゾート‎ (1989),8.9,23427,4.5,['剧集'],True,日本 / 动画 / 光能使者 / 大无敌 / 24分钟,井内秀治 / 日高政光 / 香川丰 / 福田己津央 / 佐藤育郎 / 近藤信宏 / 松浦锭平 / 河本升悟 / 松冈洋子 / 松田辰也 / 安达忍 / 铃木玲子 / 林原惠美 / 泷泽久美子 / 子安武人 / 绪方贤一,https://img3.doubanio.com/view/photo/s_ratio_poster/public/p2896330622.webp,https://movie.douban.com/subject/2342538/,https://search.douban.com/movie/subject_search?search_text=%E7%AB%A5%E5%B9%B4%E5%8A%A8%E7%94%BB&cat=1002&start=255,window.__DATA__,search_subject
259,18,255,2932856,十二生肖‎ (1995),8.7,17825,4.5,"['剧集', '可播放']",True,中国大陆 / 剧情 / 动画 / 儿童 / 奇幻 / 十二生肖的故事 / 9分钟,沈如东 / 伍仲文 / 龚金福,https://img1.doubanio.com/view/photo/s_ratio_poster/public/p2609851628.webp,https://movie.douban.com/subject/2932856/,https://search.douban.com/movie/subject_search?search_text=%E7%AB%A5%E5%B9%B4%E5%8A%A8%E7%94%BB&cat=1002&start=255,window.__DATA__,search_subject
260,18,255,35230532,喜羊羊与灰太狼之筐出胜利‎ (2021),8.2,14301,4.0,"['剧集', '可播放']",True,中国大陆 / 动画 / 喜羊羊与灰太狼之运动英雄传 / 喜羊羊与灰太狼之筐出胜利 / 15分钟,黄俊铭 / 陈力进 / 祖晴 / 邓玉婷 / 刘红韵 / 梁颖 / 高全胜 / 李团 / 张琳 / 赵娜,https://img3.doubanio.com/view/photo/s_ratio_poster/public/p2629556552.webp,https://movie.douban.com/subject/35230532/,https://search.douban.com/movie/subject_search?search_text=%E7%AB%A5%E5%B9%B4%E5%8A%A8%E7%94%BB&cat=1002&start=255,window.__DATA__,search_subject
261,18,255,4328475,电击小子‎ (2009),8.3,21503,4.0,"['剧集', '可播放']",True,中国大陆 / 儿童 / 动作 / 科幻 / 动画 / 冒险 / 电击小子 第一季,韩峰 / 林伟涛 / 大鸟 / 赵冰冰 / 张立昆 / 李俊英 / 赵威 / 李宗强 / 李阳阳 / 谢佳 / 艾明,https://img9.doubanio.com/view/photo/s_ratio_poster/public/p2355529586.webp,https://movie.douban.com/subject/4328475/,https://search.douban.com/movie/subject_search?search_text=%E7%AB%A5%E5%B9%B4%E5%8A%A8%E7%94%BB&cat=1002&start=255,window.__DATA__,search_subject
262,18,255,1901660,逮捕令 逮捕しちゃうぞ‎ (1996),8.5,11740,4.5,['剧集'],True,日本 / 剧情 / 动画 / 警花逮捕令 / 辣妹逮捕令 / 24分钟,渡边浩 / 西村纯二 / 杉岛邦久 / 日色如夏 / 则座诚 / 菱川直树 / 上田茂 / 竹下健一 / 守冈博 / 横山广行 / 江上洁 / 清水明 / 平松晶子 / 玉川纱己子 / 小樱悦子 / 松本梨香 / 岛田敏 / 政宗一成,https://img2.doubanio.com/view/photo/s_ratio_poster/public/p2592275131.webp,https://movie.douban.com/subject/1901660/,https://search.douban.com/movie/subject_search?search_text=%E7%AB%A5%E5%B9%B4%E5%8A%A8%E7%94%BB&cat=1002&start=255,window.__DATA__,search_subject
263,18,255,3152738,数码宝贝4：无限地带 デジモンフロンティア‎ (2002),8.8,13569,4.5,"['剧集', '可播放']",True,日本 / 动画 / 动作 / 冒险 / 奇幻 / 惊悚 / 数码暴龙4：无限地带(港) / 数码宝贝最前线 / 22分钟,本乡昭由 / 竹内顺子 / 神谷浩史 / 石毛佐和 / 天田真人 / 渡边久美子 / 铃村健一,https://img1.doubanio.com/view/photo/s_ratio_poster/public/p2919720418.webp,https://movie.douban.com/subject/3152738/,https://search.douban.com/movie/subject_search?search_text=%E7%AB%A5%E5%B9%B4%E5%8A%A8%E7%94%BB&cat=1002&start=255,window.__DATA__,search_subject
264,18,255,4324445,黑猫警长电影版‎ (2010),5.8,3334,3.0,['可播放'],False,中国大陆 / 剧情 / 动画 / 黑猫警长 / 黑猫警长2010电影版 / 78分钟,戴铁郎 / 吴磊 / 李扬 / 大山 / 林妙可 / 鞠萍,https://img3.doubanio.com/view/photo/s_ratio_poster/public/p1145031933.webp,https://movie.douban.com/subject/4324445/,https://search.douban.com/movie/subject_search?search_text=%E7%AB%A5%E5%B9%B4%E5%8A%A8%E7%94%BB&cat=1002&start=255,window.__DATA__,search_subject
265,18,255,6971309,斗龙战士‎ (2011),8.4,7066,4.0,"['剧集', '可播放']",True,中国大陆 / 儿童 / 科幻 / 动画 / 冒险 / 23分钟,梁启波 / 欣怡 / 郭德欣 / 赵然 / 马子玉 / 赵昕 / 何曦 / 卞亮 / 刘思敏,https://img1.doubanio.com/view/photo/s_ratio_poster/public/p2867269188.webp,https://movie.douban.com/subject/6971309/,https://search.douban.com/movie/subject_search?search_text=%E7%AB%A5%E5%B9%B4%E5%8A%A8%E7%94%BB&cat=1002&start=255,window.__DATA__,search_subject
266,18,255,25966045,新大头儿子和小头爸爸之秘密计划‎ (2014),5.4,4597,2.5,['可播放'],False,中国大陆 / 儿童 / 动画 / 家庭 / 新大头儿子和小头爸爸大电影 / New Happy Dad and Son: Secret Plans / 80分钟,何澄 / 刘纯燕 / 董浩 / 鞠萍 / 耿晨晨 / 陈苏 / 霍小雷,https://img9.doubanio.com/view/photo/s_ratio_poster/public/p2201323126.webp,https://movie.douban.com/subject/25966045/,https://search.douban.com/movie/subject_search?search_text=%E7%AB%A5%E5%B9%B4%E5%8A%A8%E7%94%BB&cat=1002&start=255,window.__DATA__,search_subject
267,18,255,5446257,开心宝贝‎ (2010),8.9,15682,4.5,"['剧集', '可播放']",True,中国大陆 / 儿童 / 动画 / 开心超人 / 开心宝贝第一部,黄伟明 / 刘红韵 / 邓玉婷 / 严彦子 / 祖晴 / 高全胜 / 李团,https://img1.doubanio.com/view/photo/s_ratio_poster/public/p2555999919.webp,https://movie.douban.com/subject/5446257/,https://search.douban.com/movie/subject_search?search_text=%E7%AB%A5%E5%B9%B4%E5%8A%A8%E7%94%BB&cat=1002&start=255,window.__DATA__,search_subject
268,18,255,3091047,大英雄狄青‎ (2003),9.0,13449,4.5,"['剧集', '可播放']",True,中国大陆 / 剧情 / 动作 / 动画 / 历史 / 战争 / 古装 / 22分钟,沈寿林 / 吴钧 / 金峰 / 刘钦 / 王肖兵,https://img1.doubanio.com/view/photo/s_ratio_poster/public/p2589620710.webp,https://movie.douban.com/subject/3091047/,https://search.douban.com/movie/subject_search?search_text=%E7%AB%A5%E5%B9%B4%E5%8A%A8%E7%94%BB&cat=1002&start=255,window.__DATA__,search_subject
269,18,255,1845571,布雷斯塔警长 BraveStarr‎ (1987),8.2,10505,4.0,"['剧集', '可播放']",True,美国 / 动作 / 家庭 / 动画 / 科幻 / 西部 / 星际警长(台) / 30分钟,埃德·弗赖德曼 / Ernie Schmidt / 卢·卡希瓦斯 / 汤姆·塔布瑙奇斯 / 帕特·弗雷利 / 埃德·吉尔伯特 / 苏珊·布卢 / 查尔斯·阿德勒 / 艾伦·欧朋海默,https://img3.doubanio.com/view/photo/s_ratio_poster/public/p2182026337.webp,https://movie.douban.com/subject/1845571/,https://search.douban.com/movie/subject_search?search_text=%E7%AB%A5%E5%B9%B4%E5%8A%A8%E7%94%BB&cat=1002&start=255,window.__DATA__,search_subject
270,18,255,1498605,阿凡提的故事之宝驴‎ (1988),8.7,9420,4.5,[],False,中国大陆 / 动画 / 短片 / 第十一集：宝驴 / 19分钟,曲建方 / 金芳玲 / 毕克 / 邱岳峰,https://img1.doubanio.com/view/photo/s_ratio_poster/public/p2537217088.webp,https://movie.douban.com/subject/1498605/,https://search.douban.com/movie/subject_search?search_text=%E7%AB%A5%E5%B9%B4%E5%8A%A8%E7%94%BB&cat=1002&start=255,window.__DATA__,search_subject
271,19,270,2079920,足球小将J キャプテン翼J‎ (1994),8.2,21402,4.0,['剧集'],True,日本 / 动画 / 运动 / 足球小将（世青篇） / Captain Tsubasa J / 24分钟,高桥阳一 / 桧山修之 / 石田彰 / 岩男润子,https://img1.doubanio.com/view/photo/s_ratio_poster/public/p2518747849.webp,https://movie.douban.com/subject/2079920/,https://search.douban.com/movie/subject_search?search_text=%E7%AB%A5%E5%B9%B4%E5%8A%A8%E7%94%BB&cat=1002&start=270,window.__DATA__,search_subject
272,19,270,2157295,半夜鸡叫‎ (1964),7.9,18352,4.0,['可播放'],False,中国大陆 / 动画 / 短片 / Le Coq chante à minuit / 20分钟,尤磊,https://img9.doubanio.com/view/photo/s_ratio_poster/public/p2688068164.webp,https://movie.douban.com/subject/2157295/,https://search.douban.com/movie/subject_search?search_text=%E7%AB%A5%E5%B9%B4%E5%8A%A8%E7%94%BB&cat=1002&start=270,window.__DATA__,search_subject
273,19,270,1453575,阿拉蕾 Dr.スランプ‎ (1997),9.0,23871,4.5,"['剧集', '可播放']",True,日本 / 动画 / 喜剧 / IQ博士 / 怪博士与机器娃娃 / 24分钟,山内重保 / 志水淳儿 / 境宗久 / 中村哲治 / 伊藤尚往 / 藤濑顺一 / 上田芳裕 / 门田英彦 / 屋良有作 / 川田妙子 / 皆口裕子 / 泽口千惠 / 小西宽子 / 浦和惠 / 太田真一郎 / 古谷彻,https://img3.doubanio.com/view/photo/s_ratio_poster/public/p2681247522.webp,https://movie.douban.com/subject/1453575/,https://search.douban.com/movie/subject_search?search_text=%E7%AB%A5%E5%B9%B4%E5%8A%A8%E7%94%BB&cat=1002&start=270,window.__DATA__,search_subject
274,19,270,25788012,东方神娃‎ (2005),8.8,26620,4.5,['剧集'],True,中国大陆 / 儿童 / 动画 / 奇幻 / 冒险 / 东方神娃第1部,殷晓东 / 罗玉婷 / 吴磊 / 范楚绒,https://img1.doubanio.com/view/photo/s_ratio_poster/public/p2876830410.webp,https://movie.douban.com/subject/25788012/,https://search.douban.com/movie/subject_search?search_text=%E7%AB%A5%E5%B9%B4%E5%8A%A8%E7%94%BB&cat=1002&start=270,window.__DATA__,search_subject
275,19,270,2173190,太阳之子‎ (1992),6.8,17045,3.5,['剧集'],True,中国大陆 / 动画 / 威力童子 / 12分钟,阎善春 / 刘芝玲 / 王毅 / 阎青 / 唐亚男,https://img2.doubanio.com/view/photo/s_ratio_poster/public/p2909063181.webp,https://movie.douban.com/subject/2173190/,https://search.douban.com/movie/subject_search?search_text=%E7%AB%A5%E5%B9%B4%E5%8A%A8%E7%94%BB&cat=1002&start=270,window.__DATA__,search_subject
276,19,270,35459208,喜羊羊与灰太狼之决战次时代‎ (2021),8.0,5055,4.0,"['剧集', '可播放']",True,中国大陆 / 动画 / 喜羊羊与灰太狼之羊村守护者4 / Ultimate Battle The Next Generation / 15分钟,陈力进 / 梁嘉琪 / 黄俊铭 / 祖晴 / 邓玉婷 / 刘红韵 / 梁颖 / 高全胜 / 李团 / 张琳 / 赵娜,https://img9.doubanio.com/view/photo/s_ratio_poster/public/p2673191166.webp,https://movie.douban.com/subject/35459208/,https://search.douban.com/movie/subject_search?search_text=%E7%AB%A5%E5%B9%B4%E5%8A%A8%E7%94%BB&cat=1002&start=270,window.__DATA__,search_subject
277,19,270,3278993,围棋少年‎ (2005),9.2,41265,4.5,"['剧集', '可播放']",True,中国大陆 / 剧情 / 儿童 / 动画 / 22分钟,马风清 / 徐刚 / 沈达威 / 李晔 / 童自荣,https://img3.doubanio.com/view/photo/s_ratio_poster/public/p2412707593.webp,https://movie.douban.com/subject/3278993/,https://search.douban.com/movie/subject_search?search_text=%E7%AB%A5%E5%B9%B4%E5%8A%A8%E7%94%BB&cat=1002&start=270,window.__DATA__,search_subject
278,19,270,25710909,大耳朵图图 第二季‎ (2008),9.2,20284,4.5,"['剧集', '可播放']",True,中国大陆 / 动画 / 大耳朵图图 第二部 / 12分钟,速达 / 豆豆 / 范楚绒 / 赵铭,https://img3.doubanio.com/view/photo/s_ratio_poster/public/p2904162072.webp,https://movie.douban.com/subject/25710909/,https://search.douban.com/movie/subject_search?search_text=%E7%AB%A5%E5%B9%B4%E5%8A%A8%E7%94%BB&cat=1002&start=270,window.__DATA__,search_subject
279,19,270,21348822,生肖传奇之十二生肖闯江湖‎ (2012),9.1,13911,4.5,"['剧集', '可播放']",True,中国大陆 / 儿童 / 动画 / 奇幻 / 冒险 / Kung Fu Masters of the Zodiac: Origins of the Twelve / 12分钟,丁亮 / 万丹青 / 张秉君 / 王雨暄 / 谭笑 / 胡婷 Ting Hu,https://img9.doubanio.com/view/photo/s_ratio_poster/public/p2571180855.webp,https://movie.douban.com/subject/21348822/,https://search.douban.com/movie/subject_search?search_text=%E7%AB%A5%E5%B9%B4%E5%8A%A8%E7%94%BB&cat=1002&start=270,window.__DATA__,search_subject
280,19,270,3794352,中华上下五千年‎ (1998),8.2,1207,4.0,"['剧集', '可播放']",True,中国大陆 / 儿童 / 历史 / 动画 / 5分钟,徐鲁燕,https://img3.doubanio.com/view/photo/s_ratio_poster/public/p2589636453.webp,https://movie.douban.com/subject/3794352/,https://search.douban.com/movie/subject_search?search_text=%E7%AB%A5%E5%B9%B4%E5%8A%A8%E7%94%BB&cat=1002&start=270,window.__DATA__,search_subject
281,19,270,2990288,四驱兄弟II 爆走兄弟レッツ&ゴー!! WGP‎ (1997),8.9,20474,4.5,"['剧集', '可播放']",True,日本 / 动画 / 四驱兄弟2 / 20分钟,加户誉夫 / 星合貴彦 / 井上修 / 村山靖 / 玉田博 / 笠井贤一 / 池泽春菜 / 江原正士 / 森久保祥太郎 / 大谷育江 / 神代知衣,https://img9.doubanio.com/view/photo/s_ratio_poster/public/p2511358506.webp,https://movie.douban.com/subject/2990288/,https://search.douban.com/movie/subject_search?search_text=%E7%AB%A5%E5%B9%B4%E5%8A%A8%E7%94%BB&cat=1002&start=270,window.__DATA__,search_subject
282,19,270,4179369,百兽王GoLion 百獣王ゴライオン‎ (1981),8.2,6626,4.0,['剧集'],True,日本 / 动画 / 家庭 / 科幻 / 动作 / 冒险 / 战神金刚 / 百兽王GoLion,田口胜彦 / 秋山胜仁 / 又野弘道 / 松浦锭平 / 长尾肃 / 井上和彦 / 中尾隆圣 / 水岛裕 / 玄田哲章 / 野泽雅子 / 鹈饲留美子 / 藤城裕士 / 青木和代,https://img9.doubanio.com/view/photo/s_ratio_poster/public/p2554088354.webp,https://movie.douban.com/subject/4179369/,https://search.douban.com/movie/subject_search?search_text=%E7%AB%A5%E5%B9%B4%E5%8A%A8%E7%94%BB&cat=1002&start=270,window.__DATA__,search_subject
283,19,270,2003732,长袜子皮皮 Pippi Långstrump‎ (1969),8.5,814,4.5,[],False,瑞典 / 西德 / 儿童 / 冒险 / Pippi Longstocking / 100分钟,奥尔·赫尔布姆 / 英格·尼尔松 / Maria Persson / Pär Sundberg,https://img1.doubanio.com/view/photo/s_ratio_poster/public/p2599629668.webp,https://movie.douban.com/subject/2003732/,https://search.douban.com/movie/subject_search?search_text=%E7%AB%A5%E5%B9%B4%E5%8A%A8%E7%94%BB&cat=1002&start=270,window.__DATA__,search_subject
284,19,270,1889320,德克斯特的实验室 第一季 Dexter's Laboratory Season 1‎ (1996),8.9,15626,4.5,['剧集'],True,美国 / 动画 / 喜剧 / 剧情 / 家庭 / 科幻 / Dexter's Lab  Season 1 / Dexter de Shiyanshi Season 1 / 30分钟,格恩迪·塔塔科夫斯基 / 凯斯·索西 / 杰夫·贝内特 / 克里斯汀·凯文诺 / 弗兰克·维尔克 / 汤姆·肯尼 / 凯特·克雷西达 / 艾莉森·摩尔 / 罗伯·鲍森,https://img3.doubanio.com/view/photo/s_ratio_poster/public/p2509043123.webp,https://movie.douban.com/subject/1889320/,https://search.douban.com/movie/subject_search?search_text=%E7%AB%A5%E5%B9%B4%E5%8A%A8%E7%94%BB&cat=1002&start=270,window.__DATA__,search_subject
285,19,270,3577107,喜羊羊与灰太狼之羊羊运动会‎ (2008),8.4,18966,4.0,"['剧集', '可播放']",True,中国大陆 / 动画 / 喜羊羊与灰太狼(第531-590集) / 15分钟,黄伟明 / 祖晴 / 邓玉婷 / 张琳 / 梁颖,https://img2.doubanio.com/view/photo/s_ratio_poster/public/p2194556441.webp,https://movie.douban.com/subject/3577107/,https://search.douban.com/movie/subject_search?search_text=%E7%AB%A5%E5%B9%B4%E5%8A%A8%E7%94%BB&cat=1002&start=270,window.__DATA__,search_subject
286,20,285,1306554,跳跳虎历险记 The Tigger Movie‎ (2000),8.2,9571,4.0,['可播放'],False,美国 / 日本 / 喜剧 / 动画 / 老虎的故事 / 77分钟,君·法尔克斯汀 / 吉姆·卡明斯 / 约翰·菲德勒 / 尼基塔·霍普金斯 / Ken Sansom / 彼得·库伦 / 凯斯·索西 / Tom Attenborough,https://img1.doubanio.com/view/photo/s_ratio_poster/public/p1731326340.webp,https://movie.douban.com/subject/1306554/,https://search.douban.com/movie/subject_search?search_text=%E7%AB%A5%E5%B9%B4%E5%8A%A8%E7%94%BB&cat=1002&start=285,window.__DATA__,search_subject
287,20,285,1886965,海底小精灵 第一季 Snorks Season 1‎ (1984),8.3,15943,4.0,['剧集'],True,美国 / 比利时 / 动画 / 家庭 / 海底小精灵 / 22分钟,阿瑟·戴维斯 / 奥斯卡·杜佛 / 迈克尔·贝尔 / Patricia Alice Albrecht / 勒内·奥贝尔若努瓦 / 南茜·卡特莱特 / 彼得·库伦,https://img3.doubanio.com/view/photo/s_ratio_poster/public/p2554076062.webp,https://movie.douban.com/subject/1886965/,https://search.douban.com/movie/subject_search?search_text=%E7%AB%A5%E5%B9%B4%E5%8A%A8%E7%94%BB&cat=1002&start=285,window.__DATA__,search_subject
288,20,285,1465023,美少女战士R 美少女戦士セーラームーンR‎ (1993),8.6,11865,4.5,"['剧集', '可播放']",True,日本 / 动画 / 喜剧 / 爱情 / 动作 / 奇幻 / 美少女战士第二季 / Pretty Soldier Sailor Moon R / 24分钟,佐藤顺一 / 几原邦彦 / 宇田钢之介 / 五十岚卓哉 / 竹之内和久 / 小坂春女 / 芝田浩树 / 三石琴乃 / 久川绫 / 富泽美智惠 / 筱原惠美 / 深见梨加 / 潘惠子 / 古谷彻 / 高户靖广,https://img1.doubanio.com/view/photo/s_ratio_poster/public/p2191454599.webp,https://movie.douban.com/subject/1465023/,https://search.douban.com/movie/subject_search?search_text=%E7%AB%A5%E5%B9%B4%E5%8A%A8%E7%94%BB&cat=1002&start=285,window.__DATA__,search_subject
289,20,285,1302661,飞天小女警 剧场版 The Powerpuff Girls‎ (2002),8.1,20555,4.0,[],False,美国 / 动画 / 奇幻 / 冒险 / 家庭 / 霸王美少女 / 飞天小女警大电影 / 73分钟,克雷格·迈克科雷肯 / 凯茜·卡瓦蒂妮 / 塔拉·斯特朗 / 伊丽莎白·戴利 / 罗格·杰克逊 / 汤姆·凯恩,https://img2.doubanio.com/view/photo/s_ratio_poster/public/p2257978711.webp,https://movie.douban.com/subject/1302661/,https://search.douban.com/movie/subject_search?search_text=%E7%AB%A5%E5%B9%B4%E5%8A%A8%E7%94%BB&cat=1002&start=285,window.__DATA__,search_subject
290,20,285,1917866,刺猬索尼克 第一季 Sonic the Hedgehog Season 1‎ (1993),8.1,11257,4.0,"['剧集', '可播放']",True,美国 / 西班牙 / 意大利 / 动画 / 动作 / 冒险 / 喜剧 / 家庭 / 奇幻 / 科幻 / 刺猬索尼克 / 超音鼠(港) / 30分钟,John Grusd / Dick Sebast,https://img9.doubanio.com/view/photo/s_ratio_poster/public/p2181644345.webp,https://movie.douban.com/subject/1917866/,https://search.douban.com/movie/subject_search?search_text=%E7%AB%A5%E5%B9%B4%E5%8A%A8%E7%94%BB&cat=1002&start=285,window.__DATA__,search_subject
291,20,285,24845534,精灵宝可梦XY ポケットモンスターXY‎ (2013),8.9,6378,4.5,"['剧集', '可播放']",True,日本 / 剧情 / 动画 / 儿童 / 奇幻 / 冒险 / 口袋妖怪XY / 神奇宝贝XY / 24分钟,汤山邦彦 / 矢岛哲生 / 上田茂 / 富安大贵 / 山口赖房 / 岩本保雄 / 前园文夫 / 吉村文宏 / 浅见松雄 / 铃木卓夫 / 末田宜史 / 渡边正彦 / 古贺一臣 / 关野昌弘 / 浅田裕二 / 濑谷新二 / 小平麻纪 / 南川达马 / 松田清 / 柳濑雄之 / 西田健一 / 则座诚 / 松本梨香 / 大谷育江 / 牧口真幸 / 梶裕贵 / 伊濑茉莉也 / 上田祐司 / 远藤绫 / 林原惠美,https://img9.doubanio.com/view/photo/s_ratio_poster/public/p2920111555.webp,https://movie.douban.com/subject/24845534/,https://search.douban.com/movie/subject_search?search_text=%E7%AB%A5%E5%B9%B4%E5%8A%A8%E7%94%BB&cat=1002&start=285,window.__DATA__,search_subject
292,20,285,2125509,美版恐龙战队 第一季 Mighty Morphin' Power Rangers Season 1‎ (1993),8.9,3472,4.5,['剧集'],True,美国 / 日本 / 动作 / 美版 五星战队 / 30分钟,John Blizek / Vickie Bronaugh / David Yost / Amy Jo Johnson / Johnny Yong Bosch,https://img9.doubanio.com/view/photo/s_ratio_poster/public/p2587537055.webp,https://movie.douban.com/subject/2125509/,https://search.douban.com/movie/subject_search?search_text=%E7%AB%A5%E5%B9%B4%E5%8A%A8%E7%94%BB&cat=1002&start=285,window.__DATA__,search_subject
293,20,285,26274367,神兵小将1 下部‎ (2008),9.2,15688,4.5,"['剧集', '可播放']",True,中国大陆 / 儿童 / 动画 / 奇幻 / 冒险 / 神兵小英雄 / 神兵小将1 第二部分 / 20分钟,黄玉郎 / 乔彧 / 马小冀 / 吴晓蕾 / 刘旭莹,https://img1.doubanio.com/view/photo/s_ratio_poster/public/p2219780089.webp,https://movie.douban.com/subject/26274367/,https://search.douban.com/movie/subject_search?search_text=%E7%AB%A5%E5%B9%B4%E5%8A%A8%E7%94%BB&cat=1002&start=285,window.__DATA__,search_subject
294,20,285,30208004,阿凡提之奇缘历险‎ (2018),4.7,3104,2.5,['可播放'],False,中国大陆 / 喜剧 / 动画 / 阿凡提 / The Adventure of Afanti / 85分钟,刘炜 / 胡谦 / 李晔 / 蒋可 / 李扬 / 游军 / 王衡 / 王燕华 / 周南飞,https://img1.doubanio.com/view/photo/s_ratio_poster/public/p2534091010.webp,https://movie.douban.com/subject/30208004/,https://search.douban.com/movie/subject_search?search_text=%E7%AB%A5%E5%B9%B4%E5%8A%A8%E7%94%BB&cat=1002&start=285,window.__DATA__,search_subject
295,20,285,35517371,我们的冬奥‎ (2022),0.0,0,0.0,['可播放'],False,中国大陆 / 剧情 / 动画 / 我和我的冬奥 / Me and My Winter Games / 90分钟,林永长 / 李豪凌 / 庄昊 / 曲强 / 钟鸣 / 张喆 / 王利文 / 申世佑 / 刘思奇 / 张茗 / 贾晨露 / 杨凝 / 宝木中阳 / 姜广涛 / 山新,https://img9.doubanio.com/view/photo/s_ratio_poster/public/p2869321806.webp,https://movie.douban.com/subject/35517371/,https://search.douban.com/movie/subject_search?search_text=%E7%AB%A5%E5%B9%B4%E5%8A%A8%E7%94%BB&cat=1002&start=285,window.__DATA__,search_subject
296,20,285,3554902,龙珠Z剧场版12：复活的融合!! 悟空和贝吉塔 ドラゴンボール Z 劇場版： 復活のフュージョン!! 悟空とベジータ‎ (1995),8.1,4088,4.0,[],False,日本 / 动画 / 动作 / Dragon Ball Z Movie 12 / 50分钟,山内重保 / 野泽雅子 / 堀川亮 / 草尾毅 / 皆口裕子 / 绿川光 / 鹤弘美 / 渡边菜生子 / 乡里大辅,https://img9.doubanio.com/view/photo/s_ratio_poster/public/p2928241385.webp,https://movie.douban.com/subject/3554902/,https://search.douban.com/movie/subject_search?search_text=%E7%AB%A5%E5%B9%B4%E5%8A%A8%E7%94%BB&cat=1002&start=285,window.__DATA__,search_subject
297,20,285,1772084,鸡与牛 第一季 Cow and Chicken Season 1‎ (1997),9.1,6991,4.5,['剧集'],True,美国 / 动画 / 喜剧 / 家庭 / 奇幻 / 13分钟,大卫·菲斯 / 查尔斯·阿德勒 / 迪·布莱德利·贝克 / 坎迪·米洛 / 迈克尔·多恩 / 霍华德·莫里斯 / 丹·卡斯泰兰尼塔,https://img9.doubanio.com/view/photo/s_ratio_poster/public/p2624825334.webp,https://movie.douban.com/subject/1772084/,https://search.douban.com/movie/subject_search?search_text=%E7%AB%A5%E5%B9%B4%E5%8A%A8%E7%94%BB&cat=1002&start=285,window.__DATA__,search_subject
298,20,285,34913583,新大头儿子和小头爸爸4：完美爸爸‎ (2021),4.9,3370,2.5,['可播放'],False,中国大陆 / 动画 / 奇幻 / 冒险 / New Happy Dad And Son 4：Perfect Dad / 80分钟,何澄 / 刘可欣 / 董浩 / 鞠萍 / 陈怡 / 耿晨晨 / 陈苏 / 王淏 / 郏捷 / 何子然,https://img2.doubanio.com/view/photo/s_ratio_poster/public/p2666748931.webp,https://movie.douban.com/subject/34913583/,https://search.douban.com/movie/subject_search?search_text=%E7%AB%A5%E5%B9%B4%E5%8A%A8%E7%94%BB&cat=1002&start=285,window.__DATA__,search_subject
299,20,285,2373459,神风怪盗贞德 神风怪盗ジャンヌ‎ (1999),8.2,6065,4.0,['剧集'],True,日本 / 动画 / 风神怪盗 / Kamikaze Kaitou Jeanne / 24分钟,目黑宏 / 吉沢孝男 / 梅澤淳稔 / 佐々木憲世 / 葛西治 / 遠藤勇二 / 橋本光夫 / 桑岛法子 / 千叶进步 / 松井菜樱子 / 西原久美子 / 矢岛晶子 / 高橋直純 / 山口胜平 / 山崎和佳奈,https://img2.doubanio.com/view/photo/s_ratio_poster/public/p2523267981.webp,https://movie.douban.com/subject/2373459/,https://search.douban.com/movie/subject_search?search_text=%E7%AB%A5%E5%B9%B4%E5%8A%A8%E7%94%BB&cat=1002&start=285,window.__DATA__,search_subject
300,20,285,6879306,变形金刚 第四季 Transformers Season 4‎ (1987),8.3,1236,4.0,['剧集'],True,美国 / 日本 / 动作 / 科幻 / 动画 / 悬疑 / 惊悚 / 冒险 / 变形金刚G1 / 变形金刚之重生 / 30分钟,Jaeho Hong / Jack Angel / Michael Bell / Peter Cullen / Stan Jones / Frank Welker,https://img9.doubanio.com/view/photo/s_ratio_poster/public/p2570585164.webp,https://movie.douban.com/subject/6879306/,https://search.douban.com/movie/subject_search?search_text=%E7%AB%A5%E5%B9%B4%E5%8A%A8%E7%94%BB&cat=1002&start=285,window.__DATA__,search_subject
301,21,300,25907638,电击小子 第二季‎ (2009),8.5,8563,4.5,"['剧集', '可播放']",True,中国大陆 / 儿童 / 动作 / 科幻 / 动画 / 冒险 / 电击小子2,,https://img1.doubanio.com/view/photo/s_ratio_poster/public/p2329195379.webp,https://movie.douban.com/subject/25907638/,https://search.douban.com/movie/subject_search?search_text=%E7%AB%A5%E5%B9%B4%E5%8A%A8%E7%94%BB&cat=1002&start=300,window.__DATA__,search_subject
302,21,300,1860565,城市猎人 シティーハンター‎ (1987),8.9,6293,4.5,"['剧集', '可播放']",True,日本 / 喜剧 / 动作 / 动画 / 悬疑 / City Hunter / 23分钟,儿玉兼嗣 / 今西隆志 / 加濑充子 / 网野哲朗 / 江上洁 / 棚桥一德 / 富永恒雄 / 武藤裕治 / 山口美浩 / 藤本义孝 / 神谷明 / 伊仓一惠 / 麻上洋子 / 玄田哲章 / 田中秀幸,https://img9.doubanio.com/view/photo/s_ratio_poster/public/p2549129544.webp,https://movie.douban.com/subject/1860565/,https://search.douban.com/movie/subject_search?search_text=%E7%AB%A5%E5%B9%B4%E5%8A%A8%E7%94%BB&cat=1002&start=300,window.__DATA__,search_subject
303,21,300,2158205,星际宝贝 第一季 Lilo & Stitch: The Series Season 1‎ (2003),9.4,15927,4.5,['剧集'],True,美国 / 喜剧 / 科幻 / 动画 / 冒险 / 家庭 / The Adventures of Lilo & Stitch / Lilo and Stitch / 21分钟,维克多·库克 / 唐·麦金农 / 托尼·克莱格 / 黛维·切斯 / 克里斯·桑德斯 / 戴维·奥格登·施蒂尔斯 / 凯文·麦克唐纳德 / 蒂亚·卡雷尔 / 迪·布莱德利·贝克 / 凯文·迈克尔·理查德森 / 罗伯·鲍森,https://img1.doubanio.com/view/photo/s_ratio_poster/public/p2922435690.webp,https://movie.douban.com/subject/2158205/,https://search.douban.com/movie/subject_search?search_text=%E7%AB%A5%E5%B9%B4%E5%8A%A8%E7%94%BB&cat=1002&start=300,window.__DATA__,search_subject
304,21,300,1830130,加菲猫和他的朋友们 第一季 Garfield and Friends Season 1‎ (1988),9.1,17337,4.5,['剧集'],True,美国 / 剧情 / 喜剧 / 动画 / 加菲猫 / 加菲猫和他的朋友 / 24分钟,Steve Clark / Jeff Hall / Lorenzo Music / Gregg Berger / Thom Huge / Desiree Goyette / Howie Morris / Frank Welker / Julie Payne / Pat Buttram,https://img3.doubanio.com/view/photo/s_ratio_poster/public/p2199527672.webp,https://movie.douban.com/subject/1830130/,https://search.douban.com/movie/subject_search?search_text=%E7%AB%A5%E5%B9%B4%E5%8A%A8%E7%94%BB&cat=1002&start=300,window.__DATA__,search_subject
305,21,300,1458895,哆啦A梦：大雄与龙骑士 ドラえもん のび太と竜の骑士‎ (1987),8.5,8326,4.5,['可播放'],False,日本 / 科幻 / 动画 / 冒险 / Doraemon: Nobita to Ryû no kishi / 89分钟,芝山努 / 大山羡代 / 小原乃梨子 / 野村道子 / 立壁和也 / 肝付兼太,https://img9.doubanio.com/view/photo/s_ratio_poster/public/p2520700344.webp,https://movie.douban.com/subject/1458895/,https://search.douban.com/movie/subject_search?search_text=%E7%AB%A5%E5%B9%B4%E5%8A%A8%E7%94%BB&cat=1002&start=300,window.__DATA__,search_subject
306,21,300,25857295,果宝特攻3‎ (2014),8.9,8657,4.5,"['剧集', '可播放']",True,中国大陆 / 动画 / 果宝特攻之三果演义,陈奋 / 祖晴 / 陆双 / 邓红 / 王巍 / 李团,https://img3.doubanio.com/view/photo/s_ratio_poster/public/p2302440327.webp,https://movie.douban.com/subject/25857295/,https://search.douban.com/movie/subject_search?search_text=%E7%AB%A5%E5%B9%B4%E5%8A%A8%E7%94%BB&cat=1002&start=300,window.__DATA__,search_subject
307,21,300,11498786,美少女战士Crystal 美少女戦士セーラームーンCrystal‎ (2014),7.4,5477,3.5,"['剧集', '可播放']",True,日本 / 动画 / 奇幻 / 美少女战士：水晶 / Pretty Guardian Sailor Moon Crystal / 25分钟,境宗久 / 三石琴乃 / 金元寿子 / 佐藤利奈 / 小清水亚美 / 伊藤静 / 广桥凉 / 野岛健儿,https://img3.doubanio.com/view/photo/s_ratio_poster/public/p2192737397.webp,https://movie.douban.com/subject/11498786/,https://search.douban.com/movie/subject_search?search_text=%E7%AB%A5%E5%B9%B4%E5%8A%A8%E7%94%BB&cat=1002&start=300,window.__DATA__,search_subject
308,21,300,30142421,阿波罗10½号：太空时代的童年 Apollo 10 1/2: A Space Age Childhood‎ (2022),7.5,3999,4.0,[],False,美国 / 剧情 / 科幻 / 动画 / 冒险 / 阿波罗10½号：太空时代的冒险 / 阿波罗十又二分之一：太空时代的冒险 / 97分钟,理查德·林克莱特 / 米洛·科伊 / 杰克·布莱克 / 李·埃迪 / 比尔·怀斯 / 娜塔莉·拉莫罗 / 乔什·维金斯 / 塞缪尔·戴维斯 / 杰西卡·布里恩·科恩,https://img3.doubanio.com/view/photo/s_ratio_poster/public/p2870093052.webp,https://movie.douban.com/subject/30142421/,https://search.douban.com/movie/subject_search?search_text=%E7%AB%A5%E5%B9%B4%E5%8A%A8%E7%94%BB&cat=1002&start=300,window.__DATA__,search_subject
309,21,300,1815485,济公斗蟋蟀‎ (1959),8.2,11751,4.0,['可播放'],False,中国大陆 / 动画 / 短片 / 23分钟,万古蟾,https://img9.doubanio.com/view/photo/s_ratio_poster/public/p1960466805.webp,https://movie.douban.com/subject/1815485/,https://search.douban.com/movie/subject_search?search_text=%E7%AB%A5%E5%B9%B4%E5%8A%A8%E7%94%BB&cat=1002&start=300,window.__DATA__,search_subject
310,21,300,3808966,超星神格兰赛沙 超星神グランセイザー‎ (2003),9.4,4450,4.5,"['剧集', '可播放']",True,日本 / 动作 / 冒险 / 奇幻 / 科幻 / 超星神Gransazer / Super Star God Gransazer / 25分钟,村石宏实 / 铃木健二 / 三好邦夫 / 鹿岛勤 / 石井辉仪 / 池田敏春 / 濑川亮 / 清水明日香 / 武田光兵 / 芹泽秀明 / 星野麻雅 / 松泽莲 / 高原知秀 / 矶山沙也加,https://img1.doubanio.com/view/photo/s_ratio_poster/public/p2164068300.webp,https://movie.douban.com/subject/3808966/,https://search.douban.com/movie/subject_search?search_text=%E7%AB%A5%E5%B9%B4%E5%8A%A8%E7%94%BB&cat=1002&start=300,window.__DATA__,search_subject
311,21,300,1482869,宝葫芦的秘密‎ (1963),7.6,2198,4.0,['可播放'],False,中国大陆 / 儿童 / 喜剧 / 奇幻 / 68分钟,杨小仲 / 徐方 / 茂路 / 张宁 / 温和 / 吕伟 / 邵耀国 / 陈荣华 / 周小海,https://img9.doubanio.com/view/photo/s_ratio_poster/public/p2687947694.webp,https://movie.douban.com/subject/1482869/,https://search.douban.com/movie/subject_search?search_text=%E7%AB%A5%E5%B9%B4%E5%8A%A8%E7%94%BB&cat=1002&start=300,window.__DATA__,search_subject
312,21,300,34950173,大耳朵图图之霸王龙在行动‎ (2021),5.6,4330,3.0,['可播放'],False,中国大陆 / 喜剧 / 动画 / 冒险 / Dear Tutu: The T-Rex In Operation / 86分钟,速达 / 潘延 / 范楚绒 / 胡谦 / 林永健 / 金炜 / 李晔,https://img1.doubanio.com/view/photo/s_ratio_poster/public/p2688292139.webp,https://movie.douban.com/subject/34950173/,https://search.douban.com/movie/subject_search?search_text=%E7%AB%A5%E5%B9%B4%E5%8A%A8%E7%94%BB&cat=1002&start=300,window.__DATA__,search_subject
313,21,300,1868532,圣斗士星矢: 天界篇序奏 - Overture 聖闘士星矢: 天界編序奏 ~Overture~‎ (2004),6.9,4414,3.5,['可播放'],False,日本 / 动画 / 奇幻 / Saint Seiya: The Heaven Chapter - Overture / 圣斗士星矢: 天界篇序奏 - Overture,山内重保 / 古谷彻 / 铃置洋孝 / 堀川亮 / 桥本晃一 / 堀秀行 / 潘惠子 / 绿川光 / 井上富美子,https://img1.doubanio.com/view/photo/s_ratio_poster/public/p454018809.webp,https://movie.douban.com/subject/1868532/,https://search.douban.com/movie/subject_search?search_text=%E7%AB%A5%E5%B9%B4%E5%8A%A8%E7%94%BB&cat=1002&start=300,window.__DATA__,search_subject
314,21,300,26746804,数码宝贝大冒险tri. 第6章：我们的未来 デジモンアドベンチャー tri. 第6章 ぼくらの未来‎ (2018),5.5,5605,3.0,['可播放'],False,日本 / 科幻 / 动画 / 冒险 / 98分钟,元永庆太郎 / 花江夏树 / 三森铃子 / 细谷佳正 / 田村睦心 / 吉田仁美 / 榎木淳弥 / 池田纯矢 / 市道真央,https://img3.doubanio.com/view/photo/s_ratio_poster/public/p2520871853.webp,https://movie.douban.com/subject/26746804/,https://search.douban.com/movie/subject_search?search_text=%E7%AB%A5%E5%B9%B4%E5%8A%A8%E7%94%BB&cat=1002&start=300,window.__DATA__,search_subject
315,21,300,1766522,秀逗魔导士 スレイヤーズ‎ (1995),8.9,13255,4.5,"['剧集', '可播放']",True,日本 / 动画 / 动作 / 冒险 / 喜剧 / 奇幻 / Slayers / 魔剑美神 / 23分钟,渡部高志 / 则座诚 / 岩崎良明 / 佐藤英一 / 小林孝志 / 佐藤真人 / 松浦锭平 / 林原惠美 / 松本保典 / 绿川光 / 铃木真仁 / 冬马由美 / 石田彰 / 安西正弘 / 子安武人,https://img9.doubanio.com/view/photo/s_ratio_poster/public/p2260258845.webp,https://movie.douban.com/subject/1766522/,https://search.douban.com/movie/subject_search?search_text=%E7%AB%A5%E5%B9%B4%E5%8A%A8%E7%94%BB&cat=1002&start=300,window.__DATA__,search_subject
316,22,315,1295833,猫的协奏曲 The Cat Concerto‎ (1947),9.3,7086,4.5,[],False,美国 / 动画 / 短片 / 喜剧 / 家庭 / 音乐 / 猫的协奏曲 / 8分钟,约瑟夫·巴伯拉 / 威廉·汉纳,https://img1.doubanio.com/view/photo/s_ratio_poster/public/p2458595750.webp,https://movie.douban.com/subject/1295833/,https://search.douban.com/movie/subject_search?search_text=%E7%AB%A5%E5%B9%B4%E5%8A%A8%E7%94%BB&cat=1002&start=315,window.__DATA__,search_subject
317,22,315,3418557,三毛流浪记‎ (2006),9.2,30655,4.5,"['剧集', '可播放']",True,中国大陆 / 儿童 / 动画 / 25分钟,朱敏 / 王柏荣 / 张凯 / 腾腾 / 白雪岑 / 王凯 / 鲍大志 / 丛智 / 张璐 / 孟宇,https://img2.doubanio.com/view/photo/s_ratio_poster/public/p2547566801.webp,https://movie.douban.com/subject/3418557/,https://search.douban.com/movie/subject_search?search_text=%E7%AB%A5%E5%B9%B4%E5%8A%A8%E7%94%BB&cat=1002&start=315,window.__DATA__,search_subject
318,22,315,5041038,戴拿奥特曼 归来的哈乃次郎 ウルトラマンダイナ 帰ってきたハネジロー‎ (2001),8.2,2623,4.0,[],False,日本 / 动作 / 科幻 / Ultraman Dyna: The Return Of Hanejiro / Ultraman Dyna: Hanejiro Came Back / 48分钟,原田昌樹 / つるの剛士 / 木之元亮 / 布川敏和 / 山田まりや / 斉藤りさ / 加瀬尊朗 / 小野寺丈,https://img9.doubanio.com/view/photo/s_ratio_poster/public/p2191930665.webp,https://movie.douban.com/subject/5041038/,https://search.douban.com/movie/subject_search?search_text=%E7%AB%A5%E5%B9%B4%E5%8A%A8%E7%94%BB&cat=1002&start=315,window.__DATA__,search_subject
319,22,315,1431713,东郭先生‎ (1955),8.0,21915,4.0,['可播放'],False,中国大陆 / 动画 / 短片 / 儿童 / El Señor Tun Kuo / 10分钟,虞哲光 / 许秉铎,https://img1.doubanio.com/view/photo/s_ratio_poster/public/p2867147580.webp,https://movie.douban.com/subject/1431713/,https://search.douban.com/movie/subject_search?search_text=%E7%AB%A5%E5%B9%B4%E5%8A%A8%E7%94%BB&cat=1002&start=315,window.__DATA__,search_subject
320,22,315,2030600,大力水手 The Popeye Show‎ (2001),8.7,23288,4.5,['剧集'],True,美国 / 动画 / 家庭 / Popeye the Sailor / 30分钟,Barry Mills,https://img3.doubanio.com/view/photo/s_ratio_poster/public/p2927692373.webp,https://movie.douban.com/subject/2030600/,https://search.douban.com/movie/subject_search?search_text=%E7%AB%A5%E5%B9%B4%E5%8A%A8%E7%94%BB&cat=1002&start=315,window.__DATA__,search_subject
321,22,315,4097232,精灵世纪 第一季 精灵世纪‎ (2006),9.5,11349,5.0,['剧集'],True,中国大陆 / 剧情 / 动画 / Wizard Century / 16分钟,刘阔 / 关心 / 林继东 / 边辉 / 姬他,https://img3.doubanio.com/view/photo/s_ratio_poster/public/p2633165857.webp,https://movie.douban.com/subject/4097232/,https://search.douban.com/movie/subject_search?search_text=%E7%AB%A5%E5%B9%B4%E5%8A%A8%E7%94%BB&cat=1002&start=315,window.__DATA__,search_subject
322,22,315,5041060,生肖传奇之十二生肖总动员‎ (2010),8.7,4763,4.5,"['剧集', '可播放']",True,中国大陆 / 剧情 / 喜剧 / 动画 / 十二生肖总动员 / 22分钟,华强数字动漫公司 / 万丹青 / 胡婷 / 史华著 / 张秉君 / 王雨暄,https://img1.doubanio.com/view/photo/s_ratio_poster/public/p2858721260.webp,https://movie.douban.com/subject/5041060/,https://search.douban.com/movie/subject_search?search_text=%E7%AB%A5%E5%B9%B4%E5%8A%A8%E7%94%BB&cat=1002&start=315,window.__DATA__,search_subject
323,22,315,5975033,西游记‎ (2010),9.2,3371,4.5,['剧集'],True,"中国大陆 / 动画 / 奇幻 / 冒险 / Monkey, Monk, and the Monsters Go West / 20分钟",龚宾四,https://img9.doubanio.com/view/photo/s_ratio_poster/public/p2893844255.webp,https://movie.douban.com/subject/5975033/,https://search.douban.com/movie/subject_search?search_text=%E7%AB%A5%E5%B9%B4%E5%8A%A8%E7%94%BB&cat=1002&start=315,window.__DATA__,search_subject
324,22,315,1951386,丑小鸭 Ugly Duckling‎ (1939),8.2,10036,4.0,['可播放'],False,美国 / 动画 / 喜剧 / 家庭 / 短片 / 丑小鸭 / 9分钟,Jack Cutting,https://img9.doubanio.com/view/photo/s_ratio_poster/public/p2351277114.webp,https://movie.douban.com/subject/1951386/,https://search.douban.com/movie/subject_search?search_text=%E7%AB%A5%E5%B9%B4%E5%8A%A8%E7%94%BB&cat=1002&start=315,window.__DATA__,search_subject
325,22,315,4115013,铁臂阿童木 鉄腕アトム‎ (1980),9.1,7755,4.5,"['剧集', '可播放']",True,日本 / 动画 / 动作 / 冒险 / 家庭 / 科幻 / 小战士 / 原子小金刚 / 24分钟,手冢治虫 / 安浓高志 / 石黑升 / 出崎哲 / 秋山胜仁 / 桥本直人 / 清水真理 / 大木民夫 / 胜田久 / 菅谷政子 / 森功至 / 森山周一郎 / 桑原毅 / 日比野美佐子,https://img9.doubanio.com/view/photo/s_ratio_poster/public/p2888534144.webp,https://movie.douban.com/subject/4115013/,https://search.douban.com/movie/subject_search?search_text=%E7%AB%A5%E5%B9%B4%E5%8A%A8%E7%94%BB&cat=1002&start=315,window.__DATA__,search_subject
326,22,315,2029939,时间飞船 タイムボカン‎ (1975),9.2,5237,4.5,['剧集'],True,日本 / 动画 / 家庭 / 科幻 / 时间飞船 / 25分钟,笹川浩 / 案纳正美 / 真下耕一 / 植田秀仁 / 西牧秀雄 / 大贯信夫 / 山田胜久 / 布川郁司 / 西久保瑞穗 / 太田淑子 / 冈本茉莉 / 桂玲子 / 槐柳二 / 泷口顺平 / 横泽启子 / 肝付兼太 / 池田胜,https://img1.doubanio.com/view/photo/s_ratio_poster/public/p2901836460.webp,https://movie.douban.com/subject/2029939/,https://search.douban.com/movie/subject_search?search_text=%E7%AB%A5%E5%B9%B4%E5%8A%A8%E7%94%BB&cat=1002&start=315,window.__DATA__,search_subject
327,22,315,1466115,金色的海螺‎ (1963),8.4,4944,4.0,['可播放'],False,中国大陆 / 爱情 / 动画 / 短片 / 35分钟,万古蟾,https://img1.doubanio.com/view/photo/s_ratio_poster/public/p2668272810.webp,https://movie.douban.com/subject/1466115/,https://search.douban.com/movie/subject_search?search_text=%E7%AB%A5%E5%B9%B4%E5%8A%A8%E7%94%BB&cat=1002&start=315,window.__DATA__,search_subject
328,22,315,1431949,小马虎‎ (1980),8.0,12674,4.0,['可播放'],False,中国大陆 / 动画 / 短片 / 20分钟,刘蕙仪 / 程之,https://img1.doubanio.com/view/photo/s_ratio_poster/public/p2649056159.webp,https://movie.douban.com/subject/1431949/,https://search.douban.com/movie/subject_search?search_text=%E7%AB%A5%E5%B9%B4%E5%8A%A8%E7%94%BB&cat=1002&start=315,window.__DATA__,search_subject
329,22,315,2349573,托马斯和朋友 第一季 Thomas the Tank Engine & Friends Season 1‎ (1984),7.6,9093,4.0,"['剧集', '可播放']",True,英国 / 儿童 / 动画 / 短片 / 汤玛斯和朋友伟大的发现 / 托马斯和他的朋友们 / 10分钟,W. Awdry / Oliver / Percy / Peter Sam,https://img1.doubanio.com/view/photo/s_ratio_poster/public/p2536661079.webp,https://movie.douban.com/subject/2349573/,https://search.douban.com/movie/subject_search?search_text=%E7%AB%A5%E5%B9%B4%E5%8A%A8%E7%94%BB&cat=1002&start=315,window.__DATA__,search_subject
330,22,315,2249540,小溪流‎ (1962),7.9,1225,4.0,['可播放'],False,中国 / 动画 / 30分钟,何玉门,https://img1.doubanio.com/view/photo/s_ratio_poster/public/p2649072288.webp,https://movie.douban.com/subject/2249540/,https://search.douban.com/movie/subject_search?search_text=%E7%AB%A5%E5%B9%B4%E5%8A%A8%E7%94%BB&cat=1002&start=315,window.__DATA__,search_subject
331,23,330,2244569,特别车队‎ (1993),8.7,3004,4.5,"['剧集', '可播放']",True,中国大陆 / 剧情 / 儿童 / 动作 / 动画 / 冒险 / 18分钟,杨凯华 / 翁振新 / 韦启昌 / 洪海天 / 史履春 / 梁正晖,https://img1.doubanio.com/view/photo/s_ratio_poster/public/p2571588820.webp,https://movie.douban.com/subject/2244569/,https://search.douban.com/movie/subject_search?search_text=%E7%AB%A5%E5%B9%B4%E5%8A%A8%E7%94%BB&cat=1002&start=330,window.__DATA__,search_subject
332,23,330,26969037,赛尔号大电影6：圣者无敌‎ (2017),4.9,2485,2.5,['可播放'],False,中国大陆 / 儿童 / 动画 / 奇幻 / 冒险 / 赛尔号6圣者无敌 / 赛尔号大电影6 / 98分钟,王章俊 / 罗玉婷 / 翟巍 / 王晓彤 / 李晔,https://img1.doubanio.com/view/photo/s_ratio_poster/public/p2531652478.webp,https://movie.douban.com/subject/26969037/,https://search.douban.com/movie/subject_search?search_text=%E7%AB%A5%E5%B9%B4%E5%8A%A8%E7%94%BB&cat=1002&start=330,window.__DATA__,search_subject
333,23,330,1830126,查理·布朗和史努比秀 第一季 The Charlie Brown and Snoopy Show Season 1‎ (1983),9.0,10726,4.5,['剧集'],True,美国 / 动画 / 短片 / 史努比 / 22分钟,Sam Jaimes / Bill Melendez,https://img9.doubanio.com/view/photo/s_ratio_poster/public/p2628061376.webp,https://movie.douban.com/subject/1830126/,https://search.douban.com/movie/subject_search?search_text=%E7%AB%A5%E5%B9%B4%E5%8A%A8%E7%94%BB&cat=1002&start=330,window.__DATA__,search_subject
334,23,330,2136517,极速赛车手 マッハGoGoGo‎ (1967),7.9,1579,4.0,['剧集'],True,日本 / 动作 / 动画 / 冒险 / 马赫5号 / 极速赛车手 / 30分钟,笹川浩 / 鸟海永行 / 九里一平 / 原征太郎 / 森功至 / 野村道子 / 大宫悌二 / 来宫良子 / 堀绚子 / 大竹宏 / 富山敬 / 内海贤二,https://img1.doubanio.com/view/photo/s_ratio_poster/public/p2620657688.webp,https://movie.douban.com/subject/2136517/,https://search.douban.com/movie/subject_search?search_text=%E7%AB%A5%E5%B9%B4%E5%8A%A8%E7%94%BB&cat=1002&start=330,window.__DATA__,search_subject
335,23,330,5359937,精灵宝可梦：皮卡丘的探险队 ピカチュウたんけんたい‎ (1999),8.5,1182,4.5,[],False,日本 / 动画 / 短片 / Pokemon: Pikachu's Rescue Adventure / 皮卡丘的探险队(台) / 23分钟,汤山邦彦 / 大谷育江 / 兴梠里美 / 爱河里花子 / 林原惠美 / 金井美香 / 犬山犬子 / 坂口候一 / 高木均,https://img9.doubanio.com/view/photo/s_ratio_poster/public/p2529937615.webp,https://movie.douban.com/subject/5359937/,https://search.douban.com/movie/subject_search?search_text=%E7%AB%A5%E5%B9%B4%E5%8A%A8%E7%94%BB&cat=1002&start=330,window.__DATA__,search_subject
336,23,330,4925435,精灵宝可梦 超级愿望 ポケットモンスター ベストウィッシュ‎ (2010),8.0,4637,4.0,"['剧集', '可播放']",True,日本 / 剧情 / 动画 / 宠物小精灵Best Wishes! / 口袋妖怪Best Wishes! / 24分钟,汤山邦彦 / 矢岛哲生 / 浅田裕二 / 须藤典彦 / 金崎贵臣 / 上田茂 / 西田健一 / 川田武范 / 松井仁之 / 古贺一臣 / 吉村文宏 / 牧野吉高 / 山口赖房 / 竹内启雄 / 松本梨香 / 大谷育江 / 悠木碧 / 宫野真守 / 中村悠一 / 石冢运升 / 林原惠美 / 三木真一郎,https://img9.doubanio.com/view/photo/s_ratio_poster/public/p2924122894.webp,https://movie.douban.com/subject/4925435/,https://search.douban.com/movie/subject_search?search_text=%E7%AB%A5%E5%B9%B4%E5%8A%A8%E7%94%BB&cat=1002&start=330,window.__DATA__,search_subject
337,23,330,2264584,佐菲奥特曼 奥特战士vs大怪兽军团 ウルトラマンZOFFY ウルトラの戦士VS大怪獣軍団‎ (1984),7.8,1364,4.0,[],False,日本 / 科幻 / 佐菲奥特曼 奥特战士vs大怪兽军团 / Ultraman Zoffy: Ultra Warriors vs. the Giant Monster Army / 84分钟,高野宏一 / 浦野光 / 堀内賢雄 / 小滝進,https://img3.doubanio.com/view/photo/s_ratio_poster/public/p2591770372.webp,https://movie.douban.com/subject/2264584/,https://search.douban.com/movie/subject_search?search_text=%E7%AB%A5%E5%B9%B4%E5%8A%A8%E7%94%BB&cat=1002&start=330,window.__DATA__,search_subject
338,23,330,4848102,猪猪侠第一部：魔幻环保‎ (2006),7.9,16417,4.0,"['剧集', '可播放']",True,中国大陆 / 儿童 / 喜剧 / 科幻 / 动画 / 冒险 / 猪猪侠第一部（魔幻环保） / 魔幻猪猡纪 / 15分钟,王巍 / 陆双 / 祖晴 / 高全胜,https://img2.doubanio.com/view/photo/s_ratio_poster/public/p2590364421.webp,https://movie.douban.com/subject/4848102/,https://search.douban.com/movie/subject_search?search_text=%E7%AB%A5%E5%B9%B4%E5%8A%A8%E7%94%BB&cat=1002&start=330,window.__DATA__,search_subject
339,23,330,34610059,海绵宝宝 第十三季 Spongebob Squarepants Season 13‎ (2020),9.1,3727,4.5,['剧集'],True,美国 / 喜剧 / 动画 / 奇幻 / 家庭 / 23分钟,戴夫·坎宁安 / 汤姆·肯尼 / 比尔·法格巴克 / 罗德格尔·邦帕斯 / 克兰西·布朗 / 罗里·艾伦 / 吉尔·塔利 / 玛丽·乔·卡特利特 / 劳伦斯先生,https://img1.doubanio.com/view/photo/s_ratio_poster/public/p2914031570.webp,https://movie.douban.com/subject/34610059/,https://search.douban.com/movie/subject_search?search_text=%E7%AB%A5%E5%B9%B4%E5%8A%A8%E7%94%BB&cat=1002&start=330,window.__DATA__,search_subject
340,23,330,2285865,游戏王：怪兽之决斗 遊☆戯☆王デュエルモンスターズ‎ (2000),9.5,13049,5.0,"['剧集', '可播放']",True,日本 / 动画 / 游戏王DM / Yû-gi-ôh: Duel Monsters / 24分钟,杉岛邦久 / 笠井贤一 / 小野胜巳 / 细田雅弘 / 菱川直树 / 又野弘道 / 渡边正彦 / 武藤公春 / 北村真咲 / 南康宏 / 吉川浩司 / 松浦锭平 / 清水明 / 石田畅 / 山田彻 / 筱幸裕 / 高木茂树 / 岩井隆央 / 广岛秀树 / 久保太郎 / 志村宏明 / 风间俊介 / 津田健次郎 / 高桥广树 / 近藤孝行,https://img3.doubanio.com/view/photo/s_ratio_poster/public/p2253506802.webp,https://movie.douban.com/subject/2285865/,https://search.douban.com/movie/subject_search?search_text=%E7%AB%A5%E5%B9%B4%E5%8A%A8%E7%94%BB&cat=1002&start=330,window.__DATA__,search_subject
341,23,330,4906318,蹦巴宝贝 Boohbah‎ (2003),8.2,357,4.0,['剧集'],True,UK / 儿童 / 蹦巴宝贝 / 20分钟,克里斯·伯纳德 / Vic Finch / Emma Ainsley ...  Humbah / Alex Poulter ...  Zumbah / Cal Jaggers ...  Zing Zing Zingbah / Phil Hayes ...  Jumbah / Laura Pero ...  Jingbah,https://img9.doubanio.com/view/photo/s_ratio_poster/public/p2897414755.webp,https://movie.douban.com/subject/4906318/,https://search.douban.com/movie/subject_search?search_text=%E7%AB%A5%E5%B9%B4%E5%8A%A8%E7%94%BB&cat=1002&start=330,window.__DATA__,search_subject
342,23,330,1874115,松鼠理发师‎ (1983),8.0,3965,4.0,['可播放'],False,中国大陆 / 动画 / 短片 / 11分钟,浦家祥,https://img2.doubanio.com/view/photo/s_ratio_poster/public/p2649062991.webp,https://movie.douban.com/subject/1874115/,https://search.douban.com/movie/subject_search?search_text=%E7%AB%A5%E5%B9%B4%E5%8A%A8%E7%94%BB&cat=1002&start=330,window.__DATA__,search_subject
343,23,330,1868522,圣斗士星矢 冥王哈迪斯冥界篇 前章 聖闘士星矢 冥王ハーデス冥界編 前章‎ (2005),8.6,8895,4.5,"['剧集', '可播放']",True,日本 / 动画 / Saint Seiya: The Hades Chapter - Inferno / 圣斗士星矢: 冥界篇 / 24分钟,Shigeyasu Yamauchi / 森田成一 / 櫻井孝宏 / 三浦祥朗 / 粕谷雄太 / 小西克幸 / 折笠富美子,https://img9.doubanio.com/view/photo/s_ratio_poster/public/p2262328064.webp,https://movie.douban.com/subject/1868522/,https://search.douban.com/movie/subject_search?search_text=%E7%AB%A5%E5%B9%B4%E5%8A%A8%E7%94%BB&cat=1002&start=330,window.__DATA__,search_subject
344,23,330,2077448,游戏王 第一部 遊☆戯☆王 (アニメ第1作)‎ (1998),9.1,15098,4.5,['剧集'],True,日本 / 动画 / 惊悚 / 奇幻 / 冒险 / 游戏王(朝日版) / 游戏王前传 / 23分钟,绪方惠美 / 绿川光 / 森川智之 / 野上由加奈 / 置鲇龙太郎 / 青野武 / 盐泽兼人,https://img1.doubanio.com/view/photo/s_ratio_poster/public/p2357130328.webp,https://movie.douban.com/subject/2077448/,https://search.douban.com/movie/subject_search?search_text=%E7%AB%A5%E5%B9%B4%E5%8A%A8%E7%94%BB&cat=1002&start=330,window.__DATA__,search_subject
345,23,330,2376483,少年金米 鉄拳チンミ‎ (1988),8.1,6059,4.0,['剧集'],True,日本 / 动画 / 功夫小子金米 / 铁拳小子 / 30分钟,大庭寿太郎 / 坂本千夏 / 中原茂 / 野野村俊惠 / 佐佐木优子 / 久保田雅人 / 水岛裕 / 向殿麻美 / 增冈弘,https://img1.doubanio.com/view/photo/s_ratio_poster/public/p1630032768.webp,https://movie.douban.com/subject/2376483/,https://search.douban.com/movie/subject_search?search_text=%E7%AB%A5%E5%B9%B4%E5%8A%A8%E7%94%BB&cat=1002&start=330,window.__DATA__,search_subject
346,24,345,1864784,猫和老鼠：魔法戒指 Tom and Jerry: The Magic Ring‎ (2002),8.6,7448,4.5,[],False,美国 / 喜剧 / 动画 / 猫和老鼠：魔术戒指 / 62分钟,James T. Walker / 杰夫·贝内特 / 弗兰克·维尔克 / 查理·斯克莱特 / 吉姆·卡明斯 / 麦丽·弗拉纳甘 / 杰斯·哈梅尔 / 莫里斯·拉马奇 / 特蕾丝·麦克尼尔,https://img9.doubanio.com/view/photo/s_ratio_poster/public/p2561801844.webp,https://movie.douban.com/subject/1864784/,https://search.douban.com/movie/subject_search?search_text=%E7%AB%A5%E5%B9%B4%E5%8A%A8%E7%94%BB&cat=1002&start=345,window.__DATA__,search_subject
347,24,345,3098564,梦之蜡笔王国 夢のクレヨン王国‎ (1997),8.4,1025,4.0,['剧集'],True,日本 / 动画 / 蜡笔小王国 / Crayon Kingdom of Dreams / 30分钟,佐藤顺一 / 山内重保 / 矢部秋则 / 岩井隆央 / 冈佳广 / 广岛秀树 / 五十岚卓哉 / 德光由禾 / 坂田修 / 竹内顺子 / 葛城七穗 / 乃村健次,https://img1.doubanio.com/view/photo/s_ratio_poster/public/p2461218879.webp,https://movie.douban.com/subject/3098564/,https://search.douban.com/movie/subject_search?search_text=%E7%AB%A5%E5%B9%B4%E5%8A%A8%E7%94%BB&cat=1002&start=345,window.__DATA__,search_subject
348,24,345,2372011,四驱小子 ダッシュ!四駆郎‎ (1989),7.9,14568,4.0,['剧集'],True,日本 / 剧情 / 动画 / 四驅小子 / 四驱郎 / 20分钟,笹川浩 / 山田隆司 / 丸尾未步 / 野泽雅子 / 关俊彦 / 佐久间玲 / 片岡富枝 / 西原久美子 / 堀本等 / 安倍敦 / 鈴木清信,https://img9.doubanio.com/view/photo/s_ratio_poster/public/p2453535314.webp,https://movie.douban.com/subject/2372011/,https://search.douban.com/movie/subject_search?search_text=%E7%AB%A5%E5%B9%B4%E5%8A%A8%E7%94%BB&cat=1002&start=345,window.__DATA__,search_subject
349,24,345,1466114,西岳奇童‎ (1984),8.8,3999,4.5,['可播放'],False,中国大陆 / 动画 / 54分钟,靳夕 / 刘蕙仪 / 武向彤 / 韩非 / 丁建华 / 洪融 / 乔榛 / 谭鹏飞,https://img3.doubanio.com/view/photo/s_ratio_poster/public/p2407038217.webp,https://movie.douban.com/subject/1466114/,https://search.douban.com/movie/subject_search?search_text=%E7%AB%A5%E5%B9%B4%E5%8A%A8%E7%94%BB&cat=1002&start=345,window.__DATA__,search_subject
350,24,345,26681550,喜羊羊与灰太狼大电影11‎ (2026),0.0,0,0.0,[],False,中国大陆 / 动画 / 90分钟,黄伟明 / 祖晴 / 张琳 / 邓玉婷 / 高全胜 / 梁颖 / 刘红韵 / 赵娜,https://img2.doubanio.com/view/photo/s_ratio_poster/public/p2570490041.webp,https://movie.douban.com/subject/26681550/,https://search.douban.com/movie/subject_search?search_text=%E7%AB%A5%E5%B9%B4%E5%8A%A8%E7%94%BB&cat=1002&start=345,window.__DATA__,search_subject
351,24,345,1777361,樱桃小丸子2 ちびまる子ちゃん2‎ (1995),9.2,24642,4.5,['剧集'],True,日本 / 儿童 / 喜剧 / 动画 / 短片 / 家庭 / 樱桃小丸子动画版 / Chibi Maruko-chan / 24分钟,芝山努 / 高木淳 / 鳕子 / 青野武 / 茶风林 / 柏仓敦 / 菊池正美 / 水谷优子 / 田野惠 / 飞田展男,https://img9.doubanio.com/view/photo/s_ratio_poster/public/p2508008555.webp,https://movie.douban.com/subject/1777361/,https://search.douban.com/movie/subject_search?search_text=%E7%AB%A5%E5%B9%B4%E5%8A%A8%E7%94%BB&cat=1002&start=345,window.__DATA__,search_subject
352,24,345,1845597,"丹佛，最后的恐龙 Denver, the Last Dinosaur‎ (1988)",7.9,11934,4.0,"['剧集', '可播放']",True,美国 / 动画 / 家庭 / 丹佛，最后的恐龙 / 丹佛恐龙 / 29分钟,汤姆·波顿 / 帕特·弗雷利 / 杰克·安杰尔 / 亚当·卡尔,https://img1.doubanio.com/view/photo/s_ratio_poster/public/p2518123090.webp,https://movie.douban.com/subject/1845597/,https://search.douban.com/movie/subject_search?search_text=%E7%AB%A5%E5%B9%B4%E5%8A%A8%E7%94%BB&cat=1002&start=345,window.__DATA__,search_subject
353,24,345,3558793,2112年 哆啦A梦诞生 2112年 ドラえもん誕生‎ (1995),9.3,3843,4.5,[],False,日本 / 剧情 / 科幻 / 动画 / 短片 / 2112年哆啦A梦诞生 / 31分钟,米谷良知 / 大山羡代 / 横山智佐 / 矢田稔 / 太田淑子 / 皆口裕子 / 永井一郎 / 西原久美子,https://img1.doubanio.com/view/photo/s_ratio_poster/public/p2507589858.webp,https://movie.douban.com/subject/3558793/,https://search.douban.com/movie/subject_search?search_text=%E7%AB%A5%E5%B9%B4%E5%8A%A8%E7%94%BB&cat=1002&start=345,window.__DATA__,search_subject
354,24,345,35496650,舒克贝塔·五角飞碟‎ (2023),6.1,2339,3.0,['可播放'],False,中国大陆 / 喜剧 / 科幻 / 动画 / 冒险 / 舒克贝塔之五角飞碟 / 92分钟,郑亚旗 / 杨凝 / 张璐 / 郑渊洁 / 王凯 / 郑在 / 露西 / 周侗 / 孙熹鹤,https://img2.doubanio.com/view/photo/s_ratio_poster/public/p2902498511.webp,https://movie.douban.com/subject/35496650/,https://search.douban.com/movie/subject_search?search_text=%E7%AB%A5%E5%B9%B4%E5%8A%A8%E7%94%BB&cat=1002&start=345,window.__DATA__,search_subject
355,24,345,4930399,海宝来了‎ (2010),6.4,2934,3.0,"['剧集', '可播放']",True,中国大陆 / 儿童 / 喜剧 / 科幻 / 动画,洪浩 / 徐刚 / 骆妍倩 / 孙晔,https://img3.doubanio.com/view/photo/s_ratio_poster/public/p2867329122.webp,https://movie.douban.com/subject/4930399/,https://search.douban.com/movie/subject_search?search_text=%E7%AB%A5%E5%B9%B4%E5%8A%A8%E7%94%BB&cat=1002&start=345,window.__DATA__,search_subject
356,24,345,2076326,爱探险的朵拉 第一季 Dora the Explorer Season 1‎ (2000),7.8,5478,4.0,"['剧集', '可播放']",True,加拿大 / 美国 / 儿童 / 动画 / 冒险 / 小小冒险家朵乐 / 30分钟,Chris Gifford / Valerie Walsh / Jason Thornton,https://img3.doubanio.com/view/photo/s_ratio_poster/public/p2166137242.webp,https://movie.douban.com/subject/2076326/,https://search.douban.com/movie/subject_search?search_text=%E7%AB%A5%E5%B9%B4%E5%8A%A8%E7%94%BB&cat=1002&start=345,window.__DATA__,search_subject
357,24,345,3506116,美少女战士Sailor Stars 美少女戦士セーラームーン セーラースターズ‎ (1996),9.0,5585,4.5,"['剧集', '可播放']",True,日本 / 动画 / 动作 / 剧情 / 奇幻 / 爱情 / 惊悚 / 美少女战士之最后的星光 / Sailor Moon Sailor Stars / 25分钟,五十岚卓哉 / 佐藤顺一 / 小坂春女 / 细田雅弘 / 芝田浩树 / 三石琴乃 / 久川绫 / 富泽美智惠 / 筱原惠美 / 深见梨加 / 荒木香惠 / 石田彰 / 古川登志夫,https://img2.doubanio.com/view/photo/s_ratio_poster/public/p1956754841.webp,https://movie.douban.com/subject/3506116/,https://search.douban.com/movie/subject_search?search_text=%E7%AB%A5%E5%B9%B4%E5%8A%A8%E7%94%BB&cat=1002&start=345,window.__DATA__,search_subject
358,24,345,3215138,海绵宝宝 第三季 SpongeBob SquarePants Season 3‎ (2002),9.6,12722,5.0,"['剧集', '可播放']",True,美国 / 喜剧 / 动画 / 23分钟,Alan Smart / 汤姆·肯尼 / 比尔·法格巴克 / 玛丽·乔·卡特利特 / 欧内斯特·博格宁 / 罗德格尔·邦帕斯 / 卡罗琳·劳伦斯 / 克兰西·布朗 / 劳伦斯先生,https://img1.doubanio.com/view/photo/s_ratio_poster/public/p2511348658.webp,https://movie.douban.com/subject/3215138/,https://search.douban.com/movie/subject_search?search_text=%E7%AB%A5%E5%B9%B4%E5%8A%A8%E7%94%BB&cat=1002&start=345,window.__DATA__,search_subject
359,24,345,20452338,奇奇颗颗历险记‎ (2006),8.2,8884,4.0,"['剧集', '可播放']",True,中国大陆 / 剧情 / 儿童 / 动画 / 冒险 / 7分钟,罗沐 / 赵育军 / 刘素贞 / 陈群 / 晏婷 / 刘娟 / 张怀武 / 袁文君,https://img3.doubanio.com/view/photo/s_ratio_poster/public/p2546807853.webp,https://movie.douban.com/subject/20452338/,https://search.douban.com/movie/subject_search?search_text=%E7%AB%A5%E5%B9%B4%E5%8A%A8%E7%94%BB&cat=1002&start=345,window.__DATA__,search_subject
360,24,345,2295831,十二生肖守护神 十二戦支 爆烈エトレンジャー‎ (1995),8.7,12254,4.5,['剧集'],True,日本 / 动画 / 十二生肖 爆烈戰士 / The Twelve Warriors Bakuretsu Eto-ranger,池田仁男 / 下坂英男 / 坂本千夏 / 森川智之 / 星野充昭 / 冰上恭子 / 山野井仁 / 纳谷六朗 / 长嶝高士 / 宫村优子,https://img9.doubanio.com/view/photo/s_ratio_poster/public/p2509139506.webp,https://movie.douban.com/subject/2295831/,https://search.douban.com/movie/subject_search?search_text=%E7%AB%A5%E5%B9%B4%E5%8A%A8%E7%94%BB&cat=1002&start=345,window.__DATA__,search_subject
361,25,360,11598913,铁甲威虫之骑刃王‎ (2012),9.3,6841,4.5,"['剧集', '可播放']",True,中国大陆 / 儿童 / 动画 / 铁甲威虫骑刃王 / 25分钟,王巍 / 祖晴 / 邓红 / 严彦子 / 刘晓天 / 廖春玉,https://img1.doubanio.com/view/photo/s_ratio_poster/public/p2581627610.webp,https://movie.douban.com/subject/11598913/,https://search.douban.com/movie/subject_search?search_text=%E7%AB%A5%E5%B9%B4%E5%8A%A8%E7%94%BB&cat=1002&start=360,window.__DATA__,search_subject
362,25,360,5031365,晶码战士‎ (2010),7.0,5181,3.5,"['剧集', '可播放']",True,中国大陆 / 儿童 / 科幻 / 动画 / 冒险 / 13分钟,孙德荣 / 乔峰 / 杨欧 / 李正翔 / 冯骏骅 / 海帆 / 刘彬 / 王肖兵 / 黄莺 / 李敏妍,https://img9.doubanio.com/view/photo/s_ratio_poster/public/p2867319324.webp,https://movie.douban.com/subject/5031365/,https://search.douban.com/movie/subject_search?search_text=%E7%AB%A5%E5%B9%B4%E5%8A%A8%E7%94%BB&cat=1002&start=360,window.__DATA__,search_subject
363,25,360,5157533,游戏王十周年纪念剧场版 超融合！超越时空的牵绊 劇場版 遊☆戯☆王 ～超融合！時空を越えた絆～‎ (2010),7.9,3501,4.0,[],False,日本 / 动画 / Gekijouban Yuugiou: Chouyuugou! Jikuu o koeta kizuna / 游戏王剧场版:超融合!穿越时空的羁绊 / 49分钟,竹下健一 / 风间俊介 / 大桥贤一郎 / 宫下雄也 / 宫泽正 / 高杉Jay二郎 / 山口胜平 / 鹤弘美 / 星野贵纪,https://img9.doubanio.com/view/photo/s_ratio_poster/public/p2245229745.webp,https://movie.douban.com/subject/5157533/,https://search.douban.com/movie/subject_search?search_text=%E7%AB%A5%E5%B9%B4%E5%8A%A8%E7%94%BB&cat=1002&start=360,window.__DATA__,search_subject
364,25,360,3722625,魔神英雄传2 魔神英雄伝ワタル2‎ (1990),9.2,10435,4.5,"['剧集', '可播放']",True,日本 / 喜剧 / 动作 / 动画 / 奇幻 / 冒险 / 新魔神英雄傳 / 魔神英雄传第二季 / 24分钟,井内秀治 / 渡边信一郎 / 日高政光 / 西村聪 / 近藤信宏 / 佐藤育郎 / 藤本义孝 / 河本升悟 / 田中真弓 / 林原惠美 / 伊仓一惠 / 高乃丽 / 西村知道 / 山寺宏一 / 玄田哲章 / 龙田直树,https://img3.doubanio.com/view/photo/s_ratio_poster/public/p2517463783.webp,https://movie.douban.com/subject/3722625/,https://search.douban.com/movie/subject_search?search_text=%E7%AB%A5%E5%B9%B4%E5%8A%A8%E7%94%BB&cat=1002&start=360,window.__DATA__,search_subject
365,25,360,2336957,鬼神童子 鬼神童子ZENKI‎ (1995),8.5,4581,4.5,['剧集'],True,日本 / 动画 / 动作 / 冒险 / 奇幻,西村纯二 / 龟垣一 / 铃木行 / 江上洁 / 菱川直树 / 冈尾贵洋 / 横山广行 / 白旗伸朗 / 山口美浩 / 佐藤育郎 / 津田义三 / 冈崎幸男 / 神原敏昭 / 松本佳久 / 守冈博 / 清水明 / 铃木吉男 / 横山智佐 / 山口胜平 / 小杉十郎太 / 绪方惠美 / 齐藤昌 / 丸山咏二 / 堀胜之祐 / 上田祐司,https://img1.doubanio.com/view/photo/s_ratio_poster/public/p2519824139.webp,https://movie.douban.com/subject/2336957/,https://search.douban.com/movie/subject_search?search_text=%E7%AB%A5%E5%B9%B4%E5%8A%A8%E7%94%BB&cat=1002&start=360,window.__DATA__,search_subject
366,25,360,25711821,大耳朵图图 第四季‎ (2011),9.3,10627,4.5,"['剧集', '可播放']",True,中国大陆 / 动画 / 大耳朵图图 第四部 / 大耳朵图图之小小欢乐魔法师 / 12分钟,速达 / 豆豆 / 范楚绒 / 胡谦,https://img3.doubanio.com/view/photo/s_ratio_poster/public/p2674284487.webp,https://movie.douban.com/subject/25711821/,https://search.douban.com/movie/subject_search?search_text=%E7%AB%A5%E5%B9%B4%E5%8A%A8%E7%94%BB&cat=1002&start=360,window.__DATA__,search_subject
367,25,360,3780631,花园宝宝 In the Night Garden...‎ (2007),8.4,11107,4.0,"['剧集', '可播放']",True,英国 / 动画 / 家庭 / 儿童 / 夜晚园 / 28分钟,Alex Kirby / Dirk Campbell / 德里克·雅各比 / 尼克·凯灵顿 / 安迪·韦勒姆 / 丽贝卡·海兰 / Isaac Blake / Holly Denoon / Justyn Towler / Elisa Laghi,https://img3.doubanio.com/view/photo/s_ratio_poster/public/p2867324047.webp,https://movie.douban.com/subject/3780631/,https://search.douban.com/movie/subject_search?search_text=%E7%AB%A5%E5%B9%B4%E5%8A%A8%E7%94%BB&cat=1002&start=360,window.__DATA__,search_subject
368,25,360,1465020,钢铁神兵 ビート・エックス‎ (1996),8.6,8142,4.5,"['剧集', '可播放']",True,日本 / 动画 / B'T X / B'T X鋼鐵神兵 / 23分钟,滨津守 / 松井仁之 / 高桥幸雄 / 冈崎幸男 / 井硲清高 / 福本洁 / 桧山修之 / 佐佐木望 / 绪方惠美 / 一条和矢 / 藤原启治 / 佐久田修 / 堀内贤雄 / 汤屋敦子,https://img9.doubanio.com/view/photo/s_ratio_poster/public/p2577193526.webp,https://movie.douban.com/subject/1465020/,https://search.douban.com/movie/subject_search?search_text=%E7%AB%A5%E5%B9%B4%E5%8A%A8%E7%94%BB&cat=1002&start=360,window.__DATA__,search_subject
369,25,360,3012751,哈哈镜花缘‎ (1994),9.1,14401,4.5,['剧集'],True,中国大陆 / 剧情 / 动画 / 22分钟,蔡志军 / 张伟 / 党同义,https://img1.doubanio.com/view/photo/s_ratio_poster/public/p2918282888.webp,https://movie.douban.com/subject/3012751/,https://search.douban.com/movie/subject_search?search_text=%E7%AB%A5%E5%B9%B4%E5%8A%A8%E7%94%BB&cat=1002&start=360,window.__DATA__,search_subject
370,25,360,3828052,百兽战队牙吠连者 百獣戦隊ガオレンジャー‎ (2001),9.1,3516,4.5,['剧集'],True,日本 / 剧情 / 动作 / 科幻 / 奇幻 / 百兽王(港) / 100 Beast Task Force Gaoranger,诸田敏 / 渡边胜也 / 坂本太郎 / 竹本升 / 中泽祥次郎 / 金子升 / 堀江庆 / 柴木丈瑠 / 酒井一圭 / 竹内实生 / 玉山铁二 / 岳美 / 有冈大贵,https://img9.doubanio.com/view/photo/s_ratio_poster/public/p2888062835.webp,https://movie.douban.com/subject/3828052/,https://search.douban.com/movie/subject_search?search_text=%E7%AB%A5%E5%B9%B4%E5%8A%A8%E7%94%BB&cat=1002&start=360,window.__DATA__,search_subject
371,25,360,1897863,星际旅行：动画版 第一季 Star Trek: The Animated Series Season 1‎ (1973),8.8,1973,4.5,['剧集'],True,美国 / 动画 / 冒险 / 家庭 / 科幻 / 星际旅行动画版 / 星空奇遇记：动画版(台) / 30分钟,吉恩·罗登伯里 / 威廉·夏特纳 / 伦纳德·尼莫伊 / 德福雷斯特·凯利 / 詹姆斯·杜汉 / 武井乔治 / 尼切尔·尼克斯 / 马杰尔·巴雷特,https://img3.doubanio.com/view/photo/s_ratio_poster/public/p1115932987.webp,https://movie.douban.com/subject/1897863/,https://search.douban.com/movie/subject_search?search_text=%E7%AB%A5%E5%B9%B4%E5%8A%A8%E7%94%BB&cat=1002&start=360,window.__DATA__,search_subject
372,25,360,1982034,龙珠Z特别篇：绝望的反抗!! 仅存的超战士悟饭和特兰克斯 ドラゴンボールZ 絶望への反抗!!残された超戦士・悟飯とトランクス‎ (1993),8.6,3095,4.5,[],False,日本 / 动画 / Dragon Ball Z: The History of Trunks,Ueda / 野泽雅子,https://img1.doubanio.com/view/photo/s_ratio_poster/public/p2181236779.webp,https://movie.douban.com/subject/1982034/,https://search.douban.com/movie/subject_search?search_text=%E7%AB%A5%E5%B9%B4%E5%8A%A8%E7%94%BB&cat=1002&start=360,window.__DATA__,search_subject
373,25,360,3532446,淘气包马小跳‎ (2009),7.4,5239,3.5,['可播放'],False,中国大陆 / 动画 / 家庭 / The Naughty Boy Ma Xiao Tiao / 91分钟,黄莹 / 李世荣 / 姜广涛 / 纪元 / 陈倩 / 张铠,https://img1.doubanio.com/view/photo/s_ratio_poster/public/p2324325079.webp,https://movie.douban.com/subject/3532446/,https://search.douban.com/movie/subject_search?search_text=%E7%AB%A5%E5%B9%B4%E5%8A%A8%E7%94%BB&cat=1002&start=360,window.__DATA__,search_subject
374,25,360,1944402,麻辣女孩 第一季 Kim possible Season 1‎ (2002),8.8,9982,4.5,['剧集'],True,美国 / 动画 / 麻辣女孩 / 30分钟,Nicholas Filippi / Lisa Schaffer / Christy Carlson Romano	.... Kim Possible (voice) / Will Friedle	 .... 	Ron Stoppable (voice),https://img9.doubanio.com/view/photo/s_ratio_poster/public/p2494977854.webp,https://movie.douban.com/subject/1944402/,https://search.douban.com/movie/subject_search?search_text=%E7%AB%A5%E5%B9%B4%E5%8A%A8%E7%94%BB&cat=1002&start=360,window.__DATA__,search_subject
375,25,360,1431960,咕咚来了‎ (1981),7.9,18667,4.0,['可播放'],False,中国大陆 / 动画 / 短片 / 儿童 / 20分钟,胡雄华 / 沈祖慰,https://img1.doubanio.com/view/photo/s_ratio_poster/public/p2627555240.webp,https://movie.douban.com/subject/1431960/,https://search.douban.com/movie/subject_search?search_text=%E7%AB%A5%E5%B9%B4%E5%8A%A8%E7%94%BB&cat=1002&start=360,window.__DATA__,search_subject
376,26,375,4114358,哆啦A梦 ドラえもん‎ (1973),9.6,24659,5.0,['剧集'],True,日本 / 喜剧 / 科幻 / 动画 / 旧哆啦 / 机器猫 / 24分钟,上梨满雄 / 富田耕生 / 太田淑子 / 惠比寿真沙子 / 八代骏 / 肝付兼太 / 野泽雅子 / 小原乃梨子 / 村越伊知郎,https://img1.doubanio.com/view/photo/s_ratio_poster/public/p2524017458.webp,https://movie.douban.com/subject/4114358/,https://search.douban.com/movie/subject_search?search_text=%E7%AB%A5%E5%B9%B4%E5%8A%A8%E7%94%BB&cat=1002&start=375,window.__DATA__,search_subject
377,26,375,1960221,恐龙家族 Dinosaurs‎ (1991),8.9,1542,4.5,['剧集'],True,美国 / 动画 / 喜剧 / 家庭 / 恐龙家族 / 30分钟,Michael Jacobs / Bob Young / Stuart Pankin / 杰西卡·沃尔特 / 凯文·克拉什,https://img3.doubanio.com/view/photo/s_ratio_poster/public/p2523319023.webp,https://movie.douban.com/subject/1960221/,https://search.douban.com/movie/subject_search?search_text=%E7%AB%A5%E5%B9%B4%E5%8A%A8%E7%94%BB&cat=1002&start=375,window.__DATA__,search_subject
378,26,375,1401602,101忠狗续集：伦敦大冒险 101 Dalmatians II: Patch's London Adventure‎ (2003),7.6,4519,4.0,[],False,美国 / 喜剧 / 动画 / 冒险 / 家庭 / 101斑点狗续集：伦敦大冒险 / 101 Dalmatians: The Animated Sequel / 74分钟,金·加姆洛德 / 布莱恩·史密斯 / 巴比·洛克伍德 / 巴瑞·波斯威克 / 萨缪尔·韦斯特 / 凯斯·索西 / 苏珊·布莱克史利 / 杰夫·贝内特 / 莫里斯·拉马奇 / 杰森·亚历山大,https://img2.doubanio.com/view/photo/s_ratio_poster/public/p1839992901.webp,https://movie.douban.com/subject/1401602/,https://search.douban.com/movie/subject_search?search_text=%E7%AB%A5%E5%B9%B4%E5%8A%A8%E7%94%BB&cat=1002&start=375,window.__DATA__,search_subject
379,26,375,1883692,蛐蛐‎ (1982),8.6,4373,4.5,['可播放'],False,中国大陆 / 动画 / 短片 / 促织 / 25分钟,尤磊,https://img1.doubanio.com/view/photo/s_ratio_poster/public/p1903054980.webp,https://movie.douban.com/subject/1883692/,https://search.douban.com/movie/subject_search?search_text=%E7%AB%A5%E5%B9%B4%E5%8A%A8%E7%94%BB&cat=1002&start=375,window.__DATA__,search_subject
380,26,375,4018198,宝贝女儿好妈妈‎ (2004),8.7,4236,4.5,['剧集'],True,中国大陆 / 动画 / 家庭 / Happy Family / 15分钟,黄伟明 / 祖晴 / 王虹 / 郭东文 / 梁颖 / 李团 / 孙金华 / 王瑶 / 曹群耀,https://img2.doubanio.com/view/photo/s_ratio_poster/public/p2775018351.webp,https://movie.douban.com/subject/4018198/,https://search.douban.com/movie/subject_search?search_text=%E7%AB%A5%E5%B9%B4%E5%8A%A8%E7%94%BB&cat=1002&start=375,window.__DATA__,search_subject
381,26,375,3059208,龙珠剧场版：神龙传说 ドラゴンボール 神龍の伝説‎ (1986),8.2,3837,4.0,[],False,日本 / 家庭 / 动作 / 冒险 / 动画 / Dragon Ball: The Legend of Shenron / Dragon Ball Movie 1 / 50分钟,西尾大介 / 野泽雅子 / 鹤弘美,https://img1.doubanio.com/view/photo/s_ratio_poster/public/p2561565349.webp,https://movie.douban.com/subject/3059208/,https://search.douban.com/movie/subject_search?search_text=%E7%AB%A5%E5%B9%B4%E5%8A%A8%E7%94%BB&cat=1002&start=375,window.__DATA__,search_subject
382,26,375,26814352,小猪佩奇 第六季 Peppa Pig Season 6‎ (2019),8.7,2075,4.5,"['剧集', '可播放']",True,英国 / 儿童 / 喜剧 / 动画 / 家庭 / 粉红猪小妹(台),内维尔·阿斯特利 / 马克·贝克 / 莫温娜·班克斯 / 理查德·赖丁斯,https://img9.doubanio.com/view/photo/s_ratio_poster/public/p2551382735.webp,https://movie.douban.com/subject/26814352/,https://search.douban.com/movie/subject_search?search_text=%E7%AB%A5%E5%B9%B4%E5%8A%A8%E7%94%BB&cat=1002&start=375,window.__DATA__,search_subject
383,26,375,1465786,不思议游戏 ふしぎ遊戯‎ (1995),8.2,12284,4.0,"['剧集', '可播放']",True,日本 / 剧情 / 动画 / 奇幻 / 魔幻游戏 / 不可思议的游戏 / 23分钟,龟垣一 / 鴫野彰 / 西泽晋 / 锅岛修 / 红优 / 嵯峨敏 / 石原立也 / 筱原俊哉 / 贞光绅也 / 黑田康弘 / 岛崎奈奈子 / 元永庆太郎 / 荒木香惠 / 冬马由美 / 绿川光 / 子安武人 / 坂本千夏 / 关智一 / 神奈延年 / 石井康嗣,https://img3.doubanio.com/view/photo/s_ratio_poster/public/p2593179407.webp,https://movie.douban.com/subject/1465786/,https://search.douban.com/movie/subject_search?search_text=%E7%AB%A5%E5%B9%B4%E5%8A%A8%E7%94%BB&cat=1002&start=375,window.__DATA__,search_subject
384,26,375,2143839,人参王国‎ (1997),8.6,12324,4.5,"['剧集', '可播放']",True,中国 / 动画 / 12分钟,王强,https://img9.doubanio.com/view/photo/s_ratio_poster/public/p2666503854.webp,https://movie.douban.com/subject/2143839/,https://search.douban.com/movie/subject_search?search_text=%E7%AB%A5%E5%B9%B4%E5%8A%A8%E7%94%BB&cat=1002&start=375,window.__DATA__,search_subject
385,26,375,5401726,迪迦奥特曼～致光的孩子们～ ウルトラマンティガ～光の子供たちへ～‎ (2001),8.8,1386,4.5,[],False,日本 / 科幻 / Ultraman Tiga: To the Children of Light / 超人迪加～致光的孩子们～,田中正明 / 飛田展雄 / 河本紘志 / 伊澤麻璃也,https://img9.doubanio.com/view/photo/s_ratio_poster/public/p2453441896.webp,https://movie.douban.com/subject/5401726/,https://search.douban.com/movie/subject_search?search_text=%E7%AB%A5%E5%B9%B4%E5%8A%A8%E7%94%BB&cat=1002&start=375,window.__DATA__,search_subject
386,26,375,1883725,大白鲸 ムーの白鯨‎ (1980),8.2,3936,4.0,['剧集'],True,日本 / 动画 / The White Whale Of Mu,福尾元夫 / 武冈淳一 / 井上和彦 / 千千松幸子 / 铃置洋孝,https://img3.doubanio.com/view/photo/s_ratio_poster/public/p2920473532.webp,https://movie.douban.com/subject/1883725/,https://search.douban.com/movie/subject_search?search_text=%E7%AB%A5%E5%B9%B4%E5%8A%A8%E7%94%BB&cat=1002&start=375,window.__DATA__,search_subject
387,26,375,26670686,数码宝贝大冒险tri. 第2章：决意 デジモンアドベンチャー tri. 第2章 決意‎ (2016),6.9,5927,3.5,['可播放'],False,日本 / 科幻 / 动画 / 冒险 / Dejimon Adobenchâ tri 2: Ketsui / 84分钟,元永庆太郎 / 花江夏树 / 细谷佳正 / 三森铃子 / 田村睦心 / 吉田仁美 / 池田纯矢 / 榎木淳弥 / M・A・O,https://img1.doubanio.com/view/photo/s_ratio_poster/public/p2437663318.webp,https://movie.douban.com/subject/26670686/,https://search.douban.com/movie/subject_search?search_text=%E7%AB%A5%E5%B9%B4%E5%8A%A8%E7%94%BB&cat=1002&start=375,window.__DATA__,search_subject
388,26,375,19897570,憨八龟的故事‎ (2006),8.2,9734,4.0,['剧集'],True,中国大陆 / 儿童 / 科幻 / 动画 / 奇幻 / 冒险 / 13分钟,邓本勤 / 庄伯权 / 谷放冰 / 邹岱玲 / 杨光普,https://img9.doubanio.com/view/photo/s_ratio_poster/public/p2546796464.webp,https://movie.douban.com/subject/19897570/,https://search.douban.com/movie/subject_search?search_text=%E7%AB%A5%E5%B9%B4%E5%8A%A8%E7%94%BB&cat=1002&start=375,window.__DATA__,search_subject
389,26,375,3566519,小宋当家‎ (2008),8.9,6168,4.5,"['剧集', '可播放']",True,中国大陆 / 剧情 / 儿童 / 动画 / 14分钟,黄伟明 / 邓玉婷 / 张琳 / 祖晴,https://img9.doubanio.com/view/photo/s_ratio_poster/public/p2619975976.webp,https://movie.douban.com/subject/3566519/,https://search.douban.com/movie/subject_search?search_text=%E7%AB%A5%E5%B9%B4%E5%8A%A8%E7%94%BB&cat=1002&start=375,window.__DATA__,search_subject
390,26,375,4275579,夺宝幸运星‎ (2005),9.3,12335,4.5,"['剧集', '可播放']",True,中国大陆 / 喜剧 / 动画 / 短片 / 开心西游记 / 9分钟,哈磊,https://img2.doubanio.com/view/photo/s_ratio_poster/public/p2515647361.webp,https://movie.douban.com/subject/4275579/,https://search.douban.com/movie/subject_search?search_text=%E7%AB%A5%E5%B9%B4%E5%8A%A8%E7%94%BB&cat=1002&start=375,window.__DATA__,search_subject
391,27,390,2346826,勇敢的兔八哥 Bugs Bunny Gets the Boid‎ (1942),8.8,10094,4.5,[],False,美国 / 家庭 / 动画 / 短片 / 喜剧 / 7分钟,Robert Clampett / 梅尔·布兰科 / 萨拉·伯纳 / Kent Rogers,https://img2.doubanio.com/view/photo/s_ratio_poster/public/p2870686781.webp,https://movie.douban.com/subject/2346826/,https://search.douban.com/movie/subject_search?search_text=%E7%AB%A5%E5%B9%B4%E5%8A%A8%E7%94%BB&cat=1002&start=390,window.__DATA__,search_subject
392,27,390,1465024,美少女战士S 美少女戦士セーラームーンS‎ (1994),8.6,9776,4.5,"['剧集', '可播放']",True,日本 / 动画 / 动作 / 冒险 / 奇幻 / 剧情 / 爱情 / 惊悚 / 美少女战士第三季 / Bishoujo Senshi Sailor Moon / 30分钟,佐藤顺一 / 几原邦彦 / 宇田钢之介 / 五十岚卓哉 / 小坂春女 / 芝田浩树 / 三石琴乃 / 久川绫 / 古谷彻 / 富泽美智惠 / 筱原惠美 / 深见梨加 / 绪方惠美 / 胜生真沙子,https://img1.doubanio.com/view/photo/s_ratio_poster/public/p2122734938.webp,https://movie.douban.com/subject/1465024/,https://search.douban.com/movie/subject_search?search_text=%E7%AB%A5%E5%B9%B4%E5%8A%A8%E7%94%BB&cat=1002&start=390,window.__DATA__,search_subject
393,27,390,2051725,我是小甜甜 魔法の天使クリィミーマミ‎ (1983),8.2,15494,4.0,"['剧集', '可播放']",True,日本 / 动画 / 冒险 / 喜剧 / 剧情 / 家庭 / 奇幻 / 音乐 / 爱情 / 魔法天使 / Mahô no tenshi Creamy Mami / 24分钟,立场良 / 望月智充 / 安浓高志 / 小林治 / 水岛裕 / 肝付兼太 / 三田友子 / 井上和彦 / 土井美加 / 岛津冴子 / 村山明,https://img1.doubanio.com/view/photo/s_ratio_poster/public/p2282598529.webp,https://movie.douban.com/subject/2051725/,https://search.douban.com/movie/subject_search?search_text=%E7%AB%A5%E5%B9%B4%E5%8A%A8%E7%94%BB&cat=1002&start=390,window.__DATA__,search_subject
394,27,390,11612337,海绵宝宝 第四季 SpongeBob SquarePants Season 4‎ (2005),9.6,9732,5.0,"['剧集', '可播放']",True,美国 / 喜剧 / 动画 / 家庭 / 23分钟,保罗·提比特 / Alan smart / Sherm Cohen / 汤姆·肯尼 / 比尔·法格巴克 / 克兰西·布朗 / 劳伦斯先生 / 吉尔·塔利 / 卡罗琳·劳伦斯 / 罗里·艾伦 / 迪·布莱德利·贝克,https://img2.doubanio.com/view/photo/s_ratio_poster/public/p2511349101.webp,https://movie.douban.com/subject/11612337/,https://search.douban.com/movie/subject_search?search_text=%E7%AB%A5%E5%B9%B4%E5%8A%A8%E7%94%BB&cat=1002&start=390,window.__DATA__,search_subject
395,27,390,10744795,开心宝贝之开心星星球‎ (2012),8.9,3981,4.5,"['剧集', '可播放']",True,中国大陆 / 儿童 / 喜剧 / 动画 / 奇幻 / 冒险 / 开心宝贝第五部 / 13分钟,黄伟明 / 刘红韵 / 邓玉婷 / 严彦子 / 祖晴 / 高全胜,https://img2.doubanio.com/view/photo/s_ratio_poster/public/p1818410741.webp,https://movie.douban.com/subject/10744795/,https://search.douban.com/movie/subject_search?search_text=%E7%AB%A5%E5%B9%B4%E5%8A%A8%E7%94%BB&cat=1002&start=390,window.__DATA__,search_subject
396,27,390,1845590,嘿！奔奔 へーい!ブンブー‎ (1985),9.0,5807,4.5,['剧集'],True,日本 / 动画 / 冒险 / 剧情 / 家庭 / 汽车奔奔 / 嘿！笨笨,冈部英二 / 吉田宪二 / Masako Nozawa / Chika Sakamoto,https://img9.doubanio.com/view/photo/s_ratio_poster/public/p1968961604.webp,https://movie.douban.com/subject/1845590/,https://search.douban.com/movie/subject_search?search_text=%E7%AB%A5%E5%B9%B4%E5%8A%A8%E7%94%BB&cat=1002&start=390,window.__DATA__,search_subject
397,27,390,10573507,果宝特攻2‎ (2012),8.8,12304,4.5,"['剧集', '可播放']",True,中国大陆 / 儿童 / 喜剧 / 动作 / 动画 / 奇幻 / 冒险 / Fruity Robo 2,王巍 / 祖晴 / 陆双 / 李团 / 廖春玉 / 鞠月斌 / 赵然 / 刘筱天,https://img3.doubanio.com/view/photo/s_ratio_poster/public/p2302439622.webp,https://movie.douban.com/subject/10573507/,https://search.douban.com/movie/subject_search?search_text=%E7%AB%A5%E5%B9%B4%E5%8A%A8%E7%94%BB&cat=1002&start=390,window.__DATA__,search_subject
398,27,390,3115194,魔法咪路咪路 わがまま☆フェアリー ミルモでポン!‎ (2002),8.9,6718,4.5,['剧集'],True,日本 / 爱情 / 动画 / 奇幻 / 24分钟,笠井贤一 / 小樱悦子 / 中原麻衣 / 麻绩村真由子 / 德本恭敏 / 铃木晶子 / 一美 / 钉宫理惠 / 保志总一朗,https://img1.doubanio.com/view/photo/s_ratio_poster/public/p2542127630.webp,https://movie.douban.com/subject/3115194/,https://search.douban.com/movie/subject_search?search_text=%E7%AB%A5%E5%B9%B4%E5%8A%A8%E7%94%BB&cat=1002&start=390,window.__DATA__,search_subject
399,27,390,34482369,喜羊羊与灰太狼之跨时空救兵‎ (2019),8.5,5039,4.5,"['剧集', '可播放']",True,中国大陆 / 儿童 / 喜剧 / 科幻 / 动画 / 冒险 / 嘻哈闯世界4 / 15分钟,容裕庆 / 何英强 / 周泽钜 / 全超 / 陈力进 / 陈雄滨 / 蔡木炎 / 梁嘉琪 / 祖晴 / 张琳 / 刘红韵 / 邓玉婷 / 梁颖 / 高全胜 / 赵娜,https://img1.doubanio.com/view/photo/s_ratio_poster/public/p2673448029.webp,https://movie.douban.com/subject/34482369/,https://search.douban.com/movie/subject_search?search_text=%E7%AB%A5%E5%B9%B4%E5%8A%A8%E7%94%BB&cat=1002&start=390,window.__DATA__,search_subject
400,27,390,1431956,熊猫百货商店‎ (1979),8.3,8945,4.0,['可播放'],False,中国大陆 / 动画 / 短片 / Panda's Department Store / 16分钟,沈祖慰 / 周克勤,https://img3.doubanio.com/view/photo/s_ratio_poster/public/p2649062352.webp,https://movie.douban.com/subject/1431956/,https://search.douban.com/movie/subject_search?search_text=%E7%AB%A5%E5%B9%B4%E5%8A%A8%E7%94%BB&cat=1002&start=390,window.__DATA__,search_subject
401,27,390,1472238,草原英雄小姐妹‎ (1965),7.5,8244,4.0,['可播放'],False,中国大陆 / 动画 / Little Sisters of the Grassland / 草原英雄小姊妹 / 44分钟,钱运达 / 唐澄,https://img1.doubanio.com/view/photo/s_ratio_poster/public/p2649088079.webp,https://movie.douban.com/subject/1472238/,https://search.douban.com/movie/subject_search?search_text=%E7%AB%A5%E5%B9%B4%E5%8A%A8%E7%94%BB&cat=1002&start=390,window.__DATA__,search_subject
402,27,390,6436767,天眼小神童‎ (2005),7.4,18202,3.5,"['剧集', '可播放']",True,中国大陆 / 剧情 / 儿童 / 动画 / 奇幻 / 天眼 / 22分钟,糖仁 / 伍凤春 / 张美娟 / 腾腾 / 房露 / 王博 / 阎萌萌 / 孙佳禾 / 张璐,https://img9.doubanio.com/view/photo/s_ratio_poster/public/p2571405945.webp,https://movie.douban.com/subject/6436767/,https://search.douban.com/movie/subject_search?search_text=%E7%AB%A5%E5%B9%B4%E5%8A%A8%E7%94%BB&cat=1002&start=390,window.__DATA__,search_subject
403,27,390,25711819,大耳朵图图 第三季‎ (2010),9.3,13237,4.5,"['剧集', '可播放']",True,中国大陆 / 动画 / 大耳朵图图 第三部 / 12分钟,速达 / 豆豆 / 范楚绒 / 胡谦,https://img9.doubanio.com/view/photo/s_ratio_poster/public/p2904162034.webp,https://movie.douban.com/subject/25711819/,https://search.douban.com/movie/subject_search?search_text=%E7%AB%A5%E5%B9%B4%E5%8A%A8%E7%94%BB&cat=1002&start=390,window.__DATA__,search_subject
404,27,390,26745079,淘气包马小跳‎ (2008),7.8,6525,4.0,"['剧集', '可播放']",True,中国大陆 / 喜剧 / 动画 / 家庭 / 13分钟,黄军 / 李然 / 薛岚 / 王翔,https://img3.doubanio.com/view/photo/s_ratio_poster/public/p2324482012.webp,https://movie.douban.com/subject/26745079/,https://search.douban.com/movie/subject_search?search_text=%E7%AB%A5%E5%B9%B4%E5%8A%A8%E7%94%BB&cat=1002&start=390,window.__DATA__,search_subject
405,27,390,1897777,百变雄师 第一季 Challenge of the GoBots Season 1‎ (1984),7.6,3141,4.0,['剧集'],True,美国 / 动作 / 动画 / 冒险 / 百变雄狮 / 30分钟,Arthur Davis / Oscar Dufau,https://img1.doubanio.com/view/photo/s_ratio_poster/public/p2153330738.webp,https://movie.douban.com/subject/1897777/,https://search.douban.com/movie/subject_search?search_text=%E7%AB%A5%E5%B9%B4%E5%8A%A8%E7%94%BB&cat=1002&start=390,window.__DATA__,search_subject
406,28,405,11612338,海绵宝宝 第五季 SpongeBob SquarePants Season 5‎ (2007),9.6,9316,5.0,"['剧集', '可播放']",True,美国 / 喜剧 / 动画 / 家庭 / 23分钟,保罗·提比特 / Alan smart / Sherm Cohen / 汤姆·肯尼 / 比尔·法格巴克 / 吉尔·塔利 / 罗德格尔·邦帕斯 / 克兰西·布朗 / 劳伦斯先生 / 罗里·艾伦 / 卡罗琳·劳伦斯,https://img3.doubanio.com/view/photo/s_ratio_poster/public/p2627901032.webp,https://movie.douban.com/subject/11612338/,https://search.douban.com/movie/subject_search?search_text=%E7%AB%A5%E5%B9%B4%E5%8A%A8%E7%94%BB&cat=1002&start=405,window.__DATA__,search_subject
407,28,405,10756786,七色战记‎ (2009),9.4,1494,4.5,"['剧集', '可播放']",True,中国大陆 / 儿童 / 喜剧 / 动画 / 奇幻 / 冒险 / PLANET OF 7 COLORS,黄智龙 / 赵娜 / 刘红韵 / 李团 / 祖晴 / 高全胜 / 陆双,https://img9.doubanio.com/view/photo/s_ratio_poster/public/p2604309876.webp,https://movie.douban.com/subject/10756786/,https://search.douban.com/movie/subject_search?search_text=%E7%AB%A5%E5%B9%B4%E5%8A%A8%E7%94%BB&cat=1002&start=405,window.__DATA__,search_subject
408,28,405,4097192,快乐星猫‎ (2008),8.5,14730,4.5,"['剧集', '可播放']",True,中国大陆 / 剧情 / 儿童 / 喜剧 / 科幻 / 动画 / 冒险 / 星猫历险记 / 13分钟,沈乐平 / 金波,https://img1.doubanio.com/view/photo/s_ratio_poster/public/p2867287150.webp,https://movie.douban.com/subject/4097192/,https://search.douban.com/movie/subject_search?search_text=%E7%AB%A5%E5%B9%B4%E5%8A%A8%E7%94%BB&cat=1002&start=405,window.__DATA__,search_subject
409,28,405,2146020,成语动画廊‎ (1987),8.6,2825,4.5,['剧集'],True,中国香港 / 儿童 / 动画 / 短片 / 熊猫教授说…… / 3分钟,许诚毅 / 林保全 / 林丹凤,https://img3.doubanio.com/view/photo/s_ratio_poster/public/p2554123623.webp,https://movie.douban.com/subject/2146020/,https://search.douban.com/movie/subject_search?search_text=%E7%AB%A5%E5%B9%B4%E5%8A%A8%E7%94%BB&cat=1002&start=405,window.__DATA__,search_subject
410,28,405,2030751,小蛋壳‎ (1986),8.6,9748,4.5,['可播放'],False,中国大陆 / 儿童 / 动画 / 奇幻 / 短片 / 18分钟,熊南清,https://img2.doubanio.com/view/photo/s_ratio_poster/public/p2604569451.webp,https://movie.douban.com/subject/2030751/,https://search.douban.com/movie/subject_search?search_text=%E7%AB%A5%E5%B9%B4%E5%8A%A8%E7%94%BB&cat=1002&start=405,window.__DATA__,search_subject
411,28,405,11584090,海绵宝宝 第九季 SpongeBob SquarePants Season 9‎ (2012),9.5,5776,5.0,"['剧集', '可播放']",True,美国 / 喜剧 / 动画 / 家庭 / 23分钟,Stephen Hillenburg / 汤姆·肯尼 / 比尔·法格巴克 / 罗德格尔·邦帕斯 / 卡罗琳·劳伦斯 / 克兰西·布朗 / 劳伦斯先生,https://img2.doubanio.com/view/photo/s_ratio_poster/public/p2627884031.webp,https://movie.douban.com/subject/11584090/,https://search.douban.com/movie/subject_search?search_text=%E7%AB%A5%E5%B9%B4%E5%8A%A8%E7%94%BB&cat=1002&start=405,window.__DATA__,search_subject
412,28,405,26963808,魔神Z 劇場版 マジンガーZ / INFINITY‎ (2017),6.2,2301,3.0,['可播放'],False,日本 / 科幻 / 动画 / 灾难 / 铁甲万能侠：决战魔神(港) / 剧场版无敌铁金刚INFINITY(台) / 94分钟,志水淳儿 / 森久保祥太郎 / 茅野爱衣 / 上坂堇 / 花江夏树 / 关俊彦 / 小清水亚美 / 森田顺平 / 石冢运升,https://img1.doubanio.com/view/photo/s_ratio_poster/public/p2549420228.webp,https://movie.douban.com/subject/26963808/,https://search.douban.com/movie/subject_search?search_text=%E7%AB%A5%E5%B9%B4%E5%8A%A8%E7%94%BB&cat=1002&start=405,window.__DATA__,search_subject
413,28,405,2136149,狼来了‎ (1982),7.9,10057,4.0,['可播放'],False,中国大陆 / 动画 / 短片 / 牧羊人的玩笑 / 17分钟,夏秉钧,https://img9.doubanio.com/view/photo/s_ratio_poster/public/p2649055154.webp,https://movie.douban.com/subject/2136149/,https://search.douban.com/movie/subject_search?search_text=%E7%AB%A5%E5%B9%B4%E5%8A%A8%E7%94%BB&cat=1002&start=405,window.__DATA__,search_subject
414,28,405,2123619,拔萝卜‎ (1957),7.7,7087,4.0,['可播放'],False,中国大陆 / 动画 / 短片 / 10分钟,钱家骏,https://img2.doubanio.com/view/photo/s_ratio_poster/public/p2649063591.webp,https://movie.douban.com/subject/2123619/,https://search.douban.com/movie/subject_search?search_text=%E7%AB%A5%E5%B9%B4%E5%8A%A8%E7%94%BB&cat=1002&start=405,window.__DATA__,search_subject
415,28,405,1781149,波波安 第一季 Pepper Ann Season 1‎ (1997),8.4,13376,4.0,['剧集'],True,美国 / 韩国 / 动画 / 家庭 / 喜剧 / Disney's Pepper Ann / 波波安 / 30分钟,凯瑟琳·威尔霍特 / 艾普尔·温切尔 / 丹尼·库克塞,https://img9.doubanio.com/view/photo/s_ratio_poster/public/p2546235985.webp,https://movie.douban.com/subject/1781149/,https://search.douban.com/movie/subject_search?search_text=%E7%AB%A5%E5%B9%B4%E5%8A%A8%E7%94%BB&cat=1002&start=405,window.__DATA__,search_subject
416,28,405,4103436,星际恐龙 Extreme Dinosaurs‎ (1997),8.3,9370,4.0,['剧集'],True,美国 / 动画 / 动作 / 犯罪 / 家庭 / 科幻 / 恐龙勇士 / 星际恐龙 / 20分钟,Phil Harnage / Ken Pontac / David Sobolov / 加里·切克 / 安德鲁·弗朗西斯 / 贾森·加里-斯坦福德 / Terry Klassen,https://img9.doubanio.com/view/photo/s_ratio_poster/public/p2609491146.webp,https://movie.douban.com/subject/4103436/,https://search.douban.com/movie/subject_search?search_text=%E7%AB%A5%E5%B9%B4%E5%8A%A8%E7%94%BB&cat=1002&start=405,window.__DATA__,search_subject
417,28,405,1968581,猫怪麦克 What's Michael‎ (1988),9.2,8775,4.5,['剧集'],True,日本 / 动画 / 小林家的猫 / 俏皮猫麦克 / 24分钟,富山敬 / 梅津秀行 / 鹰森淑乃 / 川村万梨阿 / 增冈弘,https://img3.doubanio.com/view/photo/s_ratio_poster/public/p1607870377.webp,https://movie.douban.com/subject/1968581/,https://search.douban.com/movie/subject_search?search_text=%E7%AB%A5%E5%B9%B4%E5%8A%A8%E7%94%BB&cat=1002&start=405,window.__DATA__,search_subject
418,28,405,1305995,飞翔的梦 Motýlí cas‎ (1991),8.8,1096,4.5,[],False,捷克斯洛伐克 / 加拿大 / 动画 / 家庭 / 奇幻 / 童年记趣 / The Flying Sneaker / 84分钟,布雷梯斯拉夫·波杰 / Ludek Navratil / Katerina Machácková / 亚罗米尔·汉兹利克 / 卢博尔·托科什 / Katka Pokorna,https://img2.doubanio.com/view/photo/s_ratio_poster/public/p2550740471.webp,https://movie.douban.com/subject/1305995/,https://search.douban.com/movie/subject_search?search_text=%E7%AB%A5%E5%B9%B4%E5%8A%A8%E7%94%BB&cat=1002&start=405,window.__DATA__,search_subject
419,28,405,5683891,弹珠传说‎ (2010),9.0,12318,4.5,"['剧集', '可播放']",True,中国大陆 / 儿童 / 科幻 / 动画 / 冒险 / 运动 / Pinball Legend / 25分钟,朱珂 / 熊可 / 陈睿 / 张凯鑫 / 刘淳瑞 / 崔剑楠 / 于潇潇 / 刘贞 / 傅金秀 / 李凡杰 / 李君,https://img3.doubanio.com/view/photo/s_ratio_poster/public/p2869685387.webp,https://movie.douban.com/subject/5683891/,https://search.douban.com/movie/subject_search?search_text=%E7%AB%A5%E5%B9%B4%E5%8A%A8%E7%94%BB&cat=1002&start=405,window.__DATA__,search_subject
420,28,405,1766542,高智能方程式赛车 新世紀GPXサイバーフォーミュラ‎ (1991),8.9,7348,4.5,['剧集'],True,日本 / 剧情 / 动画 / 运动 / 霹雳赛车 / 新世纪GPX高智能方程式赛车 / 25分钟,福田己津央 / 赤根和树 / 山口美浩 / 西村聪 / 三家本泰美 / 藤本义孝 / 松浦锭平 / 金丸淳一 / 三石琴乃 / 冬马由美 / 关俊彦 / 绿川光 / 天野由梨,https://img9.doubanio.com/view/photo/s_ratio_poster/public/p2557772974.webp,https://movie.douban.com/subject/1766542/,https://search.douban.com/movie/subject_search?search_text=%E7%AB%A5%E5%B9%B4%E5%8A%A8%E7%94%BB&cat=1002&start=405,window.__DATA__,search_subject
421,29,420,1849336,愚人买鞋‎ (1979),7.9,8676,4.0,['可播放'],False,中国大陆 / 儿童 / 动画 / 短片 / 9分钟,方润南 / 尤磊,https://img9.doubanio.com/view/photo/s_ratio_poster/public/p2649054384.webp,https://movie.douban.com/subject/1849336/,https://search.douban.com/movie/subject_search?search_text=%E7%AB%A5%E5%B9%B4%E5%8A%A8%E7%94%BB&cat=1002&start=420,window.__DATA__,search_subject
422,29,420,6518727,四驱兄弟 WGP 暴走四驱大追踪 爆走兄弟レッツ&ゴー!!WGP 暴走ミニ四駆大追跡!‎ (1997),6.9,608,3.5,[],False,日本 / 科幻 / 动画 / 80分钟,网野哲朗 / 渊崎由里子 Yuriko Fuchizaki / 池泽春菜 Haruna Ikezawa / 高乃丽 Urara Takano / 大谷育江 Ikue Ootani / 神代知衣 Chie Kôjiro / 渡边久美子 Kumiko Watanabe / 今井由香 Yuka Imai / 江原正士 Masashi Ebara,https://img9.doubanio.com/view/photo/s_ratio_poster/public/p2867793435.webp,https://movie.douban.com/subject/6518727/,https://search.douban.com/movie/subject_search?search_text=%E7%AB%A5%E5%B9%B4%E5%8A%A8%E7%94%BB&cat=1002&start=420,window.__DATA__,search_subject
423,29,420,5337558,水果篮子 第一季 フルーツバスケット 1st season‎ (2019),8.5,12811,4.5,"['剧集', '可播放']",True,日本 / 动画 / 奇幻 / 生肖奇缘 / Fruits Basket / 24分钟,井端义秀 / 殿胜秀树 / 高岛大辅 / 榎本明广 / 猪狩崇 / 平向智子 / 川越崇弘 / 铃木孝聪 / 土屋康郎 / 工藤宽显 / 野木森达哉 / 石见舞菜香 / 岛崎信长 / 内田雄马 / 中村悠一 / 种崎敦美 / 佐藤聪美 / 钉宫理惠 / 潘惠美,https://img9.doubanio.com/view/photo/s_ratio_poster/public/p2552637635.webp,https://movie.douban.com/subject/5337558/,https://search.douban.com/movie/subject_search?search_text=%E7%AB%A5%E5%B9%B4%E5%8A%A8%E7%94%BB&cat=1002&start=420,window.__DATA__,search_subject
424,29,420,2138613,正义战士 The Centurions‎ (1986),9.1,6051,4.5,['剧集'],True,美国 / 动作 / 动画 / 正义战士 / 30分钟,Michael Bell / Jennifer Darling / Vince Edwards,https://img1.doubanio.com/view/photo/s_ratio_poster/public/p2153330458.webp,https://movie.douban.com/subject/2138613/,https://search.douban.com/movie/subject_search?search_text=%E7%AB%A5%E5%B9%B4%E5%8A%A8%E7%94%BB&cat=1002&start=420,window.__DATA__,search_subject
425,29,420,1431950,抬驴‎ (1981),8.0,5732,4.0,['可播放'],False,中国大陆 / 喜剧 / 动画 / 短片 / Carrying the Donkey / 17分钟,王柏荣,https://img1.doubanio.com/view/photo/s_ratio_poster/public/p2649083520.webp,https://movie.douban.com/subject/1431950/,https://search.douban.com/movie/subject_search?search_text=%E7%AB%A5%E5%B9%B4%E5%8A%A8%E7%94%BB&cat=1002&start=420,window.__DATA__,search_subject
426,29,420,30428971,喜羊羊与灰太狼之羊村守护者‎ (2019),8.4,6154,4.0,"['剧集', '可播放']",True,中国大陆 / 动画 / 发明大作战2 / 15分钟,黄晓雪 / 祖晴 / 张琳 / 邓玉婷 / 高全胜 / 梁颖 / 刘红韵,https://img9.doubanio.com/view/photo/s_ratio_poster/public/p2545734536.webp,https://movie.douban.com/subject/30428971/,https://search.douban.com/movie/subject_search?search_text=%E7%AB%A5%E5%B9%B4%E5%8A%A8%E7%94%BB&cat=1002&start=420,window.__DATA__,search_subject
427,29,420,2153494,可可可心一家人‎ (2003),8.0,10107,4.0,['剧集'],True,中国大陆 / 喜剧 / 动画 / 短片 / 家庭 / 可可可心一家人1 / 8分钟,杨子岚 / 曹梁 / 徐刚 / 杨梦露 / 刘钦 / 王建新 / 李晔 / 张慧 / 戚国芳,https://img9.doubanio.com/view/photo/s_ratio_poster/public/p2867168745.webp,https://movie.douban.com/subject/2153494/,https://search.douban.com/movie/subject_search?search_text=%E7%AB%A5%E5%B9%B4%E5%8A%A8%E7%94%BB&cat=1002&start=420,window.__DATA__,search_subject
428,29,420,1431721,狐狸打猎人‎ (1978),8.1,5048,4.0,['可播放'],False,中国大陆 / 动画 / 奇幻 / 短片 / The Fox and the Hunter / 18分钟,胡雄华 / 邱岳峰,https://img9.doubanio.com/view/photo/s_ratio_poster/public/p2568409835.webp,https://movie.douban.com/subject/1431721/,https://search.douban.com/movie/subject_search?search_text=%E7%AB%A5%E5%B9%B4%E5%8A%A8%E7%94%BB&cat=1002&start=420,window.__DATA__,search_subject
429,29,420,25911616,神探威威猫‎ (2004),7.6,3269,4.0,"['剧集', '可播放']",True,中国大陆 / 儿童 / 科幻 / 犯罪 / 动画 / 悬疑 / 冒险 / 10分钟,陈春乾 / 刘红韵 / 祖晴,https://img1.doubanio.com/view/photo/s_ratio_poster/public/p2223975458.webp,https://movie.douban.com/subject/25911616/,https://search.douban.com/movie/subject_search?search_text=%E7%AB%A5%E5%B9%B4%E5%8A%A8%E7%94%BB&cat=1002&start=420,window.__DATA__,search_subject
430,29,420,1296181,"一路顺风，查理布朗 Bon Voyage, Charlie Brown (and Don't Come Back!)‎ (1980)",8.5,4251,4.5,['可播放'],False,美国 / 动画 / 喜剧 / 家庭 / 史诺比留学记 / 史努比漫遊世界(台) / 75分钟,比尔·莫伦茨 / Scott Beach / 丹尼尔·安德森,https://img1.doubanio.com/view/photo/s_ratio_poster/public/p2206513238.webp,https://movie.douban.com/subject/1296181/,https://search.douban.com/movie/subject_search?search_text=%E7%AB%A5%E5%B9%B4%E5%8A%A8%E7%94%BB&cat=1002&start=420,window.__DATA__,search_subject
431,29,420,3150342,三毛流浪记‎ (1984),9.0,10454,4.5,"['剧集', '可播放']",True,中国大陆 / 动画 / Winter Of Three Hairs / 10分钟,徐景达 / 朱康林 / 丁建华 / 毕克,https://img1.doubanio.com/view/photo/s_ratio_poster/public/p2649097419.webp,https://movie.douban.com/subject/3150342/,https://search.douban.com/movie/subject_search?search_text=%E7%AB%A5%E5%B9%B4%E5%8A%A8%E7%94%BB&cat=1002&start=420,window.__DATA__,search_subject
432,29,420,3780341,天地无用 天地無用!‎ (1995),8.1,8298,4.0,['剧集'],True,日本 / 剧情 / 动画 / Tenchi Universe / 天地无用 / 24分钟,根岸弘 / 石原立也 / 黑田康弘 / 木村真一郎 / 福本洁 / 小村敏明 / 广岛秀树 / 岩崎良明 / 菊池正美 / 折笠爱 / 高田由美 / 横山智佐 / 小樱悦子 / 水谷优子 / 天野由梨 / 小林优子,https://img1.doubanio.com/view/photo/s_ratio_poster/public/p2554091079.webp,https://movie.douban.com/subject/3780341/,https://search.douban.com/movie/subject_search?search_text=%E7%AB%A5%E5%B9%B4%E5%8A%A8%E7%94%BB&cat=1002&start=420,window.__DATA__,search_subject
433,29,420,2121871,熊猫的故事 シュンマオ物語 タオタオ‎ (1981),8.9,3036,4.5,[],False,日本 / 中国大陆 / 动画 / The Story of Panda Taotao / 88分钟,岛村达雄 / 丁健华 / 刘广宁 / 童自荣,https://img1.doubanio.com/view/photo/s_ratio_poster/public/p2334086208.webp,https://movie.douban.com/subject/2121871/,https://search.douban.com/movie/subject_search?search_text=%E7%AB%A5%E5%B9%B4%E5%8A%A8%E7%94%BB&cat=1002&start=420,window.__DATA__,search_subject
434,29,420,1870462,小红脸和小蓝脸‎ (1982),8.3,4527,4.0,['可播放'],False,中国大陆 / 动画 / 短片 / 11分钟,戴铁郎 / 毕克,https://img1.doubanio.com/view/photo/s_ratio_poster/public/p2649097150.webp,https://movie.douban.com/subject/1870462/,https://search.douban.com/movie/subject_search?search_text=%E7%AB%A5%E5%B9%B4%E5%8A%A8%E7%94%BB&cat=1002&start=420,window.__DATA__,search_subject
435,29,420,26961195,动漫世界‎ (2003),9.6,6441,5.0,['剧集'],True,中国大陆 / 动画 / 真人秀 / Comic World / 60分钟,马凯 / 鞠萍 / 顽皮,https://img3.doubanio.com/view/photo/s_ratio_poster/public/p2571262423.webp,https://movie.douban.com/subject/26961195/,https://search.douban.com/movie/subject_search?search_text=%E7%AB%A5%E5%B9%B4%E5%8A%A8%E7%94%BB&cat=1002&start=420,window.__DATA__,search_subject
436,30,435,10458685,猫眼三姐妹 第二季 キャッツ♥アイ 二期‎ (1984),8.9,3997,4.5,['剧集'],True,日本 / 动画 / 25分钟,竹内启雄 / 户田惠子 Keiko Toda / 藤田淑子 / 坂本千夏 / 安原义人,https://img2.doubanio.com/view/photo/s_ratio_poster/public/p2564332241.webp,https://movie.douban.com/subject/10458685/,https://search.douban.com/movie/subject_search?search_text=%E7%AB%A5%E5%B9%B4%E5%8A%A8%E7%94%BB&cat=1002&start=435,window.__DATA__,search_subject
437,30,435,2330663,小讨厌 ヤダモン‎ (1992),8.7,2864,4.5,['剧集'],True,日本 / 动画 / 奇幻 / 冒险 / 俏皮小巫仙 / 小魔女得意妹 / 10分钟,大井みなみ / 外山草 / 荒川優子 / 金井美香 / 真山亚子 / 岩坪理江 / 南杏子 / 二又一成 / 安西正弘 / 盐泽兼人 / 川浪叶子,https://img9.doubanio.com/view/photo/s_ratio_poster/public/p2919000045.webp,https://movie.douban.com/subject/2330663/,https://search.douban.com/movie/subject_search?search_text=%E7%AB%A5%E5%B9%B4%E5%8A%A8%E7%94%BB&cat=1002&start=435,window.__DATA__,search_subject
438,30,435,11610978,战斗王之飓风战魂 第一季‎ (2012),9.0,3996,4.5,['剧集'],True,中国大陆 / 动画 / 飓风战魂,,https://img9.doubanio.com/view/photo/s_ratio_poster/public/p1713581515.webp,https://movie.douban.com/subject/11610978/,https://search.douban.com/movie/subject_search?search_text=%E7%AB%A5%E5%B9%B4%E5%8A%A8%E7%94%BB&cat=1002&start=435,window.__DATA__,search_subject
439,30,435,2367841,金花鼠一家 Alvin & the Chipmunks‎ (1983),8.3,1384,4.0,['剧集'],True,美国 / 家庭 / 动画 / 喜剧 / 音乐 / The chipmunks / 30分钟,,https://img9.doubanio.com/view/photo/s_ratio_poster/public/p2554093526.webp,https://movie.douban.com/subject/2367841/,https://search.douban.com/movie/subject_search?search_text=%E7%AB%A5%E5%B9%B4%E5%8A%A8%E7%94%BB&cat=1002&start=435,window.__DATA__,search_subject
440,30,435,3089305,龙珠Z剧场版10：两人面临危机! 超战士难以成眠 ドラゴンボールZ 危険なふたり!超戦士はねむれない‎ (1994),7.5,2954,4.0,[],False,日本 / 动画 / 龙珠 Z 剧场版：#10 二人面临危机 / 53分钟,山内重保 / 野泽雅子 / 田中真弓 / 草尾毅 / 嶋方淳子 / 岛田敏,https://img9.doubanio.com/view/photo/s_ratio_poster/public/p2561565965.webp,https://movie.douban.com/subject/3089305/,https://search.douban.com/movie/subject_search?search_text=%E7%AB%A5%E5%B9%B4%E5%8A%A8%E7%94%BB&cat=1002&start=435,window.__DATA__,search_subject
441,30,435,4845417,北斗神拳 剧场版 劇場版 世紀末救世主伝説 北斗の拳‎ (1986),8.0,968,4.0,[],False,日本 / 剧情 / 动作 / 科幻 / 动画 / Fist of the North Star / 世纪末救世主传说 北斗神拳 剧场版 / 110分钟,芦田丰雄 / 神谷明 / 山本百合子 / 内海贤二 / 大塚周夫 / 古川登志夫 / 盐泽兼人 / 铃木富子 / 一龙斋贞友,https://img2.doubanio.com/view/photo/s_ratio_poster/public/p2919535661.webp,https://movie.douban.com/subject/4845417/,https://search.douban.com/movie/subject_search?search_text=%E7%AB%A5%E5%B9%B4%E5%8A%A8%E7%94%BB&cat=1002&start=435,window.__DATA__,search_subject
442,30,435,30465577,变形金刚：超能勇士 第三季 Beast Wars: Transformers Season 3‎ (1998),9.3,2954,4.5,['剧集'],True,加拿大 / 动画 / 30分钟,Steve Sacks / 吉姆·拜恩尼斯 / 加里·切克 / 伊恩·詹姆斯·柯莱特 / 大卫·卡耶 / Campbell Lane / 史葛·麦克尼尔 / 柯林·默多克 / Richard Newman,https://img3.doubanio.com/view/photo/s_ratio_poster/public/p2555459283.webp,https://movie.douban.com/subject/30465577/,https://search.douban.com/movie/subject_search?search_text=%E7%AB%A5%E5%B9%B4%E5%8A%A8%E7%94%BB&cat=1002&start=435,window.__DATA__,search_subject
443,30,435,1431948,假如我是武松‎ (1982),8.2,11155,4.0,['可播放'],False,中国大陆 / 动画 / 短片 / 25分钟,詹同 / 郭冰 / 朱韶浚,https://img9.doubanio.com/view/photo/s_ratio_poster/public/p2534896054.webp,https://movie.douban.com/subject/1431948/,https://search.douban.com/movie/subject_search?search_text=%E7%AB%A5%E5%B9%B4%E5%8A%A8%E7%94%BB&cat=1002&start=435,window.__DATA__,search_subject
444,30,435,1812758,火童‎ (1984),8.4,3146,4.0,[],False,中国大陆 / 动画 / 短片 / 儿童 / 30分钟,王柏荣,https://img9.doubanio.com/view/photo/s_ratio_poster/public/p2623362866.webp,https://movie.douban.com/subject/1812758/,https://search.douban.com/movie/subject_search?search_text=%E7%AB%A5%E5%B9%B4%E5%8A%A8%E7%94%BB&cat=1002&start=435,window.__DATA__,search_subject
445,30,435,1864763,猫和老鼠：海盗寻宝 Tom and Jerry: Shiver Me Whiskers‎ (2006),8.3,3126,4.0,[],False,美国 / 动画 / 喜剧 / 家庭 / 猫和老鼠：别碰胡须 / 74分钟,Scott Jeralds / 马克·哈米尔 / 凯茜·纳基麦 / 查尔斯·纳尔逊·赖利,https://img9.doubanio.com/view/photo/s_ratio_poster/public/p2240124516.webp,https://movie.douban.com/subject/1864763/,https://search.douban.com/movie/subject_search?search_text=%E7%AB%A5%E5%B9%B4%E5%8A%A8%E7%94%BB&cat=1002&start=435,window.__DATA__,search_subject
446,30,435,1729194,长腿叔叔 私のあしながおじさん‎ (1990),8.9,4118,4.5,"['剧集', '可播放']",True,日本 / 动画 / 我的长腿叔叔 / My Daddy Long Legs / 24分钟,横田和善 / 松见真一 / 铃木孝义 / 佐土原武之 / 堀江美都子 / 田中秀幸 / 佐藤智惠 / 天野由梨 / 岛田敏 / 盐屋翼 / 鹤弘美 / 藤田淑子,https://img9.doubanio.com/view/photo/s_ratio_poster/public/p2408584184.webp,https://movie.douban.com/subject/1729194/,https://search.douban.com/movie/subject_search?search_text=%E7%AB%A5%E5%B9%B4%E5%8A%A8%E7%94%BB&cat=1002&start=435,window.__DATA__,search_subject
447,30,435,6796142,喜羊羊与灰太狼之奇思妙想喜羊羊‎ (2011),8.2,8556,4.0,"['剧集', '可播放']",True,中国大陆 / 儿童 / 动画 / 喜羊羊与灰太狼(第691-750集) / 15分钟,谭淑君 / 祖晴 / 张琳 / 梁颖,https://img9.doubanio.com/view/photo/s_ratio_poster/public/p2537018865.webp,https://movie.douban.com/subject/6796142/,https://search.douban.com/movie/subject_search?search_text=%E7%AB%A5%E5%B9%B4%E5%8A%A8%E7%94%BB&cat=1002&start=435,window.__DATA__,search_subject
448,30,435,3642274,小贝流浪记‎ (1999),9.0,10605,4.5,['剧集'],True,中国大陆 / 剧情 / 动画 / 猫咪小贝 / 20分钟,曹小卉,https://img3.doubanio.com/view/photo/s_ratio_poster/public/p2512690947.webp,https://movie.douban.com/subject/3642274/,https://search.douban.com/movie/subject_search?search_text=%E7%AB%A5%E5%B9%B4%E5%8A%A8%E7%94%BB&cat=1002&start=435,window.__DATA__,search_subject
449,30,435,30309337,奈克瑟斯奥特曼EX：诗织 - 失落的记忆 - ウルトラマンネクサス EX：詩織 -ロストメモリーズ-‎ (2005),8.7,1928,4.5,['可播放'],False,日本 / 剧情 / 动作 / 科幻 / 奈克瑟斯奥特曼 Episode EX / 超人力斯 特别篇(港) / 45分钟,北浦嗣巳 / 五藤圭子 / 影丸茂樹 / 川久保拓司 / 加藤厚成 / 田中伸彦 / 佐藤康惠 / 宫下友美 / 内山真人,https://img2.doubanio.com/view/photo/s_ratio_poster/public/p2532219781.webp,https://movie.douban.com/subject/30309337/,https://search.douban.com/movie/subject_search?search_text=%E7%AB%A5%E5%B9%B4%E5%8A%A8%E7%94%BB&cat=1002&start=435,window.__DATA__,search_subject
450,30,435,3542098,哈皮父子‎ (2007),8.5,18264,4.5,"['剧集', '可播放']",True,中国大陆 / 喜剧 / 动画 / 儿童 / happy father happy son / 5分钟,张红军 / 陶雨旸 / 牟宏（哈爸爸） / 王婧欣（皮儿子）,https://img9.doubanio.com/view/photo/s_ratio_poster/public/p2632651644.webp,https://movie.douban.com/subject/3542098/,https://search.douban.com/movie/subject_search?search_text=%E7%AB%A5%E5%B9%B4%E5%8A%A8%E7%94%BB&cat=1002&start=435,window.__DATA__,search_subject
451,31,450,2034166,佐罗的新冒险 The New Adventures of Zorro‎ (1981),7.9,6572,4.0,['剧集'],True,美国 / 动画 / 冒险 / 佐罗 / 佐罗的传说,亨利·达罗 / Julio Medina / 唐·戴蒙德,https://img9.doubanio.com/view/photo/s_ratio_poster/public/p2530388246.webp,https://movie.douban.com/subject/2034166/,https://search.douban.com/movie/subject_search?search_text=%E7%AB%A5%E5%B9%B4%E5%8A%A8%E7%94%BB&cat=1002&start=450,window.__DATA__,search_subject
452,31,450,3503813,快乐东西‎ (2003),9.2,9127,4.5,"['剧集', '可播放']",True,中国大陆 / 动画 / 家庭 / Happy Stuff / 10分钟,王云飞 / 朱江 / 白涛 / 冯宪珍 / 姜广涛 / 林兰 / 田波 / 韩童生,https://img2.doubanio.com/view/photo/s_ratio_poster/public/p2867121051.webp,https://movie.douban.com/subject/3503813/,https://search.douban.com/movie/subject_search?search_text=%E7%AB%A5%E5%B9%B4%E5%8A%A8%E7%94%BB&cat=1002&start=450,window.__DATA__,search_subject
453,31,450,5262056,宋代足球小将‎ (2010),9.2,6740,4.5,['剧集'],True,中国大陆 / 儿童 / 动画 / 蹴鞠小英雄 / 一脚定江山 / 15分钟,陈辉衍 / 陆双 / 祖晴 / 刘红韵 / 蒋莎 / 李喆 / 邓玉婷 / 张琳 / 李团,https://img3.doubanio.com/view/photo/s_ratio_poster/public/p2234273483.webp,https://movie.douban.com/subject/5262056/,https://search.douban.com/movie/subject_search?search_text=%E7%AB%A5%E5%B9%B4%E5%8A%A8%E7%94%BB&cat=1002&start=450,window.__DATA__,search_subject
454,31,450,1795462,下课后 第一季 Recess Season 1‎ (1997),8.5,10674,4.5,['剧集'],True,美国 / 动画 / 冒险 / 喜剧 / 家庭 / 运动 / 23分钟,Andrew Lawrence / Ashley Johnson / Jason Davis,https://img9.doubanio.com/view/photo/s_ratio_poster/public/p2554081366.webp,https://movie.douban.com/subject/1795462/,https://search.douban.com/movie/subject_search?search_text=%E7%AB%A5%E5%B9%B4%E5%8A%A8%E7%94%BB&cat=1002&start=450,window.__DATA__,search_subject
455,31,450,1448784,猫和老鼠: 飆风天王 Tom And Jerry The Fast And The Furry‎ (2005),8.2,4756,4.0,[],False,美国 / 动画 / 冒险 / 喜剧 / 猫和老鼠: 飆风天王 / 75分钟,Bill Kopp / 杰夫·贝内特 / Charles Adler / 约翰·迪·马吉欧 / 杰斯·哈梅尔 / 汤姆·肯尼 / 特蕾丝·麦克尼尔 / 罗伯·鲍森,https://img3.doubanio.com/view/photo/s_ratio_poster/public/p2240123033.webp,https://movie.douban.com/subject/1448784/,https://search.douban.com/movie/subject_search?search_text=%E7%AB%A5%E5%B9%B4%E5%8A%A8%E7%94%BB&cat=1002&start=450,window.__DATA__,search_subject
456,31,450,4321283,新版猫和老鼠 The New Tom & Jerry Show‎ (1975),9.4,5400,4.5,"['剧集', '可播放']",True,美国 / 动画 / 家庭 / 喜剧 / 新版猫和老鼠 / 7分钟,,https://img1.doubanio.com/view/photo/s_ratio_poster/public/p2585781499.webp,https://movie.douban.com/subject/4321283/,https://search.douban.com/movie/subject_search?search_text=%E7%AB%A5%E5%B9%B4%E5%8A%A8%E7%94%BB&cat=1002&start=450,window.__DATA__,search_subject
457,31,450,1303657,五岁庵 오세암‎ (2003),7.9,4403,4.0,['可播放'],False,韩国 / 动画 / 五岁的心愿 / Oseam / 75分钟,成白烨,https://img2.doubanio.com/view/photo/s_ratio_poster/public/p2869475791.webp,https://movie.douban.com/subject/1303657/,https://search.douban.com/movie/subject_search?search_text=%E7%AB%A5%E5%B9%B4%E5%8A%A8%E7%94%BB&cat=1002&start=450,window.__DATA__,search_subject
458,31,450,3115078,史努比的故事 Snoopy's Story‎ (1996),9.3,3454,4.5,['剧集'],True,美国 / 儿童 / 动画 / 24分钟,查尔斯·舒尔茨 / 比尔·门勒德兹 / 盖·德法理亚 / 琳达·门德尔松 / 安·阿尔蒂里,https://img1.doubanio.com/view/photo/s_ratio_poster/public/p2572384930.webp,https://movie.douban.com/subject/3115078/,https://search.douban.com/movie/subject_search?search_text=%E7%AB%A5%E5%B9%B4%E5%8A%A8%E7%94%BB&cat=1002&start=450,window.__DATA__,search_subject
459,31,450,4848104,猪猪侠第二部：武侠2008‎ (2007),8.3,6797,4.0,"['剧集', '可播放']",True,中国大陆 / 儿童 / 喜剧 / 科幻 / 动画 / 冒险 / 运动 / 猪猪侠第二部（武侠2008）,王巍 / 祖晴 / 陆双 / 高全胜,https://img2.doubanio.com/view/photo/s_ratio_poster/public/p2590364241.webp,https://movie.douban.com/subject/4848104/,https://search.douban.com/movie/subject_search?search_text=%E7%AB%A5%E5%B9%B4%E5%8A%A8%E7%94%BB&cat=1002&start=450,window.__DATA__,search_subject
460,31,450,4840356,恐龙宝贝之龙神勇士‎ (2009),8.7,5589,4.5,"['剧集', '可播放']",True,中国大陆 / 儿童 / 动作 / 科幻 / 动画 / 冒险 / 12分钟,汤继业 / 王义得 / 沈达威 / 夏磊 / 李敏妍 / 海帆 / 杨梦露 / 王燕华 / 孙畅,https://img9.doubanio.com/view/photo/s_ratio_poster/public/p2867329615.webp,https://movie.douban.com/subject/4840356/,https://search.douban.com/movie/subject_search?search_text=%E7%AB%A5%E5%B9%B4%E5%8A%A8%E7%94%BB&cat=1002&start=450,window.__DATA__,search_subject
461,31,450,29949617,海绵宝宝 第十一季 Spongebob Squarepants Season 11‎ (2017),9.4,4303,4.5,"['剧集', '可播放']",True,美国 / 喜剧 / 动画 / 奇幻 / 家庭 / 23分钟,戴夫·坎宁安 / Adam Paloian / 汤姆·肯尼 / 比尔·法格巴克 / 罗德格尔·邦帕斯 / 克兰西·布朗 / 卡罗琳·劳伦斯 / 迪·布莱德利·贝克 / 赛丽娜·欧文,https://img3.doubanio.com/view/photo/s_ratio_poster/public/p2914030987.webp,https://movie.douban.com/subject/29949617/,https://search.douban.com/movie/subject_search?search_text=%E7%AB%A5%E5%B9%B4%E5%8A%A8%E7%94%BB&cat=1002&start=450,window.__DATA__,search_subject
462,31,450,2078410,小熊维尼与大风吹 Winnie the Pooh and the Blustery Day‎ (1968),8.3,1328,4.0,[],False,美国 / 动画 / 短片 / 家庭 / 小熊维尼与大风吹 / 25分钟,沃夫冈·雷瑟曼 / 塞巴斯蒂安·卡伯特 / 斯特灵·哈洛威 / 约翰·菲德勒,https://img2.doubanio.com/view/photo/s_ratio_poster/public/p2176795991.webp,https://movie.douban.com/subject/2078410/,https://search.douban.com/movie/subject_search?search_text=%E7%AB%A5%E5%B9%B4%E5%8A%A8%E7%94%BB&cat=1002&start=450,window.__DATA__,search_subject
463,31,450,4888048,瑶玲啊瑶玲‎ (2003),8.9,9809,4.5,"['剧集', '可播放']",True,中国大陆 / 韩国 / 喜剧 / 爱情 / 动画 / 요랑아 요랑아（韩国） / 魔法小迷狐（台） / 25分钟,李詹雄 / 江贤 / 瑶兰 / 瑶玲（瑶兰） / 布嘟，咕迪，巴迪,https://img3.doubanio.com/view/photo/s_ratio_poster/public/p2607630217.webp,https://movie.douban.com/subject/4888048/,https://search.douban.com/movie/subject_search?search_text=%E7%AB%A5%E5%B9%B4%E5%8A%A8%E7%94%BB&cat=1002&start=450,window.__DATA__,search_subject
464,31,450,26814350,小猪佩奇 第五季 Peppa Pig Season 5‎ (2016),8.8,2152,4.5,"['剧集', '可播放']",True,英国 / 儿童 / 喜剧 / 动画 / 家庭 / 粉红猪小妹(台) / 10分钟,内维尔·阿斯特利 / 马克·贝克 / 莫温娜·班克斯 / 理查德·赖丁斯,https://img9.doubanio.com/view/photo/s_ratio_poster/public/p2551382836.webp,https://movie.douban.com/subject/26814350/,https://search.douban.com/movie/subject_search?search_text=%E7%AB%A5%E5%B9%B4%E5%8A%A8%E7%94%BB&cat=1002&start=450,window.__DATA__,search_subject
465,31,450,1940035,游戏王GX 遊☆戯☆王 デュエルモンスターズ GX‎ (2004),8.6,6007,4.5,"['剧集', '可播放']",True,日本 / 动画 / Yu-Gi-Oh! GX / 24分钟,辻初树 / 鴫野彰 / 松田清 / 大桥贤一郎 / 松野太纪 / 小林沙苗 / 铃木真仁 / 增田裕生 / 前田刚 / 游佐浩二 / 石田彰,https://img1.doubanio.com/view/photo/s_ratio_poster/public/p2553317750.webp,https://movie.douban.com/subject/1940035/,https://search.douban.com/movie/subject_search?search_text=%E7%AB%A5%E5%B9%B4%E5%8A%A8%E7%94%BB&cat=1002&start=450,window.__DATA__,search_subject
466,32,465,2030744,狐狸送葡萄‎ (1983),7.9,5161,4.0,['可播放'],False,中国大陆 / 喜剧 / 动画 / 短片 / 18分钟,胡雄华,https://img3.doubanio.com/view/photo/s_ratio_poster/public/p2649054133.webp,https://movie.douban.com/subject/2030744/,https://search.douban.com/movie/subject_search?search_text=%E7%AB%A5%E5%B9%B4%E5%8A%A8%E7%94%BB&cat=1002&start=465,window.__DATA__,search_subject
467,32,465,1306441,小飞侠2：梦不落帝国 Return to Never Land‎ (2002),7.8,3158,4.0,[],False,美国 / 加拿大 / 澳大利亚 / 动画 / 奇幻 / 冒险 / 梦不落帝国 / 小飞侠2002飞越梦幻岛 / 72分钟,罗宾·巴德 / 多诺文·库克 / 哈丽特·欧文 / 布赖恩·韦弗 / 科里·伯顿 / 杰夫·贝内特 / 凯斯·索西 / 安德鲁·麦克多诺 / 罗杰·里斯 / 史宾塞·布瑞斯林,https://img9.doubanio.com/view/photo/s_ratio_poster/public/p2537975036.webp,https://movie.douban.com/subject/1306441/,https://search.douban.com/movie/subject_search?search_text=%E7%AB%A5%E5%B9%B4%E5%8A%A8%E7%94%BB&cat=1002&start=465,window.__DATA__,search_subject
468,32,465,2275094,剑勇传说 剣勇伝説YAIBA‎ (1993),8.5,6186,4.5,['剧集'],True,日本 / 动画 / 冒险 / 喜剧 / 九龙珠 / 城市风云儿 / 25分钟,汤山邦彦 / 大地丙太郎 / 高桥直人 / 加户誉夫 / 武藤裕治 / 关田修 / 山口美浩 / 阿部雅司 / 远藤彻哉 / 松村康弘 / 久米一成 / 日下直义 / 佐藤英一 / 铃木卓夫 / 松浦锭平 / 吉田俊司 / 新田义方 / 山本裕介 / 村田和也 / 松园公 / 须藤典彦 / 高山南 / 三石琴乃 / 佐藤正治 / 小杉十郎太 / 岛田敏 / 石冢运升 / 寺濑今日子 / 铃木玲子,https://img9.doubanio.com/view/photo/s_ratio_poster/public/p2444959564.webp,https://movie.douban.com/subject/2275094/,https://search.douban.com/movie/subject_search?search_text=%E7%AB%A5%E5%B9%B4%E5%8A%A8%E7%94%BB&cat=1002&start=465,window.__DATA__,search_subject
469,32,465,1808041,咪咪流浪记 家なき子‎ (1977),8.7,7279,4.5,['剧集'],True,日本 / 法国 / 动画 / 剧情 / 家庭 / 没家的孩子 / 星仔走天涯 / 96分钟,出崎统 / 竹内启雄 / 高屋敷英夫 / 菅谷政子 / 近藤洋介 / 铃木弘子 / 青野武 / 武藤礼子 / 山本嘉子 / 小原乃梨子 / 高坂真琴,https://img9.doubanio.com/view/photo/s_ratio_poster/public/p2676769485.webp,https://movie.douban.com/subject/1808041/,https://search.douban.com/movie/subject_search?search_text=%E7%AB%A5%E5%B9%B4%E5%8A%A8%E7%94%BB&cat=1002&start=465,window.__DATA__,search_subject
470,32,465,1871589,火星上的小老鼠 Die Abenteuer der Maus auf dem Mars‎ (1976),9.0,6718,4.5,['剧集'],True,西德 / 瑞士 / 奥地利 / 匈牙利 / 南斯拉夫 / 动画 / 家庭 / 火星上的冒险家 / 老鼠火星历险记 / 5分钟,Branko Ranitovic / Miklós Temesi,https://img1.doubanio.com/view/photo/s_ratio_poster/public/p2518123440.webp,https://movie.douban.com/subject/1871589/,https://search.douban.com/movie/subject_search?search_text=%E7%AB%A5%E5%B9%B4%E5%8A%A8%E7%94%BB&cat=1002&start=465,window.__DATA__,search_subject
471,32,465,2932865,皮皮的故事‎ (1988),8.1,534,4.0,"['剧集', '可播放']",True,中国大陆 / 儿童 / 动画 / 5分钟,坚谷 / 孙总青 / 秦宝宜,https://img1.doubanio.com/view/photo/s_ratio_poster/public/p2591772728.webp,https://movie.douban.com/subject/2932865/,https://search.douban.com/movie/subject_search?search_text=%E7%AB%A5%E5%B9%B4%E5%8A%A8%E7%94%BB&cat=1002&start=465,window.__DATA__,search_subject
472,32,465,3529055,龙珠Z剧场版：把我的悟饭还来 ドラゴンボールZ 劇場版 オラの悟飯をかえせッ!!‎ (1989),7.4,2985,3.5,[],False,日本 / 动画 / 动作 / 冒险 / 奇幻 / 科幻 / 龙珠Z：死亡地带 / 龙珠Z：热血热斗 / 44分钟,西尾大介 / 野泽雅子 / 古川登志夫 / 鹤弘美,https://img3.doubanio.com/view/photo/s_ratio_poster/public/p2561565742.webp,https://movie.douban.com/subject/3529055/,https://search.douban.com/movie/subject_search?search_text=%E7%AB%A5%E5%B9%B4%E5%8A%A8%E7%94%BB&cat=1002&start=465,window.__DATA__,search_subject
473,32,465,30303974,美少女战士Eternal 剧场版 前篇 劇場版 美少女戦士セーラームーンEternal 前編‎ (2021),6.8,2341,3.5,['可播放'],False,日本 / 爱情 / 动画 / 奇幻 / Pretty Guardian Sailor Moon Eternal The MOVIE Part 1 / 美少女战士Crystal 死亡之月篇 前篇 / 80分钟,今千秋 / 三石琴乃 / 金元寿子 / 佐藤利奈 / 小清水亚美 / 伊藤静 / 福圆美里 / 野岛健儿 / 渡边直美,https://img3.doubanio.com/view/photo/s_ratio_poster/public/p2623010407.webp,https://movie.douban.com/subject/30303974/,https://search.douban.com/movie/subject_search?search_text=%E7%AB%A5%E5%B9%B4%E5%8A%A8%E7%94%BB&cat=1002&start=465,window.__DATA__,search_subject
474,32,465,1306613,小姐与流浪汉2：狗儿逃家记 Lady and the Tramp II: Scamp's Adventure‎ (2001),7.5,3336,4.0,[],False,美国 / 澳大利亚 / 爱情 / 动画 / 冒险 / 家庭 / Lady and the Tramp 2: Scamp's Adventure / 69分钟,达雷尔·鲁尼 / 珍妮·鲁塞尔 / 斯考特·沃夫 / 艾莉莎·米兰诺 / 查兹·帕尔明特瑞 / 杰夫·贝内特 / 裘蒂·班森 / 比尔·法格巴克 / 米基·鲁尼 / 布隆森·皮诺切特,https://img9.doubanio.com/view/photo/s_ratio_poster/public/p2492944066.webp,https://movie.douban.com/subject/1306613/,https://search.douban.com/movie/subject_search?search_text=%E7%AB%A5%E5%B9%B4%E5%8A%A8%E7%94%BB&cat=1002&start=465,window.__DATA__,search_subject
475,32,465,3017553,阿拉蕾 Dr.スランプ アラレちゃん‎ (1981),9.3,6197,4.5,"['剧集', '可播放']",True,日本 / 动画 / 喜剧 / 怪博士与机器娃娃 / IQ博士 / 25分钟,冈崎稔 / 芦田丰雄 / 永丘昭典 / 西尾大介 / 芝田浩树 / 大关雅幸 / 胜间田具治 / 竹之内和久 / 内海贤二 / 小山茉美 / 向井真理子 / 中野圣子 / 杉山佳寿子 / 古川登志夫 / 堀江美都子 / 野泽那智,https://img1.doubanio.com/view/photo/s_ratio_poster/public/p2554011810.webp,https://movie.douban.com/subject/3017553/,https://search.douban.com/movie/subject_search?search_text=%E7%AB%A5%E5%B9%B4%E5%8A%A8%E7%94%BB&cat=1002&start=465,window.__DATA__,search_subject
476,32,465,4306679,魔豆传奇 魔豆奇伝パンダリアン‎ (2004),9.0,11918,4.5,"['剧集', '可播放']",True,日本 / 中国台湾 / 冒险 / 家庭 / 动画 / 奇幻 / Panda Monium / 22分钟,大庭秀昭 / 王晓燕 / 腾腾 / 纪元 / 李星珠 / 赵岭 / 严安 / 鲍大志,https://img2.doubanio.com/view/photo/s_ratio_poster/public/p2256510851.webp,https://movie.douban.com/subject/4306679/,https://search.douban.com/movie/subject_search?search_text=%E7%AB%A5%E5%B9%B4%E5%8A%A8%E7%94%BB&cat=1002&start=465,window.__DATA__,search_subject
477,32,465,3801709,封神榜传奇‎ (1999),7.9,3697,4.0,"['剧集', '可播放']",True,中国大陆 / 儿童 / 动画 / 奇幻 / 冒险 / 武侠,王根发 / 韦启昌,https://img1.doubanio.com/view/photo/s_ratio_poster/public/p2500593479.webp,https://movie.douban.com/subject/3801709/,https://search.douban.com/movie/subject_search?search_text=%E7%AB%A5%E5%B9%B4%E5%8A%A8%E7%94%BB&cat=1002&start=465,window.__DATA__,search_subject
478,32,465,3831140,乔尼亚斯奥特曼 ザ☆ウルトラマン‎ (1979),8.5,1526,4.5,['剧集'],True,日本 / 动画 / ザ ウルトラマン / 超人祖尼斯 / 30分钟,鸟海永行 / 神田武幸 / 安浓高志 / 关田修 / 又野弘道 / 富山敬 / 伊武雅刀 / 森川公也 / 柴田秀胜 / 岛本须美 / 兼本新吾 / 二瓶正也 / 泷口顺平,https://img2.doubanio.com/view/photo/s_ratio_poster/public/p2885415381.webp,https://movie.douban.com/subject/3831140/,https://search.douban.com/movie/subject_search?search_text=%E7%AB%A5%E5%B9%B4%E5%8A%A8%E7%94%BB&cat=1002&start=465,window.__DATA__,search_subject
479,32,465,1293850,森林王子 The Jungle Book‎ (1994),7.4,966,3.5,[],False,美国 / 家庭 / 冒险 / 爱情 / 森林王子 / 小泰山 / 111分钟,斯蒂芬·索莫斯 / 李截 / 琳娜·海蒂 / 加利·艾尔维斯,https://img1.doubanio.com/view/photo/s_ratio_poster/public/p2220718650.webp,https://movie.douban.com/subject/1293850/,https://search.douban.com/movie/subject_search?search_text=%E7%AB%A5%E5%B9%B4%E5%8A%A8%E7%94%BB&cat=1002&start=465,window.__DATA__,search_subject
480,32,465,2260781,怕羞的黄莺‎ (1960),8.1,3087,4.0,['可播放'],False,中国大陆 / 动画 / 短片 / 怕羞的小黄莺 / 18分钟,江爱群 / 陆青 / 钱家骍 / 雷雨,https://img1.doubanio.com/view/photo/s_ratio_poster/public/p2556877770.webp,https://movie.douban.com/subject/2260781/,https://search.douban.com/movie/subject_search?search_text=%E7%AB%A5%E5%B9%B4%E5%8A%A8%E7%94%BB&cat=1002&start=465,window.__DATA__,search_subject
481,33,480,3555017,龙珠Z剧场版13：龙拳爆发!! 悟空舍我其谁 ドラゴンボール Z 劇場版：龍拳爆発!! 悟空がやらねば誰がやる‎ (1995),8.0,3292,4.0,[],False,日本 / 动画 / 动作 / Dragon Ball Z Movie 13 / 52分钟,桥本光夫 / 野泽雅子 / 草尾毅 / 田中真弓 / 鹤弘美 / 佐藤正治 / 皆口裕子 / 堀川亮 / 优希比吕,https://img9.doubanio.com/view/photo/s_ratio_poster/public/p2528363554.webp,https://movie.douban.com/subject/3555017/,https://search.douban.com/movie/subject_search?search_text=%E7%AB%A5%E5%B9%B4%E5%8A%A8%E7%94%BB&cat=1002&start=480,window.__DATA__,search_subject
482,33,480,26746803,数码宝贝大冒险tri. 第5章：共生 デジモンアドベンチャー tri. 第5章 共生‎ (2017),6.1,4707,3.0,['可播放'],False,日本 / 科幻 / 动画 / 冒险 / 89分钟,元永庆太郎 / 花江夏树 / 三森铃子 / 细谷佳正 / 田村睦心 / 吉田仁美 / 榎木淳弥 / 池田纯矢 / 市道真央,https://img3.doubanio.com/view/photo/s_ratio_poster/public/p2458639487.webp,https://movie.douban.com/subject/26746803/,https://search.douban.com/movie/subject_search?search_text=%E7%AB%A5%E5%B9%B4%E5%8A%A8%E7%94%BB&cat=1002&start=480,window.__DATA__,search_subject
483,33,480,4848107,猪猪侠第五部：积木世界的童话‎ (2010),8.4,6817,4.0,"['剧集', '可播放']",True,中国大陆 / 儿童 / 动作 / 科幻 / 动画 / 冒险 / 猪猪侠5 积木世界里的童话,古志斌 / 祖晴 / 陆双 / 陈志荣 / 徐经纬,https://img1.doubanio.com/view/photo/s_ratio_poster/public/p2590526620.webp,https://movie.douban.com/subject/4848107/,https://search.douban.com/movie/subject_search?search_text=%E7%AB%A5%E5%B9%B4%E5%8A%A8%E7%94%BB&cat=1002&start=480,window.__DATA__,search_subject
484,33,480,1902703,猫狗 第一季 CatDog Season 1‎ (1998),9.2,11685,4.5,"['剧集', '可播放']",True,美国 / 喜剧 / 动画 / 猫狗 / 23分钟,Arnie Wong / Scott Wood / 吉姆·卡明斯 / 汤姆·肯尼 / 卡洛斯·阿拉斯拉奇,https://img1.doubanio.com/view/photo/s_ratio_poster/public/p2494976589.webp,https://movie.douban.com/subject/1902703/,https://search.douban.com/movie/subject_search?search_text=%E7%AB%A5%E5%B9%B4%E5%8A%A8%E7%94%BB&cat=1002&start=480,window.__DATA__,search_subject
485,33,480,2240587,天鹅湖 白鳥の湖‎ (1981),8.8,4666,4.5,[],False,日本 / 爱情 / 动画 / 奇幻 / 世界名作童话：天鹅湖 / Swan Lake / 75分钟,矢吹公郎 / 竹下景子 / 志垣太郎 / 小池朝雄 / 麻上洋子 / 白石冬美 / 松金米子 / 中西妙子 / 八奈见乘儿,https://img9.doubanio.com/view/photo/s_ratio_poster/public/p456771675.webp,https://movie.douban.com/subject/2240587/,https://search.douban.com/movie/subject_search?search_text=%E7%AB%A5%E5%B9%B4%E5%8A%A8%E7%94%BB&cat=1002&start=480,window.__DATA__,search_subject
486,33,480,20253812,天眼神虎‎ (2007),7.0,4013,3.5,"['剧集', '可播放']",True,中国大陆 / 动画 / 儿童 / 22分钟,糖仁 / 张璐 / 张美娟 / 房露 / 王博 / 阎萌萌 / 伍凤春 / 杨莹 / 腾腾,https://img9.doubanio.com/view/photo/s_ratio_poster/public/p2645145356.webp,https://movie.douban.com/subject/20253812/,https://search.douban.com/movie/subject_search?search_text=%E7%AB%A5%E5%B9%B4%E5%8A%A8%E7%94%BB&cat=1002&start=480,window.__DATA__,search_subject
487,33,480,5115718,乱马1/2 热斗篇 らんま1/2 熱闘編‎ (1989),9.1,2864,4.5,"['剧集', '可播放']",True,日本 / 剧情 / 动画 / Ranma ½ Nettô-hen / 乱马½ 热斗篇 / 25分钟,西村纯二 / 芝山努 / 泽井幸次 / 望月智充 / 古桥一浩 / 山本裕介 / 小林孝志 / 殿胜秀树 / 合田浩章 / 浦田保则 / 远藤彻哉 / 白旗伸朗 / 山口胜平 / 日高范子 / 林原惠美 / 绪方贤一 / 池田昌子 / 大林隆介 / 井上喜久子 / 高山南,https://img9.doubanio.com/view/photo/s_ratio_poster/public/p2356838656.webp,https://movie.douban.com/subject/5115718/,https://search.douban.com/movie/subject_search?search_text=%E7%AB%A5%E5%B9%B4%E5%8A%A8%E7%94%BB&cat=1002&start=480,window.__DATA__,search_subject
488,33,480,1498594,阿凡提的故事之吝啬鬼‎ (1985),8.8,9111,4.5,[],False,中国大陆 / 动画 / 短片 / 第六集：吝啬鬼 / 25分钟,蔡渊澜 / 曲建方 / 毕克 / 邱岳峰,https://img9.doubanio.com/view/photo/s_ratio_poster/public/p2537217175.webp,https://movie.douban.com/subject/1498594/,https://search.douban.com/movie/subject_search?search_text=%E7%AB%A5%E5%B9%B4%E5%8A%A8%E7%94%BB&cat=1002&start=480,window.__DATA__,search_subject
489,33,480,2216348,姆明一族 楽しいムーミン一家‎ (1990),8.9,3789,4.5,"['剧集', '可播放']",True,日本 / 芬兰 / 荷兰 / 动画 / 冒险 / 喜剧 / 剧情 / 家庭 / 奇幻 / 惊悚 / Moomin / 噜噜咪一家 / 23分钟,小岛正幸 / 大森贵弘 / 山口赖房 / 政木伸一 / 冈崎稔 / 福多润 / 小柴纯弥 / 古川政美 / 宫泽康纪 / 铃木卓夫 / 岩本保雄 / 原征太郎 / 高山南 / 大塚明夫 / 谷育子 / 金井美香 / 子安武人 / 佐久间玲 / 中尾隆圣,https://img1.doubanio.com/view/photo/s_ratio_poster/public/p2554089038.webp,https://movie.douban.com/subject/2216348/,https://search.douban.com/movie/subject_search?search_text=%E7%AB%A5%E5%B9%B4%E5%8A%A8%E7%94%BB&cat=1002&start=480,window.__DATA__,search_subject
490,33,480,5320195,小蜜蜂寻亲记 重制版 昆虫物語 みなしごハッチ リメイク版‎ (1989),9.0,736,4.5,['剧集'],True,日本 / 儿童 / 动画 / 冒险 / The Adventures of Hutch the Honeybee Remake Version,铃木行 / 石山贵明 / 原征太郎 / 白旗伸朗 / 横山广行 / 津田义三 / 高濑节夫 / 高木真司 / 石川瞳 / 泽田敏子 / 榊原良子 / 槐柳二 / 峰敦子 / 野泽雅子 / 前田敏子 / 京田尚子,https://img9.doubanio.com/view/photo/s_ratio_poster/public/p2870471526.webp,https://movie.douban.com/subject/5320195/,https://search.douban.com/movie/subject_search?search_text=%E7%AB%A5%E5%B9%B4%E5%8A%A8%E7%94%BB&cat=1002&start=480,window.__DATA__,search_subject
491,33,480,2222762,正气大侠 ジャンケンマン‎ (1991),7.9,6118,4.0,['剧集'],True,日本 / 动画 / 包剪槌小飞侠(港) / Jankenman,远藤彻哉 / 高桥直人 / 松浦锭平 / 日下直义 / 折笠爱 / 水谷优子 / 三石琴乃 / 矢岛晶子 / 佐藤智惠 / 矢尾一树 / 横山智佐 / 黑濑浩二,https://img2.doubanio.com/view/photo/s_ratio_poster/public/p2509065641.webp,https://movie.douban.com/subject/2222762/,https://search.douban.com/movie/subject_search?search_text=%E7%AB%A5%E5%B9%B4%E5%8A%A8%E7%94%BB&cat=1002&start=480,window.__DATA__,search_subject
492,33,480,5262224,猫儿上天堂 Heavenly Puss‎ (1949),9.5,3151,5.0,[],False,美国 / 家庭 / 动画 / 短片 / 喜剧 / 天上普丝 / 8分钟,约瑟夫·巴伯拉 / 威廉·汉纳 / 比利·布莱彻,https://img1.doubanio.com/view/photo/s_ratio_poster/public/p2512089498.webp,https://movie.douban.com/subject/5262224/,https://search.douban.com/movie/subject_search?search_text=%E7%AB%A5%E5%B9%B4%E5%8A%A8%E7%94%BB&cat=1002&start=480,window.__DATA__,search_subject
493,33,480,2240656,一幅僮锦‎ (1959),8.0,1216,4.0,['可播放'],False,中国大陆 / 剧情 / 动画 / 奇幻 / 48分钟,钱家骏,https://img2.doubanio.com/view/photo/s_ratio_poster/public/p2589384931.webp,https://movie.douban.com/subject/2240656/,https://search.douban.com/movie/subject_search?search_text=%E7%AB%A5%E5%B9%B4%E5%8A%A8%E7%94%BB&cat=1002&start=480,window.__DATA__,search_subject
494,33,480,6514113,战斗王EX‎ (2007),8.5,2175,4.5,"['剧集', '可播放']",True,中国大陆 / 剧情 / 儿童 / 科幻 / 悬疑 / 奇幻 / 冒险 / 战斗王传奇 / 24分钟,张雷 / 田礼 / 吴浇浇 / 王屹 / 孙弋惟 / 杨全静,https://img9.doubanio.com/view/photo/s_ratio_poster/public/p2312644936.webp,https://movie.douban.com/subject/6514113/,https://search.douban.com/movie/subject_search?search_text=%E7%AB%A5%E5%B9%B4%E5%8A%A8%E7%94%BB&cat=1002&start=480,window.__DATA__,search_subject
495,33,480,4124391,Q版三国‎ (2003),8.8,12949,4.5,"['剧集', '可播放']",True,中国大陆 / 剧情 / 动画 / Q版刘关张 / 12分钟,傅燕 / 杨勇,https://img2.doubanio.com/view/photo/s_ratio_poster/public/p2569845841.webp,https://movie.douban.com/subject/4124391/,https://search.douban.com/movie/subject_search?search_text=%E7%AB%A5%E5%B9%B4%E5%8A%A8%E7%94%BB&cat=1002&start=480,window.__DATA__,search_subject
496,34,495,3875047,自古英雄出少年‎ (1995),8.6,3552,4.5,"['剧集', '可播放']",True,中国大陆 / 传记 / 历史 / 动画 / 7分钟,严定宪 / 林文肖 / 常光希,https://img3.doubanio.com/view/photo/s_ratio_poster/public/p2912371097.webp,https://movie.douban.com/subject/3875047/,https://search.douban.com/movie/subject_search?search_text=%E7%AB%A5%E5%B9%B4%E5%8A%A8%E7%94%BB&cat=1002&start=495,window.__DATA__,search_subject
497,34,495,1498606,阿凡提的故事之奇婚记‎ (1988),8.7,5796,4.5,[],False,中国大陆 / 动画 / 短片 / 第十二集：奇婚记 / 21分钟,蔡渊澜 / 毕克 / 邱岳峰,https://img2.doubanio.com/view/photo/s_ratio_poster/public/p2649097011.webp,https://movie.douban.com/subject/1498606/,https://search.douban.com/movie/subject_search?search_text=%E7%AB%A5%E5%B9%B4%E5%8A%A8%E7%94%BB&cat=1002&start=495,window.__DATA__,search_subject
498,34,495,2135544,眉间尺‎ (1991),8.3,2631,4.0,['可播放'],False,中国大陆 / 动画 / 短片 / 26分钟,凌纾,https://img9.doubanio.com/view/photo/s_ratio_poster/public/p2563891335.webp,https://movie.douban.com/subject/2135544/,https://search.douban.com/movie/subject_search?search_text=%E7%AB%A5%E5%B9%B4%E5%8A%A8%E7%94%BB&cat=1002&start=495,window.__DATA__,search_subject
499,34,495,34788079,开心超人之英雄的心‎ (2022),0.0,0,0.0,['可播放'],False,中国大陆 / 喜剧 / 科幻 / 动画 / 开心超人大电影3 / 开心超人3：明日决战 / 96分钟,黄伟明 / 刘红韵 / 邓玉婷 / 严彦子 / 祖晴 / 高全胜 / 苗浩生 / 李团 / 申克,https://img3.doubanio.com/view/photo/s_ratio_poster/public/p2876347583.webp,https://movie.douban.com/subject/34788079/,https://search.douban.com/movie/subject_search?search_text=%E7%AB%A5%E5%B9%B4%E5%8A%A8%E7%94%BB&cat=1002&start=495,window.__DATA__,search_subject
500,34,495,1940491,神雕侠侣 神鵰侠侶 コンドルヒーロー‎ (2001),7.6,2109,4.0,"['剧集', '可播放']",True,日本 / 中国香港 / 动画 / 神鵰俠侶 / Legend of Condor Hero / 24分钟,案纳正美 / 高木淳 / 浪川大辅 / 园崎未惠 / 中田让治 / 唐泽润 / 木村亚希子 / 小村哲生 / 广田行生 / 高户靖广,https://img9.doubanio.com/view/photo/s_ratio_poster/public/p2225906266.webp,https://movie.douban.com/subject/1940491/,https://search.douban.com/movie/subject_search?search_text=%E7%AB%A5%E5%B9%B4%E5%8A%A8%E7%94%BB&cat=1002&start=495,window.__DATA__,search_subject
501,34,495,1441797,张飞审瓜‎ (1980),8.0,4087,4.0,['可播放'],False,中国大陆 / 动画 / 短片 / 戏曲 / 25分钟,钱运达 / 葛桂云,https://img1.doubanio.com/view/photo/s_ratio_poster/public/p2608330818.webp,https://movie.douban.com/subject/1441797/,https://search.douban.com/movie/subject_search?search_text=%E7%AB%A5%E5%B9%B4%E5%8A%A8%E7%94%BB&cat=1002&start=495,window.__DATA__,search_subject
502,34,495,20088223,火车火车过山洞 Zeinek Gehiago Iraun‎ (2012),8.4,9063,4.0,[],False,西班牙 / 剧情 / 动画 / 短片 / 家庭 / Who Lasts Longer / 13分钟,Gregorio Muro Arriet / 拉蒙·阿吉尔 / 因阿基·贝拉尔特 / Marian Galarraga / Vito Rogado,https://img3.doubanio.com/view/photo/s_ratio_poster/public/p1961354223.webp,https://movie.douban.com/subject/20088223/,https://search.douban.com/movie/subject_search?search_text=%E7%AB%A5%E5%B9%B4%E5%8A%A8%E7%94%BB&cat=1002&start=495,window.__DATA__,search_subject
503,34,495,3292815,小魔女蒙娜 第一季 Mona the Vampire Season 1‎ (1999),8.8,13434,4.5,"['剧集', '可播放']",True,加拿大 / 剧情 / 儿童 / 动画 / 奇幻 / 小魔女蒙娜 / 25分钟,Louis Piché,https://img1.doubanio.com/view/photo/s_ratio_poster/public/p2548627729.webp,https://movie.douban.com/subject/3292815/,https://search.douban.com/movie/subject_search?search_text=%E7%AB%A5%E5%B9%B4%E5%8A%A8%E7%94%BB&cat=1002&start=495,window.__DATA__,search_subject
504,34,495,26830645,蓝猫淘气3000问之星际大战‎ (2001),8.8,2678,4.5,"['剧集', '可播放']",True,中国大陆 / 儿童 / 科幻 / 动画 / 冒险,唐振国 / 扶梅陵 / 魏岳青 / 王炜 / 龚颂扬 / 张建和 / 许龙 / 唐海鹏 / 黄红兰 / 王宏 / 雷骁 / 许清平 / 梁巍 / 杜娟 / 段淑娟 / 舒文娟 / 唐振宇 / 葛平 / 付以琳 / 袁文君 / 罗沐 / 陈蕾 / 李一兵,https://img3.doubanio.com/view/photo/s_ratio_poster/public/p2365568292.webp,https://movie.douban.com/subject/26830645/,https://search.douban.com/movie/subject_search?search_text=%E7%AB%A5%E5%B9%B4%E5%8A%A8%E7%94%BB&cat=1002&start=495,window.__DATA__,search_subject
505,34,495,2376581,圣斗士星矢：邪神厄里斯 聖闘士星矢: 邪神エリス編‎ (1987),6.3,2661,3.0,['可播放'],False,"日本 / 动画 / 冒险 / 奇幻 / 圣斗士星矢：邪神艾莉斯 / Saint Seiya, Jashin Eris / 48分钟",森下孝三 / 古谷彻 / 潘惠子 / 藤田淑子 / 铃置洋孝 / 堀秀行 / 堀川亮 / 桥本晃一 / 水岛裕,https://img2.doubanio.com/view/photo/s_ratio_poster/public/p2509225901.webp,https://movie.douban.com/subject/2376581/,https://search.douban.com/movie/subject_search?search_text=%E7%AB%A5%E5%B9%B4%E5%8A%A8%E7%94%BB&cat=1002&start=495,window.__DATA__,search_subject
506,34,495,11612340,海绵宝宝 第十季 Spongebob Squarepants Season 10‎ (2016),9.4,5613,4.5,"['剧集', '可播放']",True,美国 / 喜剧 / 动画 / 家庭 / 23分钟,戴夫·坎宁安 / Sherm Cohen / 沃尔特·道恩 / 汤姆·肯尼 / 比尔·法格巴克 / 罗德格尔·邦帕斯 / 克兰西·布朗 / 卡罗琳·劳伦斯 / 玛丽·乔·卡特利特 / 迪·布莱德利·贝克 / 爱德华·阿斯纳,https://img9.doubanio.com/view/photo/s_ratio_poster/public/p2627889784.webp,https://movie.douban.com/subject/11612340/,https://search.douban.com/movie/subject_search?search_text=%E7%AB%A5%E5%B9%B4%E5%8A%A8%E7%94%BB&cat=1002&start=495,window.__DATA__,search_subject
507,34,495,3097209,狡猾飞天德 第一季 Darkwing Duck Season 1‎ (1991),8.1,4346,4.0,['剧集'],True,美国 / 动画 / 家庭 / 喜剧 / 动作 / 悬疑 / 怪鸭古惑德 / 蛊惑飞天德 / 30分钟,吉姆·卡明斯 / 特伦斯·麦克格文 / 克里斯汀·凯文诺,https://img9.doubanio.com/view/photo/s_ratio_poster/public/p2540389514.webp,https://movie.douban.com/subject/3097209/,https://search.douban.com/movie/subject_search?search_text=%E7%AB%A5%E5%B9%B4%E5%8A%A8%E7%94%BB&cat=1002&start=495,window.__DATA__,search_subject
508,34,495,1827337,玩偶游戏 こどものおもちゃ‎ (1996),9.0,4413,4.5,['剧集'],True,日本 / 动画 / 喜剧 / 剧情 / 爱情 / 小孩子的玩具 / 孩子们的游戏 / 24分钟,大地丙太郎 / 渡边慎一 / 樱井弘明 / 难波日登志 / 木村隆一 / 武藤裕治 / 松井仁之 / 大畑清隆 / 池端隆史 / 福多润 / 高桥幸雄 / 铃木吉男 / 小田静枝 / 中崎达也 / 木野花 / 内藤玲 / 天野庆子 / 松山鹰志 / 冈村明美 / 南央美,https://img3.doubanio.com/view/photo/s_ratio_poster/public/p2554144462.webp,https://movie.douban.com/subject/1827337/,https://search.douban.com/movie/subject_search?search_text=%E7%AB%A5%E5%B9%B4%E5%8A%A8%E7%94%BB&cat=1002&start=495,window.__DATA__,search_subject
509,34,495,4718282,爆丸小子‎ (2008),7.4,5398,3.5,"['剧集', '可播放']",True,中国大陆 / 儿童 / 科幻,刘宗杰 / 王成 / 蒋俐玮,https://img3.doubanio.com/view/photo/s_ratio_poster/public/p2255931017.webp,https://movie.douban.com/subject/4718282/,https://search.douban.com/movie/subject_search?search_text=%E7%AB%A5%E5%B9%B4%E5%8A%A8%E7%94%BB&cat=1002&start=495,window.__DATA__,search_subject
510,34,495,1498597,阿凡提的故事之巧断案‎ (1986),8.8,6463,4.5,[],False,中国大陆 / 动画 / 短片 / 第七集：巧断案 / 20分钟,蔡渊澜 / 毕克 / 邱岳峰,https://img9.doubanio.com/view/photo/s_ratio_poster/public/p2568483305.webp,https://movie.douban.com/subject/1498597/,https://search.douban.com/movie/subject_search?search_text=%E7%AB%A5%E5%B9%B4%E5%8A%A8%E7%94%BB&cat=1002&start=495,window.__DATA__,search_subject
511,35,510,1292593,三骑士 The Three Caballeros‎ (1944),8.0,2002,4.0,['可播放'],False,美国 / 动画 / 家庭 / 奇幻 / 音乐 / 西班牙三绅士 / 唐老鸭庆生记 / 72分钟,Norman Ferguson / Aurora Miranda / Carmen Molina / Dora Luz / 斯特灵·哈洛威 /  克拉伦斯·纳什 / Joaquin Garay / José Oliviera / 弗兰克·格雷厄姆,https://img9.doubanio.com/view/photo/s_ratio_poster/public/p1257459715.webp,https://movie.douban.com/subject/1292593/,https://search.douban.com/movie/subject_search?search_text=%E7%AB%A5%E5%B9%B4%E5%8A%A8%E7%94%BB&cat=1002&start=510,window.__DATA__,search_subject
512,35,510,4721287,精灵宝可梦钻石与珍珠 ポケットモンスター ダイヤモンド&パール‎ (2006),9.2,5940,4.5,"['剧集', '可播放']",True,日本 / 剧情 / 动画 / 宠物小精灵钻石&珍珠 / 神奇宝贝DP,汤山邦彦 / 小野胜巳 / 浅田裕二 / 须藤典彦 / 宫原秀二 / 渡边正彦 / 牧野行洋 / 近桥伸隆 / 中村近世 / 山田浩之 / 古贺一臣 / 小山贤 / 秦义人 / 新田典生 / 松本梨香 / 大谷育江 / 丰口惠美 / 上田祐司 / 林原惠美 / 三木真一郎 / 犬山犬子 / 古岛清孝,https://img1.doubanio.com/view/photo/s_ratio_poster/public/p2920111068.webp,https://movie.douban.com/subject/4721287/,https://search.douban.com/movie/subject_search?search_text=%E7%AB%A5%E5%B9%B4%E5%8A%A8%E7%94%BB&cat=1002&start=510,window.__DATA__,search_subject
513,35,510,3096208,甜蜜的家 Puss Gets the Boot‎ (1940),9.2,1829,4.5,[],False,美国 / 动画 / 家庭 / 短片 / 喜剧 / 被解雇的猫 / 猫被解雇 / 8分钟,约瑟夫·巴伯拉 / 威廉·汉纳 / 鲁道夫·伊辛 / 莉莲·伦道夫,https://img9.doubanio.com/view/photo/s_ratio_poster/public/p2550694055.webp,https://movie.douban.com/subject/3096208/,https://search.douban.com/movie/subject_search?search_text=%E7%AB%A5%E5%B9%B4%E5%8A%A8%E7%94%BB&cat=1002&start=510,window.__DATA__,search_subject
514,35,510,23752040,哈皮父子2‎ (2008),8.7,5298,4.5,['剧集'],True,中国大陆 / 喜剧 / 动画 / 儿童,,https://img9.doubanio.com/view/photo/s_ratio_poster/public/p2170933535.webp,https://movie.douban.com/subject/23752040/,https://search.douban.com/movie/subject_search?search_text=%E7%AB%A5%E5%B9%B4%E5%8A%A8%E7%94%BB&cat=1002&start=510,window.__DATA__,search_subject
515,35,510,2782305,格林名著剧场 グリム名作劇場‎ (1987),9.3,3108,4.5,"['剧集', '可播放']",True,日本 / 儿童 / 动画 / 奇幻 / 冒险 / 家庭 / Gurimu meisaku gekijou / Grimm Masterpiece Theatre / 23分钟,斋藤博 / 铃木孝义 / 横田和善 / 黑川文男 / 花井信也 / 斋藤次郎 / 大町繁 / 堀江美都子 / 永井一郎 / 盐屋翼 / 岛田敏 / 玉川纱己子 / 小山茉美 / 本多知惠子 / 鹤弘美,https://img3.doubanio.com/view/photo/s_ratio_poster/public/p2529811042.webp,https://movie.douban.com/subject/2782305/,https://search.douban.com/movie/subject_search?search_text=%E7%AB%A5%E5%B9%B4%E5%8A%A8%E7%94%BB&cat=1002&start=510,window.__DATA__,search_subject
516,35,510,26593597,动画城‎ (1994),9.4,9305,4.5,['剧集'],True,中国大陆 / 儿童 / 动画 / 30分钟,郏捷 / 何子然 / 梁超,https://img1.doubanio.com/view/photo/s_ratio_poster/public/p2263201210.webp,https://movie.douban.com/subject/26593597/,https://search.douban.com/movie/subject_search?search_text=%E7%AB%A5%E5%B9%B4%E5%8A%A8%E7%94%BB&cat=1002&start=510,window.__DATA__,search_subject
517,35,510,2246738,很久很久以前 옛날 옛적에‎ (1990),8.9,5440,4.5,['剧集'],True,韩国 / 动画 / 韩国民间传说故事 / 20分钟,송정율 / 김주인 / 이건설 / 김동호 / 배영랑 / 白菜道士 / 萝卜道士,https://img3.doubanio.com/view/photo/s_ratio_poster/public/p2656361697.webp,https://movie.douban.com/subject/2246738/,https://search.douban.com/movie/subject_search?search_text=%E7%AB%A5%E5%B9%B4%E5%8A%A8%E7%94%BB&cat=1002&start=510,window.__DATA__,search_subject
518,35,510,5326589,视线之外 Out of Sight‎ (2010),8.5,14233,4.5,[],False,中国台湾 / 剧情 / 动画 / 短片 / 敲敲 / 看不见的地方 / 5分钟,虞雅婷 / 叶亚璇 / 钟玲,https://img9.doubanio.com/view/photo/s_ratio_poster/public/p2537675176.webp,https://movie.douban.com/subject/5326589/,https://search.douban.com/movie/subject_search?search_text=%E7%AB%A5%E5%B9%B4%E5%8A%A8%E7%94%BB&cat=1002&start=510,window.__DATA__,search_subject
519,35,510,1431957,小熊猫学木匠‎ (1982),7.9,5185,4.0,['可播放'],False,中国大陆 / 喜剧 / 动画 / 短片 / 17分钟,周克勤,https://img9.doubanio.com/view/photo/s_ratio_poster/public/p2359818065.webp,https://movie.douban.com/subject/1431957/,https://search.douban.com/movie/subject_search?search_text=%E7%AB%A5%E5%B9%B4%E5%8A%A8%E7%94%BB&cat=1002&start=510,window.__DATA__,search_subject
520,35,510,26809059,新葫芦兄弟‎ (2016),4.7,2195,2.5,"['剧集', '可播放']",True,中国大陆 / 儿童 / 动画 / New Calabash Brothers / 11分钟,张立衍,https://img2.doubanio.com/view/photo/s_ratio_poster/public/p2363294141.webp,https://movie.douban.com/subject/26809059/,https://search.douban.com/movie/subject_search?search_text=%E7%AB%A5%E5%B9%B4%E5%8A%A8%E7%94%BB&cat=1002&start=510,window.__DATA__,search_subject
521,35,510,1982481,老虎学艺‎ (1982),7.8,3461,4.0,['可播放'],False,中国大陆 / 动画 / 18分钟,矫野松,https://img9.doubanio.com/view/photo/s_ratio_poster/public/p2867475874.webp,https://movie.douban.com/subject/1982481/,https://search.douban.com/movie/subject_search?search_text=%E7%AB%A5%E5%B9%B4%E5%8A%A8%E7%94%BB&cat=1002&start=510,window.__DATA__,search_subject
522,35,510,2350766,忍者神龟 第一季 Teenage Mutant Ninja Turtles Season 1‎ (2003),8.9,5666,4.5,['剧集'],True,美国 / 韩国 / 动画 / 动作 / 冒险 / 喜剧 / 惊悚 / 新忍者神龟 / 22分钟,Kevin Eastman,https://img2.doubanio.com/view/photo/s_ratio_poster/public/p2920301921.webp,https://movie.douban.com/subject/2350766/,https://search.douban.com/movie/subject_search?search_text=%E7%AB%A5%E5%B9%B4%E5%8A%A8%E7%94%BB&cat=1002&start=510,window.__DATA__,search_subject
523,35,510,3093154,怪杰佐罗 快傑ゾロ‎ (1996),8.3,3324,4.0,['剧集'],True,日本 / 动画 / 冒险 / 佐罗传奇 / 佐罗的传说 / 22分钟,箕之口克己 / 新房昭之 / 片渊须直 / 木村真一郎 / 村田和也 / 松村康弘 / 松浦锭平 / 山口武志 / 佐藤育郎 / 藤本义孝 / 阿宫正和 / 矢吹勉 / 关俊彦 / 川村万梨阿 / 松本梨香 / 小杉十郎太 / 堀内贤雄 / 盐屋浩三 / 泽木郁也 / 峰敦子,https://img9.doubanio.com/view/photo/s_ratio_poster/public/p2554088214.webp,https://movie.douban.com/subject/3093154/,https://search.douban.com/movie/subject_search?search_text=%E7%AB%A5%E5%B9%B4%E5%8A%A8%E7%94%BB&cat=1002&start=510,window.__DATA__,search_subject
524,35,510,20411172,金箍棒传奇‎ (2012),5.7,2153,3.0,[],False,中国大陆 / 喜剧 / 动画 / 冒险 / 夺宝幸运星大电影之金箍棒传奇 / 开心西游记 / 88分钟,哈磊 / 韩雪 / 吴天昊 / 于立 / 榕榕 / 童自荣 / 周野芒,https://img1.doubanio.com/view/photo/s_ratio_poster/public/p1802324128.webp,https://movie.douban.com/subject/20411172/,https://search.douban.com/movie/subject_search?search_text=%E7%AB%A5%E5%B9%B4%E5%8A%A8%E7%94%BB&cat=1002&start=510,window.__DATA__,search_subject
525,35,510,1940337,东京猫猫 東京ミュウミュウ‎ (2002),7.9,6798,4.0,['剧集'],True,日本 / 剧情 / 动画 / 奇幻 / 东京喵喵 / 猫猫战队 / 23分钟,阿部记之 / 中岛沙树 / 嘉数由美 / 佐久间红美 / 望月久代 / 野田顺子 / 绪方惠美 / 远近孝一 / 绿川光,https://img9.doubanio.com/view/photo/s_ratio_poster/public/p2516168075.webp,https://movie.douban.com/subject/1940337/,https://search.douban.com/movie/subject_search?search_text=%E7%AB%A5%E5%B9%B4%E5%8A%A8%E7%94%BB&cat=1002&start=510,window.__DATA__,search_subject
526,36,525,1309137,游戏王剧场版：光之金字塔 遊☆戯☆王デュエルモンスターズ 光のピラミッド‎ (2004),7.6,3440,4.0,[],False,日本 / 美国 / 动作 / 动画 / 奇幻 / 冒险 / Yu-Gi-Oh! The Movie: Pyramid of Light / 90分钟,辻初樹 / 風間俊介 / 津田健次郎 / 高橋広樹,https://img9.doubanio.com/view/photo/s_ratio_poster/public/p2780888644.webp,https://movie.douban.com/subject/1309137/,https://search.douban.com/movie/subject_search?search_text=%E7%AB%A5%E5%B9%B4%E5%8A%A8%E7%94%BB&cat=1002&start=525,window.__DATA__,search_subject
527,36,525,1939490,快乐家家车‎ (1997),7.5,12958,4.0,"['剧集', '可播放']",True,中国大陆 / 动画 / 儿童 / 12分钟,黄加世 / 武向彤 / 范雷颖,https://img3.doubanio.com/view/photo/s_ratio_poster/public/p2902266817.webp,https://movie.douban.com/subject/1939490/,https://search.douban.com/movie/subject_search?search_text=%E7%AB%A5%E5%B9%B4%E5%8A%A8%E7%94%BB&cat=1002&start=525,window.__DATA__,search_subject
528,36,525,27120338,大神偷卡门 第一季 Carmen Sandiego Season 1‎ (2019),8.4,3380,4.0,['剧集'],True,美国 / 犯罪 / 动画 / 悬疑 / 冒险 / 神偷卡门 / 神偷卡门重启剧 / 22分钟,凯文·达特 / 吉娜·罗德里格兹 / 菲恩·伍法德 / 连姆·奥布赖恩 / 玛丽·伊丽莎白·麦格林 / 凯瑞·华格伦 / 帕斯卡尔·佩塔尔迪 / 艾比·特洛特 / 查尔斯·钟,https://img3.doubanio.com/view/photo/s_ratio_poster/public/p2545130517.webp,https://movie.douban.com/subject/27120338/,https://search.douban.com/movie/subject_search?search_text=%E7%AB%A5%E5%B9%B4%E5%8A%A8%E7%94%BB&cat=1002&start=525,window.__DATA__,search_subject
529,36,525,1431944,过猴山‎ (1958),8.1,10731,4.0,['可播放'],False,中国大陆 / 剧情 / 动画 / 短片 / 10分钟,王树忱,https://img1.doubanio.com/view/photo/s_ratio_poster/public/p2004722298.webp,https://movie.douban.com/subject/1431944/,https://search.douban.com/movie/subject_search?search_text=%E7%AB%A5%E5%B9%B4%E5%8A%A8%E7%94%BB&cat=1002&start=525,window.__DATA__,search_subject
530,36,525,5282437,机甲兽神‎ (2010),8.1,2622,4.0,['剧集'],True,中国大陆 / 动画 / 低碳世纪之机甲兽神 / 22分钟,刘文,https://img9.doubanio.com/view/photo/s_ratio_poster/public/p1976326994.webp,https://movie.douban.com/subject/5282437/,https://search.douban.com/movie/subject_search?search_text=%E7%AB%A5%E5%B9%B4%E5%8A%A8%E7%94%BB&cat=1002&start=525,window.__DATA__,search_subject
531,36,525,1498595,阿凡提的故事之驴说话‎ (1986),8.7,7333,4.5,[],False,中国大陆 / 动画 / 短片 / 第八集：驴说话 / 17分钟,曲建方 / 毕克 / 邱岳峰,https://img2.doubanio.com/view/photo/s_ratio_poster/public/p2649096751.webp,https://movie.douban.com/subject/1498595/,https://search.douban.com/movie/subject_search?search_text=%E7%AB%A5%E5%B9%B4%E5%8A%A8%E7%94%BB&cat=1002&start=525,window.__DATA__,search_subject
532,36,525,2995127,熊猫京京‎ (1996),7.2,11832,3.5,['剧集'],True,中国大陆 / 剧情 / 儿童 / 犯罪 / 冒险 / 20分钟,王柏荣 / 王俪桦 / 齐杰 / 王羊,https://img3.doubanio.com/view/photo/s_ratio_poster/public/p2897106867.webp,https://movie.douban.com/subject/2995127/,https://search.douban.com/movie/subject_search?search_text=%E7%AB%A5%E5%B9%B4%E5%8A%A8%E7%94%BB&cat=1002&start=525,window.__DATA__,search_subject
533,36,525,3552817,龙珠Z剧场版6：激突！100亿能量的战士们 ドラゴンボールZ 激突!!100億パワーの戦士たち‎ (1992),7.8,3947,4.0,[],False,日本 / 动画 / 冒险 / 奇幻 / 科幻 / Dragon Ball Z Movie 6 / 激突!! 100億能量的戰士們 / 46分钟,西尾大介 / 野泽雅子 / 古川登志夫 / 田中真弓 / 堀川亮 / 宫内幸平 / 龙田直树 / 铃木富子 / 西尾德,https://img1.doubanio.com/view/photo/s_ratio_poster/public/p2544457058.webp,https://movie.douban.com/subject/3552817/,https://search.douban.com/movie/subject_search?search_text=%E7%AB%A5%E5%B9%B4%E5%8A%A8%E7%94%BB&cat=1002&start=525,window.__DATA__,search_subject
534,36,525,20285173,虹猫蓝兔勇者归来‎ (2011),8.6,4723,4.5,"['剧集', '可播放']",True,中国大陆 / 儿童 / 动画,贺梦凡 / 刘娟 Juan Liu / 付以琳 / 袁慧敏 Huimin Yuan / 刘蓉 / 房黛薇,https://img1.doubanio.com/view/photo/s_ratio_poster/public/p2859010889.webp,https://movie.douban.com/subject/20285173/,https://search.douban.com/movie/subject_search?search_text=%E7%AB%A5%E5%B9%B4%E5%8A%A8%E7%94%BB&cat=1002&start=525,window.__DATA__,search_subject
535,36,525,25927387,猫和老鼠：迷失之龙 Tom and Jerry: The Lost Dragon‎ (2014),6.3,1701,3.0,['可播放'],False,美国 / 喜剧 / 动画 / Tom and Jerry & The Lost Dragon / 56分钟,史派克·布兰特 / 凯莉·斯泰堡丝 / 薇姬·刘易斯 / 吉姆·卡明斯 / 拉瑞恩·纽曼 / 格雷格·埃利斯 / 杰斯·哈梅尔,https://img3.doubanio.com/view/photo/s_ratio_poster/public/p2191383513.webp,https://movie.douban.com/subject/25927387/,https://search.douban.com/movie/subject_search?search_text=%E7%AB%A5%E5%B9%B4%E5%8A%A8%E7%94%BB&cat=1002&start=525,window.__DATA__,search_subject
536,36,525,5913002,多啦美与哆啦A梦族：机器人学校七不思议 ドラミ&ドラえもんズ ロボット学校七不思議!?‎ (1996),8.7,1823,4.5,[],False,日本 / 科幻 / 动画 / 冒险 / 哆啦美与哆啦A梦族：机器人学校七不思议 / 31分钟,Yoshitomo Yonetani,https://img2.doubanio.com/view/photo/s_ratio_poster/public/p2411015821.webp,https://movie.douban.com/subject/5913002/,https://search.douban.com/movie/subject_search?search_text=%E7%AB%A5%E5%B9%B4%E5%8A%A8%E7%94%BB&cat=1002&start=525,window.__DATA__,search_subject
537,36,525,1807987,森林大帝 ジャングル大帝‎ (1989),8.2,5041,4.0,"['剧集', '可播放']",True,日本 / 动画 / 小白狮王 / New Adventures of Kimba the White Lion / 25分钟,宇井孝司 / 棚桥一德 / 浅香守生 / 平田敏夫 / 元永庆太郎 / 松见真一 / 吉村文宏 / 松本佳久 / 须藤典彦 / 福岛宏之 / 五月女有作 / 望月敬一郎 / 林原惠美 / 古本新之辅 / 玉川纱己子 / 佐佐木功 / 岛本须美 / 龟山助清 / 千叶繁 / 玄田哲章,https://img1.doubanio.com/view/photo/s_ratio_poster/public/p2544114740.webp,https://movie.douban.com/subject/1807987/,https://search.douban.com/movie/subject_search?search_text=%E7%AB%A5%E5%B9%B4%E5%8A%A8%E7%94%BB&cat=1002&start=525,window.__DATA__,search_subject
538,36,525,2244584,等明天‎ (1962),8.1,4572,4.0,['可播放'],False,中国 / 动画 / 15分钟,胡雄华,https://img9.doubanio.com/view/photo/s_ratio_poster/public/p2230997936.webp,https://movie.douban.com/subject/2244584/,https://search.douban.com/movie/subject_search?search_text=%E7%AB%A5%E5%B9%B4%E5%8A%A8%E7%94%BB&cat=1002&start=525,window.__DATA__,search_subject
539,36,525,3120785,圣诞前夜 The Night before Christmas‎ (1941),9.5,2701,5.0,[],False,美国 / 动画 / 短片 / 喜剧 / 家庭 / 奇幻 / 圣诞前夜 / 8分钟,约瑟夫·巴伯拉 / 威廉·汉纳,https://img3.doubanio.com/view/photo/s_ratio_poster/public/p2456684073.webp,https://movie.douban.com/subject/3120785/,https://search.douban.com/movie/subject_search?search_text=%E7%AB%A5%E5%B9%B4%E5%8A%A8%E7%94%BB&cat=1002&start=525,window.__DATA__,search_subject
540,36,525,26416094,缇可春季篇‎ (2007),9.2,691,4.5,['剧集'],True,中国大陆 / 剧情 / 喜剧 / 动画 / 奇幻 / 冒险 / TlCO / 12分钟,朱珂 / 熊可 / 缇可 / 夏天 / 鹏鹏 / 露露,https://img9.doubanio.com/view/photo/s_ratio_poster/public/p2361246384.webp,https://movie.douban.com/subject/26416094/,https://search.douban.com/movie/subject_search?search_text=%E7%AB%A5%E5%B9%B4%E5%8A%A8%E7%94%BB&cat=1002&start=525,window.__DATA__,search_subject
541,37,540,11639499,围棋少年2‎ (2009),8.2,6478,4.0,['剧集'],True,中国大陆 / 剧情 / 动画 / 24分钟,马风清 / 徐刚 / 李晔 / 李正翔 / 沈达威 / 童自荣 / 王肖兵,https://img3.doubanio.com/view/photo/s_ratio_poster/public/p2850265537.webp,https://movie.douban.com/subject/11639499/,https://search.douban.com/movie/subject_search?search_text=%E7%AB%A5%E5%B9%B4%E5%8A%A8%E7%94%BB&cat=1002&start=540,window.__DATA__,search_subject
542,37,540,1848458,萩萩公主 プリンセスチュチュ‎ (2002),8.9,2389,4.5,['剧集'],True,日本 / 动画 / プリンセスチュチュ / 萩萩公主 / 24分钟,佐藤顺一 / 红优 / 佐山圣子 / 小坂春女 / 关田修 / 玉川达文 / 浅见松雄 / 室谷靖 / 西本由纪夫 / 山内东生雄 / 加藤奈奈绘 / 樱井孝宏 / 水树奈奈 / 白鸟由里 / 松本保典 / 矢薙直树 / 平松晶子 / 松本幸,https://img2.doubanio.com/view/photo/s_ratio_poster/public/p2888715281.webp,https://movie.douban.com/subject/1848458/,https://search.douban.com/movie/subject_search?search_text=%E7%AB%A5%E5%B9%B4%E5%8A%A8%E7%94%BB&cat=1002&start=540,window.__DATA__,search_subject
543,37,540,2143850,蔬果村的故事 チロリン村物语‎ (1992),9.0,5335,4.5,['剧集'],True,日本 / 剧情 / 儿童 / 动画 / 快乐村 / 25分钟,山吉康夫 / 岩根雅明 / 神户守 / 佐山圣子 / 古川政美 / 井硲清高 / 铃木卓夫 / 井上修 / 牧野行洋 / 日高范子 / 高山南 / 岩井小百合 / 樱井敏治 / 铃木晶子 / 高田由美 / 江原正士 / 山田俊司,https://img9.doubanio.com/view/photo/s_ratio_poster/public/p2550257134.webp,https://movie.douban.com/subject/2143850/,https://search.douban.com/movie/subject_search?search_text=%E7%AB%A5%E5%B9%B4%E5%8A%A8%E7%94%BB&cat=1002&start=540,window.__DATA__,search_subject
544,37,540,2140126,变形金刚：猛兽侠 第一季 Beast Machines: Transformers Season 1‎ (1999),8.7,11334,4.5,['剧集'],True,加拿大 / 动画 / Beast Machines: Transformers / Beast Machines / 30分钟,Greg Donis / William Lau / Jim Byrnes / Gary Chalk / Ian James Corlett,https://img3.doubanio.com/view/photo/s_ratio_poster/public/p2516235212.webp,https://movie.douban.com/subject/2140126/,https://search.douban.com/movie/subject_search?search_text=%E7%AB%A5%E5%B9%B4%E5%8A%A8%E7%94%BB&cat=1002&start=540,window.__DATA__,search_subject
545,37,540,1949034,地球超人 第一季 Captain Planet and the Planeteers Season 1‎ (1990),7.6,9042,4.0,['剧集'],True,美国 / 剧情 / 动画 / 25分钟,特德·特纳 / David Coburn / LeVar Burton / Joey Dedio / Janice Kawaye / Scott Menville / Kath Soucie / Whoopi Goldberg / Frank Welker,https://img3.doubanio.com/view/photo/s_ratio_poster/public/p2540015697.webp,https://movie.douban.com/subject/1949034/,https://search.douban.com/movie/subject_search?search_text=%E7%AB%A5%E5%B9%B4%E5%8A%A8%E7%94%BB&cat=1002&start=540,window.__DATA__,search_subject
546,37,540,3111432,桃太郎传说 桃太郎伝説‎ (1989),8.2,2200,4.0,['剧集'],True,日本 / 动画 / PEACHBOY LEGEND,企画：西野聖市 / キャラクターデザイン・総作画監督：森利夫 / 作画監督：森利夫、小泉謙三、武藤稔、金澤勝眞、須藤昌朋、狭山次郎、他 / 美術監督：坂本信人 / 撮影監督：小澤次雄 / 音響監督：本田保則 / 佐佐木望 / イヌのポチ：折笠愛 / 乙姫：折笠愛 / オニ姫：真柴摩利 / 鬼之皇子、黒魔鬼：：竹村拓 / 喜鬼怪快：緒方賢一 / サルの紋太：羽村京子／伊倉一寿（2代目） / キジのキーコ：横山智佐,https://img3.doubanio.com/view/photo/s_ratio_poster/public/p2507098812.webp,https://movie.douban.com/subject/3111432/,https://search.douban.com/movie/subject_search?search_text=%E7%AB%A5%E5%B9%B4%E5%8A%A8%E7%94%BB&cat=1002&start=540,window.__DATA__,search_subject
547,37,540,24530537,哈皮父子之超能泡蛋‎ (2010),8.8,4005,4.5,"['剧集', '可播放']",True,中国大陆 / 动画 / 儿童 / 超能泡蛋1,张红军 / 牟宏 / 王婧欣,https://img3.doubanio.com/view/photo/s_ratio_poster/public/p2170932933.webp,https://movie.douban.com/subject/24530537/,https://search.douban.com/movie/subject_search?search_text=%E7%AB%A5%E5%B9%B4%E5%8A%A8%E7%94%BB&cat=1002&start=540,window.__DATA__,search_subject
548,37,540,1845698,神奇独角马 ユニコ‎ (1981),8.8,1941,4.5,[],False,日本 / 动画 / 奇幻 / 冒险 / 小白角 / 独角小福星 / 90分钟,平田敏夫 / 手冢治虫 / 三轮胜惠 / 杉山佳寿子 / 堀绚子 / 井上真树夫 / 中西妙子 / 来宫良子 / 永井一郎 / 矢田耕司,https://img1.doubanio.com/view/photo/s_ratio_poster/public/p2554087038.webp,https://movie.douban.com/subject/1845698/,https://search.douban.com/movie/subject_search?search_text=%E7%AB%A5%E5%B9%B4%E5%8A%A8%E7%94%BB&cat=1002&start=540,window.__DATA__,search_subject
549,37,540,3442793,龙珠Z剧场版9：银河面临危机!! 身手不凡的高手!! ドラゴンボール Z 劇場版：銀河ギリギリ!! ぶっちぎりの凄い奴‎ (1993),7.7,2700,4.0,[],False,日本 / 动画 / 短片 / 动作 / Dragon Ball Z Movie 9 / 銀河面臨危機!! 身手不凡的高手 / 51分钟,上田芳裕(Yoshihiro Ueda) / 野泽雅子,https://img9.doubanio.com/view/photo/s_ratio_poster/public/p2561565945.webp,https://movie.douban.com/subject/3442793/,https://search.douban.com/movie/subject_search?search_text=%E7%AB%A5%E5%B9%B4%E5%8A%A8%E7%94%BB&cat=1002&start=540,window.__DATA__,search_subject
550,37,540,2260789,小燕子‎ (1960),8.2,2966,4.0,['可播放'],False,中国大陆 / 动画 / 短片 / 15分钟,张松林 / 浦家祥 / 韩斌,https://img2.doubanio.com/view/photo/s_ratio_poster/public/p2868261041.webp,https://movie.douban.com/subject/2260789/,https://search.douban.com/movie/subject_search?search_text=%E7%AB%A5%E5%B9%B4%E5%8A%A8%E7%94%BB&cat=1002&start=540,window.__DATA__,search_subject
551,37,540,3809412,弹珠警察 Bビーダマン爆外伝‎ (1998),8.1,10463,4.0,['剧集'],True,日本 / 动画 / Bom Bom弹珠人 / 弹珠超人 / 24分钟,中西伸彰 / 桑岛法子 / 关俊彦 / 佐久间玲 / 小樱悦子 / 真殿光昭 / 津久井教生 / 小西宽子 / 子安武人,https://img1.doubanio.com/view/photo/s_ratio_poster/public/p2511480030.webp,https://movie.douban.com/subject/3809412/,https://search.douban.com/movie/subject_search?search_text=%E7%AB%A5%E5%B9%B4%E5%8A%A8%E7%94%BB&cat=1002&start=540,window.__DATA__,search_subject
552,37,540,1981392,乌鸦为什么是黑的‎ (1955),7.8,3739,4.0,['可播放'],False,中国大陆 / 动画 / 短片 / 10分钟,钱家骏 / 李克弱,https://img2.doubanio.com/view/photo/s_ratio_poster/public/p2565082251.webp,https://movie.douban.com/subject/1981392/,https://search.douban.com/movie/subject_search?search_text=%E7%AB%A5%E5%B9%B4%E5%8A%A8%E7%94%BB&cat=1002&start=540,window.__DATA__,search_subject
553,37,540,5268621,超智能足球‎ (2010),9.3,9548,4.5,"['剧集', '可播放']",True,中国大陆 / 儿童 / 科幻 / 动画 / 冒险 / 运动 / 超智能足球GGO / AI Football GGO / 23分钟,钱国栋 / 巫志兴 / 潜龙 / 核能 / 流星,https://img1.doubanio.com/view/photo/s_ratio_poster/public/p2271872068.webp,https://movie.douban.com/subject/5268621/,https://search.douban.com/movie/subject_search?search_text=%E7%AB%A5%E5%B9%B4%E5%8A%A8%E7%94%BB&cat=1002&start=540,window.__DATA__,search_subject
554,37,540,3620418,丽莎和她的朋友们 第一季 The Wild Thornberrys Season 1‎ (1998),9.1,3874,4.5,['剧集'],True,美国 / 动画 / 冒险 / 喜剧 / 家庭 / 奇幻 / 丽莎和她的朋友们 / 23分钟,Gabor Csupo / Arlene Klasky / Lacey Chabert / Jodi Carlisle / Tim Curry / Danielle Harris / Tom Kane / Flea,https://img3.doubanio.com/view/photo/s_ratio_poster/public/p2459789842.webp,https://movie.douban.com/subject/3620418/,https://search.douban.com/movie/subject_search?search_text=%E7%AB%A5%E5%B9%B4%E5%8A%A8%E7%94%BB&cat=1002&start=540,window.__DATA__,search_subject
555,37,540,4262232,小牛向前冲‎ (2009),8.0,9653,4.0,"['剧集', '可播放']",True,中国大陆 / 儿童 / 动画 / 奇幻 / 冒险 / Go! Calf / 20分钟,蔡志军 / 何澄 / 王星峰 / 王晓燕 / 杨梦露 / 刘彬 / 沈达威 / 程玉珠 / 张欣 / 邹亮 / 贾志超,https://img9.doubanio.com/view/photo/s_ratio_poster/public/p2270923316.webp,https://movie.douban.com/subject/4262232/,https://search.douban.com/movie/subject_search?search_text=%E7%AB%A5%E5%B9%B4%E5%8A%A8%E7%94%BB&cat=1002&start=540,window.__DATA__,search_subject
556,38,555,4117004,战龙四驱‎ (2009),8.4,3871,4.0,"['剧集', '可播放']",True,中国大陆 / 儿童 / 动画 / 四驱小子中国版 / Go For Speed / 24分钟,沈彪 印建荣 / 赵冰冰 / 周莹 / 苏柏丽 / 黎泓和 / 赵威 / 李俊英 / 谢佳 / 张立昆,https://img1.doubanio.com/view/photo/s_ratio_poster/public/p2295560258.webp,https://movie.douban.com/subject/4117004/,https://search.douban.com/movie/subject_search?search_text=%E7%AB%A5%E5%B9%B4%E5%8A%A8%E7%94%BB&cat=1002&start=555,window.__DATA__,search_subject
557,38,555,3080185,安徒生讲故事 The Fairytaler‎ (2004),9.4,3544,4.5,['剧集'],True,丹麦 / 英国 / 动画 / 家庭 / 儿童 / 奇幻 / H.C. Andersens eventyr / 安徒生讲故事 / 28分钟,乔根·莱尔丹 / 亨里克·科福特 / 迪特·格罗博尔 / Thomas Mørk / 索伦·斯贝宁 / Kaya Brüel / 尼古拉·雷·卡斯 / 妮可拉·考夫兰,https://img2.doubanio.com/view/photo/s_ratio_poster/public/p2891405361.webp,https://movie.douban.com/subject/3080185/,https://search.douban.com/movie/subject_search?search_text=%E7%AB%A5%E5%B9%B4%E5%8A%A8%E7%94%BB&cat=1002&start=555,window.__DATA__,search_subject
558,38,555,26590067,阿U 第二季‎ (2013),8.2,294,4.0,"['剧集', '可播放']",True,中国大陆 / 儿童 / 喜剧 / 动画 / 家庭 / 阿U之开心童年 / 6分钟,曹小卉 / 金鑫 / 章成雷 / 沈瑾 / 陈华居,https://img3.doubanio.com/view/photo/s_ratio_poster/public/p2919473132.webp,https://movie.douban.com/subject/26590067/,https://search.douban.com/movie/subject_search?search_text=%E7%AB%A5%E5%B9%B4%E5%8A%A8%E7%94%BB&cat=1002&start=555,window.__DATA__,search_subject
559,38,555,1498593,阿凡提的故事之比智慧‎ (1983),8.7,7984,4.5,[],False,中国大陆 / 动画 / 短片 / 第四集：比智慧 / 26分钟,曲建方 / 毕克 / 邱岳峰,https://img1.doubanio.com/view/photo/s_ratio_poster/public/p2649096650.webp,https://movie.douban.com/subject/1498593/,https://search.douban.com/movie/subject_search?search_text=%E7%AB%A5%E5%B9%B4%E5%8A%A8%E7%94%BB&cat=1002&start=555,window.__DATA__,search_subject
560,38,555,2997293,没牙的老虎‎ (1985),7.9,3355,4.0,['可播放'],False,中国大陆 / 动画 / 短片 / 老虎拔牙 / 17分钟,浦家祥,https://img1.doubanio.com/view/photo/s_ratio_poster/public/p2902221958.webp,https://movie.douban.com/subject/2997293/,https://search.douban.com/movie/subject_search?search_text=%E7%AB%A5%E5%B9%B4%E5%8A%A8%E7%94%BB&cat=1002&start=555,window.__DATA__,search_subject
561,38,555,19971749,大力水手 第二季 Popeye the Sailor Season 2‎ (1961),8.9,3301,4.5,['剧集'],True,美国 / 动画 / 6分钟,杰克·金尼 Jack Kinney / 西摩·克尼特尔 Seymour Kneitel / 吉恩·戴奇 Gene Deitch / Paul Fennell / Bob Bemiller / Tommy McDonald,https://img2.doubanio.com/view/photo/s_ratio_poster/public/p2870660991.webp,https://movie.douban.com/subject/19971749/,https://search.douban.com/movie/subject_search?search_text=%E7%AB%A5%E5%B9%B4%E5%8A%A8%E7%94%BB&cat=1002&start=555,window.__DATA__,search_subject
562,38,555,4281623,蓝猫龙骑团‎ (2009),8.1,7806,4.0,"['剧集', '可播放']",True,中国大陆 / 剧情 / 动画 / 18分钟,贺梦凡 / 余立平 / 徐海 / 朱争献 / 陈双喜 / 罗赞 / 杨桦 / 王峰 / 曾令 / 葛平 / 付以琳 / 袁慧敏 / 殷姿 / 李强 / 周期,https://img3.doubanio.com/view/photo/s_ratio_poster/public/p2532809892.webp,https://movie.douban.com/subject/4281623/,https://search.douban.com/movie/subject_search?search_text=%E7%AB%A5%E5%B9%B4%E5%8A%A8%E7%94%BB&cat=1002&start=555,window.__DATA__,search_subject
563,38,555,30453093,厨神小当家 第一季‎ (2019),4.7,3674,2.5,"['剧集', '可播放']",True,日本 / 中国大陆 / 剧情 / 动画 / 新中华小当家 / 真·中华一番,川崎逸朗 / 藤原夏海 / 茅野爱衣 / 藤井雪代 / 中村悠一 / 杉田智和 / 榎木淳弥 / 下山吉光 / 辻亲八,https://img9.doubanio.com/view/photo/s_ratio_poster/public/p2554618756.webp,https://movie.douban.com/subject/30453093/,https://search.douban.com/movie/subject_search?search_text=%E7%AB%A5%E5%B9%B4%E5%8A%A8%E7%94%BB&cat=1002&start=555,window.__DATA__,search_subject
564,38,555,1797744,特种部队：美国英雄 G.I. Joe: A Real American Hero‎ (1983),8.4,3614,4.0,['剧集'],True,USA / 动画 / 特种部队 / 23分钟,Libby Aubrey(voice) / Pat Fraley(voice),https://img9.doubanio.com/view/photo/s_ratio_poster/public/p2113742615.webp,https://movie.douban.com/subject/1797744/,https://search.douban.com/movie/subject_search?search_text=%E7%AB%A5%E5%B9%B4%E5%8A%A8%E7%94%BB&cat=1002&start=555,window.__DATA__,search_subject
565,38,555,4307311,数码宝贝02：超恶魔兽的反击 デジモンアドベンチャー02 ディアボロモンの逆襲‎ (2001),7.9,2681,4.0,[],False,日本 / 动作 / 动画 / 冒险 / 数码宝贝2：超恶魔兽的逆袭 / 数码兽大冒险2：超恶魔兽的逆袭 / 30分钟,今村隆宽 / 木内玲子 / 夏树莉绪 / 浦和惠 / 山本泰辅 / 朴璐美 / 藤田淑子 / 水谷优子 / 风间勇刀,https://img9.doubanio.com/view/photo/s_ratio_poster/public/p2563007675.webp,https://movie.douban.com/subject/4307311/,https://search.douban.com/movie/subject_search?search_text=%E7%AB%A5%E5%B9%B4%E5%8A%A8%E7%94%BB&cat=1002&start=555,window.__DATA__,search_subject
566,38,555,2091938,神偷卡门 第一季 Where on Earth Is Carmen Sandiego？ Season 1‎ (1994),8.7,10571,4.5,['剧集'],True,美国 / 动作 / 动画 / 冒险 / 神偷卡门 / 21分钟,Joe Barruso / Stan Phillips / Chadwick Pelletier / 丽塔·莫雷诺 / 斯科特·门维尔,https://img2.doubanio.com/view/photo/s_ratio_poster/public/p2494410711.webp,https://movie.douban.com/subject/2091938/,https://search.douban.com/movie/subject_search?search_text=%E7%AB%A5%E5%B9%B4%E5%8A%A8%E7%94%BB&cat=1002&start=555,window.__DATA__,search_subject
567,38,555,4097157,福五鼠三十六计‎ (2008),8.7,8992,4.5,['剧集'],True,中国大陆 / 儿童 / 历史 / 战争 / 动画 / 福五鼠,无锡世纪宏柏数码动画,https://img9.doubanio.com/view/photo/s_ratio_poster/public/p2571176044.webp,https://movie.douban.com/subject/4097157/,https://search.douban.com/movie/subject_search?search_text=%E7%AB%A5%E5%B9%B4%E5%8A%A8%E7%94%BB&cat=1002&start=555,window.__DATA__,search_subject
568,38,555,25748379,山猫和吉咪‎ (2009),7.6,1375,4.0,"['剧集', '可播放']",True,中国大陆 / 动画,,https://img1.doubanio.com/view/photo/s_ratio_poster/public/p2550651520.webp,https://movie.douban.com/subject/25748379/,https://search.douban.com/movie/subject_search?search_text=%E7%AB%A5%E5%B9%B4%E5%8A%A8%E7%94%BB&cat=1002&start=555,window.__DATA__,search_subject
569,38,555,25938006,电击小子 第三部‎ (2013),8.7,4516,4.5,['剧集'],True,中国大陆 / 儿童 / 动作 / 科幻 / 动画 / 冒险 / 电击小子3之四圣团,韩峰 / 邓红 / 李旭乔 / 陆双,https://img1.doubanio.com/view/photo/s_ratio_poster/public/p2606809178.webp,https://movie.douban.com/subject/25938006/,https://search.douban.com/movie/subject_search?search_text=%E7%AB%A5%E5%B9%B4%E5%8A%A8%E7%94%BB&cat=1002&start=555,window.__DATA__,search_subject
570,38,555,1926706,101斑点狗 第一季 101 Dalmatians: The Series Season 1‎ (1997),8.4,1926,4.0,['剧集'],True,美国 / 喜剧 / 动画 / 101忠狗 / 22分钟,维克多·库克 / 里克·施耐德 / 凯利·沃德 / 凯斯·索西 / 塔拉·斯特朗 / 杰夫·贝内特 / 弗兰克·维尔克 / 艾普尔·温切尔 / 黛比·梅·卫斯特 / 夏洛特·瑞 / 吉姆·卡明斯,https://img3.doubanio.com/view/photo/s_ratio_poster/public/p2498277857.webp,https://movie.douban.com/subject/1926706/,https://search.douban.com/movie/subject_search?search_text=%E7%AB%A5%E5%B9%B4%E5%8A%A8%E7%94%BB&cat=1002&start=555,window.__DATA__,search_subject
571,39,570,4287532,美猴王‎ (2009),8.5,7936,4.5,"['剧集', '可播放']",True,中国大陆 / 儿童 / 动作 / 动画 / 奇幻 / 冒险 / Monkey King,陈家奇 / 耿少波 / 邵建明 / 武寒青 / 马华 / 倪骏 / 郝幽玥 / 刘校妤 / 张碧玉 / 李金燕 / 高枫 / 付绍业 / 陈红 / 刘九榕,https://img3.doubanio.com/view/photo/s_ratio_poster/public/p2259311023.webp,https://movie.douban.com/subject/4287532/,https://search.douban.com/movie/subject_search?search_text=%E7%AB%A5%E5%B9%B4%E5%8A%A8%E7%94%BB&cat=1002&start=570,window.__DATA__,search_subject
572,39,570,1498592,阿凡提的故事之神医‎ (1984),8.7,7582,4.5,[],False,中国大陆 / 动画 / 短片 / 第三集：神医 / 28分钟,曲建方 / 毕克 / 邱岳峰,https://img1.doubanio.com/view/photo/s_ratio_poster/public/p2620654579.webp,https://movie.douban.com/subject/1498592/,https://search.douban.com/movie/subject_search?search_text=%E7%AB%A5%E5%B9%B4%E5%8A%A8%E7%94%BB&cat=1002&start=570,window.__DATA__,search_subject
573,39,570,1871163,小小外星人 とんがり帽子のメモル‎ (1984),9.2,3036,4.5,['剧集'],True,日本 / 动画 / 家庭 / 奇幻 / 尖帽子的记忆 / 24分钟,葛西治 / 佐藤顺一 / 永丘昭典 / 贝泽幸男 / 渡边菜生子 / 安田亚希江 / 古川登志夫 / 川岛千代子 / 泽田和子 / 西原久美子 / 白石冬美 / 宫内幸平,https://img3.doubanio.com/view/photo/s_ratio_poster/public/p2525976313.webp,https://movie.douban.com/subject/1871163/,https://search.douban.com/movie/subject_search?search_text=%E7%AB%A5%E5%B9%B4%E5%8A%A8%E7%94%BB&cat=1002&start=570,window.__DATA__,search_subject
574,39,570,19965512,千千问‎ (2002),7.9,2312,4.0,['剧集'],True,中国大陆 / 儿童 / 科幻 / 动画 / 冒险 / 7分钟,李国英 / 李志新 / 王羊 / 张美娟 / 薛白,https://img1.doubanio.com/view/photo/s_ratio_poster/public/p2558520390.webp,https://movie.douban.com/subject/19965512/,https://search.douban.com/movie/subject_search?search_text=%E7%AB%A5%E5%B9%B4%E5%8A%A8%E7%94%BB&cat=1002&start=570,window.__DATA__,search_subject
575,39,570,3089224,龙珠Z剧场版11：击倒超战士!! 胜利是属于我的 ドラゴンボール Z 劇場版  超戦士撃破!! 勝つのはオレだ‎ (1994),7.4,2571,3.5,[],False,日本 / 动画 / 动作 / Doragon bôru Z 11: Sûpâ senshi gekiha! Katsu no wa ore da / 46分钟,上田芳裕 / 野泽雅子 / 草尾毅 / 乡里大辅 / 田中真弓 / 伊藤美纪 / 龙田直树 / 藤原启治 / 佐藤正治,https://img9.doubanio.com/view/photo/s_ratio_poster/public/p2561565976.webp,https://movie.douban.com/subject/3089224/,https://search.douban.com/movie/subject_search?search_text=%E7%AB%A5%E5%B9%B4%E5%8A%A8%E7%94%BB&cat=1002&start=570,window.__DATA__,search_subject
576,39,570,1296573,小孤儿 The Little Orphan‎ (1949),9.2,5360,4.5,[],False,美国 / 家庭 / 短片 / 动画 / 喜剧 / 小孤儿 / 8分钟,约瑟夫·巴伯拉 / 威廉·汉纳,https://img3.doubanio.com/view/photo/s_ratio_poster/public/p2512086933.webp,https://movie.douban.com/subject/1296573/,https://search.douban.com/movie/subject_search?search_text=%E7%AB%A5%E5%B9%B4%E5%8A%A8%E7%94%BB&cat=1002&start=570,window.__DATA__,search_subject
577,39,570,1498602,阿凡提的故事之狩猎记‎ (1986),8.7,5781,4.5,[],False,中国大陆 / 动画 / 短片 / 第九集：狩猎记 / 22分钟,曲建方 / 金芳玲 / 毕克 / 邱岳峰,https://img2.doubanio.com/view/photo/s_ratio_poster/public/p2649087931.webp,https://movie.douban.com/subject/1498602/,https://search.douban.com/movie/subject_search?search_text=%E7%AB%A5%E5%B9%B4%E5%8A%A8%E7%94%BB&cat=1002&start=570,window.__DATA__,search_subject
578,39,570,4848690,龙珠Z特别篇：一个人的最终决战 挑战弗利萨的Z战士 孙悟空之父 ドラゴンボールZ たったひとりの最終決戦〜フリーザに挑んだZ戦士 孫悟空の父〜‎ (1990),8.6,2575,4.5,[],False,日本 / 动画 / 悟空之父 / Bardock!The Father of Goku / 48分钟,Mitsuo Hashimoto / 野泽雅子,https://img1.doubanio.com/view/photo/s_ratio_poster/public/p2561568798.webp,https://movie.douban.com/subject/4848690/,https://search.douban.com/movie/subject_search?search_text=%E7%AB%A5%E5%B9%B4%E5%8A%A8%E7%94%BB&cat=1002&start=570,window.__DATA__,search_subject
579,39,570,2297477,世纪末救世主传说 北斗神拳2 世紀末救世主伝説 北斗の拳2‎ (1987),8.6,2053,4.5,['剧集'],True,日本 / 动作 / 动画 / Hokuto no Ken 2 / 世纪末救世主传说 北斗神拳2 / 25分钟,芦田豊雄 / 原作：武論尊、原哲夫 / 神谷明 / 难波圭一 / 富永美伊奈,https://img2.doubanio.com/view/photo/s_ratio_poster/public/p2530534641.webp,https://movie.douban.com/subject/2297477/,https://search.douban.com/movie/subject_search?search_text=%E7%AB%A5%E5%B9%B4%E5%8A%A8%E7%94%BB&cat=1002&start=570,window.__DATA__,search_subject
580,39,570,11632744,丁丁历险记 第二季 The Adventures of Tintin Season 2‎ (1992),9.4,2881,4.5,"['剧集', '可播放']",True,法国 / 加拿大 / 比利时 / 美国 / 动画 / 冒险 / Les Aventures de Tintin / 30分钟,Stéphane Bernasconi / Colin O'Meara / David Fox / 韦恩·罗布森 / John Stocker / Dan Hennessey / 苏珊·罗曼,https://img9.doubanio.com/view/photo/s_ratio_poster/public/p2520800486.webp,https://movie.douban.com/subject/11632744/,https://search.douban.com/movie/subject_search?search_text=%E7%AB%A5%E5%B9%B4%E5%8A%A8%E7%94%BB&cat=1002&start=570,window.__DATA__,search_subject
581,39,570,4252918,克里斯梦游美洲 Las mil y una... Américas‎ (1990),8.4,248,4.0,['剧集'],True,西班牙 / 剧情 / 历史 / 动画 / 美洲一千零一夜 / 30分钟,,https://img1.doubanio.com/view/photo/s_ratio_poster/public/p2571476468.webp,https://movie.douban.com/subject/4252918/,https://search.douban.com/movie/subject_search?search_text=%E7%AB%A5%E5%B9%B4%E5%8A%A8%E7%94%BB&cat=1002&start=570,window.__DATA__,search_subject
582,39,570,2134037,绿野仙踪 オズの魔法使い‎ (1982),8.6,1050,4.5,[],False,日本 / 动画 / 家庭 / 冒险 / 喜剧 / 剧情 / 歌舞 / 奇幻 / Ozu no mahôtsukai / The Wizard of Oz,高山文彦 / 山本映一 / 冈本茉莉 / 寿日鹤 / 八奈见乘儿 / 雨森雅司 / 龙田直树 / 中西妙子 / 岸香织 / 麻生美代子,https://img3.doubanio.com/view/photo/s_ratio_poster/public/p2885207222.webp,https://movie.douban.com/subject/2134037/,https://search.douban.com/movie/subject_search?search_text=%E7%AB%A5%E5%B9%B4%E5%8A%A8%E7%94%BB&cat=1002&start=570,window.__DATA__,search_subject
583,39,570,26613425,小神龙俱乐部‎ (1994),9.5,14623,5.0,['剧集'],True,中国大陆 / 儿童 / 动画 / The Dragon Club,胡可 / 迟帅 / 舒畅 / 榕榕,https://img1.doubanio.com/view/photo/s_ratio_poster/public/p2267245998.webp,https://movie.douban.com/subject/26613425/,https://search.douban.com/movie/subject_search?search_text=%E7%AB%A5%E5%B9%B4%E5%8A%A8%E7%94%BB&cat=1002&start=570,window.__DATA__,search_subject
584,39,570,3032870,三毛流浪记‎ (1958),8.6,3753,4.5,['可播放'],False,中国大陆 / 动画 / 短片 / Winter Of Three Hairs / 32分钟,章超群,https://img1.doubanio.com/view/photo/s_ratio_poster/public/p2649092478.webp,https://movie.douban.com/subject/3032870/,https://search.douban.com/movie/subject_search?search_text=%E7%AB%A5%E5%B9%B4%E5%8A%A8%E7%94%BB&cat=1002&start=570,window.__DATA__,search_subject
585,39,570,4848693,龙珠GT特别篇：悟空外传! 勇气的证明四星珠! 悟空外伝！勇気の证は四星球！‎ (1997),8.2,2002,4.0,[],False,日本 / 动画 / DragonBall GT TV Special / 46分钟,葛西治 / 野泽雅子 / 皆口裕子 / 古谷彻,https://img1.doubanio.com/view/photo/s_ratio_poster/public/p2561568589.webp,https://movie.douban.com/subject/4848693/,https://search.douban.com/movie/subject_search?search_text=%E7%AB%A5%E5%B9%B4%E5%8A%A8%E7%94%BB&cat=1002&start=570,window.__DATA__,search_subject
586,40,585,2051056,三个火枪手 アニメ三銃士‎ (1987),8.8,4504,4.5,"['剧集', '可播放']",True,日本 / 剧情 / 动画 / 传记 / Anime Three Musketeers / 三剑客,汤山邦彦 / 渡部高志 / 高本宣弘 / 网野哲朗 / 早川启二 / 御厨恭辅 / 水谷贵哉 / 松田辰也 / 日高范子 / 田中真弓 / 神谷明 / 山田荣子 / 佐藤政道 / 横泽启子 / 高田由美,https://img9.doubanio.com/view/photo/s_ratio_poster/public/p2605369275.webp,https://movie.douban.com/subject/2051056/,https://search.douban.com/movie/subject_search?search_text=%E7%AB%A5%E5%B9%B4%E5%8A%A8%E7%94%BB&cat=1002&start=585,window.__DATA__,search_subject
587,40,585,3014968,六神合体 六神合体ゴッドマーズ‎ (1981),8.1,4634,4.0,['剧集'],True,日本 / 动画 / 雷霆王(港) / 45分钟,今泽哲男 / 广川和之 / 出崎哲 / 锅岛修 / 西村纯二 / 水岛裕 / 富田耕生 / 石丸博也 / 盐屋翼 / 川浪叶子 / 铃置洋孝 / 前田敏子 / 青野武,https://img3.doubanio.com/view/photo/s_ratio_poster/public/p2918508012.webp,https://movie.douban.com/subject/3014968/,https://search.douban.com/movie/subject_search?search_text=%E7%AB%A5%E5%B9%B4%E5%8A%A8%E7%94%BB&cat=1002&start=585,window.__DATA__,search_subject
588,40,585,2352065,幸运的路克 Lucky Luke‎ (1984),8.4,3552,4.0,['剧集'],True,法国 / 美国 / 西德 / 喜剧 / 动画 / 西部 / 冒险 / 家庭 / 幸运卢克 / 幸运的鲁克 / 30分钟,约瑟夫·巴伯拉 / 威廉·汉纳 / Jacques Thébault / 罗伯特·雷吉利 / Fred Travalena / William Callaway / 何热·卡尔 / 弗兰克·维尔克 / 鲍伯·霍尔特 / Francis Lax,https://img9.doubanio.com/view/photo/s_ratio_poster/public/p2332531805.webp,https://movie.douban.com/subject/2352065/,https://search.douban.com/movie/subject_search?search_text=%E7%AB%A5%E5%B9%B4%E5%8A%A8%E7%94%BB&cat=1002&start=585,window.__DATA__,search_subject
589,40,585,26830644,蓝猫淘气3000问之海洋世界‎ (2003),8.8,1642,4.5,"['剧集', '可播放']",True,中国大陆 / 儿童 / 科幻 / 动画 / 冒险 / 蓝猫淘气3000问海洋系列,龚颂扬 / 杜娟 / 栗拥军 / 杨桦 / 许清平 / 唐振宇 / 黄圣皎 / 梁巍 / 颜雷鸣 / 段淑娟 / 宋金辉 / 唐海鹏 / 王瑶 / 王宏 / 许龙 / 葛平 / 付以琳 / 罗沐 / 袁文君 / 李一兵,https://img1.doubanio.com/view/photo/s_ratio_poster/public/p2549083528.webp,https://movie.douban.com/subject/26830644/,https://search.douban.com/movie/subject_search?search_text=%E7%AB%A5%E5%B9%B4%E5%8A%A8%E7%94%BB&cat=1002&start=585,window.__DATA__,search_subject
590,40,585,1498607,阿凡提的故事之真假阿凡提‎ (1988),8.8,8258,4.5,[],False,中国大陆 / 动画 / 短片 / 第十三集：真假阿凡提 / 20分钟,曲建方 / 蔡渊澜 / 毕克 / 邱岳峰,https://img1.doubanio.com/view/photo/s_ratio_poster/public/p2591211339.webp,https://movie.douban.com/subject/1498607/,https://search.douban.com/movie/subject_search?search_text=%E7%AB%A5%E5%B9%B4%E5%8A%A8%E7%94%BB&cat=1002&start=585,window.__DATA__,search_subject
591,40,585,3097351,海狸爸爸讲故事 Papa Beaver's Story Time‎ (1993),8.7,695,4.5,['剧集'],True,法国 / 加拿大 / 动画 / 海狸爸爸讲故事 / 扎克讲故事 / 6分钟,Greg Bailey / Jean Cubaud,https://img3.doubanio.com/view/photo/s_ratio_poster/public/p2625283753.webp,https://movie.douban.com/subject/3097351/,https://search.douban.com/movie/subject_search?search_text=%E7%AB%A5%E5%B9%B4%E5%8A%A8%E7%94%BB&cat=1002&start=585,window.__DATA__,search_subject
592,40,585,2216356,小肥肥一族 ムーミン‎ (1972),8.8,159,4.5,['剧集'],True,日本 / 动画 / 短片 / 小肥肥一族 / 23分钟,林太郎 / 石黑升 / 水沢わたる / 岸田今日子 / 武藤礼子 / 高木均 / 富田耕生,https://img3.doubanio.com/view/photo/s_ratio_poster/public/p2528618743.webp,https://movie.douban.com/subject/2216356/,https://search.douban.com/movie/subject_search?search_text=%E7%AB%A5%E5%B9%B4%E5%8A%A8%E7%94%BB&cat=1002&start=585,window.__DATA__,search_subject
593,40,585,1849337,老鼠嫁女‎ (1983),8.0,8389,4.0,['可播放'],False,中国大陆 / 喜剧 / 动画 / 短片 / 10分钟,王柏荣,https://img1.doubanio.com/view/photo/s_ratio_poster/public/p2650195150.webp,https://movie.douban.com/subject/1849337/,https://search.douban.com/movie/subject_search?search_text=%E7%AB%A5%E5%B9%B4%E5%8A%A8%E7%94%BB&cat=1002&start=585,window.__DATA__,search_subject
594,40,585,26729335,快乐驿站‎ (2004),9.0,4678,4.5,['剧集'],True,中国大陆 / 喜剧 / 动画 / 10分钟,李璟 / 吴瑶瑶 / 吕玥 / 刘雪生 / 张淼 / 贾永伟 / 郑丹妮 / 王强 / 逯宁 / 赵海洋 / 袁媛 / 范灏 / 梁雪 / 李佩思,https://img1.doubanio.com/view/photo/s_ratio_poster/public/p2321325580.webp,https://movie.douban.com/subject/26729335/,https://search.douban.com/movie/subject_search?search_text=%E7%AB%A5%E5%B9%B4%E5%8A%A8%E7%94%BB&cat=1002&start=585,window.__DATA__,search_subject
595,40,585,3505974,美少女战士SuperS 美少女戦士セーラームーンSuperS‎ (1995),8.7,4284,4.5,"['剧集', '可播放']",True,日本 / 动画 / 动作 / 喜剧 / 剧情 / 悬疑 / 爱情 / 美少女战士 第四季 / 美少女战士SS / 30分钟,几原邦彦 / 佐藤顺一 / 五十岚卓哉 / 宇田钢之介 / 小坂春女 / 芝田浩树 / 三石琴乃 / 久川绫 / 富泽美智惠 / 筱原惠美 / 深见梨加 / 荒木香惠 / 石田彰 / 古川登志夫,https://img9.doubanio.com/view/photo/s_ratio_poster/public/p1956735864.webp,https://movie.douban.com/subject/3505974/,https://search.douban.com/movie/subject_search?search_text=%E7%AB%A5%E5%B9%B4%E5%8A%A8%E7%94%BB&cat=1002&start=585,window.__DATA__,search_subject
596,40,585,2373347,连升三级‎ (1985),8.4,3622,4.0,['可播放'],False,中国大陆 / 动画 / 短片 / 张别古当官 / 30分钟,夏秉钧,https://img1.doubanio.com/view/photo/s_ratio_poster/public/p1936659899.webp,https://movie.douban.com/subject/2373347/,https://search.douban.com/movie/subject_search?search_text=%E7%AB%A5%E5%B9%B4%E5%8A%A8%E7%94%BB&cat=1002&start=585,window.__DATA__,search_subject
597,40,585,11524483,小鸡不好惹‎ (2010),7.8,6148,4.0,"['剧集', '可播放']",True,中国大陆 / 剧情 / 喜剧 / 动画 / 儿童 / 13分钟,丁亮 / 田驰 / 万丹青 / 胡婷 / 张秉君 / 史华著,https://img3.doubanio.com/view/photo/s_ratio_poster/public/p2867324132.webp,https://movie.douban.com/subject/11524483/,https://search.douban.com/movie/subject_search?search_text=%E7%AB%A5%E5%B9%B4%E5%8A%A8%E7%94%BB&cat=1002&start=585,window.__DATA__,search_subject
598,40,585,2059443,飞天少女猪 とんでぶーりん‎ (1994),7.7,13788,4.0,['剧集'],True,日本 / 动画 / 动作 / 喜剧 / 奇幻 / とんでぶ～りん / 飞天少女猪事丁 / 24分钟,本橋浩一 / 鈴木孝義 / 白鸟由里 / 渊崎由里子 / 石田彰 / 松本梨香 / 柏仓敦 / 佐藤智惠 / 麻见顺子 / 园部启一,https://img9.doubanio.com/view/photo/s_ratio_poster/public/p2509065726.webp,https://movie.douban.com/subject/2059443/,https://search.douban.com/movie/subject_search?search_text=%E7%AB%A5%E5%B9%B4%E5%8A%A8%E7%94%BB&cat=1002&start=585,window.__DATA__,search_subject
599,40,585,2215476,牙刷家族‎ (1999),8.4,7690,4.0,['剧集'],True,澳大利亚 / 中国大陆 / 动画 / The Toothbrush Family / 5分钟,Scented soap / Toothpaste  Toothbrush / Comb       and so on,https://img1.doubanio.com/view/photo/s_ratio_poster/public/p2509138468.webp,https://movie.douban.com/subject/2215476/,https://search.douban.com/movie/subject_search?search_text=%E7%AB%A5%E5%B9%B4%E5%8A%A8%E7%94%BB&cat=1002&start=585,window.__DATA__,search_subject
600,40,585,34856242,动画梦工场‎ (2003),9.5,3774,5.0,['剧集'],True,中国大陆 / 动画 / 真人秀 / 中国动画 / 中国动画精品版 / 30分钟,郏捷 / 跳跳龙,https://img9.doubanio.com/view/photo/s_ratio_poster/public/p2571445544.webp,https://movie.douban.com/subject/34856242/,https://search.douban.com/movie/subject_search?search_text=%E7%AB%A5%E5%B9%B4%E5%8A%A8%E7%94%BB&cat=1002&start=585,window.__DATA__,search_subject
601,41,600,26274146,虹猫蓝兔阿木星‎ (2007),8.3,4034,4.0,"['剧集', '可播放']",True,中国大陆 / 儿童 / 动画 / 武侠 / 马三娘外传，虹猫蓝兔Ⅱ,王宏 / 付以琳 / 晏婷,https://img9.doubanio.com/view/photo/s_ratio_poster/public/p2214392695.webp,https://movie.douban.com/subject/26274146/,https://search.douban.com/movie/subject_search?search_text=%E7%AB%A5%E5%B9%B4%E5%8A%A8%E7%94%BB&cat=1002&start=600,window.__DATA__,search_subject
602,41,600,26303368,大风车‎ (1995),9.3,14993,4.5,['剧集'],True,中国大陆 / 儿童 / 真人秀 / Big Pinwheel / 40分钟,动画城 / 鞠萍 / 董浩 / 刘纯燕 / 何炅,https://img1.doubanio.com/view/photo/s_ratio_poster/public/p2229194028.webp,https://movie.douban.com/subject/26303368/,https://search.douban.com/movie/subject_search?search_text=%E7%AB%A5%E5%B9%B4%E5%8A%A8%E7%94%BB&cat=1002&start=600,window.__DATA__,search_subject
603,41,600,1887265,深海的童话 Coo: 遠い海から来たクー‎ (1993),8.4,558,4.0,[],False,日本 / 动画 / 奇幻 / 叮当小恐龙(台) / 远海来的COO / 116分钟,今泽哲男 / 山崎裕太 / 伊武雅刀 / 神谷明 / 家弓家正 / 青野武 / 石田太郎 / 槐柳二 / 若本规夫,https://img3.doubanio.com/view/photo/s_ratio_poster/public/p2906893263.webp,https://movie.douban.com/subject/1887265/,https://search.douban.com/movie/subject_search?search_text=%E7%AB%A5%E5%B9%B4%E5%8A%A8%E7%94%BB&cat=1002&start=600,window.__DATA__,search_subject
604,41,600,3093059,娱乐金鱼眼 きんぎょ注意報！‎ (1991),8.6,1584,4.5,['剧集'],True,日本 / 喜剧 / 动画 / 魔力小金鱼 / 金鱼注意报,梅泽淳稔 / 几原邦彦 / 佐藤顺一 / 冈佳广 / 山吉康夫 / 高田由美 / 松岛美野里 / 金井美香 / 潘惠子 / 盐屋翼 / 飞田展男,https://img3.doubanio.com/view/photo/s_ratio_poster/public/p2593316652.webp,https://movie.douban.com/subject/3093059/,https://search.douban.com/movie/subject_search?search_text=%E7%AB%A5%E5%B9%B4%E5%8A%A8%E7%94%BB&cat=1002&start=600,window.__DATA__,search_subject
605,41,600,30167052,喜羊羊与灰太狼之奇幻天空岛‎ (2018),0.0,0,0.0,"['剧集', '可播放']",True,中国大陆 / 儿童 / 喜剧 / 科幻 / 冒险 / 喜羊羊与灰太狼18 / 15分钟,蒲智康 / 陈辉衍 / 蔡玉滢,https://img1.doubanio.com/view/photo/s_ratio_poster/public/p2555450808.webp,https://movie.douban.com/subject/30167052/,https://search.douban.com/movie/subject_search?search_text=%E7%AB%A5%E5%B9%B4%E5%8A%A8%E7%94%BB&cat=1002&start=600,window.__DATA__,search_subject
606,41,600,4906418,高智能方程式赛车 OVA1 DOUBLE ONE 新世纪GPXサイバーフォーミュラ11‎ (1992),9.2,1756,4.5,['剧集'],True,日本 / 动画 / 高智能方程式赛车 OVA1 (Double One) / 27分钟,福田己津央 / 金丸淳一 / 三石琴乃 / 饭塚昭三 / 安达忍 / 松田辰也 / 竹村拓 / 小野健一 / 速水奖,https://img3.doubanio.com/view/photo/s_ratio_poster/public/p2517463423.webp,https://movie.douban.com/subject/4906418/,https://search.douban.com/movie/subject_search?search_text=%E7%AB%A5%E5%B9%B4%E5%8A%A8%E7%94%BB&cat=1002&start=600,window.__DATA__,search_subject
607,41,600,1498599,阿凡提的故事之偷东西的驴‎ (1985),8.7,6620,4.5,[],False,中国大陆 / 动画 / 短片 / 第五集：偷东西的驴 / 20分钟,曲建方 / 毕克 / 邱岳峰,https://img9.doubanio.com/view/photo/s_ratio_poster/public/p2649083255.webp,https://movie.douban.com/subject/1498599/,https://search.douban.com/movie/subject_search?search_text=%E7%AB%A5%E5%B9%B4%E5%8A%A8%E7%94%BB&cat=1002&start=600,window.__DATA__,search_subject
608,41,600,1897802,神勇小白鼠 Danger Mouse‎ (1981),7.7,3698,4.0,['剧集'],True,英国 / 动画 / 喜剧 / 家庭 / 科幻 / 神勇小白鼠 / 25分钟,Brian Cosgrove / David Jason / Terry Scott,https://img2.doubanio.com/view/photo/s_ratio_poster/public/p2554082501.webp,https://movie.douban.com/subject/1897802/,https://search.douban.com/movie/subject_search?search_text=%E7%AB%A5%E5%B9%B4%E5%8A%A8%E7%94%BB&cat=1002&start=600,window.__DATA__,search_subject
609,41,600,5446178,足球小将GOAL! キャプテン翼 (平成版)‎ (2001),8.8,4059,4.5,['剧集'],True,日本 / 动画 / 运动 / Captain Tsubasa: Road to Dream / Captain Tsubasa: Road to 2002 / 24分钟,杉井仪三郎 / 井上喜久子 / 関智一 / 宮本充 / 榎本温子 / 雪乃五月,https://img3.doubanio.com/view/photo/s_ratio_poster/public/p2873990767.webp,https://movie.douban.com/subject/5446178/,https://search.douban.com/movie/subject_search?search_text=%E7%AB%A5%E5%B9%B4%E5%8A%A8%E7%94%BB&cat=1002&start=600,window.__DATA__,search_subject
610,41,600,3215600,辛巴狮子王 Simba: È nato un re‎ (1995),9.2,7281,4.5,"['剧集', '可播放']",True,意大利 / 朝鲜 / 动画 / 狮子王辛巴 / 意大利版狮子王 / 22分钟,Kim J. Ok,https://img3.doubanio.com/view/photo/s_ratio_poster/public/p2554144213.webp,https://movie.douban.com/subject/3215600/,https://search.douban.com/movie/subject_search?search_text=%E7%AB%A5%E5%B9%B4%E5%8A%A8%E7%94%BB&cat=1002&start=600,window.__DATA__,search_subject
611,41,600,36615010,熊出没之小小世界‎ (2024),0.0,0,0.0,"['剧集', '可播放']",True,中国大陆 / 喜剧 / 动画 / 13分钟,林永长 / 庄庆才 / 张秉君 / 张伟 / 谭笑,https://img9.doubanio.com/view/photo/s_ratio_poster/public/p2905360095.webp,https://movie.douban.com/subject/36615010/,https://search.douban.com/movie/subject_search?search_text=%E7%AB%A5%E5%B9%B4%E5%8A%A8%E7%94%BB&cat=1002&start=600,window.__DATA__,search_subject
612,41,600,3053433,数码宝贝5：拯救者 デジモンセイバーズ‎ (2006),7.5,4058,4.0,"['剧集', '可播放']",True,日本 / 动画 / 数码宝贝拯救队(台) / 数码暴龙DS(港) / 21分钟,デジモンセイバーズ / 保志总一朗 / 野岛裕史 / 钉宫理惠 / 松野太纪 / 新垣结衣 / 中井和哉 Kazuya Nakai,https://img9.doubanio.com/view/photo/s_ratio_poster/public/p2919720404.webp,https://movie.douban.com/subject/3053433/,https://search.douban.com/movie/subject_search?search_text=%E7%AB%A5%E5%B9%B4%E5%8A%A8%E7%94%BB&cat=1002&start=600,window.__DATA__,search_subject
613,41,600,21769180,快乐精灵‎ (2008),9.3,659,4.5,"['剧集', '可播放']",True,中国大陆 / 动画 / 儿童 / 22分钟,张建康 / 艾可 / 黄怡晴、王燕华、杨鸥、游军、 贾志超、刘强、罗玉婷、李敏妍,https://img1.doubanio.com/view/photo/s_ratio_poster/public/p2538972380.webp,https://movie.douban.com/subject/21769180/,https://search.douban.com/movie/subject_search?search_text=%E7%AB%A5%E5%B9%B4%E5%8A%A8%E7%94%BB&cat=1002&start=600,window.__DATA__,search_subject
614,41,600,2990289,四驱兄弟III 爆走兄弟レッツ&ゴー!! MAX‎ (1998),7.8,3381,4.0,"['剧集', '可播放']",True,日本 / 剧情 / 儿童 / 动画 / 四驱兄弟III / 23分钟,网野哲郎 / 加户誉夫 / 渡边久美子 / 日高范子 / 中村秀利 / 森久保祥太郎 / 大友龙三郎 / 渊崎由里子 / 铃木琢磨 / 小野寺启子,https://img9.doubanio.com/view/photo/s_ratio_poster/public/p2870183236.webp,https://movie.douban.com/subject/2990289/,https://search.douban.com/movie/subject_search?search_text=%E7%AB%A5%E5%B9%B4%E5%8A%A8%E7%94%BB&cat=1002&start=600,window.__DATA__,search_subject
615,41,600,2373452,咕噜咕噜魔法阵 魔法陣グルグル‎ (1994),8.8,4959,4.5,['剧集'],True,日本 / 动画 / 喜剧 / 家庭 / 奇幻 / 咕噜咕噜魔法阵 / 23分钟,中西伸彰 / 渡边慎一 / 善聪一郎 / 藤本次朗 / 高田淳 / 川岛宏 / 酒井伸次 / 泷本富士子 / 吉田小南美 / 绪方贤一 / 高乃丽 / 高木涉 / 山本圭子 / 池田胜 / 松井菜樱子,https://img3.doubanio.com/view/photo/s_ratio_poster/public/p2924687802.webp,https://movie.douban.com/subject/2373452/,https://search.douban.com/movie/subject_search?search_text=%E7%AB%A5%E5%B9%B4%E5%8A%A8%E7%94%BB&cat=1002&start=600,window.__DATA__,search_subject
616,42,615,2059456,晴天小猪 はれときどきぶた‎ (1997),8.0,16178,4.0,['剧集'],True,日本 / 喜剧 / 动画 / 奇幻 / 晴天 PIG PIG / Tokyo Pig / 24分钟,渡边慎一 / 则座诚 / 上田芳裕 / 池端隆史 / 佐藤英一 / 松本淳 / 山崎茂 / 高田耕一 / 高桥幸雄 / 井之川慎太郎 / 南央美 / 金井美香 / 间宫胡桃 / 梁田清之 / 松井菜樱子 / 三石琴乃 / 渡边美佐 / 优希比吕,https://img3.doubanio.com/view/photo/s_ratio_poster/public/p740354183.webp,https://movie.douban.com/subject/2059456/,https://search.douban.com/movie/subject_search?search_text=%E7%AB%A5%E5%B9%B4%E5%8A%A8%E7%94%BB&cat=1002&start=615,window.__DATA__,search_subject
617,42,615,1770834,近所物语 ご近所物語‎ (1995),8.7,2732,4.5,['剧集'],True,日本 / 动画 / 芳邻同盟会 / Neighborhood Story,梅泽淳稔 / 设乐博 / 立场良 / 冈佳广 / 山吉康夫 / 矢部秋则 / 山田彻 / 山口胜平 / 宍户留美 / 森川智之 / 冬马由美 / 山崎和佳奈 / 新山志保 / 津久井教生 / 皆口裕子,https://img9.doubanio.com/view/photo/s_ratio_poster/public/p2547916786.webp,https://movie.douban.com/subject/1770834/,https://search.douban.com/movie/subject_search?search_text=%E7%AB%A5%E5%B9%B4%E5%8A%A8%E7%94%BB&cat=1002&start=615,window.__DATA__,search_subject
618,42,615,1815499,猴子钓鱼‎ (1983),7.8,3106,4.0,['可播放'],False,中国大陆 / 动画 / 短片 / 17分钟,沈祖慰,https://img3.doubanio.com/view/photo/s_ratio_poster/public/p2649091962.webp,https://movie.douban.com/subject/1815499/,https://search.douban.com/movie/subject_search?search_text=%E7%AB%A5%E5%B9%B4%E5%8A%A8%E7%94%BB&cat=1002&start=615,window.__DATA__,search_subject
619,42,615,25977137,环保剑‎ (2006),9.0,2853,4.5,"['剧集', '可播放']",True,中国大陆 / 儿童 / 科幻 / 动画 / 冒险,肖智慧 / 李庭赫 / 刘兰芳 / 董浩 / 钟扬 / 刘璐璐 / 杨立萍 / 周建龙 / 李磊 / 尹汉义,https://img9.doubanio.com/view/photo/s_ratio_poster/public/p2623232364.webp,https://movie.douban.com/subject/25977137/,https://search.douban.com/movie/subject_search?search_text=%E7%AB%A5%E5%B9%B4%E5%8A%A8%E7%94%BB&cat=1002&start=615,window.__DATA__,search_subject
620,42,615,5332579,小黑卡利麦罗 カリメロ 2作目‎ (1992),8.6,251,4.5,['剧集'],True,日本 / 动画 / Calimero / 卡里麦罗,冨永恒雄 / 小島正幸 / 安达忍 / 冈村明美 / 上田祐司 / 大森章督 / 佐々木菜摘,https://img9.doubanio.com/view/photo/s_ratio_poster/public/p2868752206.webp,https://movie.douban.com/subject/5332579/,https://search.douban.com/movie/subject_search?search_text=%E7%AB%A5%E5%B9%B4%E5%8A%A8%E7%94%BB&cat=1002&start=615,window.__DATA__,search_subject
621,42,615,4848106,猪猪侠第三部：勇闯未来之城‎ (2008),7.8,5228,4.0,"['剧集', '可播放']",True,中国大陆 / 儿童 / 喜剧 / 科幻 / 动画 / 冒险 / 猪猪侠第三部（勇闯未来之城） / 猪猪侠3：勇闯未来之城,王巍 / 陆双 / 祖晴 / 高全胜,https://img9.doubanio.com/view/photo/s_ratio_poster/public/p2590364856.webp,https://movie.douban.com/subject/4848106/,https://search.douban.com/movie/subject_search?search_text=%E7%AB%A5%E5%B9%B4%E5%8A%A8%E7%94%BB&cat=1002&start=615,window.__DATA__,search_subject
622,42,615,1926370,菲力猫 Baby Felix‎ (2000),7.7,2951,4.0,['剧集'],True,日本 / 动画 / 家庭 / 菲力猫,根岸弘 / Kunitoshi Okajima,https://img1.doubanio.com/view/photo/s_ratio_poster/public/p2911222020.webp,https://movie.douban.com/subject/1926370/,https://search.douban.com/movie/subject_search?search_text=%E7%AB%A5%E5%B9%B4%E5%8A%A8%E7%94%BB&cat=1002&start=615,window.__DATA__,search_subject
623,42,615,1898397,盲女与狐狸‎ (1982),7.8,2104,4.0,['可播放'],False,中国大陆 / 剧情 / 动画 / 奇幻 / 短片 / 音乐 / A Blind Gril and Two Foxes / 21分钟,浦家祥,https://img3.doubanio.com/view/photo/s_ratio_poster/public/p2550144523.webp,https://movie.douban.com/subject/1898397/,https://search.douban.com/movie/subject_search?search_text=%E7%AB%A5%E5%B9%B4%E5%8A%A8%E7%94%BB&cat=1002&start=615,window.__DATA__,search_subject
624,42,615,1963987,地狱老师 地獄先生ぬ〜べ〜‎ (1996),8.5,2140,4.5,"['剧集', '可播放']",True,日本 / 喜剧 / 动画 / 恐怖 / 地狱老师 / 24分钟,贝泽幸男 / 山内重保 / 中村哲治 / 角铜博之 / 芝田浩树 / 山田彻 / 石崎进 / 志水淳儿 / 置鲇龙太郎 / 藤田淑子 / 笠原留美 / 富永美伊奈 / 田中一成 / 浦和惠 / 柳泽三千代 / 丰岛真千子,https://img3.doubanio.com/view/photo/s_ratio_poster/public/p2144347482.webp,https://movie.douban.com/subject/1963987/,https://search.douban.com/movie/subject_search?search_text=%E7%AB%A5%E5%B9%B4%E5%8A%A8%E7%94%BB&cat=1002&start=615,window.__DATA__,search_subject
625,42,615,1419970,猫和老鼠：火星之旅 Tom and Jerry Blast Off to Mars!‎ (2005),8.4,3898,4.0,[],False,美国 / 喜剧 / 动画 / 猫和老鼠：出发去火星 / 猫和老鼠：奔向火星 / 71分钟,Bill Kopp / 杰夫·贝内特 / 科里·伯顿 / 凯瑟琳·费奥雷,https://img9.doubanio.com/view/photo/s_ratio_poster/public/p2911628544.webp,https://movie.douban.com/subject/1419970/,https://search.douban.com/movie/subject_search?search_text=%E7%AB%A5%E5%B9%B4%E5%8A%A8%E7%94%BB&cat=1002&start=615,window.__DATA__,search_subject
626,42,615,1901672,奈德梦游记 Nightmare Ned‎ (1997),9.1,3470,4.5,['剧集'],True,美国 / 动画 / 喜剧 / 家庭 / 奇幻 / 奈德梦游记 / 12分钟,多诺文·库克 / Alan Smart / Joan Drake / Joanna Romersa / 科特兰·米德 / 布拉德·加内特 / 维多利亚·杰克逊,https://img2.doubanio.com/view/photo/s_ratio_poster/public/p2589637501.webp,https://movie.douban.com/subject/1901672/,https://search.douban.com/movie/subject_search?search_text=%E7%AB%A5%E5%B9%B4%E5%8A%A8%E7%94%BB&cat=1002&start=615,window.__DATA__,search_subject
627,42,615,25845588,摩尔庄园3：魔幻列车大冒险‎ (2015),7.1,1237,3.5,['可播放'],False,中国大陆 / 动画 / 冒险 / 家庭 / 摩尔庄园大电影3魔幻列车大冒险 / Legend Of The Moles-The Magic Train Adventure / 86分钟,李婷婷 / 杨鸥 / 夏磊 / 谢添天 / 冯骏骅 / 醋醋 / 沈达威 / 樊俊航,https://img3.doubanio.com/view/photo/s_ratio_poster/public/p2325077617.webp,https://movie.douban.com/subject/25845588/,https://search.douban.com/movie/subject_search?search_text=%E7%AB%A5%E5%B9%B4%E5%8A%A8%E7%94%BB&cat=1002&start=615,window.__DATA__,search_subject
628,42,615,3059212,龙珠剧场版：摩诃不可思议大冒险 ドラゴンボール 摩訶不思議大冒険‎ (1988),8.0,2881,4.0,[],False,日本 / 家庭 / 动作 / 冒险 / 动画 / Dragon Ball: Mystical Adventure / 44分钟,竹之内和久 / 野泽雅子 / 古谷彻 / 鹤广美 / 田中真弓 / 宫内幸平 / 大冢周夫 / 永井一郎 / 铃置洋孝,https://img3.doubanio.com/view/photo/s_ratio_poster/public/p2621617413.webp,https://movie.douban.com/subject/3059212/,https://search.douban.com/movie/subject_search?search_text=%E7%AB%A5%E5%B9%B4%E5%8A%A8%E7%94%BB&cat=1002&start=615,window.__DATA__,search_subject
629,42,615,3024266,神奇山谷‎ (1998),8.0,4039,4.0,['剧集'],True,中国大陆 / 澳大利亚 / 儿童 / Magic Mountain / 7分钟,李蕾 / 伊恩·梦露,https://img1.doubanio.com/view/photo/s_ratio_poster/public/p2206188518.webp,https://movie.douban.com/subject/3024266/,https://search.douban.com/movie/subject_search?search_text=%E7%AB%A5%E5%B9%B4%E5%8A%A8%E7%94%BB&cat=1002&start=615,window.__DATA__,search_subject
630,42,615,11604218,小鸡不好惹之咸蛋寺‎ (2012),8.5,1410,4.5,"['剧集', '可播放']",True,中国大陆 / 动画,丁亮,https://img2.doubanio.com/view/photo/s_ratio_poster/public/p2869130981.webp,https://movie.douban.com/subject/11604218/,https://search.douban.com/movie/subject_search?search_text=%E7%AB%A5%E5%B9%B4%E5%8A%A8%E7%94%BB&cat=1002&start=615,window.__DATA__,search_subject
631,43,630,2150608,巴布工程师 第一季 Bob the Builder Season 1‎ (1999),8.4,1676,4.0,"['剧集', '可播放']",True,英国 / 剧情 / 儿童 / 动画 / 建筑工鲍勃和他的工程车伙伴们 / 10分钟,"Keith Chapman / William Dufris ...  Bob, Farmer Pickles / Lorelei King ...  Wendy",https://img3.doubanio.com/view/photo/s_ratio_poster/public/p2630681347.webp,https://movie.douban.com/subject/2150608/,https://search.douban.com/movie/subject_search?search_text=%E7%AB%A5%E5%B9%B4%E5%8A%A8%E7%94%BB&cat=1002&start=630,window.__DATA__,search_subject
632,43,630,5135169,猫和老鼠喜剧秀 The New Adventures of Tom and Jerry‎ (1980),9.4,2602,4.5,"['剧集', '可播放']",True,美国 / 动画 / The Tom and Jerry Comedy Show / 30分钟,Don Christensen / 娄·谢默 / 弗兰克·维尔克,https://img3.doubanio.com/view/photo/s_ratio_poster/public/p2556913562.webp,https://movie.douban.com/subject/5135169/,https://search.douban.com/movie/subject_search?search_text=%E7%AB%A5%E5%B9%B4%E5%8A%A8%E7%94%BB&cat=1002&start=630,window.__DATA__,search_subject
633,43,630,10573506,赛尔号‎ (2012),7.6,6170,4.0,"['剧集', '可播放']",True,中国大陆 / 儿童 / 科幻 / 动画 / 冒险 / 赛尔号 第一季 / 13分钟,王章俊 / 罗玉婷 / 李晔,https://img1.doubanio.com/view/photo/s_ratio_poster/public/p2650975780.webp,https://movie.douban.com/subject/10573506/,https://search.douban.com/movie/subject_search?search_text=%E7%AB%A5%E5%B9%B4%E5%8A%A8%E7%94%BB&cat=1002&start=630,window.__DATA__,search_subject
634,43,630,25863812,猫和老鼠2014 第一季 The Tom and Jerry Show Season 1‎ (2014),8.2,1422,4.0,"['剧集', '可播放']",True,美国 / 喜剧 / 动画 / 22分钟,达雷尔·范·西特斯 / Rene Mujica / 克里·萨莫 / Rick Zieff,https://img1.doubanio.com/view/photo/s_ratio_poster/public/p2195717650.webp,https://movie.douban.com/subject/25863812/,https://search.douban.com/movie/subject_search?search_text=%E7%AB%A5%E5%B9%B4%E5%8A%A8%E7%94%BB&cat=1002&start=630,window.__DATA__,search_subject
635,43,630,26682297,美少女战士Crystal 第三季 死亡变种篇 美少女戦士セーラームーンCrystal 第3期 ＜デス・バスターズ編＞‎ (2016),8.6,1742,4.5,"['剧集', '可播放']",True,日本 / 动画 / 美少女战士水晶：Death Busters篇 / 23分钟,今千秋 / 宍户望 / 贝泽幸男 / 山口祐司 / 后藤康德 / 黑濑大辅 / 山本秀世 / 阿部雅司 / 三石琴乃 / 藤井雪代 / 皆川纯子 / 大原沙耶香 / 福圆美里 / 金元寿子 / 佐藤利奈 / 小清水亚美,https://img1.doubanio.com/view/photo/s_ratio_poster/public/p2321700888.webp,https://movie.douban.com/subject/26682297/,https://search.douban.com/movie/subject_search?search_text=%E7%AB%A5%E5%B9%B4%E5%8A%A8%E7%94%BB&cat=1002&start=630,window.__DATA__,search_subject
636,43,630,2117911,彭彭丁满历险记 第一季 Timon and Pumbaa Season 1‎ (1995),8.9,10884,4.5,['剧集'],True,美国 / 动画 / 喜剧 / 家庭 / 彭彭丁满漫游世界 / 彭彭丁满快乐假期 / 30分钟,托尼·克莱格 / Robert Gannaway / Brad Neave / 南茜·卡特莱特 / 吉姆·卡明斯 / 科里·伯顿 / 埃林·萨贝拉 / 奎頓·佛林 / 凯姆·克拉克,https://img1.doubanio.com/view/photo/s_ratio_poster/public/p2554091190.webp,https://movie.douban.com/subject/2117911/,https://search.douban.com/movie/subject_search?search_text=%E7%AB%A5%E5%B9%B4%E5%8A%A8%E7%94%BB&cat=1002&start=630,window.__DATA__,search_subject
637,43,630,3828199,奥特曼USA Ultraman: The Adventure Begins‎ (1987),6.9,740,3.5,[],False,美国 / 日本 / 动画 / ウルトラマンUSA / 美国奥特曼 / 78分钟,日下部光雄 / Michael Lembeck / Chad Everett / Adrienne Barbeau / 古谷彻 / 小川真司 / 鹤弘美 / 山田恭子 / 田之中勇,https://img2.doubanio.com/view/photo/s_ratio_poster/public/p2755077531.webp,https://movie.douban.com/subject/3828199/,https://search.douban.com/movie/subject_search?search_text=%E7%AB%A5%E5%B9%B4%E5%8A%A8%E7%94%BB&cat=1002&start=630,window.__DATA__,search_subject
638,43,630,2238008,三只狼‎ (1980),7.9,1473,4.0,['可播放'],False,中国大陆 / 动画 / 短片 / 9分钟,虞哲光,https://img2.doubanio.com/view/photo/s_ratio_poster/public/p2868218101.webp,https://movie.douban.com/subject/2238008/,https://search.douban.com/movie/subject_search?search_text=%E7%AB%A5%E5%B9%B4%E5%8A%A8%E7%94%BB&cat=1002&start=630,window.__DATA__,search_subject
639,43,630,2340756,小精灵灰豆‎ (1999),8.0,7796,4.0,['剧集'],True,中国大陆 / 动画 / 奇幻 / 12分钟,刘积昆 / 纪元 / 张美娟 / 郭政建 / 高扬 / 孙悦斌 / 吴犀,https://img1.doubanio.com/view/photo/s_ratio_poster/public/p2018080499.webp,https://movie.douban.com/subject/2340756/,https://search.douban.com/movie/subject_search?search_text=%E7%AB%A5%E5%B9%B4%E5%8A%A8%E7%94%BB&cat=1002&start=630,window.__DATA__,search_subject
640,43,630,4312196,蛋神奇踪‎ (2009),8.4,3858,4.0,['剧集'],True,中国大陆 / 儿童 / 科幻 / 蛋神1,阿尔法 / 汤希铭 / 陈茜 / 郑好,https://img1.doubanio.com/view/photo/s_ratio_poster/public/p2631050470.webp,https://movie.douban.com/subject/4312196/,https://search.douban.com/movie/subject_search?search_text=%E7%AB%A5%E5%B9%B4%E5%8A%A8%E7%94%BB&cat=1002&start=630,window.__DATA__,search_subject
641,43,630,3241944,小和尚‎ (2001),9.0,3743,4.5,"['剧集', '可播放']",True,中国大陆 / 喜剧 / 动画 / 的笃小和尚 / 10分钟,曾伟京,https://img3.doubanio.com/view/photo/s_ratio_poster/public/p2534921977.webp,https://movie.douban.com/subject/3241944/,https://search.douban.com/movie/subject_search?search_text=%E7%AB%A5%E5%B9%B4%E5%8A%A8%E7%94%BB&cat=1002&start=630,window.__DATA__,search_subject
642,43,630,2355736,山林小猎人 はじめ人間 ゴン‎ (1996),9.2,6401,4.5,['剧集'],True,日本 / 动画 / 森林小猎人 / First Human Gon / 25分钟,香川丰 / 池端隆史 / 案纳正美 / 村田雅彦 / 横山广行 / 岩崎良明 / 大畑清隆 / 小林孝志 / 田中孝行 / 大谷育江 / 川上伦子 / 绪方贤一 / 一城美由希 / 茶风林 / 石井康嗣,https://img1.doubanio.com/view/photo/s_ratio_poster/public/p2518544279.webp,https://movie.douban.com/subject/2355736/,https://search.douban.com/movie/subject_search?search_text=%E7%AB%A5%E5%B9%B4%E5%8A%A8%E7%94%BB&cat=1002&start=630,window.__DATA__,search_subject
643,43,630,11500947,火力少年王3 动画版‎ (2010),8.5,3329,4.5,"['剧集', '可播放']",True,中国大陆 / 动画 / 运动 / 火力少年王动画版 / 24分钟,丘峰 / 张晋一 / 廖琦 / 陈萃 / 龙菁 / 刘洋,https://img9.doubanio.com/view/photo/s_ratio_poster/public/p2170110154.webp,https://movie.douban.com/subject/11500947/,https://search.douban.com/movie/subject_search?search_text=%E7%AB%A5%E5%B9%B4%E5%8A%A8%E7%94%BB&cat=1002&start=630,window.__DATA__,search_subject
644,43,630,11586598,少年骇客：全面进化 第一季 Ben 10: Omniverse Season 1‎ (2012),9.1,1717,4.5,"['剧集', '可播放']",True,美国 / 剧情 / 动画 / 22分钟,Greg Cipes / 艾什莉·约翰逊 / 尤里·洛文塔尔,https://img1.doubanio.com/view/photo/s_ratio_poster/public/p2495040710.webp,https://movie.douban.com/subject/11586598/,https://search.douban.com/movie/subject_search?search_text=%E7%AB%A5%E5%B9%B4%E5%8A%A8%E7%94%BB&cat=1002&start=630,window.__DATA__,search_subject
645,43,630,3591117,五星战队大连者 五星戦隊ダイレンジャー‎ (1993),8.8,947,4.5,['剧集'],True,日本 / 剧情 / 动作 / 科幻 / Gosei sentai Dairanger / 五星战队大连者,小林義明 / 坂本太郎 / 和田圭市 / 能见达也 / 羽村英 / 土屋圭辅 / 高桥夏树 / 酒井寿 / 成濑富久,https://img2.doubanio.com/view/photo/s_ratio_poster/public/p2895771931.webp,https://movie.douban.com/subject/3591117/,https://search.douban.com/movie/subject_search?search_text=%E7%AB%A5%E5%B9%B4%E5%8A%A8%E7%94%BB&cat=1002&start=630,window.__DATA__,search_subject
646,44,645,3090047,刺猬索尼克历险记 The Adventures of Sonic the Hedgehog‎ (1993),8.4,1647,4.0,"['剧集', '可播放']",True,美国 / 意大利 / 西班牙 / 动画 / 冒险 / 喜剧 / 家庭 / 30分钟,Kent Butterworth,https://img1.doubanio.com/view/photo/s_ratio_poster/public/p2588022938.webp,https://movie.douban.com/subject/3090047/,https://search.douban.com/movie/subject_search?search_text=%E7%AB%A5%E5%B9%B4%E5%8A%A8%E7%94%BB&cat=1002&start=645,window.__DATA__,search_subject
647,44,645,3807847,中华勤学故事‎ (2004),8.6,2676,4.5,['剧集'],True,中国大陆 / 儿童 / 传记 / 历史 / 动画 / 8分钟,邵建明 / 林俏 / 魏星 / 朱虹 / 白玉林 / 田二喜 Erxi Tian / 孙佳禾 Jiahe Sun / 李云鹏 / 伍凤春 Fengchun Wu / 阎萌萌 Mengmeng Yan / 王博 / 秦媛,https://img1.doubanio.com/view/photo/s_ratio_poster/public/p2537208618.webp,https://movie.douban.com/subject/3807847/,https://search.douban.com/movie/subject_search?search_text=%E7%AB%A5%E5%B9%B4%E5%8A%A8%E7%94%BB&cat=1002&start=645,window.__DATA__,search_subject
648,44,645,2407568,好猫咪咪‎ (1979),8.3,3211,4.0,['可播放'],False,中国大陆 / 动画 / 短片 / 儿童 / 20分钟,何玉门 / 邱岳峰,https://img9.doubanio.com/view/photo/s_ratio_poster/public/p2356145056.webp,https://movie.douban.com/subject/2407568/,https://search.douban.com/movie/subject_search?search_text=%E7%AB%A5%E5%B9%B4%E5%8A%A8%E7%94%BB&cat=1002&start=645,window.__DATA__,search_subject
649,44,645,20452301,隋唐英雄传‎ (2003),8.8,2877,4.5,"['剧集', '可播放']",True,中国大陆 / 动画 / 历史 / 22分钟,王根发 / 赵铭 / 黄笑嬿 / 范雷颖 / 张欣 / 姚培华,https://img3.doubanio.com/view/photo/s_ratio_poster/public/p2255507097.webp,https://movie.douban.com/subject/20452301/,https://search.douban.com/movie/subject_search?search_text=%E7%AB%A5%E5%B9%B4%E5%8A%A8%E7%94%BB&cat=1002&start=645,window.__DATA__,search_subject
650,44,645,1498603,阿凡提的故事之寻开心‎ (1986),8.8,6229,4.5,[],False,中国大陆 / 动画 / 短片 / 第十集：寻开心 / 25分钟,曲建方 / 蔡渊澜 / 毕克 / 邱岳峰,https://img9.doubanio.com/view/photo/s_ratio_poster/public/p2568483555.webp,https://movie.douban.com/subject/1498603/,https://search.douban.com/movie/subject_search?search_text=%E7%AB%A5%E5%B9%B4%E5%8A%A8%E7%94%BB&cat=1002&start=645,window.__DATA__,search_subject
651,44,645,2156778,玩具之家‎ (1998),7.9,1595,4.0,['剧集'],True,中国大陆 / 儿童 / 动画 / 小电脑和老箱子 / 12分钟,佟彤 / 陆揆,https://img9.doubanio.com/view/photo/s_ratio_poster/public/p2627252555.webp,https://movie.douban.com/subject/2156778/,https://search.douban.com/movie/subject_search?search_text=%E7%AB%A5%E5%B9%B4%E5%8A%A8%E7%94%BB&cat=1002&start=645,window.__DATA__,search_subject
652,44,645,3773947,真魔神英雄传 魔神山篇 真魔神英雄伝ワタル 魔神山編‎ (1989),8.9,2651,4.5,"['剧集', '可播放']",True,日本 / 动画 / 冒险 / 魔神英雄传外传 / 魔神英雄传OVA / 25分钟,香川丰 / 井内秀治 / 田中真弓 / 林原惠美 / 西村知道,https://img1.doubanio.com/view/photo/s_ratio_poster/public/p2517463788.webp,https://movie.douban.com/subject/3773947/,https://search.douban.com/movie/subject_search?search_text=%E7%AB%A5%E5%B9%B4%E5%8A%A8%E7%94%BB&cat=1002&start=645,window.__DATA__,search_subject
653,44,645,34861364,魔神英雄传 七魂龙神丸 魔神英雄伝ワタル 七魂の龍神丸‎ (2020),7.3,1088,3.5,"['剧集', '可播放']",True,日本 / 动画 / Mashin Eiyuuden Wataru: Nana Tamashii no Ryuujinmaru / Mashin Hero Wataru: The Seven Spirits of Ryujinmaru / 15分钟,神志那弘志 / 田中真弓 / 西村知道 / 林原惠美 / 伊仓一惠 / 玄田哲章 / 藤井佳代子 / 高乃丽 / 山寺宏一,https://img9.doubanio.com/view/photo/s_ratio_poster/public/p2572674096.webp,https://movie.douban.com/subject/34861364/,https://search.douban.com/movie/subject_search?search_text=%E7%AB%A5%E5%B9%B4%E5%8A%A8%E7%94%BB&cat=1002&start=645,window.__DATA__,search_subject
654,44,645,3809186,詹伯A ジャンボーグA‎ (1973),9.0,930,4.5,['剧集'],True,日本 / 动画 / Jumborg Ace / 巨人力霸王 / 24分钟,黑田义之 / 东条昭平 / 冈村精 / 志村广 / 铃木俊继 / 樋口弘美 / 大木淳吉 / 立花直樹 / 天田俊明 / 桜田千枝子 / 大橋一元 / 和崎俊哉,https://img9.doubanio.com/view/photo/s_ratio_poster/public/p2869134666.webp,https://movie.douban.com/subject/3809186/,https://search.douban.com/movie/subject_search?search_text=%E7%AB%A5%E5%B9%B4%E5%8A%A8%E7%94%BB&cat=1002&start=645,window.__DATA__,search_subject
655,44,645,3345194,美女与野兽之幸福生活 Beauty and the Beast: Belle's Magical World‎ (1998),8.1,4124,4.0,[],False,美国 / 动画 / 喜剧 / 家庭 / 奇幻 / 音乐 / Belle's Magical World / 92分钟,Cullen Blaine / 戴尔·凯斯 / Daniel de la Vega / Barbara Dourmashkin / Bob Kline / Burt Medall / Mitch Rochon / Rick Leon / 佩吉·奥哈拉 / 罗比·本森 / 杰夫·贝内特 / 吉姆·卡明斯 / 杰里·奥尔巴赫 / 戴维·奥格登·施蒂尔斯 / Gregory Grudt / 罗伯·鲍森,https://img9.doubanio.com/view/photo/s_ratio_poster/public/p2238474214.webp,https://movie.douban.com/subject/3345194/,https://search.douban.com/movie/subject_search?search_text=%E7%AB%A5%E5%B9%B4%E5%8A%A8%E7%94%BB&cat=1002&start=645,window.__DATA__,search_subject
656,44,645,1766532,秀逗魔导士NEXT スレイヤーズNEXT‎ (1996),9.1,4959,4.5,['剧集'],True,美国 / 日本 / 动画 / 喜剧 / Slayers Next / 23分钟,渡部高志 / 水岛精二 / 则座诚 / 岩崎良明 / 吉田俊司 / 小林孝志 / 佐藤英一 / 林原惠美 / 松本保典 / 绿川光 / 铃木真仁 / 冬马由美 / 石田彰,https://img3.doubanio.com/view/photo/s_ratio_poster/public/p2260258482.webp,https://movie.douban.com/subject/1766532/,https://search.douban.com/movie/subject_search?search_text=%E7%AB%A5%E5%B9%B4%E5%8A%A8%E7%94%BB&cat=1002&start=645,window.__DATA__,search_subject
657,44,645,5282439,御兽王者‎ (2009),9.2,2314,4.5,['剧集'],True,中国大陆 / 动画,,https://img2.doubanio.com/view/photo/s_ratio_poster/public/p2868091751.webp,https://movie.douban.com/subject/5282439/,https://search.douban.com/movie/subject_search?search_text=%E7%AB%A5%E5%B9%B4%E5%8A%A8%E7%94%BB&cat=1002&start=645,window.__DATA__,search_subject
658,44,645,1876319,小红帽恰恰 赤ずきんチャチャ‎ (1994),8.9,4010,4.5,['剧集'],True,日本 / 动画 / Red Hood Chacha / 24分钟,辻初树 / 细田雅弘 / 佐藤龙雄 / 佐山圣子 / 樱井弘明 / 大地丙太郎 / 棚桥一德 / 原征太郎 / 下司泰弘 / 松本佳久 / 铃木卓夫 / 根岸宏树 / 木村哲 / 佐佐木和宏 / 津田义三 / 铃木真仁 / 香取慎吾 / 日高范子 / 泉类亨 / 大坪纯子 / 富永美伊奈 / 樱井智 / 赤土真弓,https://img3.doubanio.com/view/photo/s_ratio_poster/public/p2554079617.webp,https://movie.douban.com/subject/1876319/,https://search.douban.com/movie/subject_search?search_text=%E7%AB%A5%E5%B9%B4%E5%8A%A8%E7%94%BB&cat=1002&start=645,window.__DATA__,search_subject
659,44,645,1919112,小魔女DoReMi おジャ魔女どれみ‎ (1999),8.3,4137,4.0,"['剧集', '可播放']",True,日本 / 动画 / 喜剧 / 奇幻 / 小魔女DoReMi / 24分钟,佐藤顺一 / 五十岚卓哉 / 山内重保 / 伊藤尚往 / 广岛秀树 / 岩井隆央 / 冈佳广 / 千叶千惠巳 / 秋谷智子 / 松冈由贵 / 宍户留美 / 石毛佐和 / 永泽菜教 / 松尾银三 / 今井由香,https://img1.doubanio.com/view/photo/s_ratio_poster/public/p2554088758.webp,https://movie.douban.com/subject/1919112/,https://search.douban.com/movie/subject_search?search_text=%E7%AB%A5%E5%B9%B4%E5%8A%A8%E7%94%BB&cat=1002&start=645,window.__DATA__,search_subject
660,44,645,4824962,星际飚车王‎ (2008),7.5,2306,4.0,"['剧集', '可播放']",True,中国大陆 / 儿童 / 科幻 / 动画 / 冒险 / 运动 / Motorcity in china（美） / Galaxy Racers / 22分钟,吴建荣 / 何澄 / 王星峰 / 张璐 / 伍凤春 / 郝幽玥 / 王博 / 杨莹 / 贾小军 / 李云鹏 / 王涛,https://img9.doubanio.com/view/photo/s_ratio_poster/public/p2867336225.webp,https://movie.douban.com/subject/4824962/,https://search.douban.com/movie/subject_search?search_text=%E7%AB%A5%E5%B9%B4%E5%8A%A8%E7%94%BB&cat=1002&start=645,window.__DATA__,search_subject
661,45,660,2155209,老鼠在曼哈顿 Mouse in Manhattan‎ (1945),9.5,2973,5.0,[],False,美国 / 家庭 / 动画 / 喜剧 / 短片 / 老鼠在曼哈顿 / 城市乡巴鼠 / 7分钟,约瑟夫·巴伯拉 / 威廉·汉纳 / 杨左匋,https://img1.doubanio.com/view/photo/s_ratio_poster/public/p2458339319.webp,https://movie.douban.com/subject/2155209/,https://search.douban.com/movie/subject_search?search_text=%E7%AB%A5%E5%B9%B4%E5%8A%A8%E7%94%BB&cat=1002&start=660,window.__DATA__,search_subject
662,45,660,2054440,飞天小女警Z 出ましたっ!パワパフガールズZ‎ (2006),8.6,1854,4.5,['剧集'],True,日本 / 儿童 / 动作 / 科幻 / 动画 / 参上!飞天小女警Z / 24分钟,石黑育 / 胜间田具治 / 长峰达也 / 植田秀仁 / 地冈公俊 / 高山秀树 / 中村哲治 / 岩井隆央 / 杉山庆一 / 渡边纯央 / 木村延景 / 茉田哲明 / 秦义人 / 后藤康德 / 加藤英美里 / 宫原永海 / 川名真知子 / 楠大典 / 大本真基子 / 金田朋子 / 田中秀幸 / 川浪叶子,https://img3.doubanio.com/view/photo/s_ratio_poster/public/p2455135837.webp,https://movie.douban.com/subject/2054440/,https://search.douban.com/movie/subject_search?search_text=%E7%AB%A5%E5%B9%B4%E5%8A%A8%E7%94%BB&cat=1002&start=660,window.__DATA__,search_subject
663,45,660,2075675,面包超人 それいけ!アンパンマン‎ (1988),8.3,1672,4.0,"['剧集', '可播放']",True,日本 / 动画 / 动作 / 家庭 / 奇幻 / 红豆面包超人 / Soreike! Anpanman,永丘昭典 / 户田惠子 / 中尾隆圣 / 增冈弘 / 佐久间玲 / 山寺宏一 / 鹤弘美 / 岛本须美 / 柳泽三千代,https://img1.doubanio.com/view/photo/s_ratio_poster/public/p2544875058.webp,https://movie.douban.com/subject/2075675/,https://search.douban.com/movie/subject_search?search_text=%E7%AB%A5%E5%B9%B4%E5%8A%A8%E7%94%BB&cat=1002&start=660,window.__DATA__,search_subject
664,45,660,4848101,没头脑和不高兴‎ (2005),8.1,3036,4.0,"['剧集', '可播放']",True,中国大陆 / 儿童 / 喜剧 / 动画 / 22分钟,王柏荣 / 豆豆 / 姚培华 / 李晔 / 范楚绒 / 赵铭,https://img2.doubanio.com/view/photo/s_ratio_poster/public/p2667415741.webp,https://movie.douban.com/subject/4848101/,https://search.douban.com/movie/subject_search?search_text=%E7%AB%A5%E5%B9%B4%E5%8A%A8%E7%94%BB&cat=1002&start=660,window.__DATA__,search_subject
665,45,660,2142778,降魔勇士 Conan: The Adventurer‎ (1992),8.6,3980,4.5,['剧集'],True,美国 / 动作 / 动画 / 奇幻 / 冒险 / 降魔勇士 / 25分钟,,https://img3.doubanio.com/view/photo/s_ratio_poster/public/p2352298143.webp,https://movie.douban.com/subject/2142778/,https://search.douban.com/movie/subject_search?search_text=%E7%AB%A5%E5%B9%B4%E5%8A%A8%E7%94%BB&cat=1002&start=660,window.__DATA__,search_subject
666,45,660,1815503,螳螂捕蝉‎ (1988),8.1,4191,4.0,['可播放'],False,中国大陆 / 动画 / 短片 / A Story in Summertime / The Praying Mantis / 5分钟,胡进庆,https://img9.doubanio.com/view/photo/s_ratio_poster/public/p2649098906.webp,https://movie.douban.com/subject/1815503/,https://search.douban.com/movie/subject_search?search_text=%E7%AB%A5%E5%B9%B4%E5%8A%A8%E7%94%BB&cat=1002&start=660,window.__DATA__,search_subject
667,45,660,1751955,自动机器人·铁臂阿童木 アストロボーイ 鉄腕アトム‎ (2003),8.7,4513,4.5,"['剧集', '可播放']",True,日本 / 科幻 / ASTRO BOY 鉄腕アトム / Astro Boy tetsuwan atomu / 24分钟,小中和哉 / 桑原智 / 山崎和男 / 竹内启雄 / 吉村文宏 / 前园文夫 / 铃木吉男 / 铃木卓夫 / 津田义三 / 西田正义 / 石踊宏 / 渊上真 / 望月敬一郎 / 三家本泰美 / 平田敏夫 / 波多正美 / 古桥一浩 / 津村真琴 / 胜田久 / 丸山美纪 / 川濑晶子 / 富田耕生 / 银河万丈 / 龙田直树 / 佐藤佑子,https://img3.doubanio.com/view/photo/s_ratio_poster/public/p2199690182.webp,https://movie.douban.com/subject/1751955/,https://search.douban.com/movie/subject_search?search_text=%E7%AB%A5%E5%B9%B4%E5%8A%A8%E7%94%BB&cat=1002&start=660,window.__DATA__,search_subject
668,45,660,20285268,甜心格格 第二季‎ (2012),9.4,5896,4.5,"['剧集', '可播放']",True,中国大陆 / 儿童 / 动画 / 甜心格格Ⅱ,彭雪梅 / 丝丝格格 / 心柔柔 / 王坤 / 皇上,https://img9.doubanio.com/view/photo/s_ratio_poster/public/p2867324074.webp,https://movie.douban.com/subject/20285268/,https://search.douban.com/movie/subject_search?search_text=%E7%AB%A5%E5%B9%B4%E5%8A%A8%E7%94%BB&cat=1002&start=660,window.__DATA__,search_subject
669,45,660,3867863,光之美少女 ふたりはプリキュア‎ (2004),8.1,1146,4.0,"['剧集', '可播放']",True,日本 / 动画 / 冒险 / 喜剧 / We are Pretty Cure / 美丽祭师二人组 / 25分钟,西尾大介 / 山内重保 / 五十岚卓哉 / 伊藤尚往 / 山田彻 / 冈佳广 / 小村敏明 / 川田武范 / 上田芳裕 / 立仙裕俊 / 岩井隆央 / 座古明史 / 本名阳子 / 野上尤加奈 / 关智一 / 矢岛晶子 / 池泽春菜 / 松谷彼哉 / 中博史 / 松野太纪,https://img9.doubanio.com/view/photo/s_ratio_poster/public/p2867153225.webp,https://movie.douban.com/subject/3867863/,https://search.douban.com/movie/subject_search?search_text=%E7%AB%A5%E5%B9%B4%E5%8A%A8%E7%94%BB&cat=1002&start=660,window.__DATA__,search_subject
670,45,660,2059810,聪明的沃里 Where's Wally/Waldo‎ (1991),8.8,4150,4.5,['剧集'],True,美国 / 动画 / 冒险 / 喜剧 / 家庭 / 奇幻 / 聪明的沃里 / 30分钟,Phil Harnage / Evelyn Gabai,https://img9.doubanio.com/view/photo/s_ratio_poster/public/p2518123295.webp,https://movie.douban.com/subject/2059810/,https://search.douban.com/movie/subject_search?search_text=%E7%AB%A5%E5%B9%B4%E5%8A%A8%E7%94%BB&cat=1002&start=660,window.__DATA__,search_subject
671,45,660,6974527,蓝猫龙骑团之炫迪传奇‎ (2011),7.6,1873,4.0,"['剧集', '可播放']",True,中国大陆 / 儿童 / 动作 / 科幻 / 动画 / 冒险 / 炫迪传奇,余立平 / 徐海 / 瞿岚 / 王峰 / 曾令 / 葛平 / 付以琳 / 袁慧敏 / 殷姿,https://img1.doubanio.com/view/photo/s_ratio_poster/public/p2859000620.webp,https://movie.douban.com/subject/6974527/,https://search.douban.com/movie/subject_search?search_text=%E7%AB%A5%E5%B9%B4%E5%8A%A8%E7%94%BB&cat=1002&start=660,window.__DATA__,search_subject
672,45,660,33441923,杜皮与杜宝 Droopy and Dripple‎ (1990),9.1,654,4.5,['剧集'],True,美国 / 动画 / 杜皮和杜宝,,https://img3.doubanio.com/view/photo/s_ratio_poster/public/p2913398637.webp,https://movie.douban.com/subject/33441923/,https://search.douban.com/movie/subject_search?search_text=%E7%AB%A5%E5%B9%B4%E5%8A%A8%E7%94%BB&cat=1002&start=660,window.__DATA__,search_subject
673,45,660,1863598,小小露露秀 The Little Lulu Show‎ (1995),8.5,14263,4.5,['剧集'],True,美国 / 动画 / 家庭 / 儿童 / 露露 / 22分钟,Greg Bailey / Louis Piché / Jane Woods / Dawn Ford / Andrew Henry / 丹尼斯·圣约翰 / 崔茜·尤玛 / 瓦妮萨·洛金斯,https://img9.doubanio.com/view/photo/s_ratio_poster/public/p2554078834.webp,https://movie.douban.com/subject/1863598/,https://search.douban.com/movie/subject_search?search_text=%E7%AB%A5%E5%B9%B4%E5%8A%A8%E7%94%BB&cat=1002&start=660,window.__DATA__,search_subject
674,45,660,5040976,虹猫蓝兔光明剑‎ (2009),8.5,4578,4.5,"['剧集', '可播放']",True,中国大陆 / 动画,郭青青,https://img2.doubanio.com/view/photo/s_ratio_poster/public/p2667821621.webp,https://movie.douban.com/subject/5040976/,https://search.douban.com/movie/subject_search?search_text=%E7%AB%A5%E5%B9%B4%E5%8A%A8%E7%94%BB&cat=1002&start=660,window.__DATA__,search_subject
675,45,660,24294851,快乐酷宝‎ (2012),6.8,2201,3.5,"['剧集', '可播放']",True,中国大陆 / 动画 / 儿童 / 奇幻 / Happy Q-Bot / 20分钟,王巍 / 高展航 / 彭悦先 / 陈国源 / 凌伟禧 / 吉莹,https://img9.doubanio.com/view/photo/s_ratio_poster/public/p2003451274.webp,https://movie.douban.com/subject/24294851/,https://search.douban.com/movie/subject_search?search_text=%E7%AB%A5%E5%B9%B4%E5%8A%A8%E7%94%BB&cat=1002&start=660,window.__DATA__,search_subject
676,46,675,5384872,老夫子之小水虎传奇‎ (2011),5.1,1776,2.5,['可播放'],False,中国大陆 / 剧情 / 儿童 / 喜剧 / 动画 / 老夫子 / 87分钟,福富博 / 邓超 / 萧亚轩 / 郭书瑶 / 冯绍峰 / 张涵予 / 李晨 / 蔡康永 / 车晓,https://img1.doubanio.com/view/photo/s_ratio_poster/public/p804725119.webp,https://movie.douban.com/subject/5384872/,https://search.douban.com/movie/subject_search?search_text=%E7%AB%A5%E5%B9%B4%E5%8A%A8%E7%94%BB&cat=1002&start=675,window.__DATA__,search_subject
677,46,675,5112751,阿拉丁 第一季 Aladdin Season 1‎ (1994),8.5,3250,4.5,['剧集'],True,美国 / 喜剧 / 动画 / 家庭 / 30分钟,Alan Zaslove / 罗布·拉杜卡 / Bob Hathcock / Toby Shelton / 塔德·斯通斯 / 丹·卡斯泰兰尼塔 / 斯科特·维内尔 / 吉尔伯特·戈特弗雷德 / 弗兰克·维尔克,https://img9.doubanio.com/view/photo/s_ratio_poster/public/p2174404506.webp,https://movie.douban.com/subject/5112751/,https://search.douban.com/movie/subject_search?search_text=%E7%AB%A5%E5%B9%B4%E5%8A%A8%E7%94%BB&cat=1002&start=675,window.__DATA__,search_subject
678,46,675,3015785,家有贱狗 平成イヌ物語バウ‎ (1993),8.6,3588,4.5,['剧集'],True,日本 / 动画 / 家有傻犬 / Bow Wow / 22分钟,加贺刚 / 稻垣卓也 / 细田雅弘 / 矢部秋则 / 武藤裕治 / 斋藤次郎 / 园部启一 / 本多知惠子 / 飞田展男 / 青森伸 / 盐屋浩三 / 荒川太郎 / 京田尚子 / 松本梨香,https://img1.doubanio.com/view/photo/s_ratio_poster/public/p2870684220.webp,https://movie.douban.com/subject/3015785/,https://search.douban.com/movie/subject_search?search_text=%E7%AB%A5%E5%B9%B4%E5%8A%A8%E7%94%BB&cat=1002&start=675,window.__DATA__,search_subject
679,46,675,1883707,善良的夏吾冬‎ (1981),8.4,4400,4.0,[],False,中国大陆 / 动画 / 短片 / 儿童 / 20分钟,何玉门,https://img9.doubanio.com/view/photo/s_ratio_poster/public/p2649088755.webp,https://movie.douban.com/subject/1883707/,https://search.douban.com/movie/subject_search?search_text=%E7%AB%A5%E5%B9%B4%E5%8A%A8%E7%94%BB&cat=1002&start=675,window.__DATA__,search_subject
680,46,675,2030749,抢枕头‎ (1985),8.1,2317,4.0,['可播放'],False,中国大陆 / 动画 / 短片 / 19分钟,何玉门,https://img2.doubanio.com/view/photo/s_ratio_poster/public/p2623422741.webp,https://movie.douban.com/subject/2030749/,https://search.douban.com/movie/subject_search?search_text=%E7%AB%A5%E5%B9%B4%E5%8A%A8%E7%94%BB&cat=1002&start=675,window.__DATA__,search_subject
681,46,675,1769871,失落的宇宙 ロスト・ユニバース‎ (1998),9.0,3436,4.5,['剧集'],True,日本 / 动画 / 宇宙刑警 / Lost Universe / 24分钟,渡部高志 / 则座诚 / 加藤洋人 / 土屋浩幸 / 佐藤英一 / 御厨恭辅 / 山崎友正 / 津田义三 / 山内东生雄 / 保志总一朗 / 石村知子 / 林原惠美 / 绿川光 / 铃木真仁 / 中田让治 / 松本保典 / 根谷美智子,https://img2.doubanio.com/view/photo/s_ratio_poster/public/p2167964231.webp,https://movie.douban.com/subject/1769871/,https://search.douban.com/movie/subject_search?search_text=%E7%AB%A5%E5%B9%B4%E5%8A%A8%E7%94%BB&cat=1002&start=675,window.__DATA__,search_subject
682,46,675,5948610,爆旋陀螺 爆転シュート ベイブレード‎ (2001),8.3,3904,4.0,"['剧集', '可播放']",True,日本 / 动画 / Beyblade / 23分钟,川瀬敏文 / 熊井统子 / 高乃丽 / 折笠爱 / 久川绫 / 桑岛法子,https://img3.doubanio.com/view/photo/s_ratio_poster/public/p2538548047.webp,https://movie.douban.com/subject/5948610/,https://search.douban.com/movie/subject_search?search_text=%E7%AB%A5%E5%B9%B4%E5%8A%A8%E7%94%BB&cat=1002&start=675,window.__DATA__,search_subject
683,46,675,2137156,飞行猫 The Flying Cat‎ (1952),9.4,2351,4.5,[],False,美国 / 家庭 / 动画 / 短片 / 喜剧 / 飞行猫 / 7分钟,Joseph Barbera / William Hanna,https://img1.doubanio.com/view/photo/s_ratio_poster/public/p2458595828.webp,https://movie.douban.com/subject/2137156/,https://search.douban.com/movie/subject_search?search_text=%E7%AB%A5%E5%B9%B4%E5%8A%A8%E7%94%BB&cat=1002&start=675,window.__DATA__,search_subject
684,46,675,1304682,老鼠的麻烦 Mouse Trouble‎ (1944),8.9,5102,4.5,[],False,美国 / 家庭 / 动画 / 短片 / 喜剧 / 老鼠遇险 / 7分钟,约瑟夫·巴伯拉 / 威廉·汉纳,https://img3.doubanio.com/view/photo/s_ratio_poster/public/p2458339717.webp,https://movie.douban.com/subject/1304682/,https://search.douban.com/movie/subject_search?search_text=%E7%AB%A5%E5%B9%B4%E5%8A%A8%E7%94%BB&cat=1002&start=675,window.__DATA__,search_subject
685,46,675,2137203,西部牛仔 Texas Tom‎ (1950),9.3,1756,4.5,[],False,美国 / 动画 / 西部 / 家庭 / 短片 / 喜剧 / 6分钟,约瑟夫·巴伯拉 / 威廉·汉纳,https://img3.doubanio.com/view/photo/s_ratio_poster/public/p2512187373.webp,https://movie.douban.com/subject/2137203/,https://search.douban.com/movie/subject_search?search_text=%E7%AB%A5%E5%B9%B4%E5%8A%A8%E7%94%BB&cat=1002&start=675,window.__DATA__,search_subject
686,46,675,26762232,星际宝贝 第二季 Lilo & Stitch: The Series Season 2‎ (2004),9.5,7792,5.0,['剧集'],True,美国 / 喜剧 / 科幻 / 动画 / 冒险 / 家庭 / 30分钟,维克多·库克 / 托尼·克莱格 / 罗布·拉杜卡 / 黛维·切斯 / 克里斯·桑德斯 / 戴维·奥格登·施蒂尔斯 / 凯文·麦克唐纳德 / 蒂亚·卡雷尔 / 迪·布莱德利·贝克 / 凯文·迈克尔·理查德森 / 罗伯·鲍森,https://img9.doubanio.com/view/photo/s_ratio_poster/public/p2498279056.webp,https://movie.douban.com/subject/26762232/,https://search.douban.com/movie/subject_search?search_text=%E7%AB%A5%E5%B9%B4%E5%8A%A8%E7%94%BB&cat=1002&start=675,window.__DATA__,search_subject
687,46,675,2191393,猫之布鲁斯 Blue Cat Blues‎ (1956),9.5,2767,5.0,[],False,美国 / 动画 / 家庭 / 短片 / 喜剧 / 忧郁的猫 / 7分钟,约瑟夫·巴伯拉 / 威廉·汉纳,https://img1.doubanio.com/view/photo/s_ratio_poster/public/p2547175590.webp,https://movie.douban.com/subject/2191393/,https://search.douban.com/movie/subject_search?search_text=%E7%AB%A5%E5%B9%B4%E5%8A%A8%E7%94%BB&cat=1002&start=675,window.__DATA__,search_subject
688,46,675,4312223,神兽金刚‎ (2010),6.3,3428,3.0,"['剧集', '可播放']",True,中国大陆 / 动画 / 15分钟,黄贻青 / 符来忠 / 邓红 / 祖晴 / 陆双 / 郭语 / 李旭乔,https://img9.doubanio.com/view/photo/s_ratio_poster/public/p2867329524.webp,https://movie.douban.com/subject/4312223/,https://search.douban.com/movie/subject_search?search_text=%E7%AB%A5%E5%B9%B4%E5%8A%A8%E7%94%BB&cat=1002&start=675,window.__DATA__,search_subject
689,46,675,2059829,小鬼迪克 妖精ディック‎ (1992),8.8,4327,4.5,['剧集'],True,日本 / 动画 / Fairy Dick / Hobberdy Dick,波多正美 / Albert Brantford / Peter Coleman / Gordon Craig / Mme. d'Esterre / Joan Griffith / C. Hargrave Mansell / Ernest Spaulding / Bernard Vaughan,https://img9.doubanio.com/view/photo/s_ratio_poster/public/p2518075296.webp,https://movie.douban.com/subject/2059829/,https://search.douban.com/movie/subject_search?search_text=%E7%AB%A5%E5%B9%B4%E5%8A%A8%E7%94%BB&cat=1002&start=675,window.__DATA__,search_subject
690,46,675,2051770,俏皮小花仙 花の魔法使いマリーベル‎ (1992),8.4,6441,4.0,['剧集'],True,日本 / 动画 / 喜剧 / Floral Elf Mary Bell / 24分钟,远藤彻哉 / 高桥直人 / 日下直义 / 本多知惠子 / 坂本千夏 / 伊仓一惠 / 折笠爱 / 兴梠里美 / 小樱悦子 / 京田尚子 / 松本保典,https://img9.doubanio.com/view/photo/s_ratio_poster/public/p2554079486.webp,https://movie.douban.com/subject/2051770/,https://search.douban.com/movie/subject_search?search_text=%E7%AB%A5%E5%B9%B4%E5%8A%A8%E7%94%BB&cat=1002&start=675,window.__DATA__,search_subject
691,47,690,1949528,摩登大圣 第一季 The Mask Season 1‎ (1995),8.8,7343,4.5,['剧集'],True,美国 / 动画 / 变相怪杰 (动画系列剧) / 摩登大圣 / 30分钟,罗伯·鲍森 / 弗兰克·维尔克 / 吉姆·卡明斯,https://img3.doubanio.com/view/photo/s_ratio_poster/public/p2511766687.webp,https://movie.douban.com/subject/1949528/,https://search.douban.com/movie/subject_search?search_text=%E7%AB%A5%E5%B9%B4%E5%8A%A8%E7%94%BB&cat=1002&start=690,window.__DATA__,search_subject
692,47,690,24744346,猫和老鼠之巨人大冒险 Tom and Jerry's Giant Adventure‎ (2013),6.4,2222,3.0,[],False,美国 / 动画 / 57分钟,史派克·布兰特 / 托尼·塞沃恩 / 托马斯·F·威尔森 / 加里森·凯勒尔 / 保罗·雷宾斯 / 格蕾·德丽斯勒 / 雅各布·贝特兰德,https://img1.doubanio.com/view/photo/s_ratio_poster/public/p2199223750.webp,https://movie.douban.com/subject/24744346/,https://search.douban.com/movie/subject_search?search_text=%E7%AB%A5%E5%B9%B4%E5%8A%A8%E7%94%BB&cat=1002&start=690,window.__DATA__,search_subject
693,47,690,1431952,长发妹‎ (1963),8.1,3143,4.0,['可播放'],False,中国大陆 / 动画 / 短片 / 23分钟,岳路,https://img1.doubanio.com/view/photo/s_ratio_poster/public/p2554097669.webp,https://movie.douban.com/subject/1431952/,https://search.douban.com/movie/subject_search?search_text=%E7%AB%A5%E5%B9%B4%E5%8A%A8%E7%94%BB&cat=1002&start=690,window.__DATA__,search_subject
694,47,690,2260830,动物王国窃案‎ (1987),8.7,2703,4.5,['剧集'],True,中国大陆 / 剧情 / 儿童 / 猴探长 / 动物王国失窃案 / 30分钟,向阳 / 沈小谦 / 于鼎 / 杨成纯 / 尚华 / 丁建华,https://img3.doubanio.com/view/photo/s_ratio_poster/public/p2159851862.webp,https://movie.douban.com/subject/2260830/,https://search.douban.com/movie/subject_search?search_text=%E7%AB%A5%E5%B9%B4%E5%8A%A8%E7%94%BB&cat=1002&start=690,window.__DATA__,search_subject
695,47,690,25750111,帅狗黑皮‎ (2003),8.5,935,4.5,"['剧集', '可播放']",True,中国大陆 / 儿童 / 动作 / 科幻 / 动画 / 冒险 / 22分钟,陶大伟 / 吕玉佩 / 沈磊 / 孙晔 / 卢雄飞 / 孙杨 / 黄怡晴 / 山钿,https://img9.doubanio.com/view/photo/s_ratio_poster/public/p2155061606.webp,https://movie.douban.com/subject/25750111/,https://search.douban.com/movie/subject_search?search_text=%E7%AB%A5%E5%B9%B4%E5%8A%A8%E7%94%BB&cat=1002&start=690,window.__DATA__,search_subject
696,47,690,1307403,飞狗巴迪5：排球健将 Air Bud: Spikes Back‎ (2003),7.8,1261,4.0,[],False,加拿大 / 喜剧 / 家庭 / 运动 / Air Bud 5 / 神犬巴迪5：排球健将 / 87分钟,迈克·索森 / 卡蒂嘉·佩维斯 / Jake D. Smith / 帕特里克克兰肖,https://img9.doubanio.com/view/photo/s_ratio_poster/public/p2595850474.webp,https://movie.douban.com/subject/1307403/,https://search.douban.com/movie/subject_search?search_text=%E7%AB%A5%E5%B9%B4%E5%8A%A8%E7%94%BB&cat=1002&start=690,window.__DATA__,search_subject
697,47,690,4294292,哐哐日记‎ (2009),9.0,3722,4.5,"['剧集', '可播放']",True,中国大陆 / 喜剧 / 动画 / 儿童 / 哐哐哐,王波,https://img9.doubanio.com/view/photo/s_ratio_poster/public/p2629948076.webp,https://movie.douban.com/subject/4294292/,https://search.douban.com/movie/subject_search?search_text=%E7%AB%A5%E5%B9%B4%E5%8A%A8%E7%94%BB&cat=1002&start=690,window.__DATA__,search_subject
698,47,690,1431959,孔雀公主‎ (1963),8.3,1200,4.0,['可播放'],False,中国大陆 / 动画 / 短片 / 74分钟,靳夕,https://img3.doubanio.com/view/photo/s_ratio_poster/public/p2628237603.webp,https://movie.douban.com/subject/1431959/,https://search.douban.com/movie/subject_search?search_text=%E7%AB%A5%E5%B9%B4%E5%8A%A8%E7%94%BB&cat=1002&start=690,window.__DATA__,search_subject
699,47,690,2208974,反斗小王子 おじゃる丸‎ (1998),8.4,3231,4.0,['剧集'],True,日本 / 动画 / 反斗小王子 / 邪留丸,大地丙太郎 / 小西宽子 / 西村千奈美 / 渊崎由里子 / 岩坪理江 / 佐藤成美 / 一条和矢 / 南央美 / 上田祐司,https://img1.doubanio.com/view/photo/s_ratio_poster/public/p2523272050.webp,https://movie.douban.com/subject/2208974/,https://search.douban.com/movie/subject_search?search_text=%E7%AB%A5%E5%B9%B4%E5%8A%A8%E7%94%BB&cat=1002&start=690,window.__DATA__,search_subject
700,47,690,3058386,唐老鸭俱乐部 第一季 Duck Tales Season 1‎ (1987),8.4,8841,4.0,['剧集'],True,美国 / 动画 / 冒险 / 喜剧 / 家庭 / Disney's DuckTales / 22分钟,史蒂夫·克拉克 / 弗雷德·沃尔夫 / 艾伦·扬,https://img9.doubanio.com/view/photo/s_ratio_poster/public/p2554075836.webp,https://movie.douban.com/subject/3058386/,https://search.douban.com/movie/subject_search?search_text=%E7%AB%A5%E5%B9%B4%E5%8A%A8%E7%94%BB&cat=1002&start=690,window.__DATA__,search_subject
701,47,690,2011579,胆小狗英雄 第一季 Courage The Cowardly Dog Season 1‎ (1999),9.0,1589,4.5,['剧集'],True,美国 / 喜剧 / 动画 / 儿童 / 名叫勇勇的胆小狗 / 胆小狗英雄,约翰·迪尔沃斯 / Marty Grabstein,https://img9.doubanio.com/view/photo/s_ratio_poster/public/p2378671866.webp,https://movie.douban.com/subject/2011579/,https://search.douban.com/movie/subject_search?search_text=%E7%AB%A5%E5%B9%B4%E5%8A%A8%E7%94%BB&cat=1002&start=690,window.__DATA__,search_subject
702,47,690,2123630,胖嫂回娘家‎ (1956),7.8,2082,4.0,['可播放'],False,中国大陆 / 喜剧 / 动画 / 短片 / 9分钟,虞哲光,https://img1.doubanio.com/view/photo/s_ratio_poster/public/p2528876590.webp,https://movie.douban.com/subject/2123630/,https://search.douban.com/movie/subject_search?search_text=%E7%AB%A5%E5%B9%B4%E5%8A%A8%E7%94%BB&cat=1002&start=690,window.__DATA__,search_subject
703,47,690,5333485,福娃奥运漫游记‎ (2008),7.1,1332,3.5,['剧集'],True,中国大陆 / 儿童 / 动画 / 运动 / 福娃奥运漫游记 BTV版,曾伟京 / 张国立 / 陶虹 / 梅婷 / 金海心 / 张靓颖 / 曹颖 / 潘粤明 / 龚格尔,https://img3.doubanio.com/view/photo/s_ratio_poster/public/p2543743543.webp,https://movie.douban.com/subject/5333485/,https://search.douban.com/movie/subject_search?search_text=%E7%AB%A5%E5%B9%B4%E5%8A%A8%E7%94%BB&cat=1002&start=690,window.__DATA__,search_subject
704,47,690,34801092,宇宙巨人希曼：启示录 第一季 Masters of the Universe: Revelation Season 1‎ (2021),6.4,488,3.0,['剧集'],True,美国 / 动作 / 动画 / 奇幻 / He-Man：天启(港) / 太空超人：启示录(台),亚当·康纳罗 / 帕特里克·斯坦纳德 / 戴德里克·巴德 / 凯文·康瑞 / 利亚姆·坎宁安 / 苏珊·爱森伯格 / 莎拉·米歇尔·盖拉 / 马克·哈米尔 / 琳娜·海蒂 / 菲尔·拉马,https://img3.doubanio.com/view/photo/s_ratio_poster/public/p2713324512.webp,https://movie.douban.com/subject/34801092/,https://search.douban.com/movie/subject_search?search_text=%E7%AB%A5%E5%B9%B4%E5%8A%A8%E7%94%BB&cat=1002&start=690,window.__DATA__,search_subject
705,47,690,2057181,轰轰战队冒险者 轟轟戦隊ボウケンジャー‎ (2006),9.1,1146,4.5,['剧集'],True,日本 / 轰轰战队冒险者 / 30分钟,诸田敏 / 竹本升 / 渡边胜也 / 中泽祥次郎 / 坂本太郎 / 铃村展弘 / 高桥光臣 / 斋藤康嘉 / 三上真史 / 中村知世 / 末永遥 / 出合正幸 / 齐木茂 / 大高洋夫,https://img9.doubanio.com/view/photo/s_ratio_poster/public/p2885964804.webp,https://movie.douban.com/subject/2057181/,https://search.douban.com/movie/subject_search?search_text=%E7%AB%A5%E5%B9%B4%E5%8A%A8%E7%94%BB&cat=1002&start=690,window.__DATA__,search_subject
706,48,705,1864790,猫和老鼠传奇 第一季 Tom and Jerry Tales Season 1‎ (2006),9.3,3043,4.5,"['剧集', '可播放']",True,美国 / 儿童 / 动画 / 猫和老鼠传奇 / 23分钟,Phil Vischer,https://img1.doubanio.com/view/photo/s_ratio_poster/public/p2634404698.webp,https://movie.douban.com/subject/1864790/,https://search.douban.com/movie/subject_search?search_text=%E7%AB%A5%E5%B9%B4%E5%8A%A8%E7%94%BB&cat=1002&start=705,window.__DATA__,search_subject
707,48,705,2246799,我的朋友们：跳跳虎和小熊维尼 My Friends: Tigger and Pooh‎ (2007),9.0,5890,4.5,['剧集'],True,美国 / 儿童 / 动画 / 家庭 / 小熊维尼与跳跳虎 / 30分钟,科洛·葛蕾丝·莫瑞兹,https://img1.doubanio.com/view/photo/s_ratio_poster/public/p2553369300.webp,https://movie.douban.com/subject/2246799/,https://search.douban.com/movie/subject_search?search_text=%E7%AB%A5%E5%B9%B4%E5%8A%A8%E7%94%BB&cat=1002&start=705,window.__DATA__,search_subject
708,48,705,3442684,龙珠Z剧场版4：超级赛亚人孙悟空 ドラゴンボールZ 超サイヤ人だ孫悟空‎ (1991),7.5,2897,4.0,[],False,日本 / 动画 / 短片 / 动作 / 超级赛亚人孙悟空 / 龙珠Z剧场版4 / 53分钟,橋本光雄(Mitsuo Hashimoto) / 野泽雅子 / 古川登志夫 / 田中真弓 / 鹤弘美 / 渡边菜生子 / 龙田直树 / 宫内幸平 / 内海贤二,https://img3.doubanio.com/view/photo/s_ratio_poster/public/p2561565822.webp,https://movie.douban.com/subject/3442684/,https://search.douban.com/movie/subject_search?search_text=%E7%AB%A5%E5%B9%B4%E5%8A%A8%E7%94%BB&cat=1002&start=705,window.__DATA__,search_subject
709,48,705,2133061,孤独的莉里‎ (1989),7.9,864,4.0,['可播放'],False,中国大陆 / 动画 / 短片 / 18分钟,方润南 / 薛梅君,https://img9.doubanio.com/view/photo/s_ratio_poster/public/p2649091404.webp,https://movie.douban.com/subject/2133061/,https://search.douban.com/movie/subject_search?search_text=%E7%AB%A5%E5%B9%B4%E5%8A%A8%E7%94%BB&cat=1002&start=705,window.__DATA__,search_subject
710,48,705,25814538,雨果带你看世界 第一季 What's the big idea Season 1‎ (2013),8.9,341,4.5,"['剧集', '可播放']",True,英国 / 儿童 / 动画 / 短片 / 家庭 / 小朋友大問題(台),,https://img3.doubanio.com/view/photo/s_ratio_poster/public/p2166962873.webp,https://movie.douban.com/subject/25814538/,https://search.douban.com/movie/subject_search?search_text=%E7%AB%A5%E5%B9%B4%E5%8A%A8%E7%94%BB&cat=1002&start=705,window.__DATA__,search_subject
711,48,705,1957915,超级小黑咪 サイボーグクロちゃん‎ (1999),8.5,6165,4.5,['剧集'],True,日本 / 动画 / 霹雳酷乐猫 / サイボーグクロちゃん / 24分钟,高本宣弘 / 坂本千夏 / 手冢千春 / 大本真基子 / 网挂裕美 / 古泽彻 / 小松里歌 / 森川智之 / 吉田小百合,https://img3.doubanio.com/view/photo/s_ratio_poster/public/p1967070283.webp,https://movie.douban.com/subject/1957915/,https://search.douban.com/movie/subject_search?search_text=%E7%AB%A5%E5%B9%B4%E5%8A%A8%E7%94%BB&cat=1002&start=705,window.__DATA__,search_subject
712,48,705,2310158,猫和老鼠：胡桃夹子的传奇 Tom and Jerry: A Nutcracker Tale‎ (2007),8.2,4050,4.0,[],False,美国 / 动画 / 喜剧 / 家庭 / 猫和老鼠：胡桃夹子的传奇 / 猫和老鼠胡桃夹子传奇 / 47分钟,Spike Brandt / Tony Cervone,https://img3.doubanio.com/view/photo/s_ratio_poster/public/p2240126102.webp,https://movie.douban.com/subject/2310158/,https://search.douban.com/movie/subject_search?search_text=%E7%AB%A5%E5%B9%B4%E5%8A%A8%E7%94%BB&cat=1002&start=705,window.__DATA__,search_subject
713,48,705,4253449,黑猫警长第二部‎ (1993),8.1,2084,4.0,"['剧集', '可播放']",True,中国大陆 / 剧情 / 动画 / 儿童 / 犯罪 / 新黑猫警长 / 20分钟,凡卉,https://img1.doubanio.com/view/photo/s_ratio_poster/public/p2255928239.webp,https://movie.douban.com/subject/4253449/,https://search.douban.com/movie/subject_search?search_text=%E7%AB%A5%E5%B9%B4%E5%8A%A8%E7%94%BB&cat=1002&start=705,window.__DATA__,search_subject
714,48,705,1871150,拉曼查的堂·吉诃德 Don Quijote de la Mancha‎ (1979),7.8,5162,4.0,['剧集'],True,西班牙 / 动画 / 儿童 / 奇幻 / 冒险 / 堂·吉诃德 / 拉曼查的堂·吉诃德 / 26分钟,克鲁兹·德尔加多 / Fernando Fernán Gómez / 安东尼奥·费兰迪斯 / Rafael de Penagos,https://img3.doubanio.com/view/photo/s_ratio_poster/public/p2509229557.webp,https://movie.douban.com/subject/1871150/,https://search.douban.com/movie/subject_search?search_text=%E7%AB%A5%E5%B9%B4%E5%8A%A8%E7%94%BB&cat=1002&start=705,window.__DATA__,search_subject
715,48,705,1431712,真假李逵‎ (1981),7.9,6699,4.0,['可播放'],False,中国大陆 / 动画 / 短片 / 17分钟,詹同,https://img1.doubanio.com/view/photo/s_ratio_poster/public/p2649083748.webp,https://movie.douban.com/subject/1431712/,https://search.douban.com/movie/subject_search?search_text=%E7%AB%A5%E5%B9%B4%E5%8A%A8%E7%94%BB&cat=1002&start=705,window.__DATA__,search_subject
716,48,705,6890230,数学荒岛历险记‎ (2011),8.8,968,4.5,"['剧集', '可播放']",True,中国大陆 / 儿童 / 科幻 / 动画 / 奇幻 / 冒险,朱晓兵 / 邓红 / 祖晴 / 李旭桥 / 陆双 / 赵然 / 李团,https://img1.doubanio.com/view/photo/s_ratio_poster/public/p2868436778.webp,https://movie.douban.com/subject/6890230/,https://search.douban.com/movie/subject_search?search_text=%E7%AB%A5%E5%B9%B4%E5%8A%A8%E7%94%BB&cat=1002&start=705,window.__DATA__,search_subject
717,48,705,26317679,战神金刚 Voltron‎ (1984),8.8,1183,4.5,"['剧集', '可播放']",True,美国 / 儿童 / 爱情 / 科幻 / 动画 / 冒险 / 家庭 / Voltron / 战神金刚：宇宙的保护神 / 30分钟,Franklin Cofod / 杰克·安杰尔 / 迈克尔·贝尔 / 彼得·库伦 / Neil Ross / B.J. Ward / Lennie Weinrib / Tress MacNeille / 王晓燕,https://img9.doubanio.com/view/photo/s_ratio_poster/public/p2568787966.webp,https://movie.douban.com/subject/26317679/,https://search.douban.com/movie/subject_search?search_text=%E7%AB%A5%E5%B9%B4%E5%8A%A8%E7%94%BB&cat=1002&start=705,window.__DATA__,search_subject
718,48,705,1886852,蝴蝶泉‎ (1983),8.1,1927,4.0,[],False,中国大陆 / 爱情 / 动画 / 短片 / 奇幻 / The Butterfly Springs / 25分钟,常光希 / 徐景达,https://img3.doubanio.com/view/photo/s_ratio_poster/public/p2535288202.webp,https://movie.douban.com/subject/1886852/,https://search.douban.com/movie/subject_search?search_text=%E7%AB%A5%E5%B9%B4%E5%8A%A8%E7%94%BB&cat=1002&start=705,window.__DATA__,search_subject
719,48,705,1903668,火星鼠骑士 Biker Mice from Mars‎ (1993),7.7,5613,4.0,"['剧集', '可播放']",True,加拿大 / 美国 / 科幻 / 动画 / 火星鼠骑士 / 23分钟,Tom Tataranowicz / Luke Perry / Jack Roth,https://img2.doubanio.com/view/photo/s_ratio_poster/public/p2554079231.webp,https://movie.douban.com/subject/1903668/,https://search.douban.com/movie/subject_search?search_text=%E7%AB%A5%E5%B9%B4%E5%8A%A8%E7%94%BB&cat=1002&start=705,window.__DATA__,search_subject
720,48,705,2326678,婴儿城 Baby folies‎ (1993),8.6,10683,4.5,['剧集'],True,法国 / 儿童 / 动画 / Baby Follies（英） / 14分钟,denis olivieri,https://img9.doubanio.com/view/photo/s_ratio_poster/public/p2509139126.webp,https://movie.douban.com/subject/2326678/,https://search.douban.com/movie/subject_search?search_text=%E7%AB%A5%E5%B9%B4%E5%8A%A8%E7%94%BB&cat=1002&start=705,window.__DATA__,search_subject
721,49,720,1845617,华斯比历险记 The Adventures of Teddy Ruxpin‎ (1987),8.5,6564,4.5,['剧集'],True,美国 / 动画 / 动作 / 冒险 / 家庭 / 奇幻 / 歌舞 / 特迪历险记 / 23分钟,Chris Schouten / Phil Baron / John Stocker / 威尔·瑞恩 / Bernadette / Arthur Boni / Jan Anne Drenth,https://img1.doubanio.com/view/photo/s_ratio_poster/public/p2554013230.webp,https://movie.douban.com/subject/1845617/,https://search.douban.com/movie/subject_search?search_text=%E7%AB%A5%E5%B9%B4%E5%8A%A8%E7%94%BB&cat=1002&start=720,window.__DATA__,search_subject
722,49,720,26596209,猪猪侠之五灵守卫者‎ (2015),7.6,3861,4.0,"['剧集', '可播放']",True,中国大陆 / 儿童 / 动作 / 科幻 / 动画 / 冒险 / 猪猪侠10五灵守卫者 / 15分钟,张苑 / 王龙波 / 陆锦辉 / 祖晴 / 徐经纬 / 陆双 / 陈志荣,https://img2.doubanio.com/view/photo/s_ratio_poster/public/p2401825971.webp,https://movie.douban.com/subject/26596209/,https://search.douban.com/movie/subject_search?search_text=%E7%AB%A5%E5%B9%B4%E5%8A%A8%E7%94%BB&cat=1002&start=720,window.__DATA__,search_subject
723,49,720,3345329,鬼马小精灵 第一季 Casper Season 1‎ (1996),8.9,3605,4.5,"['剧集', '可播放']",True,美国 / 动画 / 喜剧 / 家庭 / The Spooktacular New Adventures of Casper / 25分钟,Seymour Reit / Joe Oriolo,https://img3.doubanio.com/view/photo/s_ratio_poster/public/p2225660122.webp,https://movie.douban.com/subject/3345329/,https://search.douban.com/movie/subject_search?search_text=%E7%AB%A5%E5%B9%B4%E5%8A%A8%E7%94%BB&cat=1002&start=720,window.__DATA__,search_subject
724,49,720,2341410,小公主莎拉 小公女セーラ‎ (1985),9.1,1406,4.5,"['剧集', '可播放']",True,日本 / 动画 / 剧情 / 莎拉公主 / 小公主 / 25分钟,黑川文男 / 岛本须美 / 坂本千夏 / 一龙斋贞友 / 中西妙子 / 梨羽由记子 / 银河万丈 / 山田荣子 / 八百坂万纪,https://img3.doubanio.com/view/photo/s_ratio_poster/public/p2531968967.webp,https://movie.douban.com/subject/2341410/,https://search.douban.com/movie/subject_search?search_text=%E7%AB%A5%E5%B9%B4%E5%8A%A8%E7%94%BB&cat=1002&start=720,window.__DATA__,search_subject
725,49,720,1465802,哈姆太郎 とっとこハム太郎‎ (2000),8.0,4202,4.0,['剧集'],True,日本 / 动画 / 家庭 / 奇幻 / Hamtaro / Trotting Hamtaro / 30分钟,Osamu Nabeshima / 间宫胡桃 / 爱河里花子 / 村井每早 / 伊藤健太郎 / 佐久间玲 / 本田贵子 / 池泽春菜 / 柚木凉香,https://img9.doubanio.com/view/photo/s_ratio_poster/public/p2554086025.webp,https://movie.douban.com/subject/1465802/,https://search.douban.com/movie/subject_search?search_text=%E7%AB%A5%E5%B9%B4%E5%8A%A8%E7%94%BB&cat=1002&start=720,window.__DATA__,search_subject
726,49,720,3055433,鲁滨逊一家漂流记 家族ロビンソン漂流記ふしぎな島のフローネ‎ (1981),9.2,952,4.5,"['剧集', '可播放']",True,日本 / 剧情 / 动画 / 儿童 / 冒险 / 家族鲁宾逊漂流记 不可思议之岛的芙劳拉 / 新鲁宾逊漂流记,黑田昌郎 / 松尾佳子 / 古谷徹 / 高坂真琴 / 小林勝彦 / 小林修 / 平井道子,https://img3.doubanio.com/view/photo/s_ratio_poster/public/p2282589493.webp,https://movie.douban.com/subject/3055433/,https://search.douban.com/movie/subject_search?search_text=%E7%AB%A5%E5%B9%B4%E5%8A%A8%E7%94%BB&cat=1002&start=720,window.__DATA__,search_subject
727,49,720,3539060,荒岛余生 His Mouse Friday‎ (1951),9.2,1486,4.5,[],False,美国 / 家庭 / 短片 / 动画 / 喜剧 / 老鼠仆人 / 荒岛假期 / 6分钟,威廉·汉纳 / 约瑟夫·巴伯拉 / 保罗·费斯,https://img3.doubanio.com/view/photo/s_ratio_poster/public/p2555535587.webp,https://movie.douban.com/subject/3539060/,https://search.douban.com/movie/subject_search?search_text=%E7%AB%A5%E5%B9%B4%E5%8A%A8%E7%94%BB&cat=1002&start=720,window.__DATA__,search_subject
728,49,720,1498591,阿凡提的故事之兔送信‎ (1983),8.7,6365,4.5,[],False,中国大陆 / 动画 / 短片 / 第二集：兔子送信 / 18分钟,曲建方 / 毕克 / 邱岳峰,https://img9.doubanio.com/view/photo/s_ratio_poster/public/p2649096384.webp,https://movie.douban.com/subject/1498591/,https://search.douban.com/movie/subject_search?search_text=%E7%AB%A5%E5%B9%B4%E5%8A%A8%E7%94%BB&cat=1002&start=720,window.__DATA__,search_subject
729,49,720,27056177,乌龙院之活宝传奇 第一季‎ (2017),7.7,888,4.0,"['剧集', '可播放']",True,中国大陆 / 剧情 / 喜剧 / 动画 / 奇幻 / 武侠 / 乌龙院动画 / 14分钟,饶琨华 / 叶细细 / 毛旭东 / 吴海燕 / 舒雷 / 曾鼎,https://img1.doubanio.com/view/photo/s_ratio_poster/public/p2497405638.webp,https://movie.douban.com/subject/27056177/,https://search.douban.com/movie/subject_search?search_text=%E7%AB%A5%E5%B9%B4%E5%8A%A8%E7%94%BB&cat=1002&start=720,window.__DATA__,search_subject
730,49,720,2156903,黑衣警探 第一季 Men in Black: The Series Season 1‎ (1997),8.9,4319,4.5,"['剧集', '可播放']",True,美国 / 喜剧 / 动作 / 科幻 / 动画 / 黑衣人 动画版 / 黑衣警探,Nathan Chew / 格雷格·白尔杰 / 凯斯·戴蒙德 / 詹妮弗·林,https://img3.doubanio.com/view/photo/s_ratio_poster/public/p2407179322.webp,https://movie.douban.com/subject/2156903/,https://search.douban.com/movie/subject_search?search_text=%E7%AB%A5%E5%B9%B4%E5%8A%A8%E7%94%BB&cat=1002&start=720,window.__DATA__,search_subject
731,49,720,2372545,咪姆 ミームいろいろ梦の旅/Meme’s Fantastic Adventure‎ (1983),9.1,1197,4.5,['剧集'],True,日本 / 科幻 / 动画 / 冒险 / Meme’s Fantastic Adventure / ミームいろいろ梦の旅 / 23分钟,横田和善 / 佐藤昭司 / 藤田淑子 / 小宫和枝 / 深雪早苗 / 田中明夫 / 宫内幸平 / 平林尚三 / 山田俊司 / 绪方贤一,https://img3.doubanio.com/view/photo/s_ratio_poster/public/p2509231193.webp,https://movie.douban.com/subject/2372545/,https://search.douban.com/movie/subject_search?search_text=%E7%AB%A5%E5%B9%B4%E5%8A%A8%E7%94%BB&cat=1002&start=720,window.__DATA__,search_subject
732,49,720,27019518,福五鼠之孙子兵法‎ (2009),8.9,3726,4.5,"['剧集', '可播放']",True,中国大陆 / 儿童 / 历史 / 战争 / 动画 / 冒险,刘洋,https://img3.doubanio.com/view/photo/s_ratio_poster/public/p2538972707.webp,https://movie.douban.com/subject/27019518/,https://search.douban.com/movie/subject_search?search_text=%E7%AB%A5%E5%B9%B4%E5%8A%A8%E7%94%BB&cat=1002&start=720,window.__DATA__,search_subject
733,49,720,3110686,变身猫鼠 Dr. Jekyll and Mr. Mouse‎ (1947),9.4,1934,4.5,[],False,美国 / 家庭 / 动画 / 喜剧 / 短片 / 强力乳液 / 7分钟,约瑟夫·巴伯拉 / 威廉·汉纳,https://img1.doubanio.com/view/photo/s_ratio_poster/public/p2456686900.webp,https://movie.douban.com/subject/3110686/,https://search.douban.com/movie/subject_search?search_text=%E7%AB%A5%E5%B9%B4%E5%8A%A8%E7%94%BB&cat=1002&start=720,window.__DATA__,search_subject
734,49,720,26969027,喜羊羊与灰太狼之深海历险记‎ (2017),0.0,0,0.0,"['剧集', '可播放']",True,中国大陆 / 动画 / 喜羊羊与灰太狼之嘻哈闯世界2 / 15分钟,蒲智康 / 祖晴 / 梁颖 / 邓玉婷 / 刘红韵 / 高全胜,https://img9.doubanio.com/view/photo/s_ratio_poster/public/p2424667635.webp,https://movie.douban.com/subject/26969027/,https://search.douban.com/movie/subject_search?search_text=%E7%AB%A5%E5%B9%B4%E5%8A%A8%E7%94%BB&cat=1002&start=720,window.__DATA__,search_subject
735,49,720,2378712,神秘花园 アニメひみつの花園‎ (1991),8.8,2865,4.5,"['剧集', '可播放']",True,日本 / 剧情 / 动画 / The Secret Garden / 秘密花园,小華和ためお / 富永美伊奈 / 坂本千夏 / 田中真弓 / 高山みなみ / 太田淑子 / 阪脩,https://img3.doubanio.com/view/photo/s_ratio_poster/public/p2524200372.webp,https://movie.douban.com/subject/2378712/,https://search.douban.com/movie/subject_search?search_text=%E7%AB%A5%E5%B9%B4%E5%8A%A8%E7%94%BB&cat=1002&start=720,window.__DATA__,search_subject
736,50,735,3239720,美少女战士R剧场版：花朵的约定 劇場版 美少女戦士セーラームーンR‎ (1993),8.4,2407,4.0,[],False,日本 / 动画 / 喜剧 / 剧情 / 爱情 / 星夜传奇 / 美少女战士剧场版 花朵的约定 / 60分钟,几原邦彦 / 三石琴乃 / 古谷彻 / 富泽美智惠 / 久川绫 / 筱原惠美 / 深见梨加 / 潘惠子 / 高户靖广,https://img1.doubanio.com/view/photo/s_ratio_poster/public/p2524236548.webp,https://movie.douban.com/subject/3239720/,https://search.douban.com/movie/subject_search?search_text=%E7%AB%A5%E5%B9%B4%E5%8A%A8%E7%94%BB&cat=1002&start=735,window.__DATA__,search_subject
737,50,735,5382874,风花仙子外传‎ (2010),9.2,1079,4.5,"['剧集', '可播放']",True,中国大陆 / 动画 / The Adventures of Feng Hua Fairy,王云飞,https://img2.doubanio.com/view/photo/s_ratio_poster/public/p2868471601.webp,https://movie.douban.com/subject/5382874/,https://search.douban.com/movie/subject_search?search_text=%E7%AB%A5%E5%B9%B4%E5%8A%A8%E7%94%BB&cat=1002&start=735,window.__DATA__,search_subject
738,50,735,5413831,梦比优斯奥特曼外传 亡灵复活 ウルトラマンメビウス外伝 ゴーストリバース‎ (2009),8.3,3095,4.0,"['剧集', '可播放']",True,日本 / 科幻 / Ultraman Mebius Side Story: Ghost Rebirth / 超人梅比斯外传 凶兽重生 / 26分钟,横山诚 / 五十岚隼士 / 难波圭一 / 黑部进 / 森次晃嗣 / 团时朗 / 草尾毅 / 石丸博也 / 田中秀幸,https://img1.doubanio.com/view/photo/s_ratio_poster/public/p2598338920.webp,https://movie.douban.com/subject/5413831/,https://search.douban.com/movie/subject_search?search_text=%E7%AB%A5%E5%B9%B4%E5%8A%A8%E7%94%BB&cat=1002&start=735,window.__DATA__,search_subject
739,50,735,6383555,小太极‎ (1999),8.3,1566,4.0,"['剧集', '可播放']",True,中国大陆 / 儿童 / 历史 / 动画 / 中华五千年历史故事动画系列—小太极 / 21分钟,蔡明钦 / 唐瑞亨 / 大龙 / 小太极,https://img9.doubanio.com/view/photo/s_ratio_poster/public/p1936701365.webp,https://movie.douban.com/subject/6383555/,https://search.douban.com/movie/subject_search?search_text=%E7%AB%A5%E5%B9%B4%E5%8A%A8%E7%94%BB&cat=1002&start=735,window.__DATA__,search_subject
740,50,735,1484988,麦德兰 Madeline‎ (1993),9.1,3883,4.5,['剧集'],True,美国 / 动画 / 麦德兰,,https://img9.doubanio.com/view/photo/s_ratio_poster/public/p2518077936.webp,https://movie.douban.com/subject/1484988/,https://search.douban.com/movie/subject_search?search_text=%E7%AB%A5%E5%B9%B4%E5%8A%A8%E7%94%BB&cat=1002&start=735,window.__DATA__,search_subject
741,50,735,1786569,通烟囱工人与牧羊女 La bergère et le ramoneur‎ (1952),8.8,1024,4.5,[],False,法国 / 动画 / 喜剧 / 奇幻 / 国王与小鸟 / 63分钟,保罗·格里莫尔 / 皮埃尔·布拉瑟 / Anouk Aimée / Serge Reggiani,https://img3.doubanio.com/view/photo/s_ratio_poster/public/p2552156037.webp,https://movie.douban.com/subject/1786569/,https://search.douban.com/movie/subject_search?search_text=%E7%AB%A5%E5%B9%B4%E5%8A%A8%E7%94%BB&cat=1002&start=735,window.__DATA__,search_subject
742,50,735,1868725,摔香炉‎ (1981),7.8,2396,4.0,['可播放'],False,中国大陆 / 动画 / 短片 / 18分钟,林文肖,https://img3.doubanio.com/view/photo/s_ratio_poster/public/p2568481513.webp,https://movie.douban.com/subject/1868725/,https://search.douban.com/movie/subject_search?search_text=%E7%AB%A5%E5%B9%B4%E5%8A%A8%E7%94%BB&cat=1002&start=735,window.__DATA__,search_subject
743,50,735,2988881,玛雅历险记 おやゆび姫物語‎ (1992),9.1,1614,4.5,['剧集'],True,日本 / 动画 / 拇指姬物语 / 拇指姑娘,H.C.アンデルセン / 金井美香 / 麻上洋子,https://img9.doubanio.com/view/photo/s_ratio_poster/public/p2235596334.webp,https://movie.douban.com/subject/2988881/,https://search.douban.com/movie/subject_search?search_text=%E7%AB%A5%E5%B9%B4%E5%8A%A8%E7%94%BB&cat=1002&start=735,window.__DATA__,search_subject
744,50,735,3093221,铁胆火车侠2 電光超特急ヒカリアン‎ (2002),7.7,7280,4.0,['剧集'],True,日本 / 剧情 / Lightning Attack Express / Ultra Radiant Express Hikarian / 20分钟,井上敏树 / 大庭秀昭 / 秦義人 / 大宅光子 / 飯島正勝 / 佐々木皓一 / 木村亜希子 / 嶋崎はるか / 梶田夕貴 / 真田麻美 / 桧山修之 / 栗原みきこ / 渋谷茂 / 松本纱雪,https://img9.doubanio.com/view/photo/s_ratio_poster/public/p2305880316.webp,https://movie.douban.com/subject/3093221/,https://search.douban.com/movie/subject_search?search_text=%E7%AB%A5%E5%B9%B4%E5%8A%A8%E7%94%BB&cat=1002&start=735,window.__DATA__,search_subject
745,50,735,3711645,孔子‎ (2009),7.8,1390,4.0,"['剧集', '可播放']",True,中国大陆 / 动画 / 孔子 / 13分钟,赵先德 / 刘纯燕 / 徐涛 / 薛白 / 郭政建 / 赵震 / 姜广涛 / 李易 / 何冠男,https://img9.doubanio.com/view/photo/s_ratio_poster/public/p2398900335.webp,https://movie.douban.com/subject/3711645/,https://search.douban.com/movie/subject_search?search_text=%E7%AB%A5%E5%B9%B4%E5%8A%A8%E7%94%BB&cat=1002&start=735,window.__DATA__,search_subject
746,50,735,3793586,圣斗士星矢：众神的激战 聖闘士星矢 神々の熱き戦い‎ (1988),6.3,2072,3.0,['可播放'],False,日本 / 动画 / 动作 / 奇幻 / 圣斗士星矢：神与神的激战 / 圣斗士星矢剧场版2：神与神的激战,山内重保 / 古谷彻 / 铃置洋孝 / 堀秀行 / 堀川亮 / 桥本晃一 / 潘惠子 / 水岛裕 / 难波圭一,https://img3.doubanio.com/view/photo/s_ratio_poster/public/p2509225597.webp,https://movie.douban.com/subject/3793586/,https://search.douban.com/movie/subject_search?search_text=%E7%AB%A5%E5%B9%B4%E5%8A%A8%E7%94%BB&cat=1002&start=735,window.__DATA__,search_subject
747,50,735,2253587,美丽的小金鱼‎ (1958),7.5,469,4.0,['可播放'],False,中国大陆 / 动画 / 短片 / 20分钟,万籁鸣,https://img3.doubanio.com/view/photo/s_ratio_poster/public/p2568484607.webp,https://movie.douban.com/subject/2253587/,https://search.douban.com/movie/subject_search?search_text=%E7%AB%A5%E5%B9%B4%E5%8A%A8%E7%94%BB&cat=1002&start=735,window.__DATA__,search_subject
748,50,735,26746802,数码宝贝大冒险tri. 第4章：丧失 デジモンアドベンチャー tri. 第4章 喪失‎ (2017),6.6,4874,3.5,['可播放'],False,日本 / 科幻 / 动画 / 冒险 / 78分钟,元永庆太郎 / 花江夏树 / 三森铃子 / 细谷佳正 / 田村睦心 / 吉田仁美 / 榎木淳弥 / 池田纯矢 / 市道真央,https://img1.doubanio.com/view/photo/s_ratio_poster/public/p2447489280.webp,https://movie.douban.com/subject/26746802/,https://search.douban.com/movie/subject_search?search_text=%E7%AB%A5%E5%B9%B4%E5%8A%A8%E7%94%BB&cat=1002&start=735,window.__DATA__,search_subject
749,50,735,1308946,尼尔斯骑鹅旅行记 ニルスのふしぎな旅‎ (1980),8.5,2060,4.5,['剧集'],True,日本 / 动画 / 家庭 / Nils no fushigi na tabi / The Wonderful Adventures of Nils / 24分钟,鸟海永行 / 案纳正美 / 押井守 / 小山茉美 Mami Koyama / 山崎唯 Tadashi Yamazaki / 安原義人 Yoshito Yasuhara / 寺島信子 Nobuko Terajima / 田中秀幸 Hideyuki Tanaka,https://img3.doubanio.com/view/photo/s_ratio_poster/public/p2518419773.webp,https://movie.douban.com/subject/1308946/,https://search.douban.com/movie/subject_search?search_text=%E7%AB%A5%E5%B9%B4%E5%8A%A8%E7%94%BB&cat=1002&start=735,window.__DATA__,search_subject
750,50,735,27104386,十二宫骑士：圣斗士星矢 聖闘士星矢: Knights of the Zodiac‎ (2019),4.7,1599,2.5,"['剧集', '可播放']",True,日本 / 动作 / 动画 / 奇幻 / 冒险 / 圣斗士星矢：黄道十二宫战士(台) / Knights of the Zodiac：Saint Seiya / 30分钟,芦野芳晴 / 布莱森·鲍格斯 / 马蒂·弗莱克 / 亚当·吉布斯 / 泰·玛哈尼 / 埃米莉·内维斯 / 帕特里克·普尔 / 布莱克·谢泼德 / 詹姆士·巴而切,https://img3.doubanio.com/view/photo/s_ratio_poster/public/p2563157103.webp,https://movie.douban.com/subject/27104386/,https://search.douban.com/movie/subject_search?search_text=%E7%AB%A5%E5%B9%B4%E5%8A%A8%E7%94%BB&cat=1002&start=735,window.__DATA__,search_subject
