order,url,name_cn,date,score,total_votes,cover_large,tags,characters
1,https://bgm.tv/subject/328609,孤独摇滚！,2022-10-08,8.4,39662,https://lain.bgm.tv/pic/cover/l/e2/e7/328609_2EHLJ.jpg,芳文社;音乐;轻百合;CloverWorks;日常;漫画改;乐队题材;2022年10月;搞笑;TV;百合;2022;斎藤圭一郎;漫改;乐队;日本;梅原翔太;校园;斋藤圭一郎;青春;治愈;神作;萌;孤独摇滚;社恐;少女乐队;轻百;摇滚;2022年;成长,后藤一里;伊地知虹夏;山田凉;喜多郁代;广井菊里;后藤直树;后藤美智代;后藤二里;吉米亨;伊地知星歌;音响师;清水伊莱莎
2,https://bgm.tv/subject/10380,命运石之门,2011-04-06,8.8,39500,https://lain.bgm.tv/pic/cover/l/a9/79/10380_YwP4R.jpg,科幻;中二病;牧瀬紅莉栖;嘟嘟噜;空想科学;游戏改;2011年4月;TV;花泽香菜;Nitro+;2011;悬疑;宫野真守;Steins;WHITEFOX;Gate;神作;GAL改;命运石之门;日本;轮回;花澤香菜;穿越;恋爱;佐藤卓哉;huke;中二;剧情;花田十辉;浜崎博嗣,冈部伦太郎;椎名真由理;桥田至;牧濑红莉栖;阿万音铃羽;桐生萌郁;漆原琉华;菲利斯·喵喵;天王寺裕吾;天王寺绹;中钵;漆原荣辅
3,https://bgm.tv/subject/9717,魔法少女小圆,2011-01-06,8.6,37952,https://lain.bgm.tv/pic/cover/l/cb/57/9717_sAVag.jpg,虚渊玄;新房昭之;魔法少女;致郁;梶浦由紀;原创;SHAFT;2011年1月;治愈;TV;爱的战士虚渊玄;百合;猎奇;2011;战斗;悠木碧;日本;奇幻;强力STAFF;神作;魔法少女小圆;斎藤千和;蒼樹うめ;梶浦由记;轮回;违和感;剧情;魔法;2011年;虚淵玄,鹿目圆;晓美焰;美树沙耶香;巴麻美;佐仓杏子;丘比;上条恭介;志筑仁美;鹿目询子;鹿目知久;鹿目达也;早乙女和子
4,https://bgm.tv/subject/160209,你的名字。,2016-08-26,8.1,33932,https://lain.bgm.tv/pic/cover/l/20/15/160209_2UzU8.jpg,新海誠;剧场版;恋爱;原创;2016;新海诚;奇幻;动画电影;君の名は。;CoMixWave;2016年8月;君の名は;你的名字。;日本;田中将贺;治愈;你的名字;青春;2016年;穿越;CoMixWaveFilms;校园;催泪;电影;爱情;神作;radwimps;安藤雅司;纯爱;映画,立花泷;宫水三叶;奥寺美纪;宫水一叶;敕使河原克彦;名取早耶香;藤井司;高木真太;宫水四叶;宮水俊樹;雪野百香里;路人
5,https://bgm.tv/subject/265,新世纪福音战士,1995-10-04,8.7,33623,https://lain.bgm.tv/pic/cover/l/e5/69/265_Z5Uou.jpg,EVA;庵野秀明;GAINAX;新世纪福音战士;科幻;神作;TV;宗教;心理;原创;1995;骗钱神棍片的王者;机战;补完;凌波;Evangelion;日本;圣经;战斗;1995年10月;萝卜;神棍;意识流;经典;贞本义行;龙之子Production;明日香;1995年;生命中的哀伤与回忆;童年,碇真嗣;绫波零;惣流·明日香·兰格雷;葛城美里;伊吹摩耶;加持良治;冬月耕造;相田剑介;洞木光;日向诚;青叶茂;碇唯
6,https://bgm.tv/subject/400602,葬送的芙莉莲,2023-09-29,8.5,35139,https://lain.bgm.tv/pic/cover/l/13/c5/400602_ZI8Y9.jpg,治愈;公路片;奇幻;MADHouse;漫画改;2023年10月;旅行;寿命论;斋藤圭一郎;TV;异世界;2023;漫改;催泪;日本;战斗;斎藤圭一郎;冒险;日常;神作;公路;魔法;葬送的芙莉莲;恋爱;搞笑;2023年;半年番;2024;鈴木智尋;种崎敦美,芙莉莲;菲伦;修塔尔克;辛美尔;海塔;艾森;赞因;伏拉梅;古瓦尔;阿乌拉;古拉纳特伯爵;琉古纳
7,https://bgm.tv/subject/55770,进击的巨人,2013-04-06,8.2,30797,https://lain.bgm.tv/pic/cover/l/78/c9/55770_HsJfh.jpg,进击的巨人;热血;泽野弘之;漫画改;2013年4月;WITSTUDIO;战斗;TV;Production.I.G;2013;漫改;荒木哲郎;奇幻;梶裕贵;日本;神谷浩史;神作;ProductionI.G;猎奇;燃;剧情;孝哥;谏山创;2013年;2013春;小林靖子;战争;WIT_STUDIO;悬疑;井上麻里奈,艾伦·耶格尔;三笠·阿克曼;阿明·阿诺德;利威尔;让·基尔休坦;克里斯塔·连兹;柯尼·史普林格;马可·波特;莱纳·布朗;韩吉·佐伊;卡尔菈·耶格尔;雷恩哈特
8,https://bgm.tv/subject/27364,冰菓,2012-04-22,8.2,32646,https://lain.bgm.tv/pic/cover/l/cd/38/27364_1ZFmr.jpg,京阿尼;校园;氷菓;青春;推理;推理系;2012年4月;TV;小清新;2012;悬疑;小说改;京都动画;中村悠一;京都;温情;恋爱;轻小说改;武本康弘;日常;日本;轻改;京都アニメーション;治愈;四月番;神作;米泽穗信;冰菓;2012年;田中公平,折木奉太郎;千反田爱瑠;福部里志;伊原摩耶花;远垣内将司;折木供惠;糸鱼川养子;入须冬实;江波仓子;善名梨绘;善名嘉代;中城顺载
9,https://bgm.tv/subject/1424,轻音少女,2009-04-02,8.3,30028,https://lain.bgm.tv/pic/cover/l/48/9d/1424_q8FMQ.jpg,京阿尼;K-ON!;校园;轻音;萌;治愈;日常;2009年4月;TV;废萌;漫画改;2009;卖萌;音乐;京都;京都动画;山田尚子;百合;漫改;日本;芳文社;k-on;乐队;轻百合;青春;mio;2009年4月番;京都アニメーション;吐槽;吉田玲子,平泽唯;秋山澪;田井中律;琴吹紬;中野梓;放学后TEA TIME;けいおん部;山中佐和子;平泽忧;真锅和;铃木纯;DEATH DEVIL
10,https://bgm.tv/subject/10639,Fate/Zero,2011-10-01,8.1,30679,https://lain.bgm.tv/pic/cover/l/86/1f/10639_w4sHs.jpg,Fate;虚渊玄;Type-Moon;ufotable;第四次圣杯战争;2011年10月;TV;战斗;Saber;奈绪蘑菇;奇幻;2011;前传;梶浦;小说改;老爸和他的基友;轻小说改;zero;日本;热血;三王;轻改;青木英;梶浦由记;蘑菇;游戏改;神作;金闪闪;梶浦由記;あおきえい,卫宫切嗣;阿尔托莉雅·潘德拉贡;爱丽丝菲尔·冯·爱因兹贝伦;远坂时臣;吉尔伽美什;言峰绮礼;百貌的哈桑;肯尼斯·艾尔梅洛伊·阿奇博尔德;迪尔姆德·奥迪那;韦伯·维尔维特;伊斯坎达尔;雨生龍之介
11,https://bgm.tv/subject/248175,辉夜大小姐想让我告白～天才们的恋爱头脑战～,2019-01-12,7.8,27184,https://lain.bgm.tv/pic/cover/l/2a/f7/248175_2w4zT.jpg,恋爱;搞笑;A-1Pictures;校园;漫画改;2019年1月;TV;日常;漫改;2019;狗粮;赤坂アカ;吔我狗粮啦;日本;畠山守;小俣真一;辉夜大小姐想让我告白;青春;喜剧;赤坂明;2019年;智斗;恋爱喜剧;古川慎;傲娇;小原好美;纯爱;中西やすひろ;辉夜大小姐;古贺葵,四宫辉夜;白银御行;藤原千花;石上优;早坂爱;柏木渚;田沼翼;白银圭;白银的父亲;四条真妃;阿道夫·佩斯卡罗洛;贝尔托瓦茨·贝奇
12,https://bgm.tv/subject/428735,BanG Dream! It's MyGO!!!!!,2023-06-29,8,30913,https://lain.bgm.tv/pic/cover/l/e7/a7/428735_1v11n.jpg,BanGDream;原创;音乐;百合;扭曲;2023年7月;偶像;乐队;TV;3D;2023;SANZIGEN;羊宮妃那;日本;柿本広大;三次元;无法预测的命运之舞台;校园;轻百合;青春;綾奈ゆにこ;少女乐队;柿本广大;MYGO;日常;乐队题材;2023年;轻百;神作;サンジゲン,高松灯;千早爱音;要乐奈;长崎爽世;椎名立希;MyGO!!!!!;丰川祥子;若叶睦;三角初华;八幡海铃;祐天寺若麦;纯田真奈
13,https://bgm.tv/subject/876,CLANNAD 〜AFTER STORY〜,2008-10-02,9.2,30943,https://lain.bgm.tv/pic/cover/l/67/d1/876_dCfrd.jpg,Clannad;京阿尼;key;催泪;神作;麻枝准;治愈;人生;TV;~After-Story~;治愈系;游戏改;2008年10月;恋爱;galgame;爱情;催淚;2008;GAL改;日常;日本;石原立也;京都动画;校园;亲情;京都;AS;京都アニメーション;2008年;续作,冈崎朋也;古河渚;冈崎汐;古河早苗;古河秋生;冈崎直幸;芳野佑介;幻想世界的少女;藤林杏;藤林椋;坂上智代;一之濑琴美
14,https://bgm.tv/subject/311,千与千寻,2001-07-20,8.6,26933,https://lain.bgm.tv/pic/cover/l/9d/fc/311_GAg3x.jpg,宫崎骏;吉卜力;剧场版;久石让;奇幻;2001;千と千尋の神隠し;千与千寻;原创;治愈;宮崎駿;白龙;无面人;日本;环保系;动画电影;千与千寻的神隐;神作;童年;经典;猪;电影;2001年7月;2001年;GHIBLI;成长;スタジオジブリ;冒险;入野自由;映画,荻野千寻;白;小玲;钱婆;汤婆婆;坊宝宝;锅炉爷爷;无脸男;前台蛙;荻野悠子;荻野明夫;煤球精灵
15,https://bgm.tv/subject/29648,中二病也要谈恋爱！,2012-10-03,7.4,25862,https://lain.bgm.tv/pic/cover/l/3d/fd/29648_LOcOx.jpg,京阿尼;恋爱;中二病也要谈恋爱;搞笑;校园;轻小说改;2012年10月;中二;TV;2012;京都动画;中二病;福山润;小说改;轻改;石原立也;花泽香菜;日常;日本;青春;治愈;花田十辉;我只能呵呵;京都;京都アニメーション;内田真礼;萌;2012十月番;2012年;纯爱,富樫勇太;小鸟游六花;丹生谷森夏;五月七日枯茗;凸守早苗;奇美拉;勇太的母亲;富樫樟叶;富樫梦叶;一色诚;九十九七濑;小鸟游十花
16,https://bgm.tv/subject/909,龙与虎,2008-10-01,8,27326,https://lain.bgm.tv/pic/cover/l/a4/30/909_e5zhk.jpg,钉宫理惠;校园;龙与虎;J.C.STAFF;恋爱;青春;轻小说改;2008年10月;萌虎;TV;掌中老虎;2008;蹭得累;萌;轻小说;小说改;轻改;电击文库;日本;长井龙雪;日常;傲娇;治愈;長井龍雪;钉宫;冈田麿里;搞笑;岡田麿里;堀江由衣,高须龙儿;逢坂大河;栉枝实乃梨;川岛亚美;北村佑作;高须泰子;小鹦;恋洼百合;狩野堇;春田浩次;能登久光;木原麻耶
17,https://bgm.tv/subject/51,CLANNAD,2007-10-04,8.4,27831,https://lain.bgm.tv/pic/cover/l/28/38/51_z0Ly8.jpg,Clannad;京阿尼;key;催泪;団子大家族;治愈;神作;GAL改;人生;TV;2007年10月;游戏改;校园;2007;恋爱;麻枝准;京都;石原立也;京都动画;日本;日常;海星;改编自游戏;京都アニメーション;中村悠一;2007年10月番;后宫;galgame;搞笑;志茂文彦,冈崎朋也;古河渚;伊吹风子;一之濑琴美;藤林杏;坂上智代;藤林椋;春原阳平;宫泽有纪宁;相乐美佐枝;春原芽衣;古河秋生
18,https://bgm.tv/subject/79227,游戏人生,2014-04-09,7.8,24983,https://lain.bgm.tv/pic/cover/l/54/bd/79227_052R3.jpg,轻小说改;MADHouse;异世界;2014年4月;TV;游戏;No_Game_No_Life;奇幻;搞笑;2014;轻改;茅野愛衣;智斗;小说改;日笠阳子;日本;田村ゆかり;后宫;井口裕香;穿越;战斗;游戏人生;石塚敦子;兄妹;花田十辉;松冈祯丞;妹控;热血;2014年;茅野爱衣,空;白;史蒂芬妮·多拉;吉普莉尔;克拉米;菲尔·尼尔巴连;特图;初濑伊纲;初濑伊野;巫女;圣光君;拉菲尔
19,https://bgm.tv/subject/10440,我们仍未知道那天所看见的花的名字。,2011-04-14,7.5,26941,https://lain.bgm.tv/pic/cover/l/6c/e8/10440_8HP6O.jpg,治愈;催泪;友情;あの日見た花の名前を僕達はまだ知らない;2011年4月;A-1Pictures;原创;TV;伤感;2011;あの花;noitaminA;恋爱;A-1;长井龙雪;日本;櫻井孝宏;青春;冈田麿里;岡田麿里;四月番;未闻花名;入野自由;長井龍雪;冈田磨里;日常;茅野爱衣;2011年;奇幻;神作,本间芽衣子;宿海仁太;安城鸣子;松雪集;鹤见知利子;久川铁道;本间伊伦;宿海塔子;超和平Busters
20,https://bgm.tv/subject/293049,辉夜大小姐想让我告白?～天才们的恋爱头脑战～,2020-04-11,7.9,24211,https://lain.bgm.tv/pic/cover/l/36/16/293049_0e0re.jpg,恋爱;搞笑;校园;A-1Pictures;漫画改;2020年4月;TV;日常;漫改;2020;かぐや様は告らせたい～天才たちの恋愛頭脳戦～;日本;畠山守;小俣真一;辉夜大小姐想让我告白;续作;青春;喜剧;狗粮;赤坂アカ;2020年;赤坂明;纯爱;古川慎;A-1_Pictures;智斗;恋爱喜剧;古贺葵;动画;小原好美,四宫辉夜;白银御行;藤原千花;石上优;伊井野弥子;早坂爱;柏木渚;田沼翼;四条真妃;子安燕;大佛小钵;白银圭
21,https://bgm.tv/subject/277554,无职转生～到了异世界就拿出真本事～,2021-01-10,7.9,25554,https://lain.bgm.tv/pic/cover/l/8b/00/277554_z999u.jpg,异世界;轻小说改;后宫;2021年1月;奇幻;穿越;StudioBind;TV;战斗;轻改;2021;冒险;岡本学;小说改;日本;日本动画;冈本学;无职转生;成长;恋爱;转生;神作;2021年;2020年1月;魔法;小原好美;热血;搞笑;杉田智和;スタジオバインド,鲁迪乌斯·格雷拉特;希露菲叶特·格雷拉特;艾莉丝·格雷拉特;洛琪希·米格路迪亚·格雷拉特;保罗·格雷拉特;塞妮丝·格雷拉特;莉莉娅·格雷拉特;瑞杰路德·斯佩路迪亚;前世之男;塞伦特·赛文斯塔;基列奴・泰德路迪亚;爱莎·格雷拉特
22,https://bgm.tv/subject/23686,刀剑神域,2012-07-07,7.4,25190,https://lain.bgm.tv/pic/cover/l/2e/c8/23686_e36x9.jpg,刀剑神域;轻小说改;SAO;A-1Pictures;后宫;2012年7月;TV;网游;战斗;亚丝娜;川原砾;2012;梶浦由纪;桐人;轻改;小说改;A-1;恋爱;日本;轻小说;奇幻;异世界;伊藤智彦;热血;科幻;ソードアート・オンライン;京阿尼;游戏;2012年;户松遥,桐人／桐谷和人;亚丝娜／结城明日奈;莉法／桐谷直叶;结衣;克莱因／壶井辽太郎;幸;艾基尔／安德鲁·基尔博德·密鲁茲;莉兹贝特／篠崎里香;茅场晶彦;西莉卡／绫野圭子;奥伯龙／须乡伸之;希斯克里夫
23,https://bgm.tv/subject/240038,青春猪头少年不会梦到兔女郎学姐,2018-10-03,7.4,24194,https://lain.bgm.tv/pic/cover/l/b9/45/240038_b5j7g.jpg,恋爱;校园;轻小说改;CloverWorks;2018年10月;青春;TV;鴨志田一;奇幻;轻改;2018;小说改;日本;种崎敦美;石川界人;増井壮一;日常;治愈;后宫;搞笑;青春猪头少年系列;鸭志田一;2018年;增井壮一;横谷昌宏;科幻;纯爱;催泪;TＶ,樱岛麻衣;梓川咲太;双叶理央;梓川枫;古贺朋绘;丰滨和花;国见佑真;牧之原翔子;上里沙希;南条文香;广川卯月;桜島麻衣の母親
24,https://bgm.tv/subject/464376,败犬女主太多了！,2024-07-13,8,27258,https://lain.bgm.tv/pic/cover/l/e4/dc/464376_NsZRw.jpg,恋爱;校园;A-1Pictures;青春;轻小说改;2024年7月;败犬;搞笑;TV;轻改;2024;日常;小说改;日本;北村翔太郎;雨森たきび;党争;后宫;2024年;喜剧;恋爱喜剧;治愈;横谷昌宏;神作;败犬女主太多了;成长;远野光;动画;可惜学姐剧情被删除一点！;季番,温水和彦;八奈见杏菜;烧盐柠檬;小鞠知花;温水佳树;朝云千早;志喜屋梦子;马剃天爱星;放虎原云雀;姬宫华恋;月之木古都;甘夏古奈美
25,https://bgm.tv/subject/54433,我的青春恋爱物语果然有问题,2013-04-04,7.5,24010,https://lain.bgm.tv/pic/cover/l/1e/f1/54433_JZ99l.jpg,恋爱;轻小说改;校园;我的青春恋爱物语果然有问题;2013年4月;大老师;TV;BrainsBase;2013;早见纱织;轻改;青春;小说改;悠木碧;日本;日常;党争;后宫;渡航;小松未可子;东山奈央;搞笑;吉村爱;吉村愛;春物;2013年;早见沙织;江口拓也;菅正太郎;やなぎなぎ,比企谷八幡;雪之下雪乃;由比滨结衣;户冢彩加;材木座义辉;比企谷小町;平冢静;雪之下阳乃;叶山隼人;三浦优美子;海老名姫菜;川崎沙希
26,https://bgm.tv/subject/309311,赛博浪客,2022-09-13,8.3,26321,https://lain.bgm.tv/pic/cover/l/39/83/309311_dJU58.jpg,赛博朋克;TRIGGER;原创;今石洋之;科幻;Netflix;扳机社;游戏改;2022;战斗;2022年10月;TV;WEB;吉成曜;日本;2022年9月;恋爱;热血;催泪;致郁;神作;2022年;2022年7月;反乌托邦;血腥;悲剧;悠木碧;五十岚海;大塚雅彦;剧情,大卫･马丁内斯;露西;曼因;丽贝卡;琦薇;多莉欧;皮拉;法尔科;法拉第;亚当·重锤;葛洛莉亚･马丁内斯;义体医生
27,https://bgm.tv/subject/135275,为美好的世界献上祝福！,2016-01-13,7.7,22870,https://lain.bgm.tv/pic/cover/l/56/de/135275_G3liq.jpg,搞笑;轻小说改;异世界;2016年1月;为美好的世界献上祝福;穿越;TV;后宫;studiodeen;逗比;2016;轻改;奇幻;小说改;日本;STUDIO_DEEN;日常;战斗;金﨑貴臣;金崎贵臣;冒险;暁なつめ;高桥李依;雨宫天;素晴;2016年;为美好的世界献上祝福！;喜剧;智障;茅野爱衣,佐藤和真;阿克娅;惠惠;达克妮斯;克莉丝;厄里斯;维斯;露娜;贝尔迪亚;御剑响夜;粗暴者;达斯特
28,https://bgm.tv/subject/140001,Re：从零开始的异世界生活,2016-04-03,7.4,23724,https://lain.bgm.tv/pic/cover/l/cb/78/140001_Ew1mo.jpg,轻小说改;异世界;2016年4月;穿越;WHITEFOX;Re:从零开始异世界生活;奇幻;TV;轻改;轮回;2016;战斗;小说改;小林裕介;恋爱;日本;中村悠一;后宫;2016年四月番;渡边政治;長月達平;渡邊政治;高桥李依;热血;悬疑;2016年;冒险;剧情;re0;半年番,菜月昴;艾米莉娅;蕾姆;拉姆;碧翠丝;帕克;菲鲁特;莱茵哈鲁特·梵·阿斯特雷亚;艾尔莎·葛兰希尔黛;罗兹瓦尔·L·梅札斯;普莉希拉·跋利耶尔;阿尔德巴兰
29,https://bgm.tv/subject/927,秒速5厘米,2007-03-03,7.9,24829,https://lain.bgm.tv/pic/cover/l/1f/44/927_J2Q9a.jpg,新海诚;剧场版;爱情;催泪;秒速5cm;2007;恋爱;秒速5センチメートル;原创;秒速5厘米;浪漫;泪腺崩坏;神作;天门;CoMixWave;好歌;日本;生活;动画电影;青春;CoMixWaveFilms;新海誠;愛情小品;治愈;2007年;致郁;2007年3月;电影;人生;校园,远野贵树;篠原明里;澄田花苗;水野理纱;卓比
30,https://bgm.tv/subject/2585,某科学的超电磁炮,2009-10-02,7.5,22928,https://lain.bgm.tv/pic/cover/l/36/e7/2585_pn2eP.jpg,J.C.STAFF;炮姐;超电磁炮;百合;御坂美琴;2009年10月;TV;战斗;bilibili;漫画改;2009;黑子;魔法禁书目录;科学超电磁炮;校园;科幻;傲娇娘;漫改;日本;日常;奇幻;长井龙雪;超能力;轻小说改;某科学的超电磁炮;姐控;轻改;長井龍雪;轻百合;热血,御坂美琴;白井黑子;初春饰利;佐天泪子;上条当麻;婚后光子;铁装缀里;湾内绢保;泡浮万彬;固法美伟;宿管;重福省帆
31,https://bgm.tv/subject/3774,轻音少女 第二季,2010-04-06,8.4,24435,https://lain.bgm.tv/pic/cover/l/73/f1/3774_hs9Fr.jpg,京阿尼;校园;萌;K-ON!;治愈;日常;2010年4月;轻音;TV;K-on!2;漫画改;音乐;山田尚子;2010;けいおん！！;百合;漫改;京都动画;日本;K-ON!!;芳文社;轻音少女2;轻音少女;乐队;废萌;轻百合;青春;搞笑;京都アニメーション;京都,平泽唯;秋山澪;田井中律;琴吹紬;中野梓;放学后TEA TIME;山中佐和子;真锅和;平泽忧;けいおん部;铃木纯;田井中聪
32,https://bgm.tv/subject/179949,小林家的龙女仆,2017-01-11,7.4,22353,https://lain.bgm.tv/pic/cover/l/e9/15/179949_c2j50.jpg,京阿尼;日常;搞笑;百合;2017年1月;漫画改;TV;小林家的妹抖龙;京都动画;武本康弘;2017;漫改;萌;萌系;日本;京都;萌豚;治愈;奇幻;轻百合;京都アニメーション;小林家的龙女仆;2017年;门胁未来;废萌;喜剧;山田由香;轻百;田村睦心;女仆,小林小姐;托尔;康娜卡姆依;艾露玛;露科亚;法夫纳;泷谷真;才川莉子;才川乔吉;真土翔太;笹木部;曾根
33,https://bgm.tv/subject/1773,死亡笔记,2006-10-04,8.4,25199,https://lain.bgm.tv/pic/cover/l/4a/be/1773_rldoC.jpg,推理;死亡笔记;小畑健;MADHouse;智斗;TV;2006;犯罪学;新世界的神;漫画改;悬疑;L;心理学;宫野真守;小册子到人间;2006年10月;漫改;日本;荒木哲郎;死了都要写;死亡小册子;神作;犯罪;月L生死恋;基拉;奇幻;剧情;山口胜平;心理;大场鸫,夜神月;L;琉克;弥海砂;尼亚;梅洛;魅上照;高田清美;雷姆;希多;渡;夜神总一郎
34,https://bgm.tv/subject/263750,进击的巨人 第三季 Part.2,2019-04-28,8.7,22906,https://lain.bgm.tv/pic/cover/l/c2/56/263750_56TBs.jpg,进击的巨人;WITSTUDIO;热血;战斗;漫画改;2019年4月;泽野弘之;TV;漫改;神作;2019;荒木哲郎;奇幻;续作;日本;神谷浩史;梶裕贵;肥塚正史;剧情;战争;谏山创;悬疑;2019年;小林靖子;WIT_STUDIO;肥冢正史;猎奇;燃;澤野弘之;日漫,艾伦·耶格尔;三笠·阿克曼;阿明·阿诺德;利威尔;让·基尔休坦;克里斯塔·连兹;柯尼·史普林格;莱纳·布朗;韩吉·佐伊;吉克·耶格尔;格里夏·耶格尔;艾尔文·史密斯
35,https://bgm.tv/subject/325585,无职转生～到了异世界就拿出真本事～ 第2部分,2021-10-03,8.3,23939,https://lain.bgm.tv/pic/cover/l/60/4d/325585_tfU01.jpg,异世界;轻小说改;奇幻;2021年10月;冒险;StudioBind;后宫;TV;穿越;战斗;轻改;2021;小说改;续作;冈本学;日本;日本动画;无职转生;岡本学;2021年7月;神作;成长;恋爱;2021年;转生;热血;亲情;魔法;治愈;スタジオバインド,鲁迪乌斯·格雷拉特;希露菲叶特·格雷拉特;艾莉丝·格雷拉特;洛琪希·米格路迪亚·格雷拉特;保罗·格雷拉特;莉莉娅·格雷拉特;瑞杰路德·斯佩路迪亚;前世之男;塞伦特·赛文斯塔;基列奴・泰德路迪亚;爱莎·格雷拉特;诺伦·格雷拉特
36,https://bgm.tv/subject/329906,间谍过家家,2022-04-09,7.2,23017,https://lain.bgm.tv/pic/cover/l/de/4a/329906_hmtVD.jpg,搞笑;日常;WITSTUDIO;家庭喜剧;CloverWorks;漫画改;2022年4月;TV;漫改;2022;治愈;古桥一浩;日本;远藤达哉;间谍过家家;战斗;古橋一浩;家庭;喜剧;2022年;恋爱;萌;早见沙织;校园;种崎敦美;亲情;WIT_STUDIO;间谍;超能力;日漫,劳埃德·福杰;约尔・福杰;阿尼亚·福杰;达米安·德斯蒙;邦德·福杰;贝琪·布莱克贝尔;亨利·亨德森;尤里·布莱尔;弗兰基·弗兰克林;席尔薇亚·薛伍德;多诺万·德斯蒙;卡蜜拉
37,https://bgm.tv/subject/317613,辉夜大小姐想让我告白-超级浪漫-,2022-04-08,8.3,22944,https://lain.bgm.tv/pic/cover/l/cf/9c/317613_bpGX4.jpg,恋爱;搞笑;校园;A-1Pictures;漫画改;2022年4月;TV;日常;漫改;青春;2022;有望打破bangumi恋爱喜剧评分上限的动画;日本;畠山守;小俣真一;辉夜大小姐想让我告白;续作;喜剧;神作;赤坂明;赤坂アカ;2022年;恋爱喜剧;辉夜大小姐;狗粮;辉夜;纯爱;輝夜姬想讓人告白;智斗;季番,四宫辉夜;白银御行;藤原千花;石上优;伊井野弥子;早坂爱;柏木渚;大佛小钵;田沼翼;四条真妃;白银圭;子安燕
38,https://bgm.tv/subject/118335,进击的巨人 第二季,2017-04-01,8.1,21473,https://lain.bgm.tv/pic/cover/l/0e/ca/212293_J3Bv5.jpg,进击的巨人;热血;WITSTUDIO;战斗;漫画改;2017年4月;TV;泽野弘之;漫改;2017;奇幻;荒木哲郎;ProductionI.G;续作;日本;肥塚正史;神作;剧情;第2期;悬疑;2017年;猎奇;神谷浩史;谏山创;梶裕贵;小林靖子;燃;Production.I.G;战争;WIT_STUDIO,艾伦·耶格尔;三笠·阿克曼;阿明·阿诺德;利威尔;让·基尔休坦;克里斯塔·连兹;柯尼·史普林格;莱纳·布朗;韩吉·佐伊;吉克·耶格尔;卡尔菈·耶格尔;贝尔托特·胡佛
39,https://bgm.tv/subject/100444,四月是你的谎言,2014-10-09,8,23141,https://lain.bgm.tv/pic/cover/l/ec/c7/100444_96r3J.jpg,恋爱;音乐;A-1Pictures;治愈;青春;催泪;四月は君の嘘;2014年10月;漫画改;TV;2014;校园;漫改;花江夏樹;noitaminA;日本;逢坂良太;石黑恭平;致郁;横山克;梶裕貴;四月是你的谎言;神作;2014年;种田梨沙;日常;成长;イシグロキョウヘイ;励志;A-1,有马公生;宫园薰;泽部椿;渡亮太;相座武士;井川绘见;有马早希;相座凪;濑户纮子;三池俊也;柏木奈绪;市立墨谷中学校
40,https://bgm.tv/subject/245665,鬼灭之刃,2019-04-06,7.3,21391,https://lain.bgm.tv/pic/cover/l/9d/d1/245665_5an54.jpg,热血;战斗;ufotable;漫改;2019年4月;鬼灭之刃;TV;漫画改;JUMP;2019;奇幻;梶浦由记;日本;外崎春雄;椎名豪;搞笑;2019年;冒险;燃;日本动画;日漫;花江夏树;半年番;梶浦由記;剧情;吾峠呼世晴;鬼头明里;下野紘;治愈;松冈祯丞,灶门炭治郎;灶门祢豆子;我妻善逸;嘴平伊之助;富冈义勇;鳞泷左近次;锖兔;真菰;产屋敷彼方;产屋敷辉利哉;天王寺松卫门;钢铁冢萤
41,https://bgm.tv/subject/1851,天使的心跳！,2010-04-02,7.6,23170,https://lain.bgm.tv/pic/cover/l/ff/14/1851_ZFEg7.jpg,麻枝准;key;AngleBeats!;P.A.WORKS;原创;2010年4月;TV;治愈;催泪;2010;校园;神谷浩史;花泽香菜;奇幻;香菜;伪团长;死后的团长;恋爱;AB;日本;殴打天使;搞笑;岸诚二;战斗;Angel;岸誠二;日常;2010年;麻麻麻麻麻麻麻枝准;Beats,音无结弦;仲村由理;立华奏;日向秀树;芳冈由依;岩泽雅美;直井文人;渊田久子;入江美雪;关根诗织;高松;野田
42,https://bgm.tv/subject/1671,化物语,2009-07-03,8.4,24566,https://lain.bgm.tv/pic/cover/l/64/7c/1671_vQ2W9.jpg,新房昭之;西尾维新;化物语;SHAFT;荡漾;2009年7月;TV;战场原大人;花泽香菜;神谷浩史;2009;轻小说改;奇幻;物语系列;订书机;毒舌;小说改;吐槽神;斉藤千和;后宫;轻改;恋爱;日本;校园;物语;吐槽;神作;小裤裤特写;神前晓;搞笑,阿良良木历;战场原黑仪;八九寺真宵;神原骏河;千石抚子;羽川翼;黑羽川;忍野忍;忍野咩咩;阿良良木火怜;阿良良木月火;战场原的父亲
43,https://bgm.tv/subject/1428,钢之炼金术师 FULLMETAL ALCHEMIST,2009-04-05,8.8,24479,https://lain.bgm.tv/pic/cover/l/06/63/1428_xwkMI.jpg,钢之炼金术师;BONES;骨头社;热血;漫画改;等价交换;钢炼;TV;2009年4月;2009;FA;战斗;神作;漫改;豆丁;奇幻;砍掉重炼;日本;2009年4月番;鋼煉;入江泰浩;荒川弘;砍掉重练;经典;少年向;炼金术;剧情;钉宫理惠;朴璐美;2009年,爱德华·艾尔利克;阿尔芬斯·艾尔利克;温莉·洛克贝尔;罗伊·马斯坦古;莉莎·霍克艾;亚历克斯·路易斯·阿姆斯壮;马斯·休斯;拉丝特;格拉托尼;恩维;斯卡(刀疤);皮纳可·洛克贝尔
44,https://bgm.tv/subject/3375,凉宫春日的消失,2010-02-06,8.7,24135,https://lain.bgm.tv/pic/cover/l/9b/9b/3375_33BCV.jpg,京阿尼;剧场版;凉宫春日;大萌神;凉宫春日的消失;轻小说改;长门有希;2010;校园;谷川流;石原立也;囧虚;小说改;武本康弘;轻小说;京都动画;轻改;凉宫春日的忧郁;奇幻;日本;神作;剧场;科幻;日常;消失;京都アニメーション;恋爱;青春;2010年;2010年2月,阿虚;长门有希;凉宫春日;朝比奈实玖瑠;古泉一树;朝仓凉子;让世界变得更热闹的凉宫春日的团;鶴屋学姐;谷口;国木田;虚妹;冈部
45,https://bgm.tv/subject/9912,日常,2011-04-02,8.5,25114,https://lain.bgm.tv/pic/cover/l/0e/14/9912_vHEd6.jpg,日常;京阿尼;搞笑;治愈;爆笑;电波;2011年4月;TV;石原立也;萌;2011;废萌;漫画改;校园;脑残;京都;笑到爆;京都动画;漫改;日本;四格;京都アニメーション;神作;花田十辉;四月番;百合;吐槽;2011年;半年番;花田十輝,相生祐子;长野原美绪;水上麻衣;东云名乃;博士;阪本先生;立花美里;笹原幸治郎;中之条刚;中之条的父亲;长野原佳乃;大工健三郎
46,https://bgm.tv/subject/217300,进击的巨人 第三季,2018-07-22,8.3,20427,https://lain.bgm.tv/pic/cover/l/18/86/217300_WGgTy.jpg,进击的巨人;WITSTUDIO;热血;战斗;漫画改;2018年7月;TV;澤野弘之;漫改;2018;奇幻;荒木哲郎;续作;日本;肥塚正史;泽野弘之;三期;神作;剧情;悬疑;2018年;战争;谏山创;猎奇;小林靖子;神谷浩史;WIT_STUDIO;肥冢正史;2018年4月;梶裕贵,艾伦·耶格尔;三笠·阿克曼;阿明·阿诺德;利威尔;让·基尔休坦;亚妮·雷恩哈特;莎夏·布劳斯;克里斯塔·连兹;柯尼·史普林格;莱纳·布朗;贝尔托特·胡佛;尤弥尔
47,https://bgm.tv/subject/127563,一拳超人,2015-10-04,8,21464,https://lain.bgm.tv/pic/cover/l/8c/a2/127563_nl66u.jpg,热血;MADHouse;搞笑;战斗;一拳超人;漫画改;2015年10月;TV;漫改;2015;夏目真悟;日本;ONE;石川界人;梶裕貴;悠木碧;古川慎;奇幻;作画;燃;龙傲天;2015年;超能力;神作;日本动画;村田雄介;鈴木智尋;动作;动画;铃木智寻,埼玉;杰诺斯;KING;地狱的吹雪;音速的索尼克;战栗的龙卷;银色獠牙;原子武士;假面帅哥甜心假面;装甲猩猩;波罗斯;性感囚犯
48,https://bgm.tv/subject/24790,男子高中生的日常,2012-01-09,7.9,22457,https://lain.bgm.tv/pic/cover/l/c5/73/24790_4wdXB.jpg,搞笑;吐槽;男子高中的日常;日常;SUNRISE;2012年1月;TV;杉田智和;漫画改;校园;2012;吐槽向;铃村健一;吐槽帝再现;漫改;入野自由;喜剧;高松信司;日本;三癞子;青春;新番;银桑;2012年;爆笑;石田彰;男子高中生的日常;文学少女;山内泰延;动画,忠邦;田畑秀则;田中吉竹;文学少女;忠邦之妹;小苹果;元治;唐泽俊之;会长;副会長;奈古さん;柳人
49,https://bgm.tv/subject/100449,月刊少女野崎君,2014-07-06,7.8,22050,https://lain.bgm.tv/pic/cover/l/a0/20/100449_d101j.jpg,搞笑;动画工房;漫画改;2014年7月;恋爱;校园;纯爱;TV;月刊少女野崎君;2014;萌;漫改;中村悠一;動画工房;泽城美雪;日常;少女向;日本;木村良平;山﨑みつえ;青春;小野友樹;少女;山崎光惠;治愈;小泽亚李;2014年;喜剧;中村能子;冈本信彦,野崎梅太郎;佐仓千代;御子柴实琴;堀政行;鹿岛游;若松博隆;濑尾结月;宫前剑;前野蜜也;都由香里;麻美子;铃木三郎
50,https://bgm.tv/subject/431767,少女乐队的呐喊,2024-04-05,7.6,23971,https://lain.bgm.tv/pic/cover/l/75/c1/431767_bX7FZ.jpg,乐队;原创;音乐;2024年4月;花田十辉;东映动画;3D;百合;TV;2024;東映アニメーション;东映;日本;青春;酒井和男;轻百合;励志;无法预测的命运之舞台;搞笑;少女乐队;日常;摇滚;偶像;热血;2024年;轻百;治愈;花田十輝;神作;gbc,井芹仁菜;河原木桃香;安和昴;卢帕;海老冢智;雏;ナナ;リン;アイ;キョーコ;革ジャン;ミネ
51,https://bgm.tv/subject/183878,紫罗兰永恒花园,2018-01-10,7.6,22030,https://lain.bgm.tv/pic/cover/l/1e/e2/183878_Fef1o.jpg,京阿尼;轻小说改;紫罗兰永恒花园;治愈;2018年1月;TV;京都动画;奇幻;2018;石立太一;轻改;日常;小说改;京都アニメーション;日本;催泪;文库唯一大赏;恋爱;吉田玲子;2018年;单元剧;石川由依;战争;京都;神作;成长;子安武人;剧情;人类圣经;季番,薇尔莉特·伊芙加登;基尔伯特·布甘比利亚;克劳迪亚·霍金斯;嘉德丽雅·波德莱尔;贝内迪克特·布卢;艾丽卡·布朗;爱丽丝·卡娜莉;蒂法尼·伊芙加登;奥利弗;莉莉安;内丽内;迪特福利特·布甘比利亚
52,https://bgm.tv/subject/6049,新世纪福音战士剧场版 Air/真心为你,1997-07-19,8.9,21498,https://lain.bgm.tv/pic/cover/l/fe/45/6049_zy52O.jpg,EVA;庵野秀明;剧场版;GAINAX;科幻;补完;神作;1997;原创;GANAIX;死光光;机战;猎奇;贞本义行;萝卜;日本;新世纪福音战士;战斗;宗教;Otaku;意识流;鹤卷和哉;心理;ProductionI.G;Production.I.G;1997年7月;鶴巻和哉;经典;1997年;鷺巣詩郎,碇真嗣;绫波零;惣流·明日香·兰格雷;葛城美里;赤木律子;伊吹摩耶;冬月耕造;日向诚;青叶茂;SEELE;碇源堂;基路·洛仑兹
53,https://bgm.tv/subject/120925,夏洛特,2015-07-04,6.4,19918,https://lain.bgm.tv/pic/cover/l/9b/d6/120925_Zp040.jpg,麻枝准;P.A.WORKS;原创;校园;2015年7月;key;超能力;TV;奇幻;Charlotte;恋爱;2015;夏洛特;日本;大魔王;原创动画;战斗;催泪;治愈;业界良心;日常;搞笑;浅井義之;2015年;佐仓绫音;浅井义之;烂尾;PA;动画;青春,乙坂有宇;友利奈绪;高城丈士朗;西森柚咲;乙坂步未;黑羽美砂;白柳弓;三岛;杉本;有动;大村佳之;友利一希
54,https://bgm.tv/subject/172498,埃罗芒阿老师,2017-04-08,6.6,19005,https://lain.bgm.tv/pic/cover/l/87/bf/172498_wfm40.jpg,妹控;A-1Pictures;轻小说改;2017年4月;后宫;恋爱;TV;伏见司;搞笑;我的妹妹是黄漫老师;轻改;2017;日常;埃罗芒阿老师;小说改;日本;竹下良平;萌;妹妹;A-1_Pictures;兄妹;2017年;校园;入宅作;妹系;党争;妹;萝莉;喜剧;松冈祯丞,和泉正宗;和泉纱雾;山田妖精;千寿村征;神野恵;高砂智惠;神乐坂菖蒲;狮童国光;山田克里斯;初代·埃罗芒阿老师;夏娜;逢坂大河
55,https://bgm.tv/subject/793,Code Geass 反叛的鲁路修,2006-10-05,8.3,21947,https://lain.bgm.tv/pic/cover/l/da/8c/793_3y432.jpg,鲁鲁修;SUNRISE;コードギアス反逆のルルーシュ;TV;福山润;codegeass;原创;2006;CC;妹控;一个极端的妹控;机战;谷口悟朗;战斗;死妹控;2006年10月;大河内一楼;萝卜;科幻;日本;神作;智斗;露露羞;战争;CLAMP;反逆のルルーシュ;热血;中二;奇幻;剧情,鲁路修·兰佩路基;枢木朱雀;C.C.;红月华莲;娜娜莉·兰佩路基;夏莉·菲内特;米蕾·阿什弗德;拉克夏塔·恰拉;克洛维斯·La·布里塔尼亚;筱崎咲世子;利瓦尔·卡路迪蒙特;维蕾塔·努
56,https://bgm.tv/subject/100403,路人女主的养成方法,2015-01-08,7.2,19775,https://lain.bgm.tv/pic/cover/l/6b/01/100403_R8KN2.jpg,轻小说改;A-1Pictures;后宫;丸户史明;2015年1月;校园;路人女主的养成方法;TV;恋爱;深崎暮人;2015;轻改;松冈祯丞;小说改;日本;党争;noitaminA;日常;搞笑;青春;龟井干太;亀井幹太;2015年;茅野爱衣;丸戸史明;萌;A-1_Pictures;加藤惠;圣人惠;A-1,安艺伦也;泽村・史宾瑟・英梨梨;霞之丘诗羽;加藤惠;冰堂美智留;波岛出海;波岛伊织;泽村小百合;町田苑子;水原叡智佳;姬川时乃;森丘蓝子
57,https://bgm.tv/subject/102134,我的青春恋爱物语果然有问题 续,2015-04-02,7.4,18976,https://lain.bgm.tv/pic/cover/l/1e/ef/102134_luzUc.jpg,恋爱;轻小说改;校园;我的青春恋爱物语果然有问题;2015年4月;大老师;Feel.;TV;2015;轻改;早见沙织;东山奈央;后宫;小说改;青春;日本;党争;日常;及川啓;渡航;续作;及川启;2015年;春物;搞笑;佐仓绫音;菅正太郎;江口拓也;悠木碧;第二季,比企谷八幡;雪之下雪乃;由比滨结衣;一色彩羽;比企谷小町;户冢彩加;叶山隼人;三浦优美子;海老名姫菜;川崎沙希;户部翔;材木座义辉
58,https://bgm.tv/subject/95225,Fate/stay night [Unlimited Blade Works],2014-10-04,7.5,19593,https://lain.bgm.tv/pic/cover/l/e1/5a/95225_nuqNt.jpg,Type-Moon;ufotable;Fate;2014年10月;游戏改;战斗;TV;UBW;FateStayNight;奇幻;GAL改;2014;热血;日本;三浦貴博;fsn;恋爱;三浦贵博;2014年;奈須きのこ;奈须蘑菇;小山力也;植田佳奈;远坂凛;游改;魔法;Saber;川澄绫子;期待;型月,阿尔托莉雅·潘德拉贡;卫宫士郎;卫宫;远坂凛;吉尔伽美什;间桐樱;美狄亚;伊莉雅斯菲尔·冯·爱因兹贝伦;间桐慎二;言峰绮礼;塞拉;藤村大河
59,https://bgm.tv/subject/174043,为美好的世界献上祝福！ 第二季,2017-01-11,7.7,18696,https://lain.bgm.tv/pic/cover/l/53/e6/174043_Mt8Xb.jpg,搞笑;异世界;轻小说改;2017年1月;为美好的世界献上祝福！;TV;后宫;studiodeen;奇幻;轻改;2017;雨宮天;小说改;高桥李依;第二季;日本;穿越;日常;战斗;续作;为美好的世界献上祝福;冒险;金崎贵臣;金﨑貴臣;STUDIO_DEEN;2017年;逗比;素晴;雨宫天;喜剧,佐藤和真;阿克娅;惠惠;达克妮斯;克莉丝;厄里斯;维斯;芸芸;露娜;小米;御剑响夜;瑟娜
60,https://bgm.tv/subject/115908,吹响吧！上低音号,2015-04-07,8.3,21923,https://lain.bgm.tv/pic/cover/l/37/df/115908_c0uQj.jpg,京阿尼;音乐;校园;轻小说改;2015年4月;百合;石原立也;TV;京都动画;2015;山田尚子;青春;花田十辉;小说改;吹响！次中音号;轻改;日本;励志;日常;京都アニメーション;京アニ;京都;治愈;京吹;轻百合;吹响！悠风号;社团;2015年;花田十輝;恋爱,黄前久美子;加藤叶月;川岛绿辉;高坂丽奈;田中明日香;小笠原晴香;中世古香织;中川夏纪;吉川优子;黄前麻美子;松本美知惠;铠冢霙
61,https://bgm.tv/subject/187276,游戏人生 零,2017-07-15,8.2,19135,https://lain.bgm.tv/pic/cover/l/2b/93/187276_3TRqx.jpg,剧场版;游戏人生;MADHouse;轻小说改;奇幻;催泪;2017;2017年7月;异世界;战斗;轻改;茅野爱衣;松冈祯丞;小说改;榎宮祐;日本;恋爱;NGNL;智斗;石塚敦子;花田十辉;2017年;神作;热血;治愈;No_Game_No_Life;いしづかあつこ;搞笑;花田十輝;游戏,里克;休比;空;白;克洛妮·多拉;吉普莉尔;侬娜·杰尔;辛克·尼尔巴连;初濑伊纲;特图;伊旺·杰尔;亚雷
62,https://bgm.tv/subject/110467,白箱,2014-10-09,8.7,22931,https://lain.bgm.tv/pic/cover/l/73/26/110467_Fx9tT.jpg,P.A.WORKS;原创;励志;白箱;2014年10月;水岛努;动画制作;TV;青春;职场;2014;SHIROBAKO;原创动画;百合;横手美智子;日本;水島努;日常;神作;业界;治愈;科普;群像;吉田玲子;2014年;梦想;动画;半年番;热血;搞笑,宫森葵;安原绘麻;坂木静香;藤堂美沙;今井绿;武藏野动画股份公司;本田丰;高梨太郎;矢野艾莉卡;落合达也;渡边隼;小笠原纶子
63,https://bgm.tv/subject/43558,JOJO的奇妙冒险,2012-10-05,7.7,18435,https://lain.bgm.tv/pic/cover/l/23/5d/43558_ECoSc.jpg,JOJO的奇妙冒险;热血;荒木飞吕彦;漫画改;2012年10月;TV;战斗;JOJO;子安武人;2012;漫改;david_production;奇幻;神作;davidproduction;杉田智和;日本;津田尚克;智斗;david.production;漫画改编;冒险;搞笑;JUMP;燃;2012年;大卫社;小林靖子;岩崎琢;荒木飛呂彦,乔纳森·乔斯达;迪奥·布兰多;乔瑟夫·乔斯达;西撒·安东尼奥·齐佩利;艾莉娜·班魯多;莉莎莉莎;罗伯特·E·O·史比特瓦根;威廉·A·齐佩利;史特雷;鲁德尔·冯·修特罗海姆;艾斯迪斯;波克
64,https://bgm.tv/subject/109386,Fate/stay night [Unlimited Blade Works] 第二季,2015-04-04,7.5,18495,https://lain.bgm.tv/pic/cover/l/b2/e7/109386_q20wy.jpg,Type-Moon;Fate;ufotable;战斗;游戏改;2015年4月;TV;奇幻;UBW;GAL改;2015;蘑菇;热血;日本;游戏改编;2015年;恋爱;三浦貴博;三浦贵博;动画;奈须蘑菇;奈須きのこ;续作;FateStayNight;型月;植田佳奈;游改;诹访部顺一;远坂凛;深澤秀行,阿尔托莉雅·潘德拉贡;卫宫士郎;卫宫;远坂凛;吉尔伽美什;伊莉雅斯菲尔·冯·爱因兹贝伦;间桐慎二;言峰绮礼;库·丘林;美狄亚;赫拉克勒斯;葛木宗一郎
65,https://bgm.tv/subject/325285,奇巧计程车,2021-04-05,8.5,21305,https://lain.bgm.tv/pic/cover/l/65/90/325285_4688X.jpg,原创;悬疑;群像;2021年4月;TV;剧情;推理;P.I.C.S.;动物;2021;OLM;木下麦;神作;日本;此元和津也;日本动画;木村良平;2021年;奇巧计程车;都市;奇幻;无法预测的命运之舞台;日常;治愈;季番;furry;飯田理恵;2020s;花江夏树;TVA,小户川宏;白川美保;刚力步;柿花英二;二阶堂瑠衣;市村志帆;三矢雪;山本冬树;大门坚志朗;大门幸志朗;柴垣健介;马场敦也
66,https://bgm.tv/subject/386809,【我推的孩子】,2023-04-12,7.4,20794,https://lain.bgm.tv/pic/cover/l/98/5e/386809_1yR81.jpg,动画工房;偶像;2023年4月;漫画改;赤坂明;恋爱;悬疑;TV;漫改;2023;转生;平牧大辅;動画工房;日本;田中仁;平牧大輔;党争;我推的孩子;复仇;平山宽菜;职场;搞笑;日常;校园;2023年;奇幻;后宫;高桥李依;赤坂アカ;青年向,阿库亚 / 星野爱久爱海;露比 / 星野瑠美衣;星野爱;有马加奈;黑川茜;MEM啾;斋藤壹护;斋藤京子;五反田泰志;鹫见夕雪;熊野信行;森本剑吾
67,https://bgm.tv/subject/235130,碧蓝之海,2018-07-13,7.9,17696,https://lain.bgm.tv/pic/cover/l/1f/13/235130_suy3s.jpg,搞笑;颜艺;漫画改;2018年7月;A-1Pictures;TV;日常;碧蓝之海;漫改;爆笑;校园;2018;潜水动画（迫真）;ZERO-G;高松信司;日本;青春;青年向;恋爱;运动;沙雕;内田雄馬;潜水;井上坚二;喜剧;2018年;社团;神作;井上堅二;木村良平,北原伊织;古手川千纱;今村耕平;吉原爱菜;时田信治;寿龙次郎;古手川奈奈华;滨冈梓;野岛元;山本真一郎;御手洗优;藤原健太
68,https://bgm.tv/subject/1606,凉宫春日的忧郁 2009,2009-04-02,8,19769,https://lain.bgm.tv/pic/cover/l/49/5d/1606_64k44.jpg,京阿尼;漫无止境的八月;凉宫春日;TV;SOS团;轻小说改;校园;2009年4月;平野绫;2009;团长;吐槽;杉田智和;小说改;轻改;京都动画;日常;奇幻;武本康弘;凉宫春日和她愉快的伙伴们;日本;轻小说;石原立也;搞笑;第二季;科幻;凉宫春日的忧郁;青春;京都アニメーション;谷川流,阿虚;凉宫春日;长门有希;朝比奈实玖瑠;古泉一树;让世界变得更热闹的凉宫春日的团;鶴屋学姐;谷口;国木田;朝仓凉子;虚妹;喜绿江美里
69,https://bgm.tv/subject/326895,夏日重现,2022-04-14,7.5,20000,https://lain.bgm.tv/pic/cover/l/d9/f5/326895_j1S2n.jpg,悬疑;轮回;漫画改;2022年4月;奇幻;TV;战斗;漫改;OLM;2022;智斗;夏日重现;渡边步;濑古浩司;日本;恋爱;渡辺歩;日本动画;推理;2022年;剧情;热血;半年番;穿越;田中靖規;神作;瀬古浩司;花江夏树;纯爱;追番,网代慎平;小舟潮;小舟澪;南方日鹤;根津银次郎;菱形窗;菱形朱鹭子;菱形青铜;小舟艾伦;凸村哲;雁切真砂人;小早川诗织
70,https://bgm.tv/subject/269235,天气之子,2019-07-19,7.1,18766,https://lain.bgm.tv/pic/cover/l/00/e8/269235_Dg6gZ.jpg,新海诚;剧场版;恋爱;原创;2019;奇幻;动画电影;CoMixWave;新海誠;青春;田中将賀;2019年7月;日本;映画;CoMix_Wave_Films;2019年;CoMixWaveFilms;治愈;电影;世界系;天气之子;爱情;radwimps;催泪;田中将贺;纯爱;超能力;日本动画;日常;动画,天野阳菜;森岛帆高;須贺圭介;须贺夏美;立花富美;天野凪;安井;高井高司;花泽香菜;佐仓绫音;雨;木村
71,https://bgm.tv/subject/85631,JOJO的奇妙冒险 星尘斗士,2014-04-04,8,17539,https://lain.bgm.tv/pic/cover/l/6b/c7/85631_Gi7oH.jpg,JOJO;JOJO的奇妙冒险;热血;漫画改;战斗;2014年4月;TV;2014;燃;学姿势;david.production;漫改;奇幻;davidproduction;津田尚克;荒木飞吕彦;日本;智斗;超能力系;david_production;冒险;搞笑;荒木飛呂彦;2014年;小林靖子;续作;JUMP;大卫社;神作;小野大辅,空条承太郎;乔瑟夫·乔斯达;穆罕默德·阿布德尔;花京院典明;迪奥·布兰多;让·皮埃尔·波鲁纳雷夫;绿色法皇;荷尔·荷斯;丝吉Q;妮娜;诅咒的迪波;蜜特拉
72,https://bgm.tv/subject/51928,某科学的超电磁炮S,2013-04-12,7.6,17821,https://lain.bgm.tv/pic/cover/l/99/8c/51928_wuG5D.jpg,J.C.STAFF;炮姐;超电磁炮;2013年4月;百合;御坂美琴;校园;TV;战斗;轻小说改;漫画改;2013;黑子;长井龙雪;科幻;漫改;花泽香菜;魔法禁书目录;日本;超能力;某科学的超电磁炮;奇幻;轻改;日常;豊崎愛生;轻百合;续作;長井龍雪;热血;佐藤利奈,御坂美琴;白井黑子;初春饰利;佐天泪子;上条当麻;婚后光子;铁装缀里;湾内绢保;泡浮万彬;固法美伟;宿管;黄泉川爱穗
73,https://bgm.tv/subject/41488,樱花庄的宠物女孩,2012-10-08,7.4,18635,https://lain.bgm.tv/pic/cover/l/01/a2/41488_qw09G.jpg,J.C.STAFF;校园;樱花庄的宠物女孩;轻小说改;恋爱;治愈;2012年10月;TV;励志;茅野爱衣;2012;松冈祯丞;冈田麿里;轻改;小说改;轻小说;青春;日常;日本;鸭志田一;搞笑;石塚敦子;后宫;党争;2012十月番;岡田麿里;2012年;催泪;いしづかあつこ;鴨志田一,神田空太;椎名真白;青山七海;上井草美咲;三鷹仁;千石千寻;赤坂龙之介;丽塔·爱因兹沃斯;妹抖酱;深谷志穗;上井草风香;姬宫沙织
74,https://bgm.tv/subject/339326,异世界舅舅,2022-07-06,7.6,19217,https://lain.bgm.tv/pic/cover/l/1a/75/339326_v466V.jpg,搞笑;异世界;2022年7月;漫画改;奇幻;子安武人;TV;日常;AtelierPontdarc;反套路;漫改;2022;穿越;后宫;日本;河合滋樹;战斗;恋爱;傲娇;颜艺;河合滋树;2022年;猪原健太;喜剧;异世界舅舅;悠木碧;冒险;户松遥;福山润;Atelier_Pontdarc,舅舅;敬文;藤宫;苏翠路奇拉泽加鲁涅尔鲁蕾娅阿格兰泽尔加·艾尔加;梅贝尔;爱利希雅;艾德加;莱卡;泽江;藤宫千秋;リカルド＝マークフェルド;ミラー＝グレイラー
75,https://bgm.tv/subject/113292,JOJO的奇妙冒险 星尘斗士 埃及篇,2015-01-09,8.2,17672,https://lain.bgm.tv/pic/cover/l/1b/e9/113292_z4z21.jpg,JOJO的奇妙冒险;荒木飞吕彦;热血;JOJO;漫画改;战斗;TV;2015年1月;2015;学姿势;david.production;漫改;奇幻;davidproduction;日本;津田尚克;智斗;david_production;冒险;搞笑;燃;续作;子安武人;小林靖子;大卫社;JUMP;2015年;小野大辅;神作;荒木飛呂彦,空条承太郎;乔瑟夫·乔斯达;穆罕默德·阿布德尔;花京院典明;伊奇;迪奥·布兰多;让·皮埃尔·波鲁纳雷夫;绿色法皇;丹尼尔·J·达比;恰卡;荷尔·荷斯;丝吉Q
76,https://bgm.tv/subject/604826,超时空辉夜姬！,2026-01-22,8.1,20452,https://lain.bgm.tv/pic/cover/l/f6/0f/604826_2XWRN.jpg,百合;剧场版;原创;音乐;科幻;奇幻;2026年1月;日本;山下清悟;2026;WEB;STUDIOCHROMATO;网飞;StudioColorido;Netflix;恋爱;治愈;战斗;搞笑;动画电影;早見沙織;偶像;日常;电影;2026年;早见沙织;轻百合;夏吉优子;入野自由;青春,酒寄彩叶;辉夜;月见八千代;不死;帝晃;驹泽乃依;驹泽雷;绫䌷芦花;谏山真实;忠犬宅公;乙事照琴;犬DOGE
77,https://bgm.tv/subject/485,凉宫春日的忧郁,2006-04-02,8.2,18818,https://lain.bgm.tv/pic/cover/l/21/8a/485_Et062.jpg,京阿尼;涼宮ハルヒの憂鬱;SOS团;校园;团长;凉宫春日的忧郁;TV;吐槽;轻小说改;谷川流;2006;大萌神;凉宫春日;轻小说;2006年4月;杉田智和;小说改;石原立也;京都动画;轻改;日常;奇幻;萌神万岁;日本;搞笑;科幻;青春;平野绫;京都アニメーション;京都,阿虚;凉宫春日;长门有希;朝比奈实玖瑠;古泉一树;让世界变得更热闹的凉宫春日的团;鶴屋学姐;谷口;国木田;朝仓凉子;虚妹;喜绿江美里
78,https://bgm.tv/subject/216371,莉兹与青鸟,2018-04-21,8.6,19901,https://lain.bgm.tv/pic/cover/l/1d/35/216371_5926R.jpg,京阿尼;剧场版;百合;山田尚子;校园;音乐;京都动画;2018;轻小说改;青春;2018年4月;小说改;京都アニメーション;轻改;日本;治愈;吉田玲子;恋爱;京都;牛尾宪辅;神作;2018年;京吹;动画电影;日常;西屋太志;电影;牛尾憲輔;轻百合;东山奈央,铠冢霙;伞木希美;莉兹;少女;中川夏纪;吉川优子;桥本真博;新山聪美;剑崎梨梨花;黄前久美子;加藤叶月;川岛绿辉
79,https://bgm.tv/subject/364450,莉可丽丝,2022-07-02,6.3,19967,https://lain.bgm.tv/pic/cover/l/65/19/364450_xx2zx.jpg,原创;百合;A-1Pictures;战斗;2022年7月;TV;日常;2022;足立慎吾;无法预测的命运之舞台;安済知佳;若山詩音;日本;轻百合;A-1_Pictures;搞笑;枪战;烂尾;科幻;轻bg;2022年;JK;莉可丽丝;奇幻;恋爱;轻百;日本动画;枪械;校园;若山诗音,锦木千束;井之上泷奈;中原瑞希;胡桃;米卡;吉松真司;真岛;机器太;楠木;春川风希;乙女樱;蛇之目惠梨香
80,https://bgm.tv/subject/3302,福音战士新剧场版：破,2009-06-27,8.4,17818,https://lain.bgm.tv/pic/cover/l/6f/ab/3302_rEfZV.jpg,EVA;庵野秀明;剧场版;新剧场版;2009;GAINAX;原创;Khara;科幻;破;神作;机战;贞本义行;明日香;圈钱;真希波;日本;萝卜;2.22;新EVA;战斗;鹤卷和哉;摩砂雪;新世纪福音战士;2009年;2009年6月;剧场;鶴巻和哉;剧情;鷺巣詩郎,碇真嗣;绫波零;真希波·玛丽·伊兰崔亚斯;式波·明日香·兰格雷;葛城美里;赤木律子;伊吹摩耶;渚薰;Pen Pen;加持良治;冬月耕造;相田剑介
81,https://bgm.tv/subject/120187,干物妹！小埋,2015-07-08,6.8,16629,https://lain.bgm.tv/pic/cover/l/41/2c/120187_nXjYb.jpg,搞笑;日常;动画工房;2015年7月;萌;漫画改;TV;治愈;干物妹小埋;2015;漫改;干物妹;校园;太田雅彦;動画工房;日本;妹控;七月番;兄妹;萌系;百合;2015年;废萌;萌豚;干物妹！小埋;妹;喜剧;日本动画;TVA;妹妹,土间埋;土间大平;海老名菜菜;本场切绘;橘·希尔芬福特;本场猛;橘·亚力克斯;金刚叶;S.K.H;旁白
82,https://bgm.tv/subject/378862,别当欧尼酱了！,2023-01-05,7.6,18501,https://lain.bgm.tv/pic/cover/l/7e/ca/378862_24TnR.jpg,性转;日常;搞笑;百合;StudioBind;2023年1月;漫画改;TV;漫改;2023;老夫也好想变成女孩子和女孩子贴贴;萌系;藤井慎吾;日本;今村亮;轻百合;萌;治愈;校园;萝莉;横手美智子;萌豚;轻百;2023年;作画;一迅社;喜剧;废萌;变百;季番,绪山真寻;绪山哨;穗月枫;穗月椛;樱花朝日;室崎美夜;樱田悠太;千川凑;富士见音梦;伏见和香;椎名未祈;高田纱月
83,https://bgm.tv/subject/292970,魔女之旅,2020-10-02,7.2,16697,https://lain.bgm.tv/pic/cover/l/99/17/292970_mxMxx.jpg,轻小说改;百合;公路片;奇幻;魔法;2020年10月;旅行;TV;C2C;2020;治愈;轻改;小说改;本渡楓;日本;窪岡俊之;日常;轻百合;异世界;公路;魔女之旅;单元剧;魔女;冒险;洼冈俊之;2020年;白毛;萌;致郁;搞笑,伊蕾娜;芙兰;沙耶;艾姆妮西亚;席拉;米菈罗赛;艾赫米娅;维多利加;人偶店店主;瑟琳娜;艾丝黛儿;米娜
84,https://bgm.tv/subject/203526,来自深渊,2017-07-07,8.2,18773,https://lain.bgm.tv/pic/cover/l/f7/bf/203526_q2P6P.jpg,奇幻;漫画改;冒险;猎奇;2017年7月;来自深渊;TV;治愈;KINEMACITRUS;2017;漫改;致郁;小岛正幸;KINEMA_CITRUS;日本;小島正幸;战斗;青年向;神作;催泪;2017年;剧情;萌;KINEMA.CITRUS;异世界;倉田英之;正太;黄瀬和哉;仓田英之;公路片,莉可;雷格;娜娜奇;奥森;玛露露库;莱莎;米蒂;波多尔多;西奇;纳特;几维;吉鲁欧
85,https://bgm.tv/subject/72942,中二病也要谈恋爱！恋,2014-01-08,7,16122,https://lain.bgm.tv/pic/cover/l/c8/e4/72942_VniXv.jpg,京阿尼;恋爱;校园;中二病也要谈恋爱;2014年1月;轻小说改;TV;中二病;续作;2014;京都动画;萌;石原立也;中二;小说改;轻改;搞笑;日常;日本;京都;青春;花田十辉;京都アニメーション;2014年;治愈;福山润;内田真礼;纯爱;花田十輝;喜剧,富樫勇太;小鸟游六花;丹生谷森夏;五月七日枯茗;凸守早苗;七宫智音;奇美拉;琛朵;勇太的母亲;富樫樟叶;富樫梦叶;一色诚
86,https://bgm.tv/subject/321885,链锯人,2022-10-11,6.9,18580,https://lain.bgm.tv/pic/cover/l/26/b4/321885_92uzU.jpg,MAPPA;漫画改;藤本树;战斗;2022年10月;TV;奇幻;漫改;2022;JUMP;玛奇玛;热血;好想当玛奇玛小姐的狗啊;日本;尸体在说话;好耶;中山龙;猎奇;少年向;中山竜;血腥;电锯人;搞笑;2022年;牛尾宪辅;牛尾憲輔;瀬古浩司;濑古浩司;日本动画;又黄又暴力,电次;玛奇玛;早川秋;帕瓦;啵奇塔;姬野;岸边;东山小红;荒井博一;武士刀;泽渡茜;黑濑勇太郎
87,https://bgm.tv/subject/294993,咒术回战,2020-10-02,7.1,16739,https://lain.bgm.tv/pic/cover/l/60/fe/294993_JrrzK.jpg,战斗;MAPPA;热血;漫画改;2020年10月;TV;漫改;奇幻;少年jump;2020;JUMP;朴性厚;咒术回战;日本;瀬古浩司;日本动画;搞笑;内田雄馬;少年向;2020年;校园;中村悠一;濑古浩司;半年番;日漫;燃;2020秋;榎木淳弥;2020s;动画,虎杖悠仁;伏黑惠;钉崎野蔷薇;五条悟;两面宿傩;禅院真希;狗卷棘;熊猫;夜蛾正道;七海建人;家入硝子;伊地知洁高
88,https://bgm.tv/subject/8,Code Geass 反叛的鲁路修R2,2008-04-06,8.3,18334,https://lain.bgm.tv/pic/cover/l/c9/f0/8_wK0z3.jpg,叛逆的鲁鲁修;SUNRISE;TV;原创;反逆のルルーシュ;还是死妹控;妹控;2008;codegeass;谷口悟朗;机战;鲁路修;2008年4月;R2;战斗;大河内一楼;萝卜;科幻;日本;日升;福山润;神作;鲁鲁修;智斗;战争;狗得鸡鸭死;CLAMP;露露胸;中二;热血,鲁路修·兰佩路基;枢木朱雀;C.C.;红月华莲;罗洛·兰佩路基;娜娜莉·兰佩路基;夏莉·菲内特;米蕾·阿什弗德;拉克夏塔·恰拉;黎星刻;高亥;周香凛
89,https://bgm.tv/subject/5436,我的妹妹哪有这么可爱！,2010-10-03,7.1,17310,https://lain.bgm.tv/pic/cover/l/cf/8c/5436_MNxnb.jpg,俺妹;花泽香菜;我的妹妹不可能那么可爱;2010年10月;黑猫;TV;轻小说改;恋爱;竹达彩奈;2010;后宫;AIC;中村悠一;我家妹子才没这么软;我家黑猫不可能这么可爱;小说改;轻改;妹控;日常;校园;搞笑;日本;桐乃;妹妹;党争;A-1Pictures;伏见司;神戸洋行;妹系;十月番,高坂桐乃;高坂京介;五更琉璃;槙岛沙织;田村麻奈实;新垣绫濑;来栖加奈子;赤城浩平;赤城濑菜;三浦弦之介;高坂大介;高坂佳乃
90,https://bgm.tv/subject/158316,灵能百分百,2016-07-11,7.8,16739,https://lain.bgm.tv/pic/cover/l/2b/85/158316_gz1mM.jpg,BONES;漫画改;搞笑;热血;2016年7月;战斗;TV;灵能百分百;ONE;漫改;2016;奇幻;超能力;立川让;川井宪次;日本;樱井孝宏;龟田祥伦;立川譲;校园;治愈;骨头社;日常;成长;2016年;作画;细谷佳正;青春;瀬古浩司;川井憲次,影山茂夫;灵幻新隆;小酒窝;影山律;花泽辉气;鬼瓦天牙;米里一;暗田留;高岭蕾;太郎;花子;龙套的父亲
91,https://bgm.tv/subject/333158,更衣人偶坠入爱河,2022-01-08,7.2,16754,https://lain.bgm.tv/pic/cover/l/9c/4d/333158_PA0F4.jpg,恋爱;CloverWorks;校园;漫画改;2022年1月;日常;TV;漫改;2022;cosplay;卖肉;搞笑;梅原翔太;日本;篠原啓輔;福田晋一;青春;青年向;纯爱;更衣人偶坠入爱河;筱原启辅;福利;2022年;冨田頼子;治愈;日本动画;その着せ替え人形は恋をする;辣妹;肉;TVA,喜多川海梦;五条新菜;乾纱寿叶;乾心寿;五条薰;菅谷乃羽;八寻大空;山内瑠音;森田健星;五条美织;花冈多绘;伊藤凉香
92,https://bgm.tv/subject/49131,约会大作战,2013-04-05,6.7,15436,https://lain.bgm.tv/pic/cover/l/99/08/49131_CIPjC.jpg,后宫;约会大作战;轻小说改;校园;2013年4月;TV;战斗;AIC;2013;科幻;轻改;恋爱;狂三;小说改;井上麻里奈;元永庆太郎;日本;奇幻;轻小说;搞笑;元永慶太郎;2013年;卖肉;つなこ;日常;竹达彩奈;橘公司;子安武人;动画;约炮大作战,夜刀神十香;鸢一折纸;五河琴里;冰芽川四糸乃;时崎狂三;五河士道;神无月恭平;村雨令音;崇宫真那;藤袴美衣;殿町宏人;山吹亚衣
93,https://bgm.tv/subject/44693,剧场版 魔法少女小圆 [新篇] 叛逆的物语,2013-10-26,8.6,17484,https://lain.bgm.tv/pic/cover/l/31/1c/44693_YS9kU.jpg,剧场版;新房昭之;虚渊玄;魔法少女小圆;SHAFT;百合;原创;梶浦由记;2013;魔法少女;战斗;致郁;奇幻;2013年;日本;老虚;治愈;劇場版;神作;2013年10月;宫本幸裕;废怯烧酒小圆脸;宮本幸裕;虚淵玄;悠木碧;梶浦由記;魔法;猎奇;芳文社;梶浦由紀,鹿目圆;晓美焰;美树沙耶香;巴麻美;佐仓杏子;丘比;百江渚;零食的魔女;鹿目询子;鹿目知久;鹿目达也;上条恭介
94,https://bgm.tv/subject/276,幸运星,2007-04-08,8.3,18618,https://lain.bgm.tv/pic/cover/l/db/8e/276_1Cr5K.jpg,京阿尼;吐槽;LUCKY☆STAR;日常;脑残星;≡ω≡;幸运星;2007;TV;宅;宅方;搞笑;此方;漫画改;校园;水手服;2007年4月;LuckyStar;京都アニメ;武本康弘;京都动画;白石;漫改;日本;脑残;萌;百合;山本宽;双马尾;京都アニメーション,泉此方;柊镜;柊司;高良美幸;小神晶;白石稔;峰岸绫乃;黑井奈那子;小早川优;岩崎南;日下部美纱绪;帕特莉西亚·马汀
95,https://bgm.tv/subject/12426,轻音少女 剧场版,2011-12-03,8.4,16420,https://lain.bgm.tv/pic/cover/l/9e/3c/12426_vt490.jpg,剧场版;京阿尼;轻音;K-ON!;治愈;2011;校园;百合;萌;山田尚子;音乐;漫画改;けいおん！;轻音少女;日常;京都;京都动画;大好き，k-on;漫改;芳文社;日本;强国源泉;轻百合;青春;乐队;妹子是精神食粮;京都アニメーション;吉田玲子;2011年12月;废萌,平泽唯;秋山澪;田井中律;琴吹紬;中野梓;放学后TEA TIME;真锅和;けいおん部;平泽忧;山中佐和子;铃木纯;唯的母亲
96,https://bgm.tv/subject/315574,赛马娘 Pretty Derby 第二季,2021-01-04,8.4,17520,https://lain.bgm.tv/pic/cover/l/1c/6b/315574_tLgrT.jpg,运动;原创;cygames;2021年1月;偶像;百合;TV;竞技;催泪;游戏改;励志;StudioKAI;P.A.WORKS;2021;续作;赛马娘;日本;热血;及川启;神作;及川啓;轻百合;治愈;马娘;日常;2021年;校园;スタジオKAI;轻百;感动,东海帝王;目白麦昆;训练员;特别周;无声铃鹿;伏特加;大和赤骥;黄金船;鲁道夫象征;优秀素质;双涡轮;生野狄杜斯
97,https://bgm.tv/subject/278826,Re：从零开始的异世界生活 第二季,2020-07-08,7.4,15228,https://lain.bgm.tv/pic/cover/l/16/79/278826_w85gd.jpg,异世界;轻小说改;WHITEFOX;奇幻;2020年7月;TV;Re:ゼロから始める異世界生活;轮回;战斗;轻改;2020;后宫;小说改;日本;穿越;恋爱;续作;Re:从零开始异世界生活;2020年4月;渡边政治;渡邊政治;冒险;悬疑;re0;热血;Re：从零开始的异世界生活;2020年;WHITE_FOX;长月达平;横谷昌宏,菜月昴;艾米莉娅;嘉飞尔·汀泽尔;雷格鲁斯·柯尼亚斯;莱伊·巴登凯托斯;艾姬多娜;帕克;蕾姆;拉姆;碧翠丝;罗兹瓦尔·L·梅札斯;奥托·苏文
98,https://bgm.tv/subject/302189,86 -不存在的战区-,2021-04-10,7.6,16369,https://lain.bgm.tv/pic/cover/l/a4/b3/302189_1034v.jpg,A-1Pictures;轻小说改;科幻;战斗;泽野弘之;2021年4月;战争;TV;机战;轻改;2021;恋爱;小说改;石井俊匡;日本;大野敏哉;86;催泪;热血;長谷川育美;治愈;萝卜;2021年;神作;-86-eightsix-;日漫;奇幻;机甲;长谷川育美;2020s,弗拉迪蕾娜·米丽洁;辛恩·诺赞;莱登·修迦;赛欧特·利迦;凯耶·谷家;戴亚·伊尔玛;安琪·艾玛;可蕾娜·库克米拉;悠人·奇兹;九条·尼可;瑠衣·奇诺;托马·索比
99,https://bgm.tv/subject/58949,言叶之庭,2013-05-31,7.4,16325,https://lain.bgm.tv/pic/cover/l/bc/43/58949_rCnOB.jpg,新海诚;剧场版;爱情;恋爱;2013;原创;花泽香菜;治愈;足控;入野自由;言语之庭;2013年5月;动画电影;CoMixWave;日本;映画;新海誠;2013年;CoMixWaveFilms;足;青春;言叶之庭;师生恋;校园;电影;师生;催泪;花澤香菜;日常;言葉．誠,秋月孝雄;雪野百香里;タカオの母;タカオの兄の彼女;タカオの兄;松本;佐藤;相泽
100,https://bgm.tv/subject/454684,BanG Dream! Ave Mujica,2025-01-02,4.1,21193,https://lain.bgm.tv/pic/cover/l/77/c3/454684_ZH5tU.jpg,BanGDream;原创;音乐;百合;无法预测的命运之舞台;2025年1月;TV;扭曲;乐队;日本;偶像;2025;续作;沉重;SANZIGEN;搞笑;3D;mujica;柿本広大;柿本广大;三次元;校园;悬疑;轻百合;サンジゲン;猎奇;綾奈ゆにこ;恐怖;少女乐队;2025年,三角初华;若叶睦;八幡海铃;祐天寺若麦;丰川祥子;高松灯;千早爱音;要乐奈;长崎爽世;椎名立希;纯田真奈;墨缇斯
101,https://bgm.tv/subject/772,福音战士新剧场版：序,2007-09-01,8,16021,https://lain.bgm.tv/pic/cover/l/e5/7c/772_yFW6i.jpg,EVA;剧场版;庵野秀明;GAINAX;2007;科幻;ヱヴァンゲリヲン新劇場版：序;原创;Khara;机战;骗钱;全宇宙泪流满面;凌波丽;日本;序;萝卜;Evangelion;战斗;鹤卷和哉;神作;摩砂雪;新世纪福音战士;2007年;贞本义行;新剧场版;2007年9月;林原;鶴巻和哉;剧情;鷺巣詩郎,碇真嗣;绫波零;葛城美里;赤木律子;伊吹摩耶;渚薰;Pen Pen;冬月耕造;相田剑介;日向诚;青叶茂;碇源堂
102,https://bgm.tv/subject/117777,声之形,2016-09-17,7.1,16351,https://lain.bgm.tv/pic/cover/l/7c/b9/117777_R8hhl.jpg,剧场版;京阿尼;声之形;2016;校园;山田尚子;漫画改;治愈;恋爱;京都动画;漫改;早见沙织;吉田玲子;大今良時;日本;动画电影;2016年;京都;青春;京都アニメーション;催泪;映画;2016年9月;牛尾宪辅;电影;校园欺凌;牛尾憲輔;霸凌;悠木碧;日常,西宫硝子;石田将也;西宫结弦;永束友宏;植野直花;佐原美代子;川井美树;真柴智;西宫八重子;石田美也子;石田玛利亚;岛田一旗
103,https://bgm.tv/subject/90880,玉子爱情故事,2014-04-26,7.9,15945,https://lain.bgm.tv/pic/cover/l/59/8d/90880_NYUDd.jpg,京阿尼;剧场版;恋爱;治愈;玉子市场;山田尚子;原创;2014;校园;2014年4月;京都动画;日常;青春;吉田玲子;日本;洲崎綾;京都;2014年;纯爱;京都アニメーション;萌;映画;动画电影;堀口悠纪子;电影;TV;青梅竹马;玉子爱情故事;堀口悠紀子;洲崎绫,北白川玉子;大路饼藏;常盘绿;牧野神奈;朝雾史织;北白川馅子;北白川豆大;北白川雏子;北白川福;大路吾平;大路道子;花濑薰
104,https://bgm.tv/subject/235128,JOJO的奇妙冒险 黄金之风,2018-10-05,8,15482,https://lain.bgm.tv/pic/cover/l/42/29/235128_RYOcp.jpg,JOJO;荒木飞吕彦;热血;战斗;漫画改;2018年10月;TV;JOJO的奇妙冒险;davidproduction;2018;漫改;奇幻;智斗;日本;ジョジョの奇妙な冒険;木村泰大;david_production;david.production;小林靖子;津田尚克;冒险;大卫社;续作;高桥秀弥;搞笑;燃;2018年;JUMP;中村悠一;神作,乔鲁诺·乔巴拿;布罗诺·布加拉提;雷欧·阿帕基;葛德·米斯达;纳兰迦·吉尔卡;潘纳科达·福葛;特莉休·乌纳;让·皮埃尔·波鲁纳雷夫;迪亚波罗;伊鲁索;波尔波;乔可拉特
105,https://bgm.tv/subject/181354,齐木楠雄的灾难,2016-07-10,7.7,15845,https://lain.bgm.tv/pic/cover/l/b3/28/181354_smUU3.jpg,搞笑;J.C.STAFF;校园;漫画改;2016年7月;超能力;日常;TV;齐木楠雄的灾难;神谷浩史;漫改;2016;吐槽;日本;小野大輔;喜剧;横手美智子;奇幻;桜井弘明;樱井弘明;泡面番;島﨑信長;茅野爱衣;2016年;恋爱;EGGFIRM;JUMP;治愈;麻生周一;半年番,齐木楠雄;照桥心美;燃堂力;海藤瞬;灰吕杵志;鸟束零太;梦原知予;目良千里;洼谷须亚莲;照桥信;蝶野雨绿;齐木国春
106,https://bgm.tv/subject/214272,欢迎来到实力至上主义的教室,2017-07-12,6.2,15493,https://lain.bgm.tv/pic/cover/l/87/01/214272_vlcWz.jpg,校园;轻小说改;2017年7月;装逼;TV;智斗;欢迎来到实力至上主义教室;Lerche;轻改;2017;岸诚二;后宫;小说改;衣笠彰梧;日本;龙傲天;恋爱;2017年;岸誠二;橋本裕之;日常;桥本裕之;推理;战斗;千叶翔也;ラルケ;鬼头明里;青春;校园四霸;日本动画,绫小路清隆;堀北铃音;坂柳有栖;一之濑帆波;龙园翔;栉田桔梗;平田洋介;轻井泽惠;高圆寺六助;须藤健;池宽治;山内春树
107,https://bgm.tv/subject/150490,JOJO的奇妙冒险 不灭钻石,2016-04-01,7.8,15295,https://lain.bgm.tv/pic/cover/l/d0/d5/150490_h8ffV.jpg,JOJO;热血;荒木飛呂彦;漫画改;战斗;2016年4月;TV;davidproduction;2016;漫改;奇幻;JOJO的奇妙冒险;ジョジョの奇妙な冒険;日本;智斗;荒木飞吕彦;日常;津田尚克;搞笑;david_production;david.production;大卫社;2016年;续作;JUMP;小林靖子;超能力;燃;加藤敏幸;神作,东方仗助;虹村亿泰;广濑康一;空条承太郎;岸边露伴;山岸由花子;吉良吉影;杉本铃美;川尻早人;乔瑟夫·乔斯达;音石明;吉良吉广
108,https://bgm.tv/subject/152091,吹响吧！上低音号 第二季,2016-10-05,8.5,17661,https://lain.bgm.tv/pic/cover/l/69/28/152091_Bg7Hc.jpg,京阿尼;音乐;校园;青春;2016年10月;轻小说改;TV;百合;石原立也;京都动画;山田尚子;2016;小说改;轻改;日本;京都;花田十辉;励志;京都アニメーション;日常;京吹;续作;治愈;轻百合;吹响！悠风号;花田十輝;2016年;社团;神作;恋爱,黄前久美子;加藤叶月;川岛绿辉;高坂丽奈;田中明日香;小笠原晴香;中世古香织;中川夏纪;吉川优子;黄前麻美子;松本美知惠;铠冢霙
109,https://bgm.tv/subject/1014,魔法禁书目录,2008-10-04,6.7,15583,https://lain.bgm.tv/pic/cover/l/76/6d/1014_nqAH8.jpg,J.C.STAFF;とある魔術の禁書目録;超能力;2008年10月;魔法禁书目录;TV;当妈;轻小说改;战斗;魔法;镰池和马;2008;index;禁书目录;超电磁炮;奇幻;小说改;后宫;科幻;轻改;校园;科学;日本;学园;锦织博;热血;錦織博;2008年;炮姐,上条当麻;一方通行;茵蒂克斯;御坂美琴;白井黑子;姬神秋沙;月咏小萌;黄泉川爱穗;神裂火织;最后之作;亚雷斯塔·克劳利;史提尔·马格努斯
110,https://bgm.tv/subject/18635,罪恶王冠,2011-10-13,6.5,17085,https://lain.bgm.tv/pic/cover/l/7d/4c/18635_71IIr.jpg,罪恶王冠;ProductionI.G;泽野弘之;原创;2011年10月;TV;战斗;supercell;2011;科幻;梶裕貴;中村悠一;noitaminA;Production.I.G;據說是基片;ryo;荒木哲郎;奇幻;基什么基，押一发NTR;大河内一楼;日本;热血;恋爱;校园;吉野弘幸;中二;I.G;2011年;茅野爱衣;redjuice,樱满集;恙神涯;楪祈;樱满真名;篠宫绫濑;鸫;四分仪;月岛阿尔戈;大云;飞那鲁;校条祭;寒川谷寻
111,https://bgm.tv/subject/207195,摇曳露营△,2018-01-04,8.2,17185,https://lain.bgm.tv/pic/cover/l/18/bc/207195_2Cp3o.jpg,芳文社;治愈;百合;日常;2018年1月;漫画改;TV;摇曳露营△;C-Station;露营;2018;轻百合;漫改;東山奈央;高桥李依;日本;京極義昭;萌;京极义昭;丰崎爱生;轻百;2018年;田中仁;搞笑;校园;美食;科普;摇曳露营;萌系;东山奈央,各务原抚子;志摩凛;大垣千明;犬山葵;齐藤惠那;各务原樱;鸟羽美波;志摩咲;新城肇;犬山明里;岛田小春;鸟羽凉子
112,https://bgm.tv/subject/72941,斩服少女,2013-10-03,8.1,17628,https://lain.bgm.tv/pic/cover/l/d5/d7/72941_q1DiW.jpg,今石洋之;TRIGGER;热血;原创;泽野弘之;2013年10月;战斗;TV;燃;双斩少女;2013;百合;小清水亚美;搞笑;キルラキル;日本;校园;奇幻;补标;2013年10月秋アニメ;可外推;斩服少女;中島かずき;2013年;神作;扳机社;中岛一基;澤野弘之;作画;半年番,缠流子;鬼龙院皐月;鲜血;满舰饰真子;缠一身;美木杉爱九郎;猿投山涡;犬牟田宝火;蟇郡苛;蛇崩乃音;黄长濑䌷;鬼龙院罗晓
113,https://bgm.tv/subject/88433,寄生兽 生命的准则,2014-10-08,8,16416,https://lain.bgm.tv/pic/cover/l/e3/14/88433_5Jl4M.jpg,寄生兽;MADHouse;漫画改;2014年10月;猎奇;TV;科幻;战斗;漫改;2014;花泽香菜;平野绫;岩明均;寄生獣;日本;清水健一;奇幻;島﨑信長;人性;环保;热血;神作;剧情;2014年;血腥;校园;恋爱;内涵;治愈;米村正二,泉新一;米奇;村野里美;君岛加奈;田宫良子;铃木秋穗;早濑真树子;立川裕子;宇田守;岛田秀雄;光夫;三木
114,https://bgm.tv/subject/207573,月色真美,2017-04-06,7.9,16532,https://lain.bgm.tv/pic/cover/l/a8/41/207573_95N29.jpg,恋爱;校园;原创;青春;纯爱;2017年4月;Feel.;TV;月色真美;岸诚二;2017;日常;治愈;原创动画;日本;岸誠二;柿原優子;狗粮;小原好美;爱情;loundraw;2017年;神作;柿原优子;TVA;东山奈央;季番;2017春;日本动画;feel,安昙小太郎;水野茜;比良拓海;西尾千夏;泷泽葵;山科浪漫;小笠原大地;宫本心咲;佐藤节子;今津美羽;田中さくら;永原翔
115,https://bgm.tv/subject/253,星际牛仔,1998-10-23,9.1,19210,https://lain.bgm.tv/pic/cover/l/c2/4c/253_jJJj9.jpg,渡边信一郎;菅野洋子;星际牛仔;科幻;经典;SUNRISE;神作;神配乐;TV;1998;原创;CowboyBebop;林原惠;cowboy;日本;山寺宏一;公路片;1998年10月;浪漫;渡辺信一郎;战斗;BONES;信本敬子;单元剧;菅野よう子;1998年;音乐;公路;川元利浩;90年代,史派克·斯皮格尔;杰特·布莱克;菲·瓦伦坦;艾德;爱因;Bebop Crew;比夏斯;Bebop号;洛可·波纳罗;斯特拉·波纳罗;アリサ;リント・セロニアス
116,https://bgm.tv/subject/285666,进击的巨人 最终季,2020-12-06,7.7,14987,https://lain.bgm.tv/pic/cover/l/88/6b/285666_bS9Sw.jpg,MAPPA;进击的巨人;战斗;热血;TV;漫改;漫画改;2020年10月;2020;奇幻;战争;人类近现代史的反思;漫改历史浓墨重彩的一笔;日本;林祐一郎;泽野弘之;续作;神作;WITSTUDIO;剧情;2020年;反战;2020年12月;2021年1月;谏山创;瀬古浩司;悬疑;2021;猎奇;濑古浩司,艾伦·耶格尔;三笠·阿克曼;阿明·阿诺德;利威尔;让·基尔休坦;克里斯塔·连兹;柯尼·史普林格;莱纳·布朗;韩吉·佐伊;吉克·耶格尔;贾碧·布朗;法尔克·格莱斯
117,https://bgm.tv/subject/132734,路人女主的养成方法 ♭,2017-04-06,7.3,15062,https://lain.bgm.tv/pic/cover/l/3a/ce/132734_CcMW0.jpg,A-1Pictures;轻小说改;后宫;恋爱;2017年4月;丸户史明;路人女主的养成方法;TV;党争;2017;轻改;深崎暮人;校园;小说改;日本;noitaminA;日常;路人女主;搞笑;青春;龟井干太;续作;亀井幹太;2017年;丸戸史明;松冈祯丞;加藤惠;A-1_Pictures;茅野爱衣;卖肉,安艺伦也;加藤惠;泽村・史宾瑟・英梨梨;霞之丘诗羽;冰堂美智留;波岛出海;波岛伊织;红坂朱音;町田苑子;水原叡智佳;姬川时乃;森丘蓝子
118,https://bgm.tv/subject/112146,OVERLORD,2015-07-07,6.9,14478,https://lain.bgm.tv/pic/cover/l/cd/a9/112146_qr9m3.jpg,轻小说改;MADHouse;穿越;异世界;2015年7月;网游;骨傲天;装逼;TV;奇幻;OVERLORD;2015;轻改;战斗;龙傲天;小说改;日本;日野聪;伊藤尚往;搞笑;后宫;上坂堇;2015年;热血;游戏;冒险;內山夕實;日本动画;菅原雪绘;季番,安兹·乌尔·恭;雅儿贝德;夏提雅·布拉德弗伦;马雷·贝罗·菲欧雷;亚乌菈·贝拉·菲欧拉;迪米乌哥斯;科塞特斯;塞巴斯·蒂安;由莉·阿尔法;娜贝拉尔·伽玛;希姿·德尔塔;索留香·艾普西隆
119,https://bgm.tv/subject/395378,迷宫饭,2024-01-04,7.8,17413,https://lain.bgm.tv/pic/cover/l/c5/88/395378_jztpO.jpg,美食;奇幻;TRIGGER;漫画改;冒险;2024年1月;搞笑;异世界;TV;漫改;2024;战斗;九井谅子;日本;宫岛善博;宮島善博;日常;治愈;2023;公路片;迷宫饭;2024年;日本动画;地下城;半年番;扳机社;光田康典;千本木彩花;日漫;うえのきみこ,莱欧斯;玛露西尔;奇尔查克;先西;法琳;伊津津美;娜玛莉;菊朗;卡布尔;铃夏;米克贝尔;小黑
120,https://bgm.tv/subject/373247,无职转生 第二季 ～到了异世界就拿出真本事～,2023-07-02,7.3,15818,https://lain.bgm.tv/pic/cover/l/cf/55/373247_aBFR1.jpg,异世界;轻小说改;无职转生;StudioBind;2023年7月;TV;战斗;冒险;后宫;2023;奇幻;轻改;恋爱;小说改;日本;续集;冈本学;穿越;续作;平野宏树;校园;平野宏樹;转生;2023年;未定档;搞笑;神作;热血;日常;魔法,鲁迪乌斯·格雷拉特;希露菲叶特·格雷拉特;爱丽儿·阿涅摩伊·阿斯拉;路克·诺托斯·格雷拉特;艾莉娜丽洁·杜拉冈罗德;克里夫・格利摩尔;扎诺巴·西隆;莉妮亚娜·泰德路迪亚;普尔塞娜·亚德路迪亚;塞伦特·赛文斯塔;辛馨亚蒂;茱丽叶特
121,https://bgm.tv/subject/7157,缘之空,2010-10-04,6.6,14473,https://lain.bgm.tv/pic/cover/l/6e/01/7157_hF46A.jpg,妹控;GAL改;缘之空;2010年10月;TV;恋爱;Feel.;萌穹妹得永生;穹妹;游戏改;2010;下限;推实妹;一般向你妹;BGM絕贊;后宫;校园;日本;里番;推真妹;肉番;下野紘;卖肉;高桥丈夫;兄妹;骨科;高橋丈夫;肉;日常;一般向,春日野悠;春日野穹;天女目瑛;依媛奈绪;渚一叶;乃木坂初佳;伊福部八寻;仓永梢;中里亮平;悠の母;悠の父;奈緒の母
122,https://bgm.tv/subject/129807,命运石之门 0,2018-04-11,8.2,15841,https://lain.bgm.tv/pic/cover/l/f6/91/129807_9VAi4.jpg,命运石之门;游戏改;科幻;WHITEFOX;2018年4月;TV;GAL改;2018;悬疑;穿越;5pb.;空想科学;Nitro+;宫野真守;科学ADV;日本;神作;轮回;恋爱;牧瀬紅莉栖;花田十辉;续作;花泽香菜;中二病;剧情;川村贤一;川村賢一;嘟嘟噜;2018年;催泪,冈部伦太郎;椎名真由理;桥田至;牧濑红莉栖;阿万音铃羽;比屋定真帆;桐生萌郁;漆原琉华;菲利斯·喵喵;椎名篝;阿万音由季;天王寺绹
123,https://bgm.tv/subject/218707,少女终末旅行,2017-10-06,8.1,16657,https://lain.bgm.tv/pic/cover/l/c5/8b/218707_DBmO2.jpg,末世;百合;废土;公路片;WHITEFOX;治愈;2017年10月;漫画改;TV;少女终末旅行;科幻;2017;漫改;日常;尾崎隆晴;日本;致郁;轻百合;WHITE_FOX;萌;神作;反战;公路;冒险;2017年;水濑祈;旅行;水瀬いのり;轻百;つくみず,千户;尤莉;金泽;石井;自律机械;锚;杏鲍菇
124,https://bgm.tv/subject/93545,甘城光辉游乐园,2014-10-06,7,15119,https://lain.bgm.tv/pic/cover/l/69/e5/93545_zYRKK.jpg,京阿尼;轻小说改;搞笑;2014年10月;TV;武本康弘;京都动画;2014;日常;奇幻;轻改;贺东招二;甘城ブリリアントパーク;小说改;萌;日本;甘城辉煌乐园的救世主;恋爱;后宫;职场;京都アニメーション;卖肉;京都;治愈;2014年;甘城光辉游乐园;志茂文彦;喜剧;内山昂辉;肉,可儿江西也;千斗五十铃;拉媞珐·芙尔兰札;莫夫鲁;马卡龙;提拉米;缪斯;西尔菲;柯波莉;萨拉玛;安达映子;伴藤美衣乃
125,https://bgm.tv/subject/240760,灵能百分百 第二季,2019-01-07,8.1,14951,https://lain.bgm.tv/pic/cover/l/8e/c7/240760_xB0VY.jpg,BONES;超能力;战斗;漫画改;2019年1月;搞笑;灵能百分百;TV;热血;漫改;2019;ONE;奇幻;立川让;川井宪次;日本;樱井孝宏;治愈;续作;立川譲;成长;濑古浩司;骨头社;校园;2019年;日常;神作;瀬古浩司;川井憲次;青春,影山茂夫;灵幻新隆;小酒窝;影山律;花泽辉气;鬼瓦天牙;米里一;暗田留;高岭蕾;乡田武藏;神室真司;夸山惠
126,https://bgm.tv/subject/331887,86 -不存在的战区- 第2部分,2021-10-02,8,15193,https://lain.bgm.tv/pic/cover/l/85/0e/331887_rZdb9.jpg,A-1Pictures;轻小说改;科幻;战争;机战;泽野弘之;2021年10月;战斗;TV;恋爱;轻改;2021;小说改;石井俊匡;-86-eightsix-;日本;86;催泪;续作;神作;热血;治愈;2021年;日漫;萝卜;大野敏哉;网恋奔现;奇幻;2022;季番,弗拉迪蕾娜·米丽洁;辛恩·诺赞;莱登·修迦;赛欧特·利迦;安琪·艾玛;可蕾娜·库克米拉;菲多;杰洛姆·卡尔修达尔;西汀·依达;芙蕾德莉嘉·罗森菲尔特;恩斯特·齐玛曼;泰蕾莎
127,https://bgm.tv/subject/239816,关于我转生变成史莱姆这档事,2018-10-01,6.6,14213,https://lain.bgm.tv/pic/cover/l/7b/d6/239816_BbNdb.jpg,轻小说改;异世界;穿越;2018年10月;奇幻;TV;8bit;轻改;关于我转生后成为史莱姆的那件事;2018;战斗;后宫;小说改;日本;菊地康仁;漫画改;龙傲天;搞笑;转生;8-Bit;冒险;2018年;种田;关于我转生变成史莱姆这档事;日常;装逼;轻松;x3;史莱姆;萌王,利姆路·坦派斯特;贾鲁德·缪鲁麦尔;大贤者;维鲁多拉·坦派斯特;井泽静江;红丸;朱菜;紫苑;苍影;白老;黑兵卫;利古路多
128,https://bgm.tv/subject/92382,刀剑神域 第二季,2014-07-05,6.9,14417,https://lain.bgm.tv/pic/cover/l/eb/9f/92382_zJ0gB.jpg,刀剑神域;轻小说改;A-1Pictures;2014年7月;后宫;TV;战斗;2014;GGO;轻改;第二期;网游;SAO;梶浦由記;泽城美雪;小说改;伊藤智彦;日本;科幻;奇幻;恋爱;热血;异世界;续作;川原砾;2014年;游戏;梶浦由记;2014年4月;冒险,桐人／桐谷和人;亚丝娜／结城明日奈;诗乃／朝田诗乃;有纪／绀野木棉季;克莱因／壶井辽太郎;莉兹贝特／篠崎里香;西莉卡／绫野圭子;莉法／桐谷直叶;结衣;尤金;镜子 / 新川恭二;Sterben / 新川昌一
129,https://bgm.tv/subject/55113,玉子市场,2013-01-09,7.3,15019,https://lain.bgm.tv/pic/cover/l/f8/7f/55113_TR5Is.jpg,京阿尼;原创;治愈;2013年1月;萌;日常;TV;玉子市场;山田尚子;2013;恋爱;京都アニメーション;乡村爱情;京都动画;京都;玉子超市;日本;校园;原创动画;吉田玲子;青春;搞笑;2013年;一月番;洲崎绫;废萌;萌系;堀口悠纪子;百合;季番,北白川玉子;常盘绿;牧野神奈;德拉·摩奇玛兹;北白川馅子;大路饼藏;朝雾史织;北白川豆大;北白川福;大路吾平;大路道子;花濑薰
130,https://bgm.tv/subject/467461,胆大党,2024-10-03,7.5,16042,https://lain.bgm.tv/pic/cover/l/44/7d/467461_HHw4K.jpg,战斗;漫画改;奇幻;2024年10月;ScienceSARU;TV;牛尾宪辅;怪谈;日本;2024;漫改;猎奇;科幻;山代风我;搞笑;恋爱;濑古浩司;少年向;校园;热血;山代風我;超能力;胆大党;若山诗音;2024年;科学猴;瀬古浩司;青春;サイエンスSARU;JUMP,高仓健;绫濑桃;白鸟爱罗;圆城寺仁;高速婆婆;绫濑星子;塞尔波外星人;弗拉特伍兹怪物;恶皿;多佛恶魔;太郎;花
131,https://bgm.tv/subject/23119,命运石之门 负荷领域的既视感,2013-04-20,7.9,14508,https://lain.bgm.tv/pic/cover/l/b2/b8/23119_9qxMO.jpg,剧场版;命运石之门;牧瀬紅莉栖;科幻;WHITEFOX;2013;Nitro+;游戏改;鳳凰院凶真;中二;花泽香菜;恋爱;助手最高;劇場版;宮野真守;GAL改;今井麻美;穿越;日本;原创;2013年4月;Steins；Gate剧场版;悬疑;轮回;若林漢二;2013年;花田十辉;若林汉二;中二病;佐藤卓哉,冈部伦太郎;牧濑红莉栖;阿万音铃羽;椎名真由理;桥田至;桐生萌郁;漆原琉华;菲利斯·喵喵;天王寺裕吾;天王寺绹;300人委员会;阿万音由季
132,https://bgm.tv/subject/373267,间谍过家家 第2部分,2022-10-01,7.3,14433,https://lain.bgm.tv/pic/cover/l/3c/82/373267_ffBO8.jpg,搞笑;日常;2022年10月;WITSTUDIO;CloverWorks;漫画改;家庭喜剧;TV;漫改;2022;间谍过家家;治愈;续作;古桥一浩;日本;战斗;家庭;喜剧;古橋一浩;校园;2022年;早见沙织;WIT_STUDIO;亲情;谍战;萌;江口拓也;恋爱;种崎敦美;奇幻,劳埃德·福杰;约尔・福杰;阿尼亚·福杰;邦德·福杰;达米安·德斯蒙;贝琪·布莱克贝尔;菲奥娜·弗罗斯特;亨利·亨德森;尤里·布莱尔;弗兰基·弗兰克林;席尔薇亚·薛伍德;多诺万·德斯蒙
133,https://bgm.tv/subject/394260,我心里危险的东西,2023-04-01,7.8,15487,https://lain.bgm.tv/pic/cover/l/01/ee/394260_VMqvV.jpg,恋爱;校园;2023年4月;漫画改;牛尾宪辅;TV;日常;纯爱;SHIN-EI;漫改;花田十辉;2023;搞笑;羊宮妃那;赤城博昭;日本;青春;治愈;シンエイ動画;日本动画;我心里危险的东西;狗粮;2023年;花田十輝;牛尾憲輔;季番;我心危;TVA;羊宫妃那;堀江瞬,山田杏奈;市川京太郎;小林千寻;关根萌子;吉田芹那;足立翔;神崎健太;市川香菜;金生谷伦;市川妈妈;山田妈妈;想象京太郎
134,https://bgm.tv/subject/298,天空之城,1986-08-02,8.5,15259,https://lain.bgm.tv/pic/cover/l/26/e3/298_WFVhX.jpg,宮崎駿;吉卜力;剧场版;久石让;宫崎骏;1986;经典之作;天空の城ラピュタ;神配乐;原创;天空之城;经典;奇幻;自然主义;冒险;日本;环保系;动画电影;治愈;GHIBLI;童年;科幻;电影;恋爱;1986年;1986年8月;神作;80年代;久石譲;映画,希达;巴斯;朵拉;穆斯卡;穆罗将军;达菲;查尔斯;路易;亨利;波姆爷爷;おかみさん;玛姬
135,https://bgm.tv/subject/285776,异度侵入,2020-01-05,7.5,15500,https://lain.bgm.tv/pic/cover/l/73/90/285776_57c5p.jpg,原创;悬疑;推理;2020年1月;科幻;TV;NAZ;2020;舞城王太郎;青木英;犯罪;津田健次郎;原创动画;日本;あおきえい;2020年;奇幻;异度侵入;剧情;智斗;战斗;2020冬;动画;催泪;季番;日本动画;碇谷敦;小玉有起;2020s;热血,名侦探酒井户;百贵船太郎;本堂町小春;富久田保津;佳爱瑠;东乡沙利奈;羽二重正宗;白岳仙之介;早濑浦宅彦;若鹿一雄;国府司郎;西村月丸
136,https://bgm.tv/subject/274234,小林家的龙女仆S,2021-07-07,7.5,13973,https://lain.bgm.tv/pic/cover/l/17/ed/274234_iZ22k.jpg,京阿尼;日常;搞笑;2021年7月;百合;TV;小林家的龙女仆;漫画改;漫改;京都动画;2021;武本康弘;石原立也;萌;日本;奇幻;治愈;京都アニメーション;轻百合;续作;战斗;小林家的妹抖龙;2021年;萌系;喜剧;山田由香;轻百;未定档;京都;TVA,小林小姐;托尔;康娜卡姆依;伊露露;艾露玛;露科亚;法夫纳;泷谷真;才川莉子;才川乔吉;真土翔太;会田竹人
137,https://bgm.tv/subject/214265,少女☆歌剧 Revue Starlight,2018-07-12,7.9,16268,https://lain.bgm.tv/pic/cover/l/ca/48/214265_uHAIG.jpg,原创;百合;2018年7月;TV;歌剧;少女☆歌剧;舞台;战斗;古川知宏;2018;音乐;KINEMA.CITRUS;少女歌剧;KINEMACITRUS;偶像;日本;奇幻;校园;无法预测的命运之舞台;KINEMA_CITRUS;扭曲;意识流;轻百合;电波;少女;2018年;神作;樋口達人;小出卓史;轮回,爱城华恋;神乐光;天堂真矢;星见纯那;露崎真昼;大场奈奈;西条克洛迪娜;花柳香子;石动双叶;长颈鹿;真井雾子;雨宫诗音
138,https://bgm.tv/subject/93739,乒乓,2014-04-10,8.7,17129,https://lain.bgm.tv/pic/cover/l/1e/63/93739_TZ9dS.jpg,汤浅政明;乒乓;运动;漫画改;TV;2014年4月;龙之子Production;松本大洋;热血;2014;漫改;noitaminA;湯浅政明;日本;龙之子;青春;神作;牛尾宪辅;励志;人生;竞技;群像;2014年;体育;タツノコプロ;成长;牛尾憲輔;校园;大平晋也;内山昂辉,星野裕;月本诚;孔文革;佐久间学;风间龙一;小泉丈;田村;孔的教练;江上;大田;真田昌幸;猫田修二
139,https://bgm.tv/subject/93714,东京喰种,2014-07-03,6.8,14072,https://lain.bgm.tv/pic/cover/l/12/ab/93714_r1U22.jpg,东京喰种;漫画改;2014年7月;战斗;TV;StudioPierrot;奇幻;2014;漫改;花泽香菜;东京食尸鬼;猎奇;雨宫天;小丑社;日本;森田修平;热血;血腥;中村悠一;花江夏树;2014年;黑暗;ぴえろ;致郁;宫野真守;日本动画;小西克幸;动画;樱井孝宏;花江夏樹,金木研;雾岛董香;永近英良;神代利世;西尾锦;芳村功善;亚门钢太朗;月山习;呗;四方莲示;笛口雏实;有马贵将
140,https://bgm.tv/subject/770,天元突破 红莲螺岩,2007-04-01,8.5,16294,https://lain.bgm.tv/pic/cover/l/4e/a0/770_EvrMq.jpg,热血;GAINAX;今石洋之;燃;天元突破グレンラガン;钻头;原创;TV;萝卜;超级系;2007;神作;2007年4月;气势;战斗;机战;兄贵！西蒙！;日本;大哥;科幻;天元突破;兄贵;GANIAX;2007年;岩崎琢;福井裕佳梨;锦织敦史;井上麻里奈;中岛一基;奇幻,西蒙;卡米那;优子;妮亚;卜塔;利珑;维拉鲁;达雅卡;奇坦;奇优;奇农;奇雅鲁
141,https://bgm.tv/subject/23161,伪物语,2012-01-07,7.9,15023,https://lain.bgm.tv/pic/cover/l/8e/28/23161_y2AEb.jpg,新房昭之;西尾维新;SHAFT;伪物语;物语系列;2012年1月;TV;轻小说改;2012;战场原荡漾;神谷浩史;奇幻;可疑的肉片;垃圾君;后宫;小说改;轻改;西尾你赢了;日本;萌。萌。萌。;荡漾;恋爱;吐槽;物语;神前晓;校园;2012年;刷牙;花泽香菜;短发,阿良良木历;阿良良木火怜;阿良良木月火;忍野忍;羽川翼;战场原黑仪;贝木泥舟;斧乃木余接;影縫余弦;神原骏河;千石抚子;八九寺真宵
142,https://bgm.tv/subject/316247,Re：从零开始的异世界生活 第二季 后半部分,2021-01-06,7.6,13057,https://lain.bgm.tv/pic/cover/l/aa/64/316247_Yd3F5.jpg,异世界;轻小说改;2021年1月;轮回;奇幻;TV;WHITEFOX;穿越;WHITE-FOX;2021;战斗;轻改;小说改;续集;日本;渡邊政治;恋爱;Re:从零开始异世界生活;后宫;Re:ゼロから始める異世界生活;续作;渡边政治;re0;冒险;热血;Re：从零开始的异世界生活;2021年;WHITE_FOX;长月达平;悬疑,菜月昴;艾米莉娅;嘉飞尔·汀泽尔;雷格鲁斯·柯尼亚斯;碧翠丝;艾尔莎·葛兰希尔黛;梅莉;艾姬多娜;奥托·苏文;拉姆;培提尔其乌斯·罗马尼空提;帕克
143,https://bgm.tv/subject/289,寒蝉鸣泣之时,2006-04-04,8,15131,https://lain.bgm.tv/pic/cover/l/83/9a/289_h0nz0.jpg,悬疑;寒蝉鸣泣之时;惊悚;龙骑士07;TV;2006;游戏改;柴刀;古手梨花;studiodeen;ひぐらしのなく頃に;柴刀女;2006年4月;萌王;社会问题;GAL改;寒蝉;猎奇;轮回;今千秋;日本;治愈;WhenTheyCry;中原麻衣;致郁;恐怖;保志总一朗;推理;2006年;神作,前原圭一;龙宫礼奈;园崎魅音;北条沙都子;古手梨花;园崎诗音;大石藏人;富竹次郎;鹰野三四;知惠留美子;北条悟史;入江京介
144,https://bgm.tv/subject/29883,新・福音战士剧场版：终,2021-03-08,8.4,14459,https://lain.bgm.tv/pic/cover/l/04/dc/29883_jQ4Hz.jpg,剧场版;庵野秀明;EVA;新世纪福音战士;2021;原创;Khara;科幻;有生之年;GAINAX;机战;萝卜;EVA新剧场版;日本;鹤卷和哉;战斗;神作;2020;前田真宏;2021年;剧情;2021年3月;补完;治愈;奇幻;鶴巻和哉;意识流;续作;中山胜一;锦织敦史,碇真嗣;式波·明日香·兰格雷;真希波·玛丽·伊兰崔亚斯;绫波零（暂定名）;加持良治;碇唯;碇源堂;葛城美里;赤木律子;渚薰;冬月耕造;相田剑介
145,https://bgm.tv/subject/49278,境界的彼方,2013-10-02,6.8,13963,https://lain.bgm.tv/pic/cover/l/0e/32/49278_mo7EP.jpg,京阿尼;轻小说改;2013年10月;境界的彼方;TV;奇幻;恋爱;2013;京都动画;战斗;茅原实里;石立太一;轻改;小说改;京都出品，必属精品;校园;京都;日本;KENN;京都アニメーション;花田十辉;种田梨沙;治愈;搞笑;萌;日常;2013年;花田十輝;业界第一京阿尼;铃木达央,神原秋人;栗山未来;名濑博臣;名濑美月;新堂爱;二之宫雫;藤真弥勒;名濑泉;新堂彩华;伊波唯;烤红薯;伊波樱
146,https://bgm.tv/subject/315069,堀与宫村,2021-01-09,6.8,13330,https://lain.bgm.tv/pic/cover/l/23/a2/315069_2zYW6.jpg,恋爱;校园;CloverWorks;漫画改;2021年1月;狗粮;TV;日常;漫改;2021;青春;戸松遥;横山克;日本;石浜真史;内山昂輝;纯爱;堀与宫村;搞笑;日本动画;2021年;治愈;石滨真史;户松遥;工业糖精;内山昂辉;动画;日漫;TVA;群像,堀京子;宫村伊澄;奥山有菜;石川透;吉川由纪;仙石翔;绫崎礼美;河野樱;井浦秀;柳明音;进藤晃一;泽田穗乃香
147,https://bgm.tv/subject/285482,异种族风俗娘评鉴指南,2020-01-11,7.7,14017,https://lain.bgm.tv/pic/cover/l/dc/8a/285482_c5RRj.jpg,卖肉;搞笑;2020年1月;TV;奇幻;漫改;Passione;漫画改;异世界;网盘见;2020;肉番;肉;巨乳;R17漫改;日本;轻小说改;小川優樹;里番;日常;小川优树;2020年;福利;科普;异种族风俗娘评鉴指南;天原;魔物娘;露点;神作;パッショーネ,史坦克;杰尔;可利姆维儿;甘丘;梅多莉;布鲁兹;鸣神;德利贝尔;光惠;爱尔玛;迪米亚·杜欧德克特;死亡阿比斯
148,https://bgm.tv/subject/295017,回复术士的重来人生,2021-01-13,6.3,12612,https://lain.bgm.tv/pic/cover/l/c7/3f/295017_90As6.jpg,肉番;异世界;爽片;后宫;2021年1月;轻小说改;TV;2021;TNK;轻改;重生;肉;里番;奇幻;战斗;小说改;残酷描写;日本;卖肉;龙傲天;复仇;狗屎;朝岡卓矢;2021年;朝冈卓矢;猎奇;厕纸;恋爱;回复术士的重来人生;福利,克亚路;芙列雅;刹那;克蕾赫·葛莱列特;夏娃;诺伦;布蕾德;布列特
149,https://bgm.tv/subject/362577,铃芽之旅,2022-11-11,6.6,15023,https://lain.bgm.tv/pic/cover/l/d9/03/362577_DZxBM.jpg,新海诚;剧场版;原创;2022;奇幻;恋爱;公路片;动画电影;CoMixWaveFilms;新海誠;CoMixWave;日本;田中将贺;2022年10月;治愈;2022年;青春;电影;2023;2022年11月;灾难;冒险;radwimps;公路;铃芽之旅;催泪;CoMix_Wave_Films;成长;旅行;田中将賀,岩户铃芽;宗像草太;大臣;铃芽的椅子;芹泽朋也;岩户环;冈部稔;岩户椿芽;宗像羊朗;二之宫瑠美;海部千果;路人
150,https://bgm.tv/subject/260680,青春猪头少年不会梦到怀梦美少女,2019-06-15,7.4,12806,https://lain.bgm.tv/pic/cover/l/10/19/260680_Sx2HP.jpg,剧场版;恋爱;轻小说改;校园;CloverWorks;2019;青春猪头少年系列;鸭志田一;奇幻;轻改;青春;爱情;小说改;胃药;日本;2019年;増井壮一;催泪;2019年6月;治愈;增井壮一;日常;鴨志田一;续作;2019年4月;后宫;横谷昌宏;纯爱;科幻;青春猪头少年,樱岛麻衣;梓川咲太;牧之原翔子;双叶理央;古贺朋绘;国见佑真;丰滨和花;南条文香;翔子父;翔子母;梓川花枫;花轮凉子
151,https://bgm.tv/subject/290,Fate/stay night,2006-01-06,7.1,13806,https://lain.bgm.tv/pic/cover/l/f9/0f/290_6Qi5Q.jpg,Type-Moon;Fate;FateStayNight;TV;Saber;2006年1月;蘑菇;游戏改;2006;战斗;远坂凛;圣杯;studiodeen;奇幻;吾王;武内崇;型月;GAL改;补魔;日本;热血;间桐樱;山口祐司;恋爱;川井宪次;奈须蘑菇;2006年;川井憲次;佐藤卓哉;奈須きのこ,阿尔托莉雅·潘德拉贡;卫宫士郎;吉尔伽美什;间桐樱;卫宫;美狄亚;伊莉雅斯菲尔·冯·爱因兹贝伦;间桐慎二;言峰绮礼;远坂凛;藤村大河;库·丘林
152,https://bgm.tv/subject/165829,在下坂本，有何贵干？,2016-04-07,6.5,13769,https://lain.bgm.tv/pic/cover/l/7c/01/165829_cwSZV.jpg,搞笑;漫画改;2016年4月;校园;TV;studiodeen;我叫坂本我最屌;漫改;2016;日常;装逼;绿川光;高松信司;屌神;石田彰;日本;杉田智和;最屌中学生;2016年;STUDIO_DEEN;喜剧;日本动画;堀江由衣;在下坂本，有何贵干？;治愈;逼王;季番;中原麻衣;龙傲天;DEEN,坂本;久保田吉伸;濑良裕也;黑沼爱菜;隼;丸山;藤田惠;久保田茂美;深濑;八木;角田先生;阿敦
153,https://bgm.tv/subject/3326,笨蛋，测验，召唤兽,2010-01-06,7.4,13699,https://lain.bgm.tv/pic/cover/l/db/a1/3326_lwy94.jpg,搞笑;笨蛋测验召唤兽;轻小说改;校园;秀吉;2010年1月;TV;大沼心;性别秀吉;2010;SILVERLINK.;伪娘;日常;萌;笨蛋;小说改;轻改;废柴男主;恋爱;后宫;日本;轻小说;战斗;2010年;SILVERLINK;加滕英美里;FFF团;召唤;奇幻;喜剧,吉井明久;姬路瑞希;岛田美波;木下秀吉;坂本雄二;土屋康太;雾岛翔子;清水美春;久保利光;木下优子;工藤爱子;岛田叶月
154,https://bgm.tv/subject/331752,进击的巨人 最终季 Part.2,2022-01-09,7.7,12911,https://lain.bgm.tv/pic/cover/l/61/0c/331752_iRPHK.jpg,MAPPA;进击的巨人;战斗;漫画改;热血;2022年1月;TV;漫改;2022;奇幻;纸片人文化中首屈一指统一全人类审美的雅俗共赏神作;战争;日本;林祐一郎;续作;神作;剧情;泽野弘之;2022年;谏山创;2021;濑古浩司;瀬古浩司;猎奇;日本动画;悬疑;澤野弘之;日漫;季番;等巨人完结之时，他将完美接档钢炼，成为世界第一神作,艾伦·耶格尔;三笠·阿克曼;阿明·阿诺德;格里夏·耶格尔;欧良果彭;雷恩哈特;カリナ・ブラウン;柯尼·史普林格;克里斯塔·连兹;让·基尔休坦;莱纳·布朗;韩吉·佐伊
155,https://bgm.tv/subject/444557,无职转生 第二季 ～到了异世界就拿出真本事～ 第2部分,2024-04-07,7.6,13869,https://lain.bgm.tv/pic/cover/l/ad/25/444557_e4hPO.jpg,异世界;轻小说改;2024年4月;StudioBind;后宫;奇幻;无职转生;TV;战斗;2024;轻改;穿越;小说改;续作;冒险;日本;無職轉生;恋爱;渋谷亮介;平野宏树;涩谷亮介;亲情;转生;魔法;成长;大野敏哉;校园;2024年;热血;日常,鲁迪乌斯·格雷拉特;希露菲叶特·格雷拉特;洛琪希·米格路迪亚·格雷拉特;保罗·格雷拉特;基斯·努卡迪亚;艾莉娜丽洁·杜拉冈罗德;塔尔韩德;诺伦·格雷拉特;爱莎·格雷拉特;莉莉娅·格雷拉特;塞伦特·赛文斯塔;瑞杰路德·斯佩路迪亚
156,https://bgm.tv/subject/16235,未来日记,2011-10-09,7.2,15320,https://lain.bgm.tv/pic/cover/l/0a/3d/16235_5GJQH.jpg,病娇;未来日记;我妻由乃;2011年10月;猎奇;TV;漫画改;史上最强跟踪狂;2011;悬疑;病娇女;战斗;asread;中二;漫改;石田彰;京阿尼;奇幻;恋爱;漫画改编;我妻有奶;日本;2011年10月番;轮回;细田直人;大逃杀;細田直人;致郁;智斗;アスリード,天野雪辉;我妻由乃;火山高夫;来须圭悟;豊穰礼佑;春日野椿;战场马克;美神爱;上下夏窗;雨流美弥音;月岛狩人;约翰·巴克斯
157,https://bgm.tv/subject/218708,比宇宙更远的地方,2018-01-02,8.2,15525,https://lain.bgm.tv/pic/cover/l/16/de/218708_99YjL.jpg,原创;MADHouse;青春;2018年1月;花田十辉;TV;治愈;南极;2018;百合;励志;花泽香菜;水濑祈;早见沙织;井口裕香;日本;石塚敦子;花田十輝;日常;轻百合;旅行;催泪;友情;冒险;いしづかあつこ;神作;石冢敦子;2018年;比宇宙更远的地方;校园,玉木真理;小渊泽报濑;三宅日向;白石结月;藤堂吟;前川佳苗;鲛岛弓子;高桥惠;玉木凛;白石民子;迎千秋;财前敏夫
158,https://bgm.tv/subject/329114,想要成为影之实力者！,2022-10-05,7.1,13270,https://lain.bgm.tv/pic/cover/l/39/96/329114_mB55b.jpg,异世界;龙傲天;搞笑;2022年10月;轻小说改;中二;战斗;TV;Nexus;轻改;奇幻;2022;穿越;小说改;中西和也;开挂无敌;日本;后宫;装逼;厕纸;校园;热血;2023;转生;无敌;想要成为影之实力者;2022年;日本动画;爽;动画,希德·卡盖诺;阿蕾克西雅·米德加尔;萝兹·奥利雅纳;爱丽丝·米德加尔;尤洛·加里;贾卡·伊莫;西野茜;纽;奥罗拉;杜姆·凯沙特;马可·格兰杰;奎顿
159,https://bgm.tv/subject/37898,我的妹妹哪有这么可爱。,2013-04-06,6.9,13314,https://lain.bgm.tv/pic/cover/l/50/53/37898_GB3nG.jpg,俺妹;轻小说改;2013年4月;我的妹妹哪有这么可爱！;A-1Pictures;恋爱;TV;花泽香菜;后宫;黑猫;2013;竹达彩奈;轻改;A-1;妹控;小说改;校园;日常;我的妹妹不可能那么可爱;搞笑;日本;党争;妹;中村悠一;伏见司;神戸洋行;妹系;妹妹;续作;A-1出品，品质未知,高坂桐乃;高坂京介;五更琉璃;槙岛沙织;田村麻奈实;新垣绫濑;来栖加奈子;赤城浩平;赤城濑菜;樱井秋美;来栖彼方;三浦弦之介
160,https://bgm.tv/subject/252655,佐贺偶像是传奇,2018-10-04,7.8,14669,https://lain.bgm.tv/pic/cover/l/a4/ef/252655_8X396.jpg,原创;搞笑;偶像;MAPPA;2018年10月;僵尸;TV;佐贺偶像是传奇;2018;cygames;音乐;宮野真守;境宗久;日本;種田梨沙;百合;治愈;励志;奇幻;沙雕;村越繁;TⅤ;TＶ;恐怖;2018年;日常;本渡枫;本渡楓,巽幸太郎;源樱;二阶堂咲;水野爱;绀野纯子;夕雾;星川莉莉;山田多惠;警察官A;大古场新太;犬走;死金大叔A
161,https://bgm.tv/subject/328195,鬼灭之刃 游郭篇,2021-12-05,7.3,12200,https://lain.bgm.tv/pic/cover/l/7a/26/328195_kGv1r.jpg,热血;战斗;ufotable;漫画改;鬼灭之刃;TV;2021年10月;奇幻;2021;漫改;JUMP;2021年12月;日本;梶浦由记;外崎春雄;续作;霸权;2022年1月;2021年;搞笑;冒险;2022;椎名豪;日漫;日本动画;季番;泽城美雪;梶浦由記;燃;小西克幸,灶门炭治郎;灶门祢豆子;我妻善逸;嘴平伊之助;炼狱杏寿郎;栗花落香奈乎;宇髓天元;产屋敷耀哉;伊黑小芭内;鬼舞辻无惨;产屋敷辉利哉;钢铁冢萤
162,https://bgm.tv/subject/342667,为美好的世界献上祝福！第三季,2024-04-10,7.7,13218,https://lain.bgm.tv/pic/cover/l/4c/8a/342667_0RfU8.jpg,搞笑;异世界;轻小说改;2024年4月;为美好的世界献上祝福;TV;奇幻;J.C.STAFF;2024;轻改;后宫;小说改;drive;续作;日本;安部祐二郎;日常;战斗;穿越;素晴;冒险;2024年;金崎贵臣;为美好的世界献上祝福！;未定档;金﨑貴臣;未确定;ドライブ;喜剧;高桥李依,佐藤和真;阿克娅;惠惠;达克妮斯;克莉丝;厄里斯;维斯;芸芸;露娜;爱丽丝;御剑响夜;阿列克谢·巴尼斯·阿尔达普
163,https://bgm.tv/subject/235612,工作细胞,2018-07-07,6.9,13166,https://lain.bgm.tv/pic/cover/l/84/fc/235612_EHO4Q.jpg,科普;漫画改;2018年7月;拟人;TV;漫改;战斗;花泽香菜;2018;david_production;搞笑;工作细胞;davidproduction;日常;日本;鈴木健一;萌;治愈;2018年;铃木健一;小野大辅;奇幻;恋爱;血小板;大卫社;前野智昭;david.production;动画;日本动画;热血,红血球（AE3803）;白血球（U-1146）;树突细胞;记忆细胞;B细胞;白血球（2626）;白血球（4989）;杀手T细胞;巨噬细胞;血小板;辅助性T细胞;调节性T细胞
164,https://bgm.tv/subject/137722,只有我不存在的城市,2016-01-07,7.6,14261,https://lain.bgm.tv/pic/cover/l/39/2f/137722_Iid43.jpg,悬疑;A-1Pictures;推理;漫画改;2016年1月;TV;只有我不在的街道;梶浦由記;2016;漫改;noitaminA;伊藤智彦;日本;穿越;轮回;治愈;推理系;奇幻;岸本卓;校园;NTR;悠木碧;剧情;恋爱;梶浦由记;2016年;A-1_Pictures;季番;动画;日本动画,藤沼悟;雏月加代;片桐爱梨;藤沼佐知子;小林贤也;杉田广美;和;修;美里;中西彩;八代学;白鸟润
165,https://bgm.tv/subject/262940,某科学的超电磁炮T,2020-01-10,7.6,12565,https://lain.bgm.tv/pic/cover/l/aa/db/262940_z2mQQ.jpg,J.C.STAFF;某科学的超电磁炮;战斗;校园;2020年1月;漫画改;TV;百合;2020;魔法禁书目录;科幻;漫改;长井龙雪;外传;日本;续篇;炮姐;奇幻;超能力;日常;御坂美琴;续作;超电磁炮;轻小说改;轻百合;少年向;热血;長井龍雪;轻改;2020年,御坂美琴;白井黑子;初春饰利;佐天泪子;食蜂操祈;上条当麻;婚后光子;铁装缀里;湾内绢保;泡浮万彬;固法美伟;宿管
166,https://bgm.tv/subject/220631,电影 为美好的世界献上祝福！红传说,2019-08-30,7.7,12173,https://lain.bgm.tv/pic/cover/l/d0/61/220631_2nNMt.jpg,剧场版;搞笑;异世界;J.C.STAFF;轻小说改;2019;素晴;奇幻;后宫;轻改;2019年8月;小说改;金崎贵臣;日本;菊田幸一;战斗;TV;为美好的世界献上祝福;穿越;为美好的世界献上祝福！;2019年;金﨑貴臣;日常;冒险;沙雕;续作;恋爱;高桥李依;2019年7月;动画电影,佐藤和真;维斯;阿克娅;惠惠;达克妮斯;芸芸;厄里斯;露娜;粗暴者;小米;阿露;富尼费拉
167,https://bgm.tv/subject/25961,猫和老鼠,1965-09-25,9.1,13910,https://lain.bgm.tv/pic/cover/l/fd/60/25961_WDKz6.jpg,童年;欧美;搞笑;童年的经典;经典;神作;Tom&Jerry;TV;美国;原创;爆笑;汤姆杰瑞好基友;1940;童年回憶;1965;爆笑类;日常;猫和老鼠;米高梅;音乐;没看全;治愈;基;短片;长篇;动画;喜剧;欧美动画;奇幻;动物,汤姆;杰瑞;泰菲;斯派克;夸克;可可;乔治;布奇;图多盖洛;莱特宁;托普斯;米特
168,https://bgm.tv/subject/20851,Another,2012-01-09,6.9,14067,https://lain.bgm.tv/pic/cover/l/d3/39/20851_V4eXe.jpg,悬疑;P.A.WORKS;推理;灵异;ANOTHER;2012年1月;眼罩少女;TV;小说改;綾辻行人;2012;水岛努;校园;绫辻行人;轻小说改;恐怖;日本;猎奇;伊東雜音;轻改;惊悚;BONES;血腥;奇幻;水島努;阿部敦;2012年;动画;大谷幸;恋爱,榊原恒一;见崎鸣;赤泽泉美;风见智彦;樱木由加利;敕使河原直哉;望月优矢;杉浦多佳子;水野沙苗;怜子;久保寺绍二;綾野彩
169,https://bgm.tv/subject/266157,慎重勇者 ～这个勇者明明超强却过分慎重～,2019-10-02,6.9,12567,https://lain.bgm.tv/pic/cover/l/02/3c/266157_1FVwV.jpg,搞笑;异世界;2019年10月;WHITEFOX;轻小说改;沙雕;TV;战斗;穿越;轻改;2019;奇幻;小说改;日本;迫井政行;异世界开挂;龙傲天;颜艺;恋爱;丰崎爱生;冒险;慎重勇者;2019年;猪原健太;WHITE_FOX;梅原裕一郎;日本动画;喜剧;藤澤慶昌;治愈,龙宫院圣哉;莉丝妲黛;赛尔瑟乌斯;马修;艾鲁鲁;阿丽雅朵亚;阿黛妮拉;罗莎莉·罗兹加尔多;沃尔克斯·罗兹加尔多;ニーナ;ケオス・マキナ;武器屋の店主
170,https://bgm.tv/subject/7843,魔法禁书目录 第二季,2010-10-08,6.7,12527,https://lain.bgm.tv/pic/cover/l/8d/91/7843_KPkpp.jpg,J.C.STAFF;禁书目录;2010年10月;轻小说改;炮姐;TV;当妈;战斗;魔禁2;2010;魔法;index;小黄书;后宫;魔法禁书目录;奇幻;小说改;轻改;科幻;炮姐外传;嘴炮哥;校园;超能力;不幸;日本;百合子;宇宙级神作;锦织博;镰池和马;续作,上条当麻;一方通行;茵蒂克斯;御坂美琴;白井黑子;姬神秋沙;月咏小萌;初春饰利;黄泉川爱穗;神裂火织;结标淡希;最后之作
171,https://bgm.tv/subject/109375,剧场版 Fate/stay night [Heaven's Feel] I.presage flower,2017-10-14,7.6,12641,https://lain.bgm.tv/pic/cover/l/34/9f/109375_o2NnF.jpg,剧场版;ufotable;Type-Moon;Fate;游戏改;2017;战斗;HF;間桐桜;GAL改;奇幻;奈須きのこ;奈须蘑菇;2017年10月;日本;2017年;須藤友徳;热血;聖杯;须藤友德;恋爱;梶浦由记;梶浦由記;动画电影;型月;电影;FateStayNight;映画;须藤友徳;武内崇,卫宫士郎;间桐樱;阿尔托莉雅·潘德拉贡;吉尔伽美什;伊莉雅斯菲尔·冯·爱因兹贝伦;间桐慎二;言峰绮礼;塞拉;远坂凛;藤村大河;莉洁莉特;间桐脏砚
172,https://bgm.tv/subject/302,龙猫,1988-04-16,8.2,12808,https://lain.bgm.tv/pic/cover/l/57/7b/302_VYbvw.jpg,宮崎駿;吉卜力;剧场版;龙猫;治愈;宫崎骏;久石让;1988;温馨;奇幻;原创;神配乐;国民动画;日本;动画电影;となりのトトロ;环保系;童年;GHIBLI;经典;电影;1988年;1988年4月;スタジオジブリ;映画;80年代;小女孩;神作;1980s;久石譲,草壁梅;草壁五月;龙猫;草壁达郎;猫巴士;煤球精灵
173,https://bgm.tv/subject/114685,可塑性记忆,2015-04-04,7,12538,https://lain.bgm.tv/pic/cover/l/1d/08/114685_Ege3l.jpg,催泪;原创;动画工房;恋爱;2015年4月;科幻;TV;可塑性记忆;2015;林直孝;横山克;治愈;動画工房;5pb;日本;藤原佳幸;原创动画;日常;致郁;2015年;雨宫天;机器人;纯爱;职场;虐;动画;AI;TVA;悲剧;季番,艾拉;水柿司;绢岛满;札克;桑乃实香月;康斯坦斯;缥康孝;雪莉;海松爱琉;莎拉;山野边孝雄;土器连
174,https://bgm.tv/subject/188091,珈百璃的堕落,2017-01-09,7.1,12192,https://lain.bgm.tv/pic/cover/l/39/3d/188091_IDY33.jpg,搞笑;百合;动画工房;日常;2017年1月;漫画改;TV;萌豚;萌;2017;珈百璃的堕落;漫改;校园;太田雅彦;動画工房;轻百合;日本;奇幻;喜剧;治愈;萌系;废萌;花泽香菜;2017年;轻百;大空直美;大西沙织;天使;日本动画;青岛崇,天真·珈百璃·怀特;月乃濑·薇奈特·艾普利尔;胡桃泽·撒塔妮亚·麦克斯韦;白羽·拉非夏尔·恩兹沃斯;千咲·塔普莉丝·修格贝尔;老板;真知子;猫;武田;天真·加艾露·怀特;圣光君;狗
175,https://bgm.tv/subject/185943,末日时在做什么？有没有空？可以来拯救吗？,2017-04-11,7.6,13537,https://lain.bgm.tv/pic/cover/l/a0/5f/185943_VDh22.jpg,轻小说改;恋爱;致郁;奇幻;2017年4月;TV;治愈;Satelight;催泪;轻改;2017;枯野瑛;C2C;小说改;和田純一;日本;战斗;加藤達也;异世界;サテライト;珂朵莉;和田纯一;悲剧;2017年;末日;末世;末日三问;萝莉;末日时在做什么？有没有空？可以来拯救吗？;爱情,威廉·克梅修;珂朵莉·诺塔·瑟尼欧里斯;艾瑟雅·麦杰·瓦尔卡利斯;奈芙莲·卢可·因萨尼亚;兰朵露可·伊瑟利·赫斯托利亚;诺夫特·K·迪斯佩拉提奥;缇亚特;潘丽宝;菈琪旭;可蓉;阿尔米塔;妮戈兰
176,https://bgm.tv/subject/8402,吊带袜天使,2010-10-01,8,13887,https://lain.bgm.tv/pic/cover/l/a7/49/8402_Q9mLv.jpg,GAINAX;今石洋之;美式;原创;重口;恶搞;TV;下限;2010年10月;2010;搞笑;战斗;飞天小女警×光之美少女;日本;Stocking！;成年小女警;奇幻;没有穿;吊带袜天使;飞天小女警;猎奇;锦织敦史;2010年;神作;反差值;无下限;TRIGGER;neta;节操;糟糕,Panty;Stocking;盖塔贝特;恰库;布里夫;丝坎蒂;妮索克丝;法斯特内尔;丑陋幽灵;ジャイアント・ブラウン;クレイジー・クレイジー・キャビー;クイーン・ビー
177,https://bgm.tv/subject/37685,心理测量者,2012-10-11,7.9,14510,https://lain.bgm.tv/pic/cover/l/bb/0a/37685_JLl2k.jpg,虚渊玄;科幻;PSYCHO-PASS;ProductionI.G;2012年10月;原创;TV;花泽香菜;爱的战士;2012;天野明;noitaminA;战斗;Production.I.G;関智一;反乌托邦;石田彰;悬疑;犯罪;日本;沢城みゆき;樱井孝宏;十月番;剧情;塩谷直義;心理测量者;虚淵玄;2012年;赛博朋克;盐谷直义,狡啮慎也;常守朱;槙岛圣护;宜野座伸元;征陆智己;縢秀星;六合冢弥生;唐之杜志恩;支配者;禾生壤宗;崔具成;藤间幸三郎
178,https://bgm.tv/subject/175599,剧场版 Fate/stay night [Heaven's Feel] II.lost butterfly,2019-08-21,7.8,12356,https://lain.bgm.tv/pic/cover/l/59/28/175599_HfD3G.jpg,剧场版;ufotable;Type-Moon;Fate;2019;游戏改;GAL改;战斗;奈須きのこ;間桐桜;奇幻;FateStayNight;2019年1月;日本;Fate系列;恋爱;須藤友徳;HF;2019年;须藤友德;热血;梶浦由记;奈须蘑菇;续作;梶浦由記;蘑菇;电影;动画电影;桧山彬;型月,卫宫士郎;间桐樱;吉尔伽美什;伊莉雅斯菲尔·冯·爱因兹贝伦;间桐慎二;言峰绮礼;远坂凛;藤村大河;阿尔托莉雅・潘德拉贡〔Alter〕;间桐脏砚;美杜莎;咒腕的哈桑
179,https://bgm.tv/subject/37785,来自新世界,2012-09-28,8.1,15065,https://lain.bgm.tv/pic/cover/l/9a/64/37785_aBBEd.jpg,反乌托邦;A-1Pictures;科幻;来自新世界;小说改;2012年10月;TV;猎奇;2012;花澤香菜;悬疑;花泽香菜;奇幻;小说改编;A-1;轻小说改;人类衰退之后？;日本;石浜真史;轻改;神作;剧情;致郁;种田梨沙;2012年;石滨真史;SF;百合;A-1_Pictures;貴志祐介,渡边早季;朝比奈觉;秋月真理亚;伊东守;青沼瞬;野狐丸;奇狼丸;天野丽子;渡边瑞穗;杉浦敬;无瞋;离尘
180,https://bgm.tv/subject/509986,末日后酒店,2025-04-08,8.2,15340,https://lain.bgm.tv/pic/cover/l/6e/1a/509986_99qsc.jpg,原创;科幻;2025年4月;CygamesPictures;末世;治愈;TV;奇幻;日常;日本;2025;搞笑;催泪;春藤佳奈;村越繁;2025年;无法预测的命运之舞台;单元剧;4月;电波;机器人;喜剧;神作;漫画改;原创动画;key;末日后酒店;高低得试试;游戏改;Air,八千代;嘭子;门厅侍者机器人;环境监测机器人;老板;文福;貒;布久利;貉;外星旅客;触手爱人;触手宇宙人
181,https://bgm.tv/subject/50814,打工吧！魔王大人,2013-04-04,7.1,12621,https://lain.bgm.tv/pic/cover/l/4a/9f/50814_B44q8.jpg,搞笑;轻小说改;打工吧！魔王大人;2013年4月;WHITEFOX;TV;2013;奇幻;日笠阳子;轻改;日常;颜艺;神谷浩史;轻小说;東山奈央;小说改;后宫;穿越;战斗;日本;恋爱;2013年四月番;异世界;細田直人;逢坂良太;细田直人;2013年;吐槽;横谷昌宏;WHITE_FOX,真奥贞夫;游佐惠美;芦屋四郎;漆原半藏;佐佐木千穗;镰月铃乃;艾美拉达·爱德华;铃木梨香;猿江三月;アルバート・エンデ;大神官オルバ・メイヤー;水岛由姬
182,https://bgm.tv/subject/218711,DARLING in the FRANXX,2018-01-13,6.2,14552,https://lain.bgm.tv/pic/cover/l/77/dd/218711_5Z5t1.jpg,A-1Pictures;原创;TRIGGER;2018年1月;TV;机战;科幻;锦织敦史;今石洋之;恋爱;2018;萝卜;錦織敦史;田中将贺;战斗;林直孝;日本;国家队;CloverWorks;赤井俊文;A-1_Pictures;机甲;02;烂尾;奇幻;2018年;青春;热血;DARLING;半年番,广;02;五郎;莓;纯位数;未来;满;心;太;郁乃;维尔纳·弗兰克;卡丽娜·米尔扎
183,https://bgm.tv/subject/4019,四叠半神话大系,2010-04-22,8.6,15220,https://lain.bgm.tv/pic/cover/l/7f/c6/4019_f34f4.jpg,汤浅政明;MADHouse;森见登美彦;TV;小说改;平行宇宙;另类空想;2010年4月;轮回;2010;神作;坂本真綾;科幻;noitaminA;日本;校园;青春;奇幻;轻小说改;湯浅政明;恋爱;SF;轻改;日常;人生;森見登美彦;坂本真绫;2010年;Mad-house;四叠半神话大系,我;小津;明石;樋口清太郎;羽贯凉子;城崎先辈;相岛;香织;乔尼;寿老人／李白;旧书市集之神
184,https://bgm.tv/subject/277954,我的青春恋爱物语果然有问题 完,2020-07-09,6.7,11981,https://lain.bgm.tv/pic/cover/l/ba/69/277954_s8qHA.jpg,恋爱;轻小说改;校园;Feel.;我的青春恋爱物语果然有问题;TV;2020年7月;2020;青春;轻改;春物;小说改;2020年4月;日本;最终季？;党争;日常;大老师;续作;及川啓;渡航;后宫;及川启;2020年;东山奈央;三季;最终季;待上映;早见沙织;大知慶一郎,比企谷八幡;雪之下雪乃;由比滨结衣;一色彩羽;比企谷小町;户冢彩加;叶山隼人;材木座义辉;平冢静;雪之下阳乃;三浦优美子;海老名姫菜
185,https://bgm.tv/subject/441795,我心里危险的东西 第二季,2024-01-06,8.3,13588,https://lain.bgm.tv/pic/cover/l/ba/7e/441795_q6Sc3.jpg,恋爱;校园;纯爱;2024年1月;漫画改;牛尾宪辅;TV;日常;SHIN-EI;2024;漫改;治愈;我內心的糟糕念頭;续作;日本;赤城博昭;花田十辉;青春;搞笑;神作;羊宮妃那;我心里危险的东西;シンエイ動画;羊宫妃那;2024年;花田十輝;神中神;神;季番;狗粮,山田杏奈;市川京太郎;小林千寻;关根萌子;吉田芹那;足立翔;神崎健太;太田力;原穂乃香;市川香菜;南条晴矢;金生谷伦
186,https://bgm.tv/subject/82572,野良神,2014-01-05,7.1,12220,https://lain.bgm.tv/pic/cover/l/ee/de/82572_PNW44.jpg,BONES;漫画改;2014年1月;战斗;野良神;神谷浩史;TV;骨头社;奇幻;2014;漫改;泽城美雪;福山潤;梶裕贵;内田真礼;搞笑;小野大辅;日本;恋爱;岩崎琢;热血;2014年;田村耕太郎;治愈;妖怪;タムラコータロー;福山润;钉宫理惠;川元利浩;丰崎爱生,夜斗;一岐日和;雪音;小福;大黑;毗沙门;兆麻;天神;野良;蠃蚌;真喻;梅雨
187,https://bgm.tv/subject/404804,天国大魔境,2023-04-01,7.7,14864,https://lain.bgm.tv/pic/cover/l/ba/c9/404804_1sTp8.jpg,Production.I.G;悬疑;2023年4月;漫画改;科幻;TV;战斗;石黒正数;末世;漫改;2023;石黑正数;森大貴;ProductionI.G;日本;森大贵;冒险;公路片;奇幻;NTR;废土;牛尾宪辅;牛尾憲輔;性转;2023年;公路;天国大魔境;Production_I.G;末日;季番,真流;斩子;时雄;瑚那;美美姬;白;九九;杏;鹰;美千花;伊笑;七希
188,https://bgm.tv/subject/68812,物语系列 第二季,2013-07-06,8.2,12996,https://lain.bgm.tv/pic/cover/l/a1/67/68812_QUpB2.jpg,新房昭之;物语系列;西尾维新;SHAFT;轻小说改;2013年7月;TV;神谷浩史;2013;后宫;奇幻;花泽香菜;神前暁;小说改;斋藤千和;物语;轻改;板村智幸;日本;恋爱;校园;吐槽;2013年;神前晓;堀江由衣;日常;搞笑;续作;战斗;井口裕香,阿良良木历;羽川翼;黑羽川;八九寺真宵;千石抚子;忍野忍;战场原黑仪;贝木泥舟;神原骏河;阿良良木火怜;阿良良木月火;影縫余弦
189,https://bgm.tv/subject/126173,ReLIFE,2016-07-01,7.7,12309,https://lain.bgm.tv/pic/cover/l/e0/a2/126173_II0Y1.jpg,恋爱;校园;青春;漫画改;2016年7月;TV;ReLIFE;漫改;2016;TMS;茅野爱衣;治愈;TMS_Entertainment;小野贤章;日本;小坂知;日常;木村良平;搞笑;穿越;科幻;奇幻;横手美智子;纯爱;TMSEntertainment;2016年;催泪;成长;人生;重生,日代千鹤;海崎新太;小野屋杏;夜明了;大神和臣;狩生玲奈;玉来萌香;犬饲晓;犬饲堇;天津心;朝地信长;宇佐浩史
190,https://bgm.tv/subject/234,AIR,2005-01-06,8,13354,https://lain.bgm.tv/pic/cover/l/28/9d/234_hIMht.jpg,key;京阿尼;Air;鸟之诗;催泪;GAL改;TV;2005;催泪弹;国歌;京都动画;游戏改;观铃;嘎哦;恋爱;奇幻;京都;galgame;2005年1月;石原立也;治愈;麻枝准;日本;神作;京都アニメーション;最萌2005推荐;志茂文彦;亲情;日常;2005年,国崎往人;神尾观铃;雾岛佳乃;远野美凪;神奈备命;神尾晴子;雾岛圣;小满;土豆;橘敬介;小空;柳也
191,https://bgm.tv/subject/22505,福音战士新剧场版：Q,2012-11-17,7.4,12373,https://lain.bgm.tv/pic/cover/l/a6/bb/22505_O197k.jpg,剧场版;EVA;庵野秀明;2012;GAINAX;原创;Khara;科幻;EVA新剧场版;庵野秀明八成也看不懂;战斗;坑;看不懂就是神作;机战;基;日本;2012年;萝卜;神作;摩砂雪;鹤卷和哉;前田真宏;新世纪福音战士;林原惠;贞本义行;2012年11月;鶴巻和哉;鷺巣詩郎;新剧场版;继续感动,碇真嗣;渚薰;式波·明日香·兰格雷;葛城美里;赤木律子;伊吹摩耶;冬月耕造;日向诚;青叶茂;碇源堂;真希波·玛丽·伊兰崔亚斯;绫波零（暂定名）
192,https://bgm.tv/subject/2463,无头骑士异闻录,2010-01-07,7.9,14072,https://lain.bgm.tv/pic/cover/l/18/43/2463_FGJkn.jpg,成田良悟;无头骑士异闻录;デュラララ!!;2010年1月;DRRR!!;TV;池袋;神谷浩史;电击文库;2010;轻小说改;节奏紧凑;DOLLARS;好人设;奇幻;BrainsBase;群像;福山润;小说改;轻改;剧情;日本;大森贵弘;Brain;大森貴弘;神画面;战斗;群像剧;悬疑;宫野真守,塞尔提·史特路尔森;龙峰帝人;纪田正臣;园原杏里;折原临也;平和岛静雄;岸谷新罗;DOLLARS;门田京平;游马崎沃克;狩泽绘理华;渡草三郎
193,https://bgm.tv/subject/249637,天使降临到了我身边！,2019-01-08,7.3,11821,https://lain.bgm.tv/pic/cover/l/f3/2d/249637_2r3gw.jpg,百合;动画工房;萝莉;日常;2019年1月;萌豚;漫画改;TV;萌;搞笑;2019;治愈;漫改;動画工房;日本;轻百合;平牧大輔;平牧大辅;LOLI;萌系;轻百;一迅社;2019年;废萌;山田由香;天使降临到了我身边;上田丽奈;校园;鬼头明里;芳文社,星野宫子;白咲花;星野日向;姬坂乃爱;种村小依;小之森夏音;松本香子;星野千鹤;白咲春香;姫坂爱蜜莉;松本友奈;宫子
194,https://bgm.tv/subject/375817,契约之吻,2022-07-02,6.9,13569,https://lain.bgm.tv/pic/cover/l/25/cd/375817_O7LGk.jpg,原创;A-1Pictures;恋爱;2022年7月;战斗;丸戸史明;奇幻;TV;丸户史明;病娇;2022;后宫;田中智也;日本;党争;丸户老贼是块宝冈妈看了都说好;搞笑;扭曲;无法预测的命运之舞台;恋爱喜剧;2022年;契约之吻;喜剧;修罗场;胃疼;重女;日常;A-1_Pictures;日本动画;季番,绪方修;木更;夕桐绫乃;莎朗·荷莉格蕾尔;夕桐秋乃;迈尔斯·摩根;三上哲也;蜂须贺莎花;蜂须贺凛花;蜂须贺米哈伊尔;芦屋正明;绪方勇
195,https://bgm.tv/subject/424663,梦想成为魔法少女,2024-01-03,7,12952,https://lain.bgm.tv/pic/cover/l/96/d1/424663_mM5GN.jpg,百合;卖肉;魔法少女;2024年1月;搞笑;漫画改;TV;旭production;战斗;2024;肉番;漫改;奇幻;日本;大槻敦史;铃木理人;SM;肉;日常;福利;里番;鈴木理人;逆天;校园;2024年;旭プロダクション;梦想成为魔法少女;木村暢;大规敦史;憧憬成为魔法少女,柊宇天那/恶之女干部;阿良河基维/豹式装甲;杜乃可莉丝/尼禄爱丽丝;花菱遥香/魔法品红;水神小夜/魔法碧蓝;天川薰子/魔法硫磺;阿古屋真珠/洛可慕斯卡;姐母娞摩/莱贝尔布鲁姆;君王艾露诺;修女奇苷特;维纳里达;瓦兹
196,https://bgm.tv/subject/204027,齐木楠雄的灾难 第二季,2018-01-16,7.7,11245,https://lain.bgm.tv/pic/cover/l/37/08/204027_irnYl.jpg,搞笑;J.C.STAFF;校园;日常;漫画改;2018年1月;超能力;TV;齐木楠雄的灾难;2018;漫改;神谷浩史;续作;日本;桜井弘明;奇幻;2018年;吐槽;喜剧;樱井弘明;JUMP;恋爱;茅野爱衣;EGGFIRM;科幻;小野大辅;动画;半年番;麻生周一;第二季,齐木楠雄;照桥心美;燃堂力;海藤瞬;洼谷须亚莲;灰吕杵志;梦原知予;相卜命;鸟束零太;目良千里;齐木久留美;齐木国春
197,https://bgm.tv/subject/298477,来自深渊 烈日的黄金乡,2022-07-06,8.3,13361,https://lain.bgm.tv/pic/cover/l/ae/18/298477_eBaQ8.jpg,奇幻;漫画改;冒险;来自深渊;2022年7月;猎奇;致郁;TV;KINEMACITRUS;2022;漫改;治愈;小岛正幸;续作;日本;战斗;青年向;神作;KINEMA_CITRUS;催泪;小島正幸;2022年;异世界;仓田英之;土笔章人;倉田英之;剧情;KINEMA.CITRUS;待上映;KevinPenkin,莉可;雷格;娜娜奇;法普妲;布耶可;瓦兹康;贝拉弗;咿噜缪咿;梅尼亚;玛吉卡加;嘛啊啊;姆基
198,https://bgm.tv/subject/211027,OVERLORD 第二季,2018-01-09,6.6,10928,https://lain.bgm.tv/pic/cover/l/0f/01/211027_669oE.jpg,骨傲天;2018年1月;MADHouse;轻小说改;穿越;异世界;TV;装逼;奇幻;OVERLORD;轻改;网游;2018;续作;战斗;龙傲天;小说改;第二季;日本;伊藤尚往;人外;搞笑;后宫;2018年;日本动画;热血;厕纸;冒险;动画;季番,安兹·乌尔·恭;娜贝拉尔·伽玛;艾多玛·巴西丽莎·泽塔;番外席次;队长;威克提姆;エドストレーム;艾库莱尔・艾库莱路・艾库莱阿;雅儿贝德;夏提雅·布拉德弗伦;亚乌菈·贝拉·菲欧拉;马雷·贝罗·菲欧雷
199,https://bgm.tv/subject/312,哈尔的移动城堡,2004-11-20,7.8,11962,https://lain.bgm.tv/pic/cover/l/95/0a/312_LmAan.jpg,宫崎骏;吉卜力;剧场版;奇幻;久石让;哈尔的移动城堡;2004;魔法;原创;少女系;恋爱;宮崎駿;ハウルの動く城;动画电影;日本;环保系;小说改;GHIBLI;治愈;哈尔;电影;2004年;童年;2004年11月;动画;スタジオジブリ;映画;经典;久石譲;少女,苏菲·哈特尔;哈尔;荒野的女巫;卡尔西法;马鲁克;小姓;かかしのカブ;国王;宾;莎莉曼
200,https://bgm.tv/subject/231497,路人女主的养成方法 Fine,2019-10-26,7.7,11460,https://lain.bgm.tv/pic/cover/l/8b/4c/231497_tZxtU.jpg,剧场版;恋爱;路人女主的养成方法;A-1Pictures;丸户史明;轻小说改;2019;后宫;CloverWorks;校园;轻改;小说改;深崎暮人;日本;2019年10月;党争;青春;柴田彰久;日常;搞笑;2019年;丸戸史明;续作;TV;纯爱;松冈祯丞;加藤惠;龟井干太;亀井幹太;伪后宫,安艺伦也;加藤惠;泽村・史宾瑟・英梨梨;霞之丘诗羽;冰堂美智留;波岛出海;波岛伊织;红坂朱音;町田苑子;水原叡智佳;姬川时乃;森丘蓝子
201,https://bgm.tv/subject/288,寒蝉鸣泣之时 解,2007-07-05,8.1,12777,https://lain.bgm.tv/pic/cover/l/48/ae/288_HvHm5.jpg,悬疑;龙骑士07;寒蝉鸣泣之时解;惊悚;TV;2007年7月;游戏改;寒蝉鸣泣之时;2007;ひぐらしのなく頃に解;噩梦的结束;studiodeen;治愈;寒蝉;GAL改;轮回;社会问题;今千秋;解;日本;猎奇;推理;神作;伦理学;致郁;中原麻衣;奇幻;续作;STUDIO_DEEN;2007年,古手梨花;羽入;前原圭一;龙宫礼奈;园崎魅音;北条沙都子;园崎诗音;鹰野三四;龙宫保典;龙宫礼子;大石藏人;富竹次郎
202,https://bgm.tv/subject/242,穿越时空的少女,2006-07-15,7.8,13374,https://lain.bgm.tv/pic/cover/l/e4/a6/242_BmDGk.jpg,剧场版;细田守;穿越时空的少女;恋爱;校园;MADHouse;贞本义行;2006;治愈;科幻;治愈系;小说改;泪腺崩坏;時をかける少女;時間穿梭;筒井康隆;日本;青春;穿越;动画电影;原创;細田守;2006年;奇幻;催泪;2006年7月;电影;轻小说改;爱情;映画,绀野真琴;间宫千昭;津田功介;芳山和子;绀野美雪;藤谷果穗;早川友梨;高瀬宋次郎
203,https://bgm.tv/subject/259,夏目友人帐,2008-07-07,8,11893,https://lain.bgm.tv/pic/cover/l/cf/a0/259_7C5D9.jpg,治愈系;夏目友人帳;治愈;神谷浩史;妖怪;TV;温情;2008年7月;绿川幸;2008;漫画改;感人;BrainsBase;奇幻;夏目友人账;日常;漫改;弱气受;日本;井上和彦;夏目友人帐;主仆;大森贵弘;大森貴弘;萌攻;2008年;鬼;Brain;小林沙苗;Brains･Base,夏目玲子;夏目贵志;喵老师/斑;牛面中级妖怪;柊;三筱;笹后;瓜姬;独眼中级妖怪;河童;田沼的爸爸;名取周一
204,https://bgm.tv/subject/243916,约定的梦幻岛,2019-01-10,7.6,12084,https://lain.bgm.tv/pic/cover/l/ff/49/243916_XXJsd.jpg,悬疑;CloverWorks;2019年1月;漫改;智斗;漫画改;TV;冒险;2019;JUMP;奇幻;noitaminA;神戸守;孩子们的冒险;邪道;日本;约定的梦幻岛;神户守;大野敏哉;2019年;剧情;动画;猎奇;热血;内田真礼;科幻;神作;日本动画;致郁;战斗,诺曼;艾玛;雷;伊莎贝拉;克洛涅;马克;柯尼;冬;吉尔达;安娜;奈特;托马斯
205,https://bgm.tv/subject/350764,鬼灭之刃 无限列车篇,2021-10-10,7.3,10112,https://lain.bgm.tv/pic/cover/l/65/8e/350764_Aibau.jpg,战斗;热血;ufotable;漫画改;2021年10月;鬼灭之刃;TV;奇幻;2021;漫改;JUMP;剧场版;日本;梶浦由记;续作;外崎春雄;催泪;2021年;搞笑;石田彰;日漫;椎名豪;冒险;日本动画;TVA;励志;undefined;表番;下野紘;鬼滅の刃,灶门炭治郎;灶门祢豆子;我妻善逸;嘴平伊之助;富冈义勇;蝴蝶忍;炼狱杏寿郎;栗花落香奈乎;宇髓天元;产屋敷耀哉;甘露寺蜜璃;悲鸣屿行冥
206,https://bgm.tv/subject/148099,刀剑神域 序列之争,2017-02-18,6.8,11052,https://lain.bgm.tv/pic/cover/l/a7/db/148099_EPbSE.jpg,剧场版;A-1Pictures;刀剑神域;轻小说改;2017;后宫;科幻;战斗;梶浦由記;虚拟现实;轻改;2017年2月;松岡禎丞;小说改;2017年;伊藤智彦;日本;恋爱;网游;奇幻;SAO;热血;异世界;梶浦由记;川原砾;原创;续作;电影;亚丝娜;游戏,桐人／桐谷和人;亚丝娜／结城明日奈;尤娜;克莱因／壶井辽太郎;艾基尔／安德鲁·基尔博德·密鲁茲;莉兹贝特／篠崎里香;茅场晶彦;西莉卡／绫野圭子;结衣;诗乃／朝田诗乃;莉法／桐谷直叶;瑛二／后泽锐二
207,https://bgm.tv/subject/240386,冰海战记,2019-07-07,8.3,12953,https://lain.bgm.tv/pic/cover/l/31/8f/240386_6Q62q.jpg,WITSTUDIO;历史;战斗;漫画改;2019年7月;热血;战争;TV;海盗战记;漫改;2019;籔田修平;半年番;WIT_STUDIO;日本;神作;WIT;剧情;史诗;薮田修平;成长;冰海战记;2019年;冒险;濑古浩司;上村祐翔;瀬古浩司;反战;海盗;2010s,托尔芬;托尔兹;克努特;阿谢拉德;表伦;托鲁克尔;アスゲード;朗纳尔;ヴィリヴァルド;雷夫;斯韦恩王;弗洛基
208,https://bgm.tv/subject/219200,擅长捉弄的高木同学,2018-01-08,7.5,11401,https://lain.bgm.tv/pic/cover/l/09/16/219200_wFT9i.jpg,恋爱;校园;狗粮;日常;2018年1月;漫画改;TV;擅长调情的西片太太;SHIN-EI;2018;漫改;擅长捉弄的高木同学;搞笑;日本;赤城博昭;TⅤ;TＶ;青春;纯爱;治愈;高桥李依;シンエイ動画;横手美智子;2018年;高橋李依;甜;梶裕贵;闪光;喜剧,西片;高木同学;中井高贵;日日野美奈;天川友加里;月本早苗;真野;高尾;木村;田边老师;鹰川堇;怦子
209,https://bgm.tv/subject/296367,SSSS.电光机王,2021-04-02,7.5,12362,https://lain.bgm.tv/pic/cover/l/a1/11/296367_yPic1.jpg,TRIGGER;原创;恋爱;特摄;2021年4月;TV;战斗;JK;雨宮哲;萝卜;2021;机战;科幻;雨宫哲;日本;長谷川圭一;校园;热血;特摄改;2021年;日本动画;青春;DK;奇幻;纯爱;SSSS.GRIDMAN;扳机社;ssss;影视改;长谷川圭一,失马;麻中蓬;南梦芽;山中历;飞鸟川千濑;十驾;鬼蛇;貉;沉;稲本さん;南香乃;安奇
210,https://bgm.tv/subject/233,剧场版 空之境界 第一章 俯瞰风景,2007-12-01,7.9,11909,https://lain.bgm.tv/pic/cover/l/e1/65/233_x22mT.jpg,空之境界;剧场版;Type-Moon;ufotable;奈须きのこ;梶浦由记;2007;两仪式;俯瞰风景;奇幻;坂本真绫;轻小说改;空の境界;战斗;小说改;日本;轻改;TYPEMOON;青木英;轻小说;蘑菇;梶浦由記;2007年;あおきえい;奈须蘑菇;2007年12月;悬疑;剧情;空境;铃村健一,两仪式;黑桐干也;苍崎橙子;巫条雾绘;黑桐鲜花
211,https://bgm.tv/subject/265708,女高中生的无所事事,2019-07-05,7.6,11795,https://lain.bgm.tv/pic/cover/l/f3/d0/265708_QDkDe.jpg,搞笑;日常;校园;2019年7月;漫画改;沙雕;TV;Passione;2019;漫改;百合;女高中生的无所事事;日本;さんぺい聖;赤﨑千夏;治愈;青春;轻百合;三瓶圣;2019年;高桥丈夫;吐槽;户松遥;横谷昌宏;有趣的女人;丰崎爱生;动画;喜剧;2019夏;パッショーネ,田中望;菊池茜;鹭宫栞;百井咲久;山本美波;一奏;染谷莉莉;久条翡翠;佐渡正敬;久条琥珀;三上理惠;花生P
212,https://bgm.tv/subject/212003,赛马娘 Pretty Derby,2018-04-01,7,11580,https://lain.bgm.tv/pic/cover/l/91/c0/212003_pPk1M.jpg,P.A.WORKS;运动;游戏改;百合;2018年4月;偶像;TV;马娘;cygames;原创;2018;竞技;赛马娘;及川啓;日本;及川启;热血;励志;轻百合;日常;石原章弘;校园;2018年;搞笑;拟人;轻百;扭曲;治愈;杉浦理史;季番,特别周;无声铃鹿;小栗帽;训练员;东海帝王;伏特加;大和赤骥;黄金船;目白麦昆;神鹰;草上飞;青云天空
213,https://bgm.tv/subject/841,红辣椒,2006-11-25,8.5,12966,https://lain.bgm.tv/pic/cover/l/02/a3/841_P6wS5.jpg,今敏;剧场版;MADHouse;科幻;红辣椒;2006;盗梦侦探;梦;小说改;林原めぐみ;平沢进;悬疑;动画电影;原创;日本;2006年;映画;神作;奇幻;电影;意识流;金敏;平泽进;筒井康隆;2006年11月;安藤雅司;平沢進;心理;女王;经典,千叶敦子;红辣椒;岛寅太郎;时田浩作;粉川利美;乾精次郎;小山内守雄;玖珂;阵内
214,https://bgm.tv/subject/1333,剧场版 空之境界 第五章 矛盾螺旋,2008-08-16,8.4,12264,https://lain.bgm.tv/pic/cover/l/ff/49/1333_0Dn08.jpg,空之境界;Type-Moon;剧场版;ufotable;两仪式;奈须きのこ;矛盾螺旋;2008;空の境界;坂本真绫;奇幻;武内崇;战斗;轻小说改;小说改;TYPEMOON;平尾隆之;梶浦由记;荒耶宗莲;日本;轻改;鈴村健一;梶浦由記;2008年;悬疑;神作;奈须蘑菇;轻小说;2008年8月;型月,两仪式;黑桐干也;苍崎橙子;胭条巴;荒耶宗莲;秋巳大辅;黑桐鲜花;柯尼勒斯·阿鲁巴;胭条孝之;胭条枫;路人
215,https://bgm.tv/subject/150746,这个美术社大有问题！,2016-07-07,7.3,11400,https://lain.bgm.tv/pic/cover/l/b6/fb/150746_AAL5A.jpg,搞笑;校园;恋爱;日常;漫画改;2016年7月;Feel.;TV;2016;漫改;この美術部には問題がある！;小澤亜李;萌;及川啓;日本;及川启;青春;社团;2016年;治愈;喜剧;东山奈央;小林裕介;纯爱;荒川稔久;小泽亚李;水树奈奈;上坂堇;いみぎむる;恋爱喜剧,宇佐美瑞希;内卷昴;柯莱特;伊万莉麻里亚;部长;立花梦子;诸星老师;小山老师;绫濑香织;本多沙耶香;国川凉子;萌香
216,https://bgm.tv/subject/310,幽灵公主,1997-07-12,8.4,12289,https://lain.bgm.tv/pic/cover/l/06/eb/310_C0oq0.jpg,宫崎骏;吉卜力;剧场版;久石让;1997;幽灵公主;奇幻;原创;自然主义;环保系;神配乐;经典;气势宏大;日本;宮崎駿;动画电影;冒险;环保;GHIBLI;治愈;电影;1997年7月;1997年;神作;スタジオジブリ;自然;久石譲;童年;映画;90年代,阿席达卡;小桑;黑帽大人;山兽神;乙事主;甲六;阿时;莫娜;莫娜之子;神婆;卡雅;亚克路
217,https://bgm.tv/subject/256114,五等分的新娘,2019-01-10,6.1,11050,https://lain.bgm.tv/pic/cover/l/fd/cd/256114_mvRVq.jpg,恋爱;后宫;漫画改;2019年1月;校园;TV;手冢Production;漫改;党争;2019;松岡禎丞;花泽香菜;日常;日本;佐仓大法;手塚PRODUCTION;搞笑;桑原智;五等分的新娘;2019年;佐仓绫音;青春;水濑祈;竹达彩奈;松冈祯丞;炒股;伊藤美来;五等分;五等分的花嫁;手塚プロダクション,上杉风太郎;中野一花;中野二乃;中野三玖;中野四叶;中野五月;上杉濑叶;上杉勇也;中野丸尾;前田
218,https://bgm.tv/subject/411427,间谍过家家 第二季,2023-10-07,7.2,10677,https://lain.bgm.tv/pic/cover/l/69/5b/411427_1Bw95.jpg,搞笑;日常;2023年10月;CloverWorks;漫画改;WITSTUDIO;家庭喜剧;TV;2023;漫改;间谍过家家;战斗;续集;日本;治愈;SPY×FAMILY;续作;古桥一浩;喜剧;原田孝宏;校园;大河内一楼;古橋一浩;家庭;2023年;亲情;京阿尼;WIT_STUDIO;恋爱;早见沙织,劳埃德·福杰;约尔・福杰;阿尼亚·福杰;邦德·福杰;达米安·德斯蒙;贝琪·布莱克贝尔;菲奥娜·弗罗斯特;亨利·亨德森;尤里·布莱尔;弗兰基·弗兰克林;席尔薇亚·薛伍德;多诺万·德斯蒙
219,https://bgm.tv/subject/6048,新世纪福音战士剧场版 死与新生,1997-03-15,8.1,10170,https://lain.bgm.tv/pic/cover/l/66/46/6048_MJqSM.jpg,EVA;剧场版;庵野秀明;GAINAX;1997;科幻;原创;新世纪福音战士;GANAIX;补完;机战;骗钱;骗钱神棍片的王者;贞本义行;日本;萝卜;总集篇;林原めぐみ;战斗;摩砂雪;神作;Production.I.G;鹤卷和哉;ProductionI.G;1997年3月;1997年;鶴巻和哉;宗教;剧情;90年代,碇真嗣;绫波零;惣流·明日香·兰格雷;葛城美里;赤木律子;伊吹摩耶;渚薰;加持良治;冬月耕造;相田剑介;洞木光;日向诚
220,https://bgm.tv/subject/74628,伪恋,2014-01-11,7.1,11256,https://lain.bgm.tv/pic/cover/l/98/71/74628_8HHlL.jpg,新房昭之;恋爱;后宫;SHAFT;2014年1月;漫画改;伪恋;TV;花泽香菜;校园;东山奈央;2014;漫改;ClariS;神前晓;搞笑;党争;J.C.STAFF;日常;日本;内山昂辉;龙轮直征;龍輪直征;2014年;青春;阿澄佳奈;小松未可子;JUMP;半年番;古味直志,一条乐;桐崎千棘;小野寺小咲;橘万里花;鸫诚士郎;宫本琉璃;舞子集;克劳德·林格哈特;日原教子;本田曜子;橘严;小野寺菜菜子
221,https://bgm.tv/subject/353605,灵能百分百 第三季,2022-10-05,8.2,11637,https://lain.bgm.tv/pic/cover/l/ac/c4/353605_t8jsh.jpg,BONES;战斗;热血;漫画改;2022年10月;TV;灵能百分百;搞笑;奇幻;漫改;2022;ONE;濑古浩司;立川让;日本;莲井隆弘;超能力;治愈;成长;续作;校园;蓮井隆弘;日常;青春;神作;2022年;立川譲;樱井孝宏;瀬古浩司;骨头社,影山茂夫;灵幻新隆;小酒窝;影山律;花泽辉气;鬼瓦天牙;米里一;暗田留;高岭蕾;犬川豆太;猿田尻彦;雉子林春人
222,https://bgm.tv/subject/262897,摇曳露营△ 第二季,2021-01-07,8.3,12215,https://lain.bgm.tv/pic/cover/l/0f/50/262897_d3555.jpg,芳文社;日常;治愈;2021年1月;漫画改;轻百合;TV;百合;摇曳露营Δ;C-Station;2021;露营;漫改;萌;京極義昭;日本;京极义昭;续作;美食;轻百;田中仁;漫画改编;2021年;摇曳露营;摇曳露营△;校园;神作;萌系;2020年1月;户外,各务原抚子;志摩凛;大垣千明;犬山葵;齐藤惠那;鸟羽美波;犬山明里;土岐绫乃;各务原樱;各务原静花;各务原修一朗;志摩咲
223,https://bgm.tv/subject/237,攻壳机动队,1995-11-18,8.8,12576,https://lain.bgm.tv/pic/cover/l/53/9f/237_78UdL.jpg,押井守;攻壳机动队;剧场版;科幻;赛博朋克;1995;Production.IG;士郎正宗;Production.I.G;神作;漫画改;超现实;攻殻機動隊;日本;ProductionI.G;漫改;川井宪次;经典;战斗;严肃;脑后插管;动画电影;电影;川井憲次;90年代;哲学;1995年;伊藤和典;SF;原创,草薙素子;巴特;公安9课;荒卷大辅;陀古萨;石川;傀儡师
224,https://bgm.tv/subject/301541,总之就是非常可爱,2020-10-02,6.3,10832,https://lain.bgm.tv/pic/cover/l/66/50/301541_p2z4K.jpg,恋爱;狗粮;漫画改;2020年10月;日常;TV;漫改;2020;SEVEN・ARCS;畑健二郎;搞笑;总之就是非常可爱;SevenArcs;日本;纯爱;博史池畠;治愈;SEVEN·ARCS;奇幻;2020年;鬼头明里;总之就是非常酸;鬼頭明里;柠檬;2020秋;酸;日本动画;SEVEN_ARCS;青春;日漫,由崎司;由崎星空;有栖川要;有栖川绫;键之寺千岁;柳直子;夏洛特;奥罗拉;由崎缘;由崎叶香;店员
225,https://bgm.tv/subject/470660,剧场版 链锯人 蕾塞篇,2025-09-19,8.4,12678,https://lain.bgm.tv/pic/cover/l/e0/d8/470660_uLY5M.jpg,剧场版;MAPPA;藤本树;漫画改;战斗;2025;电锯人;日本;漫改;热血;我的心已被蕾塞夺走，今生或许再无悲喜;少年向;蕾塞;奇幻;恋爱;吉原达矢;吉原達矢;2025年;牛尾宪辅;2025年9月;猎奇;续作;瀬古浩司;血腥;动画电影;牛尾憲輔;JUMP;未定档;劇場版;神作,电次;蕾塞;啵奇塔;玛奇玛;早川秋;帕瓦;东山小红;岸边;哔姆;加尔加利;天使;台风恶魔
226,https://bgm.tv/subject/376739,进击的巨人 最终季 完结篇 前篇,2023-03-03,7.7,10487,https://lain.bgm.tv/pic/cover/l/4f/33/376739_KMN9x.jpg,MAPPA;进击的巨人;2023;战斗;漫画改;热血;TV;战争;漫改;一个时代的落幕;奇幻;林祐一郎;剧场版;進擊的巨人;日本;续作;2023年3月;那种事情不要啊;泽野弘之;2023年4月;2023年1月;2023年;神作;剧情;谏山创;OVA;濑古浩司;瀬古浩司;TVSP;日本动画,艾伦·耶格尔;三笠·阿克曼;阿明·阿诺德;欧良果彭;雷恩哈特;カリナ・ブラウン;穆勒;亚妮·雷恩哈特;让·基尔休坦;柯尼·史普林格;莱纳·布朗;韩吉·佐伊
227,https://bgm.tv/subject/443428,【我推的孩子】 第二季,2024-07-03,7.2,12307,https://lain.bgm.tv/pic/cover/l/d1/1c/443428_FIhFu.jpg,动画工房;2024年7月;漫画改;偶像;恋爱;TV;赤坂明;悬疑;漫改;2024;我推的孩子;续作;复仇;【我推的孩子】;日本;平牧大輔;党争;职场;续集;平牧大辅;動画工房;田中仁;T0;转生;奇幻;日常;2024年;搞笑;青年向;舞台剧,阿库亚 / 星野爱久爱海;露比 / 星野瑠美衣;有马加奈;黑川茜;MEM啾;姬川大辉;鸣岛梅尔特;鸭志田朔夜;镝木胜也;鲛岛阿比子;吉祥寺赖子;雷田澄彰
228,https://bgm.tv/subject/214799,宝石之国,2017-10-07,7.6,11585,https://lain.bgm.tv/pic/cover/l/2f/07/214799_tGQ11.jpg,漫画改;奇幻;3D;2017年10月;TV;战斗;orange;宝石之国;2017;漫改;京極尚彦;百合;声优阵容炸裂;オレンジ;日本;京极尚彦;致郁;2017年;剧情;市川春子;成长;大野敏哉;治愈;黑泽朋世;茅野爱衣;漫画改编;小松未可子;黒沢ともよ;催泪;季番,磷叶石;辰砂;钻石;圆粒金刚石;摩根石;透绿柱石;金红石;翡翠;红色线柱石;紫水晶84·紫水晶33;蓝锥矿;海王石
229,https://bgm.tv/subject/208754,徒然喜欢你,2017-07-04,7.1,10471,https://lain.bgm.tv/pic/cover/l/79/ae/208754_JyZ00.jpg,恋爱;狗粮;校园;泡面番;2017年7月;漫画改;搞笑;TV;Studio五组;2017;漫改;日常;佐倉綾音;日本;水瀬いのり;Studio五組;若林稔弥;青春;群像;金子ひらく;徒然喜欢你;纯爱;金子拓;2017年;治愈;泡面;花泽香菜;短片;小仓唯;佐仓绫音,菅原卓郎;高野千鹤;刚田武;上根绫香;赤木正文;梶亮子;高濑春彦;神田沙希;皆川由纪;古屋纯;香取慎一;细川数子
230,https://bgm.tv/subject/94244,斩·赤红之瞳！,2014-07-06,6.6,11270,https://lain.bgm.tv/pic/cover/l/5e/e3/94244_aCTut.jpg,战斗;漫画改;斩·赤红之瞳！;2014年7月;热血;WHITEFOX;TV;雨宫天;漫改;致郁;2014;奇幻;能登麻美子;岩崎琢;日本;WHITE_FOX;小林智树;猎奇;催泪;小林智樹;血腥;2014年;虐妹;后宫;虐;田村ゆかり;便当;治愈;半年番;恋爱,赤瞳;塔兹米;艾斯德斯;玛茵;雷欧奈;拉伯克;切尔茜;希儿;布拉特;须佐之男;娜杰塔;黑瞳
231,https://bgm.tv/subject/11145,笨蛋，测验，召唤兽！,2011-07-07,7.5,11167,https://lain.bgm.tv/pic/cover/l/7e/8d/11145_6s6G6.jpg,搞笑;秀吉;笨蛋;2011年7月;轻小说改;大沼心;TV;校园;闷声色狼;SILVERLINK.;2011;伪娘;瑞希的料理;后宫;精神食粮;小说改;轻改;二期;恋爱;日常;加藤英美里;日本;笨蛋测验召唤兽;闷骚男;续作;腐向;笨蛋测试召唤兽;2011年;SILVERLINK,吉井明久;姬路瑞希;岛田美波;木下秀吉;坂本雄二;土屋康太;雾岛翔子;小暮葵;小山友香;西村宗一;清水美春;久保利光
232,https://bgm.tv/subject/219658,龙王的工作！,2018-01-08,6.4,10837,https://lain.bgm.tv/pic/cover/l/58/d3/219658_Reey1.jpg,萝莉;轻小说改;将棋;2018年1月;后宫;projectNo.9;TV;日常;2018;轻改;萌;日高里菜;小说改;白鸟士郎;金元寿子;日本;柳伸亮;搞笑;恋爱;竞技;内田雄馬;运动;龙王的工作;project_No.9;2018年;佐仓绫音;萌系;党争;治愈;矢野茜,九头龙八一;雏鹤爱;夜叉神天衣;空银子;清泷桂香;水越澪;贞任绫乃;夏绿蒂·伊索亚尔;神锅步梦;清泷钢介;供御饭万智;月光圣市
233,https://bgm.tv/subject/280837,紫罗兰永恒花园 外传 - 永远与自动手记人偶 -,2019-09-06,7.5,10630,https://lain.bgm.tv/pic/cover/l/f0/15/280837_L6VeG.jpg,剧场版;京阿尼;治愈;2019;紫罗兰永恒花园;轻小说改;京都动画;轻改;藤田春香;小说改;京都アニメーション;OVA;2019年9月;百合;日本;催泪;奇幻;2019年;日常;吉田玲子;恋爱;续作;京都;动画电影;石立太一;石川由依;外传;TV;ヴァイオレット・エヴァーガーデン;电影,薇尔莉特·伊芙加登;伊莎贝拉·约克;泰勒·巴特利特;贝内迪克特·布卢;克劳迪亚·霍金斯;嘉德丽雅·波德莱尔;艾丽卡·布朗;爱丽丝·卡娜莉;露库莉娅·马尔博罗;艾什莉·兰卡斯特;罗兰德;内丽内
234,https://bgm.tv/subject/76325,约会大作战 第二季,2014-04-11,6.1,10037,https://lain.bgm.tv/pic/cover/l/65/55/76325_8yJ4Y.jpg,后宫;约会大作战;轻小说改;2014年4月;TV;战斗;ProductionIMS;恋爱;2014;轻改;校园;科幻;小说改;约炮大作战;元永庆太郎;奇幻;日本;续作;Production.IMS;輕小說;搞笑;元永慶太郎;富樫美鈴;2014年;卖肉;井上麻里奈;橘公司;IMS;第二季;竹达彩奈,五河士道;夜刀神十香;鸢一折纸;五河琴里;冰芽川四糸乃;时崎狂三;诱宵美九;八舞夕弦;八舞耶俱矢;神无月恭平;村雨令音;崇宫真那
235,https://bgm.tv/subject/272510,街角魔族,2019-07-11,7.5,11324,https://lain.bgm.tv/pic/cover/l/af/22/272510_BZ00p.jpg,芳文社;百合;日常;J.C.STAFF;搞笑;2019年7月;漫画改;轻百合;TV;2019;魔法少女;漫改;废萌;樱井弘明;小原好美;日本;萌;奇幻;校园;治愈;街角魔族;桜井弘明;萌豚;萌系;2019年;轻百;鬼头明里;喜剧;季番;きらら,吉田优子;千代田桃;莉莉丝;阳夏木蜜柑;佐田杏里;小仓紫苑;吉田良子;吉田清子;梅塔子;吉田太郎;杏里的母亲;白泽
236,https://bgm.tv/subject/480441,蓦然回首,2024-06-28,7.8,12442,https://lain.bgm.tv/pic/cover/l/fa/a8/480441_6o9oX.jpg,剧场版;藤本树;漫画改;2024;押山清高;StudioDURIAN;青春;日本;漫改;治愈;动画电影;剧情;电影;2024年6月;少年向;劇場版;友情;催泪;百合;2024年;奇幻;励志;DURIAN;藤本タツキ;日常;2024年4月;校园;京阿尼;2020s;蓦然回首,藤野步;京本;路人
237,https://bgm.tv/subject/430699,金牌得主,2025-01-04,8,13216,https://lain.bgm.tv/pic/cover/l/ce/3c/430699_hsj90.jpg,运动;漫画改;2025年1月;花田十辉;TV;Engi;滑冰;竞技;日本;2025;花样滑冰;漫改;萝莉;花田十輝;山本靖贵;励志;热血;治愈;青春;成长;山本靖貴;2025年;2025冬;日常;金牌得主;花滑;动画;搞笑;黑马;催泪,结束祈;明浦路司;狼嵜光;夜鹰纯;鴗鸟理凰;鴗鸟慎一郎;三家田凉佳;那智鞠绪;大和绘马;蛇崩游大;高峰瞳;濑古间卫
238,https://bgm.tv/subject/282,狼与香辛料,2008-01-08,7.8,11840,https://lain.bgm.tv/pic/cover/l/6a/9a/282_yTm70.jpg,狼と香辛料;萌狼;轻小说改;TV;治愈;小清水亚美;2008年1月;治愈系;福山润;经济;2008;轻小说;IMAGIN;奇幻;轻改;电击文库;恋爱;小说改;日本;公路片;旅行;狼;狼与香辛料;高桥丈夫;日常;高橋丈夫;神;公路;2008年;咱,赫萝;克拉福·罗伦斯;库洛艾;诺儿菈·艾伦;列支敦·马贺特;杰廉;贵族;怀兹;鉴定师;初老の男;店主;叶克伯·塔兰铁诺
239,https://bgm.tv/subject/56117,猫物语（黑）,2012-12-31,7.7,10987,https://lain.bgm.tv/pic/cover/l/f1/d6/56117_o7a7a.jpg,新房昭之;物语系列;西尾维新;SHAFT;轻小说改;TV;2012年12月;2012;奇幻;神谷浩史;神前晓;堀江由衣;小说改;后宫;轻改;2013年1月;板村智幸;花泽香菜;日本;物语;恋爱;OVA;肉;2012年;校园;吐槽;战斗;2013;续作;渡边明夫,阿良良木历;羽川翼;黑羽川;忍野咩咩;忍野忍;阿良良木火怜;阿良良木月火
240,https://bgm.tv/subject/106818,暗杀教室,2015-01-09,7.4,11167,https://lain.bgm.tv/pic/cover/l/f4/91/106818_YJ4JT.jpg,搞笑;漫画改;校园;2015年1月;暗殺教室;TV;战斗;Lerche;2015;岸诚二;漫改;福山润;治愈;杉田智和;福山潤;日本;日常;奇幻;逢坂良太;暗杀教室;热血;上江洲诚;JUMP;2015年;岸誠二;励志;催泪;成长;青春;杀老师,杀老师;潮田渚;赤羽业;乌间惟臣;伊莉娜·叶拉维琪;前原阳斗;矶贝悠马;茅野枫;杉野友人;神崎有希子;奥田爱美;寺坂龙马
241,https://bgm.tv/subject/212775,干物妹！小埋R,2017-10-08,6.7,9964,https://lain.bgm.tv/pic/cover/l/27/da/212775_as9It.jpg,日常;搞笑;动画工房;2017年10月;漫画改;TV;萌;干物妹！小埋;2017;续作;漫改;干物妹小埋;治愈;太田雅彦;日本;校园;二期;第二季;動画工房;萌系;百合;2017年;兄妹;妹控;妹;喜剧;废萌;日本动画;动画;轻百合,土间埋;土间大平;海老名菜菜;本场切绘;橘·希尔芬福特;本场猛;橘·亚力克斯;金刚叶;金刚光;海老名公一郎;橘美希
242,https://bgm.tv/subject/840,千年女优,2002-09-14,8.7,12710,https://lain.bgm.tv/pic/cover/l/fa/83/840_JRk3Z.jpg,今敏;剧场版;MADHouse;千年女优;2001;人生;原创;分镜;爱;奔跑;神作;历史;诗史;日本;2002;映画;动画电影;恋爱;平泽进;爱情;治愈;电影;2001年;本田雄;2001年7月;剧情;经典;平沢進;动画;村井さだゆき,藤原千代子;钥匙先生;立花源也;井田恭二
243,https://bgm.tv/subject/415779,进击的巨人 最终季 完结篇 后篇,2023-11-04,7.6,10581,https://lain.bgm.tv/pic/cover/l/d3/dc/415779_6TeGp.jpg,MAPPA;进击的巨人;战斗;漫画改;热血;TV;2023;2023年10月;战争;奇幻;漫改;剧场版;林祐一郎;谏山创;日本;2023年;续作;神作;泽野弘之;完结;剧情;2023年11月;OVA;一个时代的落幕;濑古浩司;瀬古浩司;那种事情不要啊;TVSP;日本动画;梶裕貴,艾伦·耶格尔;三笠·阿克曼;阿明·阿诺德;让·基尔休坦;亚妮·雷恩哈特;克里斯塔·连兹;柯尼·史普林格;莱纳·布朗;吉克·耶格尔;格里夏·耶格尔;贾碧·布朗;法尔克·格莱斯
244,https://bgm.tv/subject/1940,魔卡少女樱,1998-04-07,8.2,11114,https://lain.bgm.tv/pic/cover/l/95/e6/1940_o9Lto.jpg,CLAMP;魔卡少女樱;初代萌王;童年;MADHouse;TV;治愈;1998;小樱;漫画改;萌;校园;治愈系;世上最萌萝莉;奇幻;恋爱;世上最会赚钱的萝莉;魔法少女;漫改;战斗;日常;浅香守生;少女向;1998年4月;日本;Sakura;BL;萝莉;魔法;百合,木之本樱;李小狼;大道寺知世;可鲁贝洛斯;月;佐佐木利佳;木之本抚子;李莓铃;大道寺园美;木之本桃矢;月城雪兔;木之本藤隆
245,https://bgm.tv/subject/247,银魂,2006-04-04,8.7,13687,https://lain.bgm.tv/pic/cover/l/3c/ec/247_MnPPU.jpg,银他妈;吐槽;银魂;搞笑;JUMP;恶搞;銀魂~搞笑才是人生~;GINTAMA;TV;SUNRISE;2006;天然卷发;漫画改;銀魂;kuso;钉宫;假发;战斗;2006年4月;喜剧;杉田智和;漫改;热血;日本;土银;科幻;S田;高松信司;灵魂支柱;人生的意义,坂田银时;神乐;志村新八;万事屋銀ちゃん;定春;志村妙;土方十四郎;凯瑟琳;长谷川泰三;伊东鸭太郎;柳生九兵卫;屁怒絽
246,https://bgm.tv/subject/208450,笨女孩,2017-07-04,6.6,10360,https://lain.bgm.tv/pic/cover/l/bf/83/208450_0l5MJ.jpg,搞笑;漫画改;2017年7月;泡面番;校园;TV;日常;悠木碧;Diomedéa;2017;笨女孩;漫改;欢乐;杉田智和;日本;玉木慎吾;Diomedea;沙雕;恋爱;后宫;ヒロユキ;2017年;泡面;喜剧;智障;猴王;日本动画;上坂堇;青岛崇;あおしまたかし,花畑佳子;阿久津明;隅野沙耶香;风纪委员长;花畑佳惠;狗;黑崎龙一;阿久津瑠璃;押枝敦子;荣村茜;柊姬衣;椎名黑子
247,https://bgm.tv/subject/369768,鬼灭之刃 刀匠村篇,2023-04-09,6.6,10104,https://lain.bgm.tv/pic/cover/l/c9/bb/369768_F05zh.jpg,ufotable;战斗;热血;2023年4月;漫画改;鬼灭之刃;TV;奇幻;2023;漫改;续作;JUMP;日本;外崎春雄;花江夏树;日本动画;2023年;梶浦由记;冒险;搞笑;日漫;季番;花泽香菜;椎名豪;河西健吾;TVA;花江夏樹;追番;4月;表番,灶门炭治郎;灶门祢豆子;我妻善逸;嘴平伊之助;栗花落香奈乎;产屋敷耀哉;甘露寺蜜璃;时透无一郎;珠世;俞史郎;不死川玄弥;钢铁冢萤
248,https://bgm.tv/subject/419846,想要成为影之实力者！ 第二季,2023-10-04,7.3,10207,https://lain.bgm.tv/pic/cover/l/86/5a/419846_UWUv4.jpg,异世界;龙傲天;2023年10月;搞笑;轻小说改;战斗;TV;装逼;奇幻;Nexus;2023;后宫;轻改;中西和也;小说改;日本;续集;中二;穿越;续作;厕纸;想要成为影之实力者;转生;误解系;校园;2023年;想要成为影之实力者！;神作;日本动画;加藤還一,希德·卡盖诺;暗影庭园;玛莉;克蕾娅·卡盖诺;雪姬;加格诺;克里姆森;伊丽莎白;约翰·史密斯;月丹;卡达·奇库基;杜姆·凯沙特
249,https://bgm.tv/subject/335036,英雄联盟：双城之战,2021-11-07,8.4,11964,https://lain.bgm.tv/pic/cover/l/cd/dd/335036_e2Kg2.jpg,英雄联盟;游戏改;Netflix;欧美;战斗;原创;2021;奇幻;2021年11月;WEB;TV;百合;美国;Fortiche;梦龙;魔法;2021年10月;科幻;神作;3D;热血;群像;剧情;2021年;法国;游改;ForticheProduction;动画;双城之战;2020s,金克丝;蔚;杰斯;辛吉德;维克托;范德尔;凯特琳;梅尔·梅达尔达;希尔科;艾克;黑默丁格;安蓓萨
250,https://bgm.tv/subject/218712,SSSS.古立特,2018-10-06,7.1,11708,https://lain.bgm.tv/pic/cover/l/d1/78/218712_c2Db6.jpg,TRIGGER;原创;2018年10月;特摄改;TV;机战;雨宮哲;SSSS.GRIDMAN;科幻;2018;特摄;萝卜;战斗;雨宫哲;恋爱;日本;JK;校园;鹭巢诗郎;百合;热血;2018年;青春;長谷川圭一;长谷川圭一;影视改;TVA;动画;上田丽奈;奇幻,响裕太;古立特;内海将;宝多六花;新条茜;アレクシス・ケリヴ;武士圣剑;マックス;玻拉;ヴィット;安奇;六花ママ
251,https://bgm.tv/subject/211311,恶魔人 crybaby,2018-01-05,7.8,11841,https://lain.bgm.tv/pic/cover/l/c2/c7/211311_778A7.jpg,汤浅政明;Netflix;大河内一楼;猎奇;永井豪;2018年1月;漫画改;漫改;TV;2018;战斗;ScienceSARU;致郁;WEB;湯浅政明;日本;奇幻;押山清高;人性;恶魔人;血腥;黑暗;牛尾宪辅;牛尾憲輔;神作;暴力;2018年;サイエンスSARU;治愈;剧情,不动明;飞鸟了;牧村美树;美子;死丽濡;槐梦;ゼノン;长崎光司;ワム;ガビ;ククン;バボ
252,https://bgm.tv/subject/175600,剧场版 Fate/stay night [Heaven's Feel] III.spring song,2020-08-15,7.9,10655,https://lain.bgm.tv/pic/cover/l/2c/bf/175600_4wcTq.jpg,剧场版;ufotable;Fate;Type-Moon;2020;游戏改;战斗;GAL改;奈須きのこ;奇幻;HF;間桐桜;梶浦由记;須藤友徳;2020年;恋爱;热血;2020年8月;须藤友德;日本;奈须蘑菇;续作;动画电影;梶浦由記;型月;桧山彬;2020年7月;日本动画;电影;神作,卫宫士郎;间桐樱;伊莉雅斯菲尔·冯·爱因兹贝伦;间桐慎二;言峰绮礼;塞拉;远坂凛;藤村大河;莉洁莉特;基修亚·泽尔里奇·修拜因奥古;美缀实典;阿尔托莉雅・潘德拉贡〔Alter〕
253,https://bgm.tv/subject/78405,悠哉日常大王,2013-10-07,8,11277,https://lain.bgm.tv/pic/cover/l/47/fa/78405_dodKZ.jpg,日常;治愈;喵帕斯;2013年10月;SILVERLINK.;TV;漫画改;悠哉日常大王;百合;萌;2013;漫改;阿澄佳奈;吉田玲子;川面真也;搞笑;日本;轻百合;萝莉;乡村;校园;2013年;佐仓绫音;SILVER_LINK.;SILVERLINK;萌系;村川梨衣;季番;轻百;志茂文彦,宫内莲华;一条萤;越谷夏海;越谷小鞠;加贺山枫;宫内一穗;越谷卓;宫内日影;富士宫木实;越谷雪子;石川穗香;广播
254,https://bgm.tv/subject/242170,OVERLORD 第三季,2018-07-10,6.4,9520,https://lain.bgm.tv/pic/cover/l/47/d4/242170_iz9Ko.jpg,MADHouse;轻小说改;2018年7月;骨傲天;穿越;异世界;TV;奇幻;OVERLORD;装逼;轻改;龙傲天;2018;网游;战斗;小说改;日本;第三季;伊藤尚往;续作;搞笑;2018年;后宫;冒险;热血;日本动画;厕纸;日漫;游戏;动画,安兹·乌尔·恭;雅儿贝德;夏提雅·布拉德弗伦;马雷·贝罗·菲欧雷;亚乌菈·贝拉·菲欧拉;迪米乌哥斯;科塞特斯;塞巴斯·蒂安;由莉·阿尔法;娜贝拉尔·伽玛;希姿·德尔塔;索留香·艾普西隆
255,https://bgm.tv/subject/390353,我独自升级,2024-01-06,6.5,10130,https://lain.bgm.tv/pic/cover/l/f5/2e/390353_07vz7.jpg,战斗;2024年1月;A-1Pictures;漫画改;龙傲天;爽文;韩漫;奇幻;TV;漫改;2024;韩国;日本;热血;A-1Pictures，漫改，2023，韩漫，爽文;中重俊祐;异世界;厕纸;泽野弘之;我独自升级;2023;冒险;2024年;系统;日本动画;动画;系统流;季番;韩漫改;装逼,程肖宇 / 水筱旬;刘晨浩 / 诸菱贤太;程肖雅 / 水筱葵;车慧怡 / 向坂雫;崔中寅 / 最上真;白允浩 /  白川大虎;高建利 / 后藤清臣;吴振哲 / 犬饲晃;宋致烈 / 马渊勋;李珠熙 / 观月绘里;金尚植 / 真岛伸晴;姜泰植 / 道门泰星
256,https://bgm.tv/subject/767,剧场版 空之境界 第三章 痛觉残留,2008-02-09,7.9,10717,https://lain.bgm.tv/pic/cover/l/f2/20/767_T9VD9.jpg,空之境界;剧场版;Type-Moon;奈须きのこ;ufotable;梶浦由记;2008;痛觉残留;两仪式;空の境界;坂本真绫;奇幻;浅上藤乃;轻小说改;战斗;小说改;日本;小船井充;能登;轻改;TYPEMOON;2008年;梶浦由記;轻小说;能登麻美子;奈须蘑菇;2008年2月;悬疑;型月;铃村健一,两仪式;浅上藤乃;黑桐干也;苍崎橙子;黑桐鲜花;学人;凑启太;昭野;康平;浅上 麻雪;路人
257,https://bgm.tv/subject/215425,电影 中二病也要谈恋爱！ -Take On Me-,2018-01-06,7.5,9416,https://lain.bgm.tv/pic/cover/l/d4/3b/215425_i1V31.jpg,剧场版;京阿尼;恋爱;中二病也要谈恋爱;校园;2018;轻小说改;搞笑;京都动画;石原立也;2018年1月;轻改;小说改;日常;虐狗;日本;中二病;青春;花田十辉;中二;2018年;京都アニメーション;治愈;续作;百合;纯爱;萌;京都;TV;花田十輝,富樫勇太;小鸟游六花;丹生谷森夏;五月七日枯茗;凸守早苗;七宫智音;小鸟游十花;奇美拉;一色诚;九十九七濑;富樫樟叶;富樫梦叶
258,https://bgm.tv/subject/230914,来自深渊 深沉灵魂的黎明,2020-09-25,7.9,10896,https://lain.bgm.tv/pic/cover/l/e2/fd/230914_fJJ0J.jpg,剧场版;来自深渊;奇幻;冒险;2020;漫画改;致郁;猎奇;KINEMACITRUS;漫改;小岛正幸;2020年1月;KINEMA_CITRUS;日本;治愈;战斗;青年向;2020年;硬核;小島正幸;续作;催泪;神作;倉田英之;TV;动画电影;仓田英之;土笔章人;KINEMA.CITRUS;公路片,莉可;雷格;娜娜奇;波多尔多;普鲁修卡;梅尼亚;古埃拉;祈手;旁白;奥森;哈勃尔格;米蒂
259,https://bgm.tv/subject/332261,JOJO的奇妙冒险 石之海,2022-01-07,7.2,10013,https://lain.bgm.tv/pic/cover/l/d6/4f/332261_szZEK.jpg,JOJO;战斗;荒木飞吕彦;热血;TV;2022年1月;漫画改;davidproduction;漫改;2022;智斗;奇幻;石之海;大卫社;JOJO的奇妙冒险;日本;2021;加藤敏幸;david_production;续作;冒险;续篇;Netflix;荒木飛呂彦;小林靖子;david.production;2022年;超能力;JUMP;动画,空条徐伦;艾梅斯·罗斯提罗;天气·预报;纳鲁西索·安那苏;幽浮一族;安波里欧·亚曼纽;空条承太郎;埃里哥·普奇;罗密欧·吉索;盖丝;约翰葛利·A;桑达·麦奎恩
260,https://bgm.tv/subject/216372,剧场版 吹响吧！上低音号～誓言的终章～,2019-04-19,8.1,10806,https://lain.bgm.tv/pic/cover/l/2c/ca/216372_QR0Wp.jpg,剧场版;京阿尼;音乐;校园;石原立也;2019;青春;京都动画;轻小说改;百合;花田十辉;小说改;2019年4月;轻改;励志;日本;山田尚子;京吹;京都アニメーション;2019年;吹响！悠风号;恋爱;日常;花田十輝;京都;续作;社团;治愈;轻百合;TV,黄前久美子;加藤叶月;川岛绿辉;高坂丽奈;田中明日香;小笠原晴香;中世古香织;中川夏纪;吉川优子;黄前麻美子;松本美知惠;铠冢霙
261,https://bgm.tv/subject/271687,虚构推理,2020-01-11,6.3,10496,https://lain.bgm.tv/pic/cover/l/6c/3b/271687_1326P.jpg,悬疑;推理;2020年1月;漫画改;奇幻;TV;恋爱;BrainsBase;2020;虚构推理;漫改;轻改;轻小说改;城平京;日本;後藤圭二;小说改;战斗;鬼頭明里;妖怪;宫野真守;Brains‘s_Base;日常;2020年;后藤圭二;鬼头明里;搞笑;高木登;动画;季番,岩永琴子;樱川九郎;弓原纱季;樱川六花;七濑花凛;寺田刑事
262,https://bgm.tv/subject/17883,我的朋友很少,2011-10-06,6.8,10552,https://lain.bgm.tv/pic/cover/l/80/d1/17883_58mrm.jpg,后宫;我的后宫很多;轻小说改;2011年10月;我的朋友很少，后宫很多！;肉;TV;AIC;校园;2011;我的朋友很少;花澤香菜;友少;搞笑;平坂读;恋爱;轻改;日常;小说改;日本;卖肉;香菜;井上麻里奈;花泽香菜;斎藤久;新房;木村良平;2011年;轻小说;斋藤久,羽濑川小鹰;三日月夜空;柏崎星奈;楠幸村;志熊理科;羽濑川小鸠;高山玛利亚;柏崎天马;史黛拉;高坂桐乃;五更琉璃;高坂京介
263,https://bgm.tv/subject/5649,妄想学生会,2010-07-03,7.6,10404,https://lain.bgm.tv/pic/cover/l/33/7c/5649_r9s6i.jpg,黄段子;吐槽;搞笑;2010年7月;學生會;TV;工口;黄段子学生会;GoHands;漫画改;校园;2010;日常;女校什么的太邪恶了;日笠阳子;糟糕;脑补;漫改;超M会长;日本;妄想学生会;学生会;糟糕物可能;后宫;金澤洪充;金泽洪充;浅沼晋太郎;2010年;氏家ト全;节操,津田隆利;天草筱;七条天空;萩村铃;津田琴美;横岛鸣子;三叶睦美;畑兰子;五十岚枫;出岛彩香;柳本健二;轰宁宁
264,https://bgm.tv/subject/22759,花开伊吕波,2011-04-03,7.5,12626,https://lain.bgm.tv/pic/cover/l/56/2d/22759_A5N6H.jpg,P.A.WORKS;治愈;花咲くいろは;原创;2011年4月;TV;信PA得画质;2011;日常;能登麻美子;豊崎愛生;户松遥;职场;伊藤加奈惠;青春;励志;安藤真裕;日本;2010年4月;四月番;冈田麿里;岡田麿里;恋爱;小见川千明;百合;花开伊吕波;岸田梅尔;2011年;丰崎爱生;孝哥,松前绪花;鹤来民子;押水菜子;和仓结名;轮岛巴;种村孝一;次郎丸太郎;四十万翠;宫岸彻;四十万缘;富樫莲二;川尻崇子
265,https://bgm.tv/subject/425211,辉夜大小姐想让我告白-初吻不会结束-,2023-03-31,7.9,9565,https://lain.bgm.tv/pic/cover/l/ca/79/425211_bPbra.jpg,恋爱;A-1Pictures;搞笑;校园;漫画改;剧场版;2023年4月;2023;TV;漫改;日常;輝夜姬想讓人告白;畠山守;日本;小俣真一;辉夜大小姐想让我告白;OVA;2023年;赤坂明;续作;喜剧;青春;恋爱喜剧;纯爱;治愈;2023年3月;辉夜大小姐;神作;辉夜;赤坂アカ,四宫辉夜;白银御行;藤原千花;石上优;伊井野弥子;早坂爱;柏木渚;大佛小钵;田沼翼;四条真妃;子安燕;龙珠桃
266,https://bgm.tv/subject/356774,彻夜之歌,2022-07-07,7.4,10826,https://lain.bgm.tv/pic/cover/l/dd/cd/356774_zOW55.jpg,恋爱;吸血鬼;奇幻;2022年7月;漫画改;TV;LIDENFILMS;漫改;日常;2022;搞笑;雨宫天;板村智幸;日本;noitaminA;横手美智子;少年向;彻夜之歌;2022年;电波;青春;治愈;纯爱;都市;宮西哲也;宫西哲也;琴山;夜晚;日本动画;ライデンフィルム,夜守光;七草荠;朝井明;夕真昼;桔梗芹;小繁缕绿;萝卜薄荷;平田妮可;本田芜;白河清澄;秋山昭人;亚里沙
267,https://bgm.tv/subject/420628,药屋少女的呢喃,2023-10-21,7.5,11228,https://lain.bgm.tv/pic/cover/l/fe/31/420628_2ZEz0.jpg,推理;2023年10月;轻小说改;TV;中国风;悠木碧;2023;OLM;TOHOanimationSTUDIO;悬疑;轻改;治愈;小说改;日本;恋爱;東宝;宫廷;日常;長沼範裕;2023年;搞笑;长沼范裕;药屋少女的呢喃;中华风;漫画改;女性向;古风;奇幻;国风;2024,猫猫;壬氏;高顺;玉叶妃;梨花妃;里树妃;阿多妃;楼兰妃;皇帝;小兰;红娘;樱花
268,https://bgm.tv/subject/243981,终将成为你,2018-10-05,7.8,10648,https://lain.bgm.tv/pic/cover/l/bc/72/243981_J20I2.jpg,百合;恋爱;校园;2018年10月;漫画改;TV;TROYCA;花田十辉;漫改;2018;一迅社;加藤誠;日本;治愈;寿美菜子;加藤诚;GL;日常;青春;2018年十月番;扭曲;终将成为你;2018年;花田十輝;仲谷鳰;漫画改编;真百;季番;高田憂希;神作,小丝侑;七海灯子;佐伯沙弥香;槙圣司;堂岛卓;日向朱里;叶历;箱崎理子;儿玉都;小丝怜;浩君;市谷知雪
269,https://bgm.tv/subject/11834,银魂',2011-04-04,8.7,13537,https://lain.bgm.tv/pic/cover/l/e1/36/11834_fEZvv.jpg,银他妈;吐糟;银魂;人生的意义;搞笑;灵魂支柱;必看;JUMP;杉田智和;天然卷;2011年4月;TV;SUNRISE;猩猩;漫画改;2011;JUSTWE;战斗;热血;漫改;吐槽;日本;JUMP唯一不太算崩坏的TV;人生;日常;神作;钉宫理惠;恶搞;GINTAMA;少年系,坂田银时;神乐;志村新八;万事屋銀ちゃん;定春;志村妙;土方十四郎;长谷川泰三;柳生九兵卫;泥水次郎长;椿平子;屁怒絽
270,https://bgm.tv/subject/812,剧场版 空之境界 第二章 杀人考察（前）,2007-12-29,7.8,10172,https://lain.bgm.tv/pic/cover/l/81/e7/812_511mm.jpg,空之境界;剧场版;Type-Moon;ufotable;奈须きのこ;梶浦由紀;2007;两仪式;杀人考察;奇幻;空の境界;轻小说改;坂本真绫;小说改;战斗;多重人格;野中卓也;轻改;两仪织;梶浦由记;梶浦由記;2007年;轻小说;恋爱;悬疑;2007年12月;奈须蘑菇;日本;型月;空境,两仪式;黑桐干也;苍崎橙子;秋巳大辅;黑桐干也的母亲;砚木秋隆;学人;两仪式之父;白纯里绪;路人;荒耶宗莲
271,https://bgm.tv/subject/88287,请问您今天要来点兔子吗？,2014-04-10,7.4,10030,https://lain.bgm.tv/pic/cover/l/9f/2f/88287_h4xKo.jpg,百合;萝莉;芳文社;治愈;日常;2014年4月;漫画改;WHITEFOX;萌;TV;请问您今天要来点兔子吗？;萌系;2014;漫改;佐仓绫音;轻百合;日本;種田梨沙;萌豚;桥本裕之;废萌;轻百;搞笑;橋本裕之;2014年;WHITE_FOX;种田梨沙;内田真礼;点兔;水濑祈,保登心爱;香风智乃;天天座理世;宇治松千夜;桐间纱路;条河麻耶;奈津惠;青山翠;提比;香风隆宏;保登摩卡;豆馅
272,https://bgm.tv/subject/45842,变态王子与不笑猫。,2013-04-13,6.8,10001,https://lain.bgm.tv/pic/cover/l/9c/1e/45842_ZF94F.jpg,J.C.STAFF;轻小说改;后宫;变态王子与不笑猫;搞笑;2013年4月;TV;恋爱;小仓唯;治愈;2013;校园;傲娇;飒爽的变态;轻改;小说改;日本;石原夏织;日常;奇幻;kantoku;萌;田村ゆかり;鈴木洋平;铃木洋平;梶裕贵;2013年;萝莉;变态;青春,横寺阳人;筒隐月子;小豆梓;筒隐筑紫;爱美;胖太;舞牧麻衣;莫莉;莫莉亚;女学生
273,https://bgm.tv/subject/37873,CLANNAD 另一个世界 智代篇,2008-07-16,7.7,9307,https://lain.bgm.tv/pic/cover/l/7f/ec/37873_ZyP2G.jpg,京阿尼;Clannad;OVA;key;坂上智代;GAL改;催泪;2008;麻枝准;校园;智代篇;治愈;游戏改;恋爱;石原立也;智代最高！;京都动画;另一个世界;日本;2008年7月;京都;京都アニメーション;2008年;智代;日常;人生;神作;志茂文彦;番外;TV,坂上智代;冈崎朋也;春原阳平;D組担任;校長;生徒会役員(二年);路人;女学生;男学生;光坂镇
274,https://bgm.tv/subject/524707,我们不可能成为恋人！绝对不行。 (※似乎可行？),2025-07-07,7.4,11078,https://lain.bgm.tv/pic/cover/l/ae/03/524707_1quxk.jpg,百合;后宫;校园;喜剧;恋爱;2025年7月;TV;studioMOTHER;轻小说改;小说改;2025;搞笑;日本;轻改;内沼菜摘;日常;BB;荒川稔久;2025年;真百合;青春;真百;女同;恋人不行;党争;伪后宫;7月;2020s;漫改;studio_MOTHER,甘织玲奈子;王冢真唯;濑名紫阳花;琴纱月;小柳香穗;甘织遥奈;花取单衣;鬼瓦星来;梨地凑;甘织美代子;纱月的妈妈;王冢露奈
275,https://bgm.tv/subject/49294,Love Live!,2013-01-06,7.2,10101,https://lain.bgm.tv/pic/cover/l/75/74/49294_ISOI2.jpg,偶像;LoveLive！;音乐;SUNRISE;校园;原创;2013年1月;百合;TV;青春;2013;花田十辉;日升;京極尚彦;日本;矢立肇;LoveLive;轻百合;日常;京极尚彦;花田十輝;LoveLive!;励志;2013年;治愈;三森すずこ;サンライズ;内田彩;邪教,缪斯;高坂穗乃果;绚濑绘里;南琴梨;园田海未;星空凛;西木野真姬;东条希;小泉花阳;矢泽日香;高坂雪穗;高坂娟穗
276,https://bgm.tv/subject/385209,为美好的世界献上爆焰！,2023-04-05,7,9927,https://lain.bgm.tv/pic/cover/l/c7/89/385209_hWE7n.jpg,异世界;搞笑;2023年4月;为美好的世界献上祝福;轻小说改;TV;奇幻;日常;轻改;2023;drive;外传;小说改;安部祐二郎;日本;战斗;百合;高桥李依;2023年;素晴;轻百合;惠惠;后宫;喜剧;续作;ドライブ;为美好的世界献上祝福！;冒险;魔法;上江洲誠,惠惠;芸芸;小米;阿露;富尼费拉;钝钝子;卷卷;豆助;塞西莉;布克罗尼;唯唯;杰斯塔
277,https://bgm.tv/subject/424883,不时轻声地以俄语遮羞的邻座艾莉同学,2024-07-03,5.5,12814,https://lain.bgm.tv/pic/cover/l/7c/8e/424883_BpzVb.jpg,恋爱;动画工房;校园;2024年7月;轻小说改;TV;轻改;日常;2024;上坂すみれ;俄语;小说改;搞笑;伊藤良太;日本;后宫;2024年4月;動画工房;党争;青春;厕纸;妹妹;2024年;科幻;天﨑滉平;上坂堇;恋爱喜剧;不时轻声地以俄语遮羞的邻座艾莉同学;卖肉;纯爱,久世政近;艾莉莎·米哈伊罗夫纳·九条;周防有希;玛莉亚·米哈伊罗夫纳·九条;君岛绫乃;更科茅咲;剑崎统也;谷山沙也加;宫前乃乃亚;丸山毅;清宫光瑠;久世恭太郎
278,https://bgm.tv/subject/356756,派对浪客诸葛孔明,2022-04-05,7,11270,https://lain.bgm.tv/pic/cover/l/93/98/356756_ro03P.jpg,P.A.WORKS;音乐;搞笑;2022年4月;漫画改;穿越;TV;偶像;2022;漫改;三国;本渡楓;日本;本間修;置鮎龍太郎;本间修;日常;励志;2022年;诸葛亮;派对浪客诸葛孔明;96猫;奇幻;逆穿越;季番;热血;米内山陽子;日本动画;历史;异世界,月见英子;诸葛孔明;KABE太人;久远七海;OWNER小林;MIA西表;经纪人;兼职;DJ SATORI;英子的粉丝1号;刘备;RYO
279,https://bgm.tv/subject/39923,新世纪福音战士剧场版 DEATH(TRUE)2/Air/真心为你,1998-03-07,8.5,8545,https://lain.bgm.tv/pic/cover/l/f5/a0/39923_k7338.jpg,EVA;庵野秀明;剧场版;GAINAX;1998;原创;科幻;补全;新世紀エヴァンゲリオン;贞本义行;萝卜;劇場版;机战;日本;Evangelion;神作;新世纪福音战士;总集篇;战斗;Production.I.G;摩砂雪;ProductionI.G;1998年3月;1998年;心理;90年代;剧情;宗教;意识流;まごころを、君に,NERV;亚当
280,https://bgm.tv/subject/369304,咒术回战 怀玉･玉折 / 涩谷事变,2023-07-06,7.2,10121,https://lain.bgm.tv/pic/cover/l/4b/85/369304_gC7HZ.jpg,MAPPA;战斗;热血;2023年7月;漫画改;奇幻;TV;咒术回战;2023;漫改;JUMP;续作;日本;御所園翔太;中村悠一;御所园翔太;少年向;2023年;第二季;日本动画;搞笑;作画;瀬古浩司;濑古浩司;半年番;日漫;2023年10月;校园;TVA;御所圆翔太,五条悟;夏油杰;虎杖悠仁;伏黑惠;钉崎野蔷薇;家入硝子;七海建人;灰原雄;九十九由基;天内理子;黑井美里;伏黑甚尔
281,https://bgm.tv/subject/225604,刀剑神域 爱丽丝篇,2018-10-06,6.2,9621,https://lain.bgm.tv/pic/cover/l/4a/5d/225604_97yaR.jpg,A-1Pictures;刀剑神域;轻小说改;2018年10月;TV;战斗;后宫;轻改;2018;科幻;SAO;松岡禎丞;虚拟现实;小野学;小说改;奇幻;日本;异世界;网游;恋爱;热血;续作;冒险;川原砾;2018年;梶浦由記;党争;松冈祯丞;梶浦由记;A-1_Pictures,桐人／桐谷和人;亚丝娜／结城明日奈;尤吉欧;爱丽丝·滋贝鲁库／爱丽丝·辛赛西斯·萨提;克莱因／壶井辽太郎;艾基尔／安德鲁·基尔博德·密鲁茲;莉兹贝特／篠崎里香;茅场晶彦;西莉卡／绫野圭子;结衣;诗乃／朝田诗乃;克里斯海特 / 菊冈诚二郎
282,https://bgm.tv/subject/316607,奇蛋物语,2021-01-12,6.7,10786,https://lain.bgm.tv/pic/cover/l/dd/60/316607_2mvjv.jpg,原创;CloverWorks;奇幻;2021年1月;TV;战斗;百合;2021;若林信;青春;野島伸司;日本;校园;日本动画;楠木ともり;2021年;相川奏多;意识流;奇蛋物语;轻百合;治愈;烂尾;梅原翔太;野岛伸司;1月;作画;猎奇;科幻;悬疑;少女,大户爱;青沼音瑠;川井梨花;泽木桃惠;长濑小丝;表账;里账;大户多惠;泽木修一郎;西城久留美;铃原南;海滩边的女生
283,https://bgm.tv/subject/1905,夏日大作战,2009-08-01,7.7,11394,https://lain.bgm.tv/pic/cover/l/73/e0/1905_5tj44.jpg,剧场版;细田守;夏日大作战;MADHouse;科幻;贞本义行;2009;家庭;原创;燃！燃！燃！;summerwars;花札;夏日战争;兔子很强大;高科技;动画电影;細田守;热血;治愈;日本;亲情;燃;2009年;战斗;2009年8月;黑客;电影;恋爱;奥寺佐渡子;青春,小矶健二;筱原夏希;池泽佳主马;阵内荣;阵内侘助;佐久间敬;筱原雪子;筱原和雄;阵内万助;阵内太助;阵内翔太;阵内典子
284,https://bgm.tv/subject/116287,在地下城寻求邂逅是否搞错了什么,2015-04-03,6.8,9348,https://lain.bgm.tv/pic/cover/l/3e/74/116287_EqO1e.jpg,轻小说改;J.C.STAFF;后宫;2015年4月;战斗;TV;奇幻;期待在地下城邂逅有错吗;异世界;松冈祯丞;2015;轻改;小说改;日本;治愈;冒险;山川吉树;热血;搞笑;2015年;恋爱;山川吉樹;卖肉;水濑祈;日本动画;水瀬いのり;在地下城寻求邂逅是否搞错了什么;地错;内田真礼;早见沙织,贝尔·克朗尼;赫斯缇雅;艾丝·华伦斯坦;莉莉露卡·厄德;韦尔夫·克洛;埃伊娜·祖尔;希儿·福罗瓦;琉·利昂;洛基;芬恩·迪姆那;里维莉亚·利欧斯·阿尔弗;格瑞斯·兰德罗克
285,https://bgm.tv/subject/965,永生之酒,2007-07-26,8.2,11537,https://lain.bgm.tv/pic/cover/l/ee/b6/965_2E7l6.jpg,成田良悟;永生之酒;TV;2007;Baccano!;轻小说改;超·乱序;轻小说;不死之身;神作;BrainsBase;爵士乐型;大乱斗;奇幻;悬疑;大森貴弘;2007年7月;群像;小说改;轻改;Baccano;日本;大森贵弘;群像剧;战斗;禁酒令;剧情;乱序;2007年;Brain,克雷亚·斯坦菲尔德;艾萨克·迪安;蜜莉亚·哈文德;菲洛·普罗辛琪奥;夏涅·拉弗雷特;麦沙·阿法罗;贝尔格·甘德鲁;圣拉多·奎兹;达拉斯·杰诺亚德;妮丝·赫利史多恩;拉德·卢梭;瑞秋
286,https://bgm.tv/subject/294135,剧场版 少女☆歌剧 Revue Starlight,2021-06-04,8.5,10905,https://lain.bgm.tv/pic/cover/l/1e/41/294135_cvCcW.jpg,剧场版;原创;百合;2021;战斗;古川知宏;音乐;KINEMACITRUS;少女☆歌劇レヴュースタァライト;少女歌剧;少女歌劇レヴュースタァライト;歌剧;日本;意识流;原创动画;偶像;无法预测的命运之舞台;奇幻;少女☆歌剧;舞台;神作;电波;轻百合;2021年6月;2021年;校园;KINEMA_CITRUS;KINEMA.CITRUS;扭曲;青春,爱城华恋;神乐光;天堂真矢;星见纯那;露崎真昼;大场奈奈;西条克洛迪娜;石动双叶;花柳香子;长颈鹿;真井雾子;雨宫诗音
287,https://bgm.tv/subject/487630,我独自升级 第二季 -起于暗影-,2025-01-04,7.4,9341,https://lain.bgm.tv/pic/cover/l/d8/5d/487630_5YZQ6.jpg,龙傲天;战斗;漫画改;A-1Pictures;2025年1月;奇幻;TV;韩国;日本;漫改;韩漫;2025;热血;续作;中重俊祐;爽文;异世界;日本动画;泽野弘之;我独自升级;坂泰斗;2025年;厕纸;爽;系统;2024;冒险;韩漫改;装逼;日番,程肖宇 / 水筱旬;刘晨浩 / 诸菱贤太;程肖雅 / 水筱葵;车慧怡 / 向坂雫;崔中寅 / 最上真;白允浩 /  白川大虎;高建利 / 后藤清臣;吴振哲 / 犬饲晃;黄东秀 / 右京將人;韩颂伊 / 朝比奈凛;金哲 / 上原悠真;朴熙臻 / 今宫皋月
288,https://bgm.tv/subject/839,蓝色恐惧,1998-02-28,8.7,11219,https://lain.bgm.tv/pic/cover/l/8f/7d/839_0uIrU.jpg,今敏;剧场版;MADHouse;1998;惊悚;悬疑;未麻的部屋;虚实交错;心理;原创;梦;神作;内涵;日本;90年代;动画电影;小说改;映画;电影;偶像;补旧番;1998年;经典;村井さだゆき;1990s;1998年2月;动画;日本动画;剧情;意识流,雾越未麻;内田;留美
289,https://bgm.tv/subject/242216,剧场版 紫罗兰永恒花园,2020-09-18,7.6,9041,https://lain.bgm.tv/pic/cover/l/52/7b/242216_kNqWl.jpg,剧场版;京阿尼;紫罗兰永恒花园;治愈;2020;轻小说改;恋爱;京都动画;石立太一;轻改;续作;小说改;催泪;京都アニメーション;日本;2020年9月;吉田玲子;奇幻;2020年;紫罗兰剧场版;日常;爱情;纯爱;动画电影;京都;神作;日本动画;石川由依;电影;剧情,薇尔莉特·伊芙加登;基尔伯特·布甘比利亚;尤里斯;路卡;克劳迪亚·霍金斯;迪特福利特·布甘比利亚;爱丽丝·卡娜莉;贝内迪克特·布卢;嘉德丽雅·波德莱尔;艾丽卡·布朗;黛西·马格诺利亚;内丽内
290,https://bgm.tv/subject/147068,3月的狮子,2016-10-08,8.3,11033,https://lain.bgm.tv/pic/cover/l/a7/86/147068_60GJJ.jpg,新房昭之;SHAFT;治愈;漫画改;2016年10月;TV;将棋;羽海野千花;2016;漫改;日常;3月的狮子;花泽香菜;日本;羽海野チカ;青春;励志;竞技;成长;2016年;人生;恋爱;神作;运动;校园;沙发套;半年番;茅野爱衣;河西健吾;TVA,桐山零;川本明里;川本日向;川本桃;二海堂晴信;林田高志;幸田香子;高桥勇介;岛田开;三角龙雪;松本一砂;川本相米二
291,https://bgm.tv/subject/271151,擅长捉弄的高木同学 第二季,2019-07-07,7.7,9101,https://lain.bgm.tv/pic/cover/l/f5/c8/271151_UB2n6.jpg,恋爱;校园;狗粮;日常;2019年7月;漫画改;TV;搞笑;SHIN-EI;擅长调情的西片太太;2019;漫改;擅长捉弄的高木同学;续作;日本;赤城博昭;青春;治愈;高桥李依;纯爱;シンエイ動画;高橋李依;甜;2019年;梶裕贵;喜剧;山本崇一朗;神作;日本动画;2019夏,西片;高木同学;中井高贵;日日野美奈;天川友加里;月本早苗;真野;高尾;木村;田边老师;滨口;北条
292,https://bgm.tv/subject/357961,跃动青春,2023-04-04,7.7,10957,https://lain.bgm.tv/pic/cover/l/63/4e/357961_RtPiz.jpg,校园;青春;P.A.WORKS;2023年4月;日常;漫画改;恋爱;治愈;TV;2023;漫改;出合小都美;黑泽朋世;搞笑;日本;女性向;2023年;群像;跃动青春;纯爱;2023年度top10;日本动画;季番;2020s;TVA;黒沢ともよ;内田真礼;成长;2022;2023春,岩仓美津未;志摩聪介;江头美香;村重结月;久留米诚;小直;迎井司;山田健斗;兼近鸣海;高岭十贵子;西城梨梨华;远山文乃
293,https://bgm.tv/subject/12544,萤火之森,2011-09-17,7.3,9615,https://lain.bgm.tv/pic/cover/l/f4/98/12544_z9MP1.jpg,剧场版;治愈系;治愈;2011;漫画改;綠川幸;BrainsBase;催泪;恋爱;泪腺崩坏;蛍火の杜へ;绿川幸;奇幻;漫改;大森贵弘;内山昂辉;日本;眼泪可以再不值钱一点吗;动画电影;2011年;大森貴弘;萤火之森;2011年9月;妖怪;电影;爱情;佐仓绫音;把经典剧场化!;映画;Brains･Base,银;竹川萤
294,https://bgm.tv/subject/268545,因为太怕痛就全点防御力了。,2020-01-08,6.2,9477,https://lain.bgm.tv/pic/cover/l/c7/35/268545_yPJHc.jpg,凤傲天;异世界;轻小说改;2020年1月;搞笑;SILVERLINK.;TV;网游;废萌;百合;2020;轻改;大沼心;战斗;小说改;日本;因为太怕痛就全点防御力了;奇幻;轻百合;萌;日常;龙傲天;游戏;穿越;冒险;2020年;凑未来;厕纸;志茂文彦;湊未來,梅普露 / 本条枫;莎莉 / 白峰理沙;大枫树;克罗姆;伊兹;霞;奏;麻衣;结衣;糖浆;胧;圣剑集结
295,https://bgm.tv/subject/827,日在校园,2007-07-03,6.2,9728,https://lain.bgm.tv/pic/cover/l/fa/3a/827_hh7ot.jpg,人渣诚;日在校园;校园;诚哥;伦理;GAL改;TV;2007年7月;niceboat;2007;恋爱;游戏改;社会问题;人渣;TNK;niceboat.;后宫;Overflow;日本;GAL;猎奇;神话;元永庆太郎;致郁;元永慶太郎;2007年;BOAT;NICE;愛情;神作,伊藤诚;西园寺世界;桂言叶;清浦刹那;甘露寺七海;黑田光;加藤乙女;小泉夏美;小渊南;森来実;二条一叶;桂心
296,https://bgm.tv/subject/28230,散华礼弥,2012-04-05,6.8,9838,https://lain.bgm.tv/pic/cover/l/b3/f7/28230_hnla8.jpg,僵尸;散华礼弥;恋爱;2012年4月;漫画改;TV;studiodeen;2012;花泽香菜;奇幻;漫改;今年流行僵尸么？;悠木碧;日本;为了CV我来了;校园;内田真礼;日常;治愈;小俣真一;2012春番;木村良平;福圓美里;萌;畠山守;后宫;2011年4月;STUDIO_DEEN;搞笑;アニメ,散华礼弥;降谷千纮;左王子兰子;降谷萌路;散华团一郎;散华亚里亚;秋野;冰室;夏川;仲代珠里;志野方恋;忍田一恵
297,https://bgm.tv/subject/248154,强风吹拂,2018-10-02,8.4,10487,https://lain.bgm.tv/pic/cover/l/d0/e0/248154_D8z6D.jpg,运动;ProductionI.G;小说改;热血;2018年10月;体育;TV;青春;励志;2018;强风吹拂;Production.I.G;三浦紫苑;野村和也;日本;林友树;轻小说改;竞技;轻改;运动番;群像;校园;治愈;跑步;喜安浩平;神作;成长;2018年;Production_I.G;林ゆうき,藏原走;清濑灰二;杉山高志;柏崎茜;城太郎;城次郎;岩仓雪彦;木萨·卡马拉;坂口洋平;平田彰宏;榊浩介;胜田叶菜子
298,https://bgm.tv/subject/393037,义妹生活,2024-07-04,7.4,11147,https://lain.bgm.tv/pic/cover/l/40/01/393037_I7mvN.jpg,恋爱;轻小说改;2024年7月;兄妹;日常;TV;校园;studiodeen;轻改;2024;妹系;小说改;上野壮大;日本;义妹生活系列;青春;文艺;治愈;2024年;纯爱;义妹;空气系;义妹生活;妹;スタジオディーン;妹妹;妹控;仁井学;広田光毅;STUDIO_DEEN,浅村悠太;绫濑沙季;奈良坂真绫;丸友和;读卖栞;浅村太一;绫濑亚季子;田端由美;鈴木教諭;藤波夏帆;新庄圭介;工藤英叶
299,https://bgm.tv/subject/56093,弹丸论破 希望学园与绝望高中生,2013-07-04,6.6,9913,https://lain.bgm.tv/pic/cover/l/bf/46/56093_I1uEu.jpg,游戏改;弹丸论破;推理;2013年7月;TV;悬疑;希望的学园和绝望高中生;岸诚二;2013;Lerche;绪方惠美;石田彰;樱井孝宏;岸誠二;日本;校园;猎奇;Chunsoft;2013年;智斗;日笠阳子;AVG;奇幻;中井和哉;游改;剧情;游戏;ラルケ;动画;GAL改,雾切响子;瑟雷丝蒂亚·卢登堡;苗木诚;黑白熊;舞园沙耶香;桑田怜恩;十神白夜;朝日奈葵;石丸清多夏;腐川冬子;大和田纹土;大神樱
300,https://bgm.tv/subject/766,剧场版 空之境界 第四章 伽蓝之洞,2008-05-24,7.7,9621,https://lain.bgm.tv/pic/cover/l/95/9a/766_PoB2l.jpg,空之境界;剧场版;Type-Moon;ufotable;奈须きのこ;梶浦由纪;2008;两仪式;伽蓝之洞;轻小说改;奇幻;坂本真绫;空の境界;小说改;战斗;轻改;日本;梶浦由记;轻小说;滝口禎一;蘑菇;梶浦由記;2008年;TYPEMOON;泷口祯一;奈须蘑菇;2008年5月;型月;悬疑;空境,两仪式;黑桐干也;苍崎橙子;荒耶宗莲;巫条雾绘;浅上藤乃;白纯里绪;砚木秋隆;芦家医生;两仪式的母亲;路人
301,https://bgm.tv/subject/3423,剧场版 空之境界 第七章 杀人考察（后）,2009-08-08,8,9740,https://lain.bgm.tv/pic/cover/l/3d/32/3423_ZNaov.jpg,空之境界;剧场版;Type-Moon;ufotable;梶浦由記;奈须きのこ;两仪式;2009;空の境界;奇幻;坂本真绫;殺人考察(後);轻小说改;战斗;小说改;功德圆满;轻改;梶浦由记;白纯学长纯爷们;日本;恋爱;2009年;平尾隆之;瀧沢進介;2009年8月;奈须蘑菇;近藤光;悬疑;青木英;铃村健一,两仪式;黑桐干也;白纯里绪;苍崎橙子;荒耶宗莲;秋巳大辅;黑桐鲜花;萤冢音子;两仪式的祖父;学人;两仪式之父;两仪要
302,https://bgm.tv/subject/118781,甲铁城的卡巴内利,2016-04-07,5.9,10537,https://lain.bgm.tv/pic/cover/l/4e/0a/118781_ZHz9k.jpg,原创;大河内一楼;2016年4月;泽野弘之;WITSTUDIO;荒木哲郎;TV;战斗;noitaminA;2016;甲铁城的卡巴内利;美树本晴彦;奇幻;澤野弘之;热血;丧尸;日本;蒸汽朋克;科幻;2016年;末世;僵尸;烂尾;WIT_STUDIO;恋爱;末日;冒险;内田真礼;日本动画;千本木彩花,无名;生驹;四方川菖蒲;来栖;逞生;鳅;侑那;巢刈;吉备土;天鸟美马;鈴木;榎久
303,https://bgm.tv/subject/424379,超超超超超喜欢你的100个女朋友,2023-10-08,7.3,10386,https://lain.bgm.tv/pic/cover/l/37/03/424379_UfMuk.jpg,后宫;恋爱;搞笑;2023年10月;漫画改;逆天;TV;校园;BiburyAnimationStudios;2023;漫改;倒贴;日常;日本;佐藤光;矢野茜;Bibury;2023年;纯爱;喜剧;恋爱喜剧;百合;奇幻;バイブリーアニメーションスタジオ;超超超超超喜欢你的100个女朋友;2023年7月;抽象;卖肉;青岛崇;TVA,爱城恋太郎;花园羽香里;院田唐音;好本静;荣逢凪乃;药膳楠莉;花园羽羽里;神明大人;铭户芽衣;羽香里的爸爸;浅川;友人A
304,https://bgm.tv/subject/333664,相合之物,2022-04-06,7.8,10415,https://lain.bgm.tv/pic/cover/l/41/49/333664_d4Py9.jpg,治愈;日常;2022年4月;漫画改;养女儿;TV;美食;EncourageFilms;2022;漫改;吉田玲子;相合之物;追崎史敏;日本;职场;搞笑;島﨑信長;温馨;恋爱;亲情;萌;2022年;萝莉;六果;家庭;エンカレッジフィルムズ;TVA;一果;4月;季番,纳野和;雪平一果;纳野平伍;纳野富纪;巽政;阿鹤;濑户咲季;堀川美弦;松风佳乃子;私市绯色;雪平巴;雪平真理
305,https://bgm.tv/subject/266794,石纪元,2019-07-05,7.2,8908,https://lain.bgm.tv/pic/cover/l/08/3a/266794_imVve.jpg,热血;科学;漫画改;2019年7月;科幻;TV;漫改;战斗;JUMP;2019;TMS;搞笑;新石纪;日本;小林裕介;飯野慎也;科普;奇幻;种田;石纪元;日本动画;TMSEntertainment;冒险;饭野慎也;智斗;古川慎;2019年;半年番;TMS_Entertainment;トムス・エンタテインメント,石神千空;大木大树;琥珀;克罗姆;小川杠;狮子王司;金狼;银狼;琉璃;西瓜;浅雾幻;化石
306,https://bgm.tv/subject/340,虫师,2005-10-22,8.7,11695,https://lain.bgm.tv/pic/cover/l/40/00/340_J14Mj.jpg,治愈;虫师;奇幻;神音乐;空灵;内涵系;TV;2005;治愈系;人生;水墨;漫画改;ArtLand;蟲師;内涵;银古;银古叔;2005年10月;漫改;日本;长滨博史;行走;神作;長濵博史;公路片;选择;漆原友紀;増田俊郎;2005年;漆原友纪,银古;奴伊;化野;廉子;五百藏森罗;翠;齐;真火;白泽;金;庵;阿古屋
307,https://bgm.tv/subject/324,攻壳机动队 STAND ALONE COMPLEX,2002-10-01,9.1,11242,https://lain.bgm.tv/pic/cover/l/f2/fc/324_psuXk.jpg,攻壳机动队;科幻;菅野洋子;神山健治;TV;士郎正宗;Production.IG;Production.I.G;2002;漫画改;草薙素子;SAC;战斗;神作;日本;漫改;ProductionI.G;赛博朋克;2002年10月;攻壳机动队:Stand;经典;攻殻機動隊;IG;御姐;押井守;政治;2002年;SF;Production_I.G;素子,草薙素子;巴特;公安9课;笑脸男;荒卷大辅;陀古萨;石川;斋藤;帕兹;塔奇克马;博马;内務大臣
308,https://bgm.tv/subject/490,灼眼的夏娜,2005-10-05,7.2,9459,https://lain.bgm.tv/pic/cover/l/c4/10/490_kuz6S.jpg,钉宫理惠;J.C.STAFF;傲娇;灼眼のシャナ;轻小说改;TV;奇幻;夏娜;2005;灼眼的夏娜;战斗;2005年10月;萌;轻小说;轻改;炎发灼眼;小说改;恋爱;日本;高橋弥七郎;校园;渡部高志;夏娜醬;炎髮灼眼;2005年;热血;小林靖子;傻娜;半年番;萝莉,夏娜;坂井悠二;吉田一美;玛琼琳·朵;威尔艾米娜·卡梅尔;亚拉斯特尔;池速人;平井缘;佐藤启作;田中荣太;绪方真竹;坂井千草
309,https://bgm.tv/subject/193619,一拳超人 第二季,2019-04-02,6.5,8908,https://lain.bgm.tv/pic/cover/l/63/0f/193619_MLNLZ.jpg,J.C.STAFF;战斗;热血;2019年4月;一拳超人;漫画改;TV;搞笑;漫改;2019;续作;奇幻;第二季;日本;MADHouse;櫻井親良;ONE;樱井亲良;龙傲天;超能力;古川慎;2019年;石川界人;日本动画;梶裕貴;悠木碧;动画;剧集;铃木智寻;鈴木智尋,埼玉;杰诺斯;饿狼;音速的索尼克;战栗的龙卷;银色獠牙;原子武士;童帝;金属骑士;KING;僵尸男;驱动骑士
310,https://bgm.tv/subject/7707,伤物语Ⅰ铁血篇,2016-01-08,7.9,9300,https://lain.bgm.tv/pic/cover/l/bf/9c/7707_4370B.jpg,剧场版;新房昭之;西尾维新;物语系列;SHAFT;2016;伤物语;轻小说改;奇幻;小忍;尾石达也;战斗;小说改;神谷浩史;吸血鬼;轻改;忍野忍;日本;2016年1月;劇場版;阿拉啦垃圾;后宫;尾石達也;2016年;物语;恋爱;神前晓;坂本真绫;西尾維新;剧场化予定？,阿良良木历;忍野忍;羽川翼;忍野咩咩;Dramaturgy;Episode;Guillotinecutter
311,https://bgm.tv/subject/133860,疯狂动物城,2016-03-04,7.7,9119,https://lain.bgm.tv/pic/cover/l/e4/d0/133860_PrV78.jpg,迪士尼;欧美;剧场版;2016;Disney;动画电影;搞笑;原创;3D;动物;美国;电影;剧情;喜剧;电影院看的;冒险;2016年;奇幻;furry;恋爱;2016年3月;治愈;社会;悬疑;疯狂动物城;ByronHoward;童年;RichMoore;2010s;欧美动画,朱迪·霍普斯;尼克·王尔德;Jerry Jumbeaux Jr.;狮子市长;绵羊副市长;猎豹警官;牛局长;闪电;大先生;杜克·威斯顿;Priscilla;夏奇羊
312,https://bgm.tv/subject/225631,黑社会的超能力女儿,2018-04-06,7.2,9512,https://lain.bgm.tv/pic/cover/l/11/f9/225631_0p0sS.jpg,搞笑;日常;2018年4月;漫画改;超能力;Feel.;TV;2018;漫改;治愈;黑社会的超能力女儿;奇幻;及川啓;日本;及川启;2018年;亲情;养女儿;黑道;大武政夫;喜剧;吐槽;日本动画;大知慶一郎;竹内哲也;黑社会;feel;季番;超能力女儿;剧集,新田雏;新田义史;三岛瞳;杏子;诗子;真绪;少主;跟班;组长;松谷老师;中田健吾;田中
313,https://bgm.tv/subject/105075,血界战线,2015-04-04,7.4,9561,https://lain.bgm.tv/pic/cover/l/f9/2c/105075_iNy58.jpg,BONES;漫画改;2015年4月;战斗;TV;血界战线;奇幻;2015;漫改;热血;松本理惠;石田彰;搞笑;中井和哉;内藤泰弘;日本;阪口大助;松本理恵;钉宫理惠;骨头社;古家和尚;日常;2015年;科幻;川元利浩;群像;日本动画;燃;岩崎太整;季番,雷欧纳鲁德·渥奇;克劳斯·V·莱因赫兹;札布·雷夫洛;史蒂芬·A·斯塔菲斯;珍·皇;玛丽.麦克白;威廉·麦克白;绝望王;利伽·艾尔·梅奴休托;K·K;吉尔伯特·F·亚尔特斯坦因;索尼克
314,https://bgm.tv/subject/221736,我想吃掉你的胰脏,2018-09-01,6.9,9179,https://lain.bgm.tv/pic/cover/l/23/17/221736_hm0HO.jpg,剧场版;恋爱;小说改;2018;青春;催泪;studioVOLN;君の膵臓をたべたい;轻小说改;校园;轻改;2018年;牛岛新一郎;日本;治愈;动画电影;牛嶋新一郎;致郁;2018年9月;电影;我想吃掉你的胰脏;VOLN;日常;纯爱;映画;Studio_VOLN;悲剧;生死观;loundraw;Lynn,我;山内樱良;泷本恭子;隆弘;宫田一晴;我的母亲;我的父亲;樱良的母亲
315,https://bgm.tv/subject/531159,时光流逝，饭菜依旧美味,2025-04-12,7.7,10975,https://lain.bgm.tv/pic/cover/l/d3/5d/531159_BayD9.jpg,原创;美食;日常;P.A.WORKS;2025年4月;TV;轻百合;日本;2025;轻百;百合;治愈;川面真也;春水融;校园;比企能博;2025年;搞笑;萌;青春;萌豚;无法预测的命运之舞台;萌系;社团;原创动画;青山吉能;4月;芳文社;追番;2020s,河合真子;古馆空礼爱;小川诗音;比嘉美虹;星奈奈;摩诃太郎;九礼亚的妈妈;太田真弓;由奈;阳和;星露奈;儿玉樱
316,https://bgm.tv/subject/315,钢之炼金术师,2003-10-04,8.2,9876,https://lain.bgm.tv/pic/cover/l/ad/13/315_fVFaf.jpg,鋼の錬金術師;BONES;骨头社;热血;荒川弘;TV;2003;原创结尾;兄弟;钉宫理惠;奇幻;漫画改;钢炼;朴路美;战斗;热血少年;2003年10月;漫改;兄弟同心;水岛精二;钢之炼金术师;日本;少年;神作;水島精二;原创;改编;2003年;会川升;等价交换,爱德华·艾尔利克;阿尔芬斯·艾尔利克;温莉·洛克贝尔;冯·霍恩海姆;特蕾莎·艾尔利克;皮纳可·洛克贝尔;伊兹米·卡迪斯;席古·卡迪斯;罗伊·马斯坦古;莉莎·霍克艾;马斯·休斯;亚历克斯·路易斯·阿姆斯壮
317,https://bgm.tv/subject/211567,3月的狮子 第二季,2017-10-14,8.8,10436,https://lain.bgm.tv/pic/cover/l/5c/49/211567_pGm5Q.jpg,新房昭之;治愈;SHAFT;3月的狮子;漫画改;2017年10月;TV;羽海野千花;2017;漫改;将棋;日常;续作;花泽香菜;神作;日本;青春;沙发套;励志;人生;校园;竞技;成长;恋爱;催泪;新房;2017年;运动;半年番;桥本由香利,桐山零;川本明里;川本日向;川本桃;二海堂晴信;幸田香子;高桥勇介;岛田开;三角龙雪;花冈;林田高志;幸田柾近
318,https://bgm.tv/subject/148037,伤物语Ⅲ冷血篇,2017-07-12,8.2,9250,https://lain.bgm.tv/pic/cover/l/b6/15/148037_RGxYY.jpg,剧场版;新房昭之;物语系列;SHAFT;西尾維新;轻小说改;2017;奇幻;尾石达也;伤物语;战斗;2017年1月;轻改;小说改;西尾维新;神谷浩史;日本;物语;后宫;尾石達也;2017年;吸血鬼;恋爱;神前晓;神作;续作;神前暁;坂本真绫;校园;堀江由衣,阿良良木历;忍野忍;羽川翼;忍野咩咩;Guillotinecutter;死尸累生死郎
319,https://bgm.tv/subject/129988,野良神 ARAGOTO,2015-10-02,7.1,8520,https://lain.bgm.tv/pic/cover/l/c6/07/129988_JSsja.jpg,BONES;漫画改;2015年10月;野良神;战斗;TV;奇幻;神谷浩史;2015;漫改;续篇;福山润;梶裕貴;搞笑;豊崎愛生;日本;热血;岩崎琢;恋爱;2015年;续作;骨头社;内田真礼;田村耕太郎;福山潤;妖怪;泽城美雪;梶裕贵;治愈;日本动画,夜斗;一岐日和;雪音;毗沙门;兆麻;小福;大黑;天神;野良;真喻;梅雨;萩原学
320,https://bgm.tv/subject/37874,CLANNAD ～AFTER STORY～另一个世界 杏篇,2009-05-24,7.6,8428,https://lain.bgm.tv/pic/cover/l/39/66/37874_qB06C.jpg,京阿尼;OVA;Clannad;key;GAL改;2009;杏篇;校园;麻枝准;催泪;治愈;游戏改;恋爱;短发杏;石原立也;京都动画;日本;京都;STORY～もうひとつの世界;2009年5月;京都アニメーション;2009年;日常;神作;人生;番外;TV;中村悠一;藤林杏;爱情,藤林杏;冈崎朋也;藤林椋;春原阳平;牡丹;光坂镇
321,https://bgm.tv/subject/18624,回转企鹅罐,2011-07-07,8,11937,https://lain.bgm.tv/pic/cover/l/92/f6/18624_ZFj5M.jpg,几原邦彦;神展开;生存战略;原创;2011年7月;TV;BrainsBase;2011;死妹控;超展开;奇幻;呆萌企鹅;企鹅;原创动画;妹控;日本;腾讯;幾原邦彦;电波;意识流;萌;企鹅娘;治愈;黑马;回转企鹅罐;神作;帝企鹅;Brain;木村良平;内涵,高仓冠叶;高仓晶马;高仓阳毬;荻野目苹果;多蕗桂树;时笼百合;夏芽真砂子;渡濑真悧;水晶公主;荻野目桃果;伊空云雀;歌田光莉
322,https://bgm.tv/subject/515759,葬送的芙莉莲 第二季,2026-01-16,7.5,10905,https://lain.bgm.tv/pic/cover/l/0b/24/515759_qA1Zc.jpg,奇幻;MADHouse;漫画改;2026年1月;公路片;TV;治愈;葬送的芙莉莲;日本;2026;异世界;战斗;漫改;续集;北川朋哉;日常;续作;冒险;旅行;未定档;公路;魔法;2026年;寿命论;恋爱;温馨;鈴木智尋;奇幻，;，;催泪,芙莉莲;菲伦;修塔尔克;辛美尔;海塔;艾森;盖纳乌;梅托帝;盖纳乌的原搭档;神技的雷沃戴;ユン;ゾリーダ
323,https://bgm.tv/subject/150775,NEW GAME!,2016-07-04,7.4,9307,https://lain.bgm.tv/pic/cover/l/0f/79/150775_rRSAT.jpg,芳文社;百合;动画工房;日常;2016年7月;TV;漫画改;职场;萌豚;萌;2016;漫改;動画工房;轻百合;藤原佳幸;日本;志茂文彦;治愈;搞笑;2016年;萌系;NEWGAME;得能正太郎;轻百;茅野爱衣;日笠阳子;new;高田忧希;日笠陽子;茅野愛衣,凉风青叶;泷本一二三;饭岛结音;篠田初;八神光;远山伦;樱宁宁;阿波根海子;叶月雫;店员;海藻;宗次郎
324,https://bgm.tv/subject/213816,ReLIFE 完结篇,2018-03-21,7.7,8852,https://lain.bgm.tv/pic/cover/l/55/63/213816_y91Nb.jpg,恋爱;校园;OVA;青春;漫画改;ReLIFE;完结篇;2018;2018年3月;漫改;TMS;治愈;续作;TMS_Entertainment;小坂知;日本;TV;日常;2018年;纯爱;穿越;科幻;催泪;TMSEntertainment;comico;奇幻;茅野爱衣;人生;2018年4月;小野贤章,日代千鹤;海崎新太;小野屋杏;夜明了;大神和臣;狩生玲奈;玉来萌香;犬饲晓;天津心;朝地信长;青葉高等学校
325,https://bgm.tv/subject/254,混沌武士,2004-05-19,8.5,11070,https://lain.bgm.tv/pic/cover/l/c5/2f/254_PLvyV.jpg,渡边信一郎;混沌武士;TV;Manglobe;原创;2004;武士;动作;hiphop;神作;向日葵味道;战斗;中井和哉;音樂GJ;渡辺信一郎;公路片;日本;音乐漂亮;音乐;公路;nujabes;2004年5月;2004年4月;超神作;2004年;经典;神配乐;中泽一登;热血;日本动画,无幻;仁;风;锯子万藏;八叶;新辅;紫乃;菱川师宣;丈二;小坐;骸;士炼
326,https://bgm.tv/subject/106693,学园孤岛,2015-07-09,6.9,9125,https://lain.bgm.tv/pic/cover/l/e9/a7/106693_68MDM.jpg,芳文社;百合;丧尸;漫画改;2015年7月;TV;生存;学园孤岛;Lerche;2015;校园;漫改;致郁;安藤正臣;水瀬いのり;治愈;日常;轻百合;日本;海法纪光;萌;小澤亜李;末世;战斗;2015年;悬疑;奇幻;轻百;萌系;ラルケ,丈枪由纪;惠飞须泽胡桃;若狭悠里;直树美纪;佐仓慈;太郎丸;祠堂圭;柚村贵依;神山昭子;女学生;男学生;广播
327,https://bgm.tv/subject/116461,食戟之灵,2015-04-03,7.2,9040,https://lain.bgm.tv/pic/cover/l/96/99/116461_zl6M2.jpg,美食;J.C.STAFF;2015年4月;漫画改;热血;搞笑;食戟之灵;TV;漫改;2015;松岡禎丞;后宫;校园;樱井孝宏;米谷良知;日本;卖肉;tosh;JUMP;2015年;爆衣;燃;竞技;松冈祯丞;漫畫改;肉;料理;药王;米たにヨシトモ;恋爱,幸平创真;薙切绘里奈;田所惠;二阶堂圭明;藏木滋乃;尾藤良树;冈本克典;濑名博巳;佐久间时彦;鸡蛋的德藏;扁豆的耕助;天然起司的久作
328,https://bgm.tv/subject/278031,关于我转生变成史莱姆这档事 第二季,2021-01-12,6.1,7911,https://lain.bgm.tv/pic/cover/l/e6/78/278031_skvSD.jpg,异世界;轻小说改;2021年1月;TV;奇幻;关于我转生变成史莱姆这档事;8bit;穿越;轻改;战斗;2021;第二季;龙傲天;日本;漫画改;续作;小说改;后宫;2020;中山敦史;搞笑;8-Bit;转生;2021年;日常;关于我转生后成为史莱姆的那件事;开会;萌王;轻松;漫改,利姆路·坦派斯特;大贤者;维鲁多拉·坦派斯特;井泽静江;红丸;朱菜;紫苑;苍影;白老;米莉姆·纳瓦;黑兵卫;岚牙
329,https://bgm.tv/subject/1880,零之使魔,2006-07-02,7,8700,https://lain.bgm.tv/pic/cover/l/32/14/1880_fsmcg.jpg,傲娇;零之使魔;钉宫理惠;J.C.STAFF;轻小说改;TV;2006年7月;后宫;钉宫;贫乳;2006;魔法;奇幻;异世界;色狗;钉宫病;轻改;轻小说;小说改;恋爱;日本;614;搞笑;战斗;才狗;穿越;萌;岩崎良明;零使;2006年,露易丝·法兰西斯·露·布朗·杜·拉·瓦利埃尔;平贺才人;丘尔洁·奥古斯都·菲列特利加·封·安哈尔特·泽罗普斯特;塔巴萨;谢斯塔;安丽埃塔·杜·托里斯汀;基修·杜·格拉蒙;蒙莫朗西
330,https://bgm.tv/subject/292,DARKER THAN BLACK -黑之契约者-,2007-04-05,7.9,9871,https://lain.bgm.tv/pic/cover/l/17/00/292_86ZrF.jpg,BONES;黑之契约者;骨头社;超能力;原创;TV;2007;菅野洋子;银;黒の契約者;战斗;2007年4月;黑;比黑更黑;奇幻;大胃王;水树奈奈;琥珀;木内秀信;冈村天斋;日本;岡村天斎;科幻;Amber;DTB;2007年;热血;菅正太郎;剧情;菅野よう子,黑;银;猫;黄;雾原未咲;Amber/琥珀;白;November 11;April;筱田千晶;路易;茅沼纪子
331,https://bgm.tv/subject/2617,天降之物,2009-10-04,7.3,8748,https://lain.bgm.tv/pic/cover/l/75/e3/2617_TM8mX.jpg,卖肉;后宫;天降之物;2009年10月;TV;内裤飞行;漫画改;AIC;天降软妹;杀必死;2009;搞笑;肉;早見沙織;绅士;奇幻;漫改;保志総一朗;西瓜;日本;烧钱ED;校园;日常;恋爱;肉番;软妹子;战斗;早见沙织;斎藤久;2009年,樱井智树;伊卡洛斯;妮姆芙;见月楚原;守形英四郎;パンツロボ;家庭科先生;公民館のバアちゃん;魚屋のアンちゃん;米诺斯;五月田根美香子;樱井智子
332,https://bgm.tv/subject/2972,名侦探柯南 贝克街的亡灵,2002-04-20,7.8,8665,https://lain.bgm.tv/pic/cover/l/0f/21/2972_bBpub.jpg,剧场版;名探偵コナン;推理;2002;名侦探柯南;柯南;ベイカー街の亡霊;原创;悬疑;TMS;福尔摩斯;漫画改;日本;科幻;2002年;漫改;こだま兼嗣;儿玉兼嗣;游戏机通用作弊器;2002年4月;童年;冒险;映画;太扯淡;TMSEntertainment;剧情;电影;动画电影;TMS_Entertainment;柯南剧场版6,江户川柯南;工藤新一;毛利兰;毛利小五郎;白鸟任三郎;灰原哀;吉田步美;小岛元太;圆谷光彦;泽田弘树;诸星秀树;泷泽进也
333,https://bgm.tv/subject/279457,刀剑神域 爱丽丝篇 异界战争,2019-10-12,6.1,8287,https://lain.bgm.tv/pic/cover/l/dd/a6/279457_2p2B9.jpg,A-1Pictures;刀剑神域;2019年10月;轻小说改;战斗;TV;后宫;轻改;2019;科幻;奇幻;小野学;热血;小说改;异世界;日本;网游;恋爱;续作;A-1_Pictures;SAO;冒险;日本动画;2019年;川原砾;梶浦由記;梶浦由记;游戏;松冈祯丞;装逼,桐人／桐谷和人;尤吉欧;爱丽丝·滋贝鲁库／爱丽丝·辛赛西斯·萨提;亚丝娜／结城明日奈;克莱因／壶井辽太郎;艾基尔／安德鲁·基尔博德·密鲁茲;莉兹贝特／篠崎里香;西莉卡／绫野圭子;莉法／桐谷直叶;结衣;诗乃／朝田诗乃;克里斯海特 / 菊冈诚二郎
334,https://bgm.tv/subject/114758,伪恋：,2015-04-10,7,8356,https://lain.bgm.tv/pic/cover/l/22/cd/114758_27XTt.jpg,新房昭之;恋爱;后宫;SHAFT;2015年4月;漫画改;伪恋;TV;搞笑;校园;花泽香菜;2015;东山奈央;漫改;日常;党争;日本;古味直志;内山昂辉;续作;2015年;宮本幸裕;青春;阿澄佳奈;宫本幸裕;花澤香菜;JUMP;東山奈央;佐仓绫音;内山昂輝,一条乐;桐崎千棘;小野寺小咲;橘万里花;鸫诚士郎;宫本琉璃;克劳德·林格哈特;舞子集;小野寺春;日原教子;宝拉·马可伊;彩风凉
335,https://bgm.tv/subject/234349,卫宫家今天的饭,2017-12-31,7.5,8733,https://lain.bgm.tv/pic/cover/l/bb/27/234349_7G58b.jpg,美食;ufotable;Fate;日常;Type-Moon;漫画改;卫宫家今天的饭;2017;治愈;WEB;2017年12月;TV;漫改;2018年1月;2018;日本;佐藤哲人;泡面番;三浦貴博;三浦贵博;OVA;搞笑;2017年;奇幻;萌;日本动画;2018年;型月;Webアニメ;近藤光,阿尔托莉雅·潘德拉贡;卫宫士郎;间桐樱;卫宫;伊莉雅斯菲尔·冯·爱因兹贝伦;塞拉;远坂凛;藤村大河;莉洁莉特;库·丘林;美杜莎;美狄亚
336,https://bgm.tv/subject/296195,Re：从零开始的异世界生活 新编集版,2020-01-01,7.6,7382,https://lain.bgm.tv/pic/cover/l/72/ef/296195_n0KqL.jpg,异世界;轻小说改;WHITEFOX;2020年1月;奇幻;TV;Re:ゼロから始める異世界生活;战斗;轻改;2020;轮回;小说改;日本;渡邊政治;穿越;恋爱;后宫;Re:从零开始异世界生活;总集篇;渡边政治;re0;热血;横谷昌宏;冒险;Re：从零开始的异世界生活;2020年;长月达平;剧情;高桥李依;神作,菜月昴;艾米莉娅;蕾姆;帕克;菲鲁特;莱茵哈鲁特·梵·阿斯特雷亚;艾尔莎·葛兰希尔黛;罗姆爷;拉姆;碧翠丝;罗兹瓦尔·L·梅札斯
337,https://bgm.tv/subject/43557,我女友与青梅竹马的惨烈修罗场,2013-01-05,6.4,8685,https://lain.bgm.tv/pic/cover/l/c2/38/43557_jUaQk.jpg,后宫;轻小说改;恋爱;A-1Pictures;2013年1月;我女友与青梅竹马的惨烈修罗场;校园;TV;2013;田村ゆかり;轻改;小说改;轻小说;搞笑;日本;日常;A-1;党争;修罗场;茅野爱衣;亀井幹太;纯情bitch;治愈;龟井干太;2013年;金元寿子;逢坂良太;赤崎千夏;JOJO;中二,季堂锐太;春咲千和;夏川真凉;秋筱姬香;冬海爱衣;夏川真那;游井薰;桐生冴子
338,https://bgm.tv/subject/115780,没有黄段子存在的无聊世界,2015-07-04,6.1,8951,https://lain.bgm.tv/pic/cover/l/13/84/115780_P3a76.jpg,搞笑;J.C.STAFF;2015年7月;轻小说改;掉节操;TV;校园;2015;没有下流概念的无聊世界;轻改;黄段子;卖肉;小说改;鈴木洋平;日本;后宫;节操;日常;2015年;肉番;石上静香;反乌托邦;铃木洋平;糟糕;小林裕介;橫谷昌宏;SOX;吐槽;肉;堀江由衣,奥间狸吉;华城绫女;安娜·锦之宫;早乙女乙女;鬼头鼓修理;不破冰果;轰力雷树;小敏感;月见草胧;苏菲亚·锦之宫;マスター;顶之白
339,https://bgm.tv/subject/148036,伤物语Ⅱ热血篇,2016-08-19,8,8718,https://lain.bgm.tv/pic/cover/l/24/19/148036_2rP88.jpg,剧场版;新房昭之;物语系列;SHAFT;西尾維新;2016;轻小说改;奇幻;尾石达也;轻改;战斗;小说改;2016年7月;神谷浩史;西尾维新;伤物语;日本;2016年;后宫;物语;尾石達也;恋爱;神前晓;吸血鬼;坂本真绫;劇場版;神作;2016年8月;堀江由衣;热血,阿良良木历;忍野忍;羽川翼;忍野咩咩;Dramaturgy;Episode;Guillotinecutter
340,https://bgm.tv/subject/3425,火影忍者,2002-10-03,7.6,8984,https://lain.bgm.tv/pic/cover/l/07/21/3425_9PQ1L.jpg,火影;NARUTO;热血;战斗;JUMP;民工;TV;漫画改;热血系;2002;忍者;StudioPierrot;漫改;鸣人;一吻定情;日本;少年向;童年;火影忍者;2002年10月;鸣佐;奇幻;长篇;热血少年;连载;佐鸣;小丑社;2002年;ぴえろ;日本动画,漩涡鸣人;宇智波佐助;春野樱;旗木卡卡西;猿飞阿斯玛;奈良鹿丸;山中井野;秋道丁次;日向雏田;油女志乃;犬冢牙;赤丸
341,https://bgm.tv/subject/9781,GOSICK,2011-01-07,7.4,9975,https://lain.bgm.tv/pic/cover/l/9d/3d/9781_Kkik8.jpg,推理;GOSICK;BONES;骨头社;哥特萝莉在卖萌;2011年1月;萝莉;悠木碧;TV;哥特;2011;恋爱;轻小说改;翻滚中的萝莉;桜庭一樹;小说改;LOLI;轻改;悬疑;日本;2011年1月番;奇幻;哥特萝莉;卖萌;萌;沢城みゆき;难波日登志;冈田麿里;治愈;2011年,维多利加·德·布洛瓦;久城一弥;古雷温·德·布洛瓦;艾薇儿·布莱德利;赛西尔·拉菲;柯蒂丽亚·盖洛;布莱恩·罗斯可;苏菲;奎亚那二世
342,https://bgm.tv/subject/251831,齐木楠雄的灾难 完结篇,2018-12-28,7.5,7517,https://lain.bgm.tv/pic/cover/l/10/70/251831_9b63Y.jpg,搞笑;J.C.STAFF;校园;漫画改;2018;超能力;TV;日常;齐木楠雄的灾难;漫改;2018年12月;神谷浩史;OVA;日本;2019年1月;奇幻;续作;桜井弘明;吐槽;SP;樱井弘明;2018年;恋爱;EGGFIRM;JUMP;2018年10月;治愈;TVSP;茅野爱衣;EGG_FIRM,照桥心美;齐木楠雄;相卜命;燃堂力;海藤瞬;灰吕杵志;梦原知予;目良千里;鸟束零太;洼谷须亚莲;才虎芽斗吏;明智透真
343,https://bgm.tv/subject/527620,章鱼哔的原罪,2025-06-28,6.8,10467,https://lain.bgm.tv/pic/cover/l/57/d4/527620_SBgdi.jpg,漫画改;致郁;校园;2025年7月;奇幻;ENISHIYA;日本;2025;WEB;漫改;TV;悬疑;少年向;饭野慎也;青春;霸凌;轮回;治愈;家庭;剧场版;飯野慎也;百合;搞笑;校园霸凌;2025年;催泪;上田丽奈;未定档;烂尾;2025年6月,章鱼哔;久世静香;云母坂真理奈;东直树;查比;真理奈的妈妈;真理奈的爸爸;东润也;东的妈妈;静香的妈妈;路人;静香的爸爸
344,https://bgm.tv/subject/138829,终物语,2015-10-03,7.8,8692,https://lain.bgm.tv/pic/cover/l/b0/4d/138829_QtBqr.jpg,物语系列;新房昭之;西尾维新;SHAFT;2015年10月;TV;轻小说改;2015;奇幻;后宫;轻改;神谷浩史;小说改;物语;板村智幸;日本;井上麻里奈;校园;恋爱;终物语;2015年;吐槽;悬疑;怪异;战斗;续作;推理;搞笑;西尾維新;青春,阿良良木历;忍野扇;老仓育;忍野忍;战场原黑仪;羽川翼;神原骏河;斧乃木余接;卧烟伊豆湖;死尸累生死郎;Episode;千石抚子
345,https://bgm.tv/subject/185792,小魔女学园,2017-01-08,7.7,10065,https://lain.bgm.tv/pic/cover/l/c5/09/185792_YmcaM.jpg,TRIGGER;原创;吉成曜;2017年1月;奇幻;TV;魔法;百合;小魔女学园;魔女;2017;原创动画;搞笑;半年番;校园;日本;大島ミチル;2017年;日常;战斗;治愈;轻百合;热血;励志;魔法少女;扳机社;今石洋之;島田満;作画;日本动画,篝敦子;洛蒂·杨森;苏西·曼芭芭拉;戴安娜·卡文迪什;阿曼达·奥尼尔;康斯坦策·阿马莉·冯·布劳恩施班克-阿尔布雷希茨贝格;亚斯明卡·安东年科;厄休拉老师;库洛瓦;汉娜;芭芭拉;ホルブルック校長
346,https://bgm.tv/subject/84171,排球少年,2014-04-06,8.1,9266,https://lain.bgm.tv/pic/cover/l/91/d8/84171_5KpYZ.jpg,运动番;热血;2014年4月;ProductionI.G;运动;排球！！;漫画改;TV;Production.I.G;2014;漫改;校园;JUMP·运动类;JUMP;内山昂辉;日本;排球;竞技;排球少年;満仲勧;細谷佳正;青春;满仲劝;燃;岸本卓;2014年;日野聡;体育;石川界人;神谷浩史,日向翔阳;影山飞雄;泽村大地;菅原孝支;田中龙之介;东峰旭;西谷夕;月岛萤;山口忠;缘下力;木下久志;成田一仁
347,https://bgm.tv/subject/515880,碧蓝之海 第二季,2025-07-07,7.3,8653,https://lain.bgm.tv/pic/cover/l/d6/29/515880_96Oxr.jpg,搞笑;漫画改;喜剧;2025年7月;日常;TV;颜艺;校园;ZERO-G;日本;碧蓝之海;漫改;2025;青年向;乌龙茶;恋爱;高松信司;续作;Liber;青春;运动;2025年;潜水;未定档;社团;ゼロジー;井上坚二;木村良平;爆笑;想看,北原伊织;古手川千纱;今村耕平;吉原爱菜;毒岛樱子;古手川奈奈华;滨冈梓;时田信治;寿龙次郎;北原栞;乙矢尚海;野岛元
348,https://bgm.tv/subject/273843,动物狂想曲,2019-10-09,7.3,9011,https://lain.bgm.tv/pic/cover/l/f6/f2/273843_YMdDZ.jpg,orange;2019年10月;动物;TV;恋爱;漫改;校园;3D;漫画改;2019;BEASTARS;悬疑;神前暁;松見真一;日本;奇幻;オレンジ;樋口七海;剧情;furry;松见真一;战斗;神前晓;2019年;漫画改编;社会;2019秋;板垣巴留;动画;季番,雷格西;春;路易;茱诺;杰克;米古诺;克洛;德拉姆;博斯;凯伊;萨努;比尔
349,https://bgm.tv/subject/287488,佐贺偶像是传奇 复仇,2021-04-08,7.8,9156,https://lain.bgm.tv/pic/cover/l/02/c7/287488_1FJYC.jpg,原创;偶像;MAPPA;搞笑;2021年4月;TV;僵尸;2021;音乐;续作;治愈;境宗久;百合;偶像大尸灰骨娘女骸;日本;村越繁;佐贺偶像是传奇;奇幻;励志;日本动画;cygames;热血;2021年;日常;轻百合;季番;喜剧;高梨康治;沙雕;TVA,巽幸太郎;源樱;二阶堂咲;水野爱;绀野纯子;夕雾;星川莉莉;山田多惠;警察官A;罗梅罗;大古场新太;犬走
350,https://bgm.tv/subject/69496,白色相簿2,2013-10-05,7.3,9355,https://lain.bgm.tv/pic/cover/l/01/35/69496_xMBm7.jpg,GAL改;恋爱;白色相簿;党争;2013年10月;TV;校园;Satelight;2013;游戏改;脱宅神作;leaf;和纱雪菜两党不能共存;丸户史明;日本;安藤正臣;胃疼;白学;青春;音乐;白色相簿2;丸戸史明;三角恋;2013年;雪菜哭哭哦;后宫;生天目仁美;扭曲;サテライト;三角,北原春希;小木曾雪菜;冬马和纱;饭冢武也;水泽依绪;小木曽孝宏;早坂亲志;冬马曜子;小木曾秋菜;小木曾晋;柳原朋;和泉千晶
351,https://bgm.tv/subject/389474,辉夜大小姐想让我告白-初吻不会结束- 电影,2022-12-17,8,7463,https://lain.bgm.tv/pic/cover/l/ca/b6/389474_tzbrl.jpg,剧场版;恋爱;A-1Pictures;校园;搞笑;辉夜大小姐想让我告白;2022;漫画改;日常;漫改;喜剧;2022年12月;日本;TV;小俣真一;畠山守;青春;2022年10月;神作;续作;赤坂明;2022年;纯爱;OVA;辉夜大小姐;动画电影;2023;狗粮;恋爱喜剧;2023年1月,四宫辉夜;白银御行;藤原千花;石上优;伊井野弥子;早坂爱;柏木渚;田沼翼;白银圭;白银的父亲;四条真妃;子安燕
352,https://bgm.tv/subject/24508,潜行吧！奈亚子,2012-04-09,7,8776,https://lain.bgm.tv/pic/cover/l/f8/c0/24508_GalOa.jpg,搞笑;潜行吧！奈亚子;2012年4月;TV;SAN值;轻小说改;克苏鲁神话;阿澄佳奈;XEBEC;2012;后宫;宇宙CQC;日常;终于不是FLASH了;轻改;小说改;克鲁苏神话;恋爱;校园;日本;奇幻;neta;四月番;笑;長澤剛;战斗;吐槽;奈亚子;钉宫理惠;萌,奈亚拉托提普;八坂真寻;克图格亚;哈斯塔;暮井珠绪;八坂赖子;露希·吉斯顿;余市健彦;加塔碳;夏塔
353,https://bgm.tv/subject/227718,MEGALO BOX,2018-04-05,7.6,9333,https://lain.bgm.tv/pic/cover/l/50/29/227718_50fU0.jpg,拳击;原创;热血;2018年4月;TV;运动;2018;TMS_Entertainment;森山洋;纪念作;漫画改;战斗;TMS;TMSEntertainment;日本;竞技;漫改;安元洋贵;科幻;燃;音乐;明日之丈;2018年;励志;日本动画;トムス・エンタテインメント;格斗;2018春;megalobox;細谷佳正,JNK DOG;南部赝作;勇利;白都有希子;藤卷;幸夫;荒垣;白都树生;桑塔;奥乔;彭吉利;宫城
354,https://bgm.tv/subject/10377,电波女与青春男,2011-04-14,7.1,9320,https://lain.bgm.tv/pic/cover/l/29/4e/10377_2xnN5.jpg,新房昭之;電波女与青春男;轻小说改;2011年4月;SHAFT;入间人间;TV;电波;2011;電波;恋爱;软妹子;妹控;日常;電波女と青春男;轻改;小说改;电波女;青春;日本;校园;后宫;治愈;四月番;萌;搞笑;2011年;电波女与青春男;綾奈ゆにこ;入野自由,丹羽真;藤和艾莉欧;御船流子;前川同学;藤和女女;星宫社;花泽;艾利欧特
355,https://bgm.tv/subject/218971,朝花夕誓——于离别之朝束起约定之花,2018-02-24,7.5,9183,https://lain.bgm.tv/pic/cover/l/0e/1e/218971_PC00Z.jpg,剧场版;P.A.WORKS;岡田麿里;原创;2018;亲情;治愈;奇幻;催泪;动画电影;川井憲次;冈田麿里;2018年2月;日本;東地和生;2018年;冈田磨里;寿命论;川井宪次;电影;母爱;井上俊之;篠原俊哉;原创动画;映画;石井百合子;朝花夕誓;入野自由;日本动画;2018年1月,玛奇亚;艾瑞尔;蕾莉亚;克里姆;拉西奴;兰格;米多;蒂塔;梅德梅尔;イゾル;バロウ
356,https://bgm.tv/subject/202240,春宵苦短，少女前进吧！,2017-04-07,8.1,9726,https://lain.bgm.tv/pic/cover/l/f3/59/202240_KKkZm.jpg,汤浅政明;剧场版;森见登美彦;小说改;2017;恋爱;ScienceSARU;青春;奇幻;春宵苦短，少女前进吧！;2017年4月;湯浅政明;日本;动画电影;轻小说改;轻改;2017年;大岛满;校园;电影;花泽香菜;サイエンスSARU;森見登美彦;神谷浩史;意识流;神作;搞笑;映画;上田誠;伊東伸高,前辈;黑发少女;学园祭事务局长;内裤大头目;樋口清太郎;羽贯凉子;旧书市集之神;纪子;伪城崎;不倒翁公主;乔尼;东堂
357,https://bgm.tv/subject/822,FLCL,2000-04-26,8.3,10136,https://lain.bgm.tv/pic/cover/l/af/da/822_9y55j.jpg,GAINAX;OVA;意识流;原创;鹤卷和哉;贞本义行;2000;FLCL;青春;神配乐;青春期;性暗示;看懂的都是神..;日本;美丽的中二;中二;Production.I.G;今石洋之;ProductionI.G;鶴巻和哉;神作;科幻;榎户洋司;TV;战斗;2000年4月;奇幻;榎戸洋司;庵野秀明;2000年,春原晴子;南束直太;鲛岛真见美;亚麻罗宇;蜷守惠理;阿学;政志;宫路纯子;南束卡门;南束系国;崎芝巴美;カンチ
358,https://bgm.tv/subject/565802,辉夜大小姐想让我告白 通往大人的阶梯,2025-12-31,8.3,8935,https://lain.bgm.tv/pic/cover/l/9b/f5/565802_PRfRL.jpg,恋爱;A-1Pictures;校园;漫画改;搞笑;OVA;2025;TV;辉夜大小姐想让我告白;日本;漫改;日常;赤坂明;青春;畠山守;2026年1月;2026;喜剧;小俣真一;续作;2025年12月;2025年10月;2025年;恋爱喜剧;TVSP;纯爱;未定档;神作;日漫;2025年1月,四宫辉夜;白银御行;藤原千花;石上优;伊井野弥子;白银的父亲;白银圭;早坂爱;柏木渚;田沼翼;四条真妃;四条帝
359,https://bgm.tv/subject/209408,狂赌之渊,2017-07-01,7,8590,https://lain.bgm.tv/pic/cover/l/41/1f/209408_IMIAi.jpg,颜艺;MAPPA;赌博;2017年7月;漫画改;校园;TV;智斗;2017;漫改;狂赌之渊;早見沙織;百合;早见沙织;林祐一郎;日本;小林靖子;热血;竞技;2017年;河本ほむら;剧情;泽城美雪;日本动画;悬疑;猎奇;搞笑;动画;季番;黑丝,蛇喰梦子;铃井凉太;早乙女芽亚里;桃喰绮罗莉;生志摩妄;五十岚清华;黄泉月露娜;豆生田枫;梦见弖梦见;皇伊月;西洞院百合子;熊楠
360,https://bgm.tv/subject/40533,邻座的怪同学,2012-10-01,7.2,9011,https://lain.bgm.tv/pic/cover/l/a0/ab/40533_SkUil.jpg,校园;恋爱;2012年10月;户松遥;邻座的怪同学;乙女向;TV;少女系;BrainsBase;漫画改;2012;となりの怪物くん;中村悠一;铃木达央;漫改;搞笑;少女向;日常;鈴木達央;日本;青春;少女;治愈;神作;鏑木ひろ;镝木宏;2012年;纯爱;花泽香菜;少女漫,水谷雫;吉田春;夏目朝子;佐佐原宗平;山口贤二;大岛千鹤;吉田优山;三泽满善;名古屋;宫间有;二宫冴子;女学生
361,https://bgm.tv/subject/123568,请问您今天要来点兔子吗？？,2015-10-10,7.5,8283,https://lain.bgm.tv/pic/cover/l/39/a4/123568_FeekE.jpg,百合;芳文社;萝莉;治愈;2015年10月;日常;漫画改;WHITEFOX;萌;TV;请问您今天要来点兔子吗？;2015;漫改;萌系;佐仓绫音;轻百合;日本;KINEMACITRUS;萌豚;续作;桥本裕之;橋本裕之;LOLI;2015年;轻百;搞笑;内田真礼;水濑祈;废萌;KINEMA_CITRUS,保登心爱;香风智乃;天天座理世;宇治松千夜;桐间纱路;条河麻耶;奈津惠;青山翠;提比;香风隆宏;保登摩卡;真手凛
362,https://bgm.tv/subject/326,攻壳机动队 S.A.C. 2nd GIG,2004-01-01,9.2,9852,https://lain.bgm.tv/pic/cover/l/a6/66/326_D8wjw.jpg,科幻;菅野洋子;攻殻機動隊;攻壳机动队;神山健治;押井守;TV;Production.IG;2004;士郎正宗;Production.I.G;漫画改;草薙素子;战斗;神作;日本;ProductionI.G;漫改;2004年1月;政治;赛博朋克;经典;S.A.C.;GIG;战争;深度;人工智能;超前;艺术;攻壳,草薙素子;巴特;公安9课;荒卷大辅;陀古萨;石川;斋藤;帕兹;塔奇克马;博马;久世英雄;内務大臣
363,https://bgm.tv/subject/238006,哥布林杀手,2018-10-06,6.7,8522,https://lain.bgm.tv/pic/cover/l/c7/2a/238006_OJZy1.jpg,轻小说改;战斗;2018年10月;冒险;WHITEFOX;奇幻;TV;哥布林;异世界;2018;轻改;黄暴;小说改;日本;尾崎隆晴;黑田洋介;后宫;哥布林杀手;仓田英之;猎奇;黑暗;血腥;2018年;WHITE_FOX;薪王级操作;小仓唯;日本动画;热血;東山奈央;倉田英之,哥布林杀手;女神官;牧牛妹;柜台小姐;妖精弓手;矿人道士;蜥蜴僧侣;魔女;枪使;剑之圣女;重战士;女骑士
364,https://bgm.tv/subject/347887,擅长捉弄的高木同学 第三季,2022-01-07,8,8145,https://lain.bgm.tv/pic/cover/l/2d/ad/347887_j0DFj.jpg,恋爱;校园;日常;2022年1月;狗粮;漫画改;TV;SHIN-EI;2022;漫改;擅长捉弄的高木同学;高橋李依;搞笑;赤城博昭;续作;日本;青春;治愈;纯爱;擅长调情的西片太太;高桥李依;シンエイ動画;2022年;神作;萌;山本崇一朗;喜剧;高木同学;2022冬;新锐动画,高木同学;西片;日日野美奈;天川友加里;月本早苗;中井高贵;真野;高尾;木村;滨口;北条;田边老师
365,https://bgm.tv/subject/332649,漂流少年,2021-07-15,7.8,9974,https://lain.bgm.tv/pic/cover/l/30/fb/332649_32TAQ.jpg,原创;MADHouse;夏目真悟;奇幻;2021年7月;意识流;TV;青春;校园;2021;超能力;群像;渡边信一郎;日本;日本动画;电波;江口寿史;成长;神作;2021年;实验动画;存在主义;漫改;哲学;漂流少年;久貝典史;TVA;久贝典史;悠木碧;季番,长良;希;瑞穗;朝风;拉吉塔尼;明星;ポニー;キャップ;はやと;上海;亚希老师;やまびこ
366,https://bgm.tv/subject/12536,夏目友人帐 叁,2011-07-04,8.1,9043,https://lain.bgm.tv/pic/cover/l/35/94/12536_8KsS8.jpg,治愈;夏目友人帳;神谷浩史;猫咪先生;2011年7月;夏目;治愈系;TV;妖怪;绿川幸;贵志与猫老师不得不说的二三事;2011;第三季;漫画改;温暖;BrainsBase;奇幻;日常;漫改;夏目友人帐;日本;最期待新番;大森贵弘;大森貴弘;友人帐;アニメ;续作;2011年;温情;井上和彦,夏目贵志;喵老师/斑;夏目玲子;笹田纯;多轨透;西村悟;藤原塔子;藤原滋;红峰;泥鳅胡子;牛面中级妖怪;柊
367,https://bgm.tv/subject/529431,胆大党 第二季,2025-07-03,7.3,8624,https://lain.bgm.tv/pic/cover/l/4a/2b/529431_a7joa.jpg,战斗;奇幻;漫画改;2025年7月;ScienceSARU;TV;搞笑;2025;日本;漫改;少年向;续作;校园;科幻;山代风我;恋爱;热血;怪谈;牛尾宪辅;超能力;胆大党;山代風我;2025年;2025夏;猎奇;AbelGongora;Abel;Gongora;濑古浩司;瀬古浩司,高仓健;绫濑桃;白鸟爱罗;圆城寺仁;高速婆婆;绫濑星子;坂田金太;多佛恶魔;太郎;奇克奇塔;邪视;满次郎
368,https://bgm.tv/subject/14588,摇曳百合,2011-07-04,7.7,9017,https://lain.bgm.tv/pic/cover/l/43/d9/14588_bDB2r.jpg,百合;搞笑;摇曳百合;动画工房;2011年7月;阿卡林;日常;TV;漫画改;2011;粉红切开都是黑的;无男主;漫改;ゆるゆり;校园;软妹;太田雅彦;萌;日本;轻百合;治愈;伪百合;動画工房;清新;新人声优;豊崎愛生;一迅社;娱乐部;轻百;2011年,赤座灯里;岁纳京子;船见结衣;吉川千夏;古谷向日葵;大室樱子;杉浦绫乃;池田千岁;池田千鹤;西垣奈奈;松本理世;古谷枫
369,https://bgm.tv/subject/220566,杀戮天使,2018-07-06,6.4,8087,https://lain.bgm.tv/pic/cover/l/1a/b7/220566_0CMxK.jpg,游戏改;悬疑;J.C.STAFF;恋爱;2018年7月;TV;战斗;杀戮天使;2018;狗粮;岡本信彦;鈴木健太郎;日本;游戏改编;樱井孝宏;猎奇;奇幻;千菅春香;游改;冒险;黑暗;剧情;2018年;铃木健太郎;致郁;恐怖;未确定;纯爱;萝莉;日本动画,瑞依;札克;丹尼;艾迪;凯西;葛雷
370,https://bgm.tv/subject/425998,Re：从零开始的异世界生活 第三季 袭击篇,2024-10-02,7.2,8061,https://lain.bgm.tv/pic/cover/l/26/d6/425998_dnzr8.jpg,异世界;2024年10月;奇幻;轻小说改;WHITEFOX;战斗;TV;Re：從零開始的異世界生活;冒险;轮回;日本;2024;小说改;轻改;少年向;青年向;续作;恋爱;高橋李依;穿越;催泪;Re:从零开始异世界生活;后宫;不评论;智斗;筱原正宽;Re：从零开始的异世界生活;re0;篠原正寛;Re:ゼロから始める異世界生活,菜月昴;艾米莉娅;碧翠丝;嘉飞尔·汀泽尔;奥托·苏文;菲鲁特;莱茵哈鲁特·梵·阿斯特雷亚;库珥修·卡尔斯腾;菲利克斯·阿盖尔;威尔海姆·梵·阿斯特雷亚;安娜塔西亚·合辛;由里乌斯·尤克历乌斯
371,https://bgm.tv/subject/115292,东京喰种√A,2015-01-08,5.9,7920,https://lain.bgm.tv/pic/cover/l/32/73/115292_RnE82.jpg,东京食尸鬼;漫画改;2015年1月;战斗;TV;StudioPierrot;2015;第二季;奇幻;漫改;花泽香菜;花江夏樹;小丑社;宮野真守;东京喰种;日本;热血;猎奇;森田修平;续作;小西克幸;血腥;ぴえろ;2015年;雨宫天;黑暗;致郁;花江夏树;日本动画;PIERROT,金木研;雾岛董香;永近英良;西尾锦;芳村功善;亚门钢太朗;月山习;呗;四方莲示;笛口雏实;有马贵将;雾岛绚都
372,https://bgm.tv/subject/398951,更衣人偶坠入爱河 第二季,2025-07-05,7.7,8753,https://lain.bgm.tv/pic/cover/l/38/44/398951_973Z3.jpg,恋爱;校园;CloverWorks;漫画改;2025年7月;TV;日常;cosplay;2025;日本;漫改;搞笑;卖肉;青年向;篠原啓輔;续作;青春;筱原启辅;更衣人偶坠入爱河;纯爱;未定档;梅原翔太;2025年;第二季;福利;待上映;治愈;7月;富田赖子;喜剧,喜多川海梦;五条新菜;乾纱寿叶;乾心寿;五条薰;天野千岁;绪方旭;本多都;伊藤凉香;菅谷乃羽;八寻大空;山内瑠音
373,https://bgm.tv/subject/131891,暗杀教室 第二季,2016-01-07,7.7,8040,https://lain.bgm.tv/pic/cover/l/68/64/131891_dR2ZT.jpg,漫画改;搞笑;校园;2016年1月;TV;暗杀教室;Lerche;战斗;2016;福山润;暗殺教室;漫改;岸誠二;治愈;催泪;岸诚二;杉田智和;日本;青春;奇幻;宫野真守;日常;续作;JUMP;热血;励志;成长;2016年;教育;上江洲诚,杀老师;潮田渚;赤羽业;乌间惟臣;伊莉娜·叶拉维琪;矶贝悠马;茅野枫;浅野学峯;片冈惠;前原阳斗;冈野日向;仓桥阳菜乃
374,https://bgm.tv/subject/18882,幻想嘉年华,2011-08-14,7.6,8367,https://lain.bgm.tv/pic/cover/l/38/0c/18882_XqC8o.jpg,Type-Moon;搞笑;Fate;幻想嘉年华;OVA;2011;FANS向;月姬;乱斗;Lerche;蘑菇;岸诚二;原创;型月嘉年华;10周年;漫画改;人参赢家;TV;武梨えり;岸誠二;日本;2011年8月;漫改;日常;2011年;游戏改;2011年7月;型月;奇幻;ラルケ,爱尔奎特·布伦史坦德;阿尔托莉雅·潘德拉贡;远野志贵;卫宫士郎;希耶尔;远坂凛;远野秋叶;间桐樱;巫净翡翠;巫净琥珀;藤村大河;伊莉雅斯菲尔·冯·爱因兹贝伦
375,https://bgm.tv/subject/291494,剧场版 鬼灭之刃 无限列车篇,2020-10-16,7.2,7717,https://lain.bgm.tv/pic/cover/l/3c/64/291494_2kB2n.jpg,剧场版;ufotable;战斗;热血;鬼灭之刃;漫画改;2020;漫改;奇幻;2020年10月;JUMP;外崎春雄;日本;续篇;椎名豪;鬼滅の刃;2020年;梶浦由记;续作;动画电影;梶浦由記;动画;催泪;TV;冒险;电影;2021;日本动画;吾峠呼世晴;日漫,灶门炭治郎;灶门祢豆子;我妻善逸;嘴平伊之助;富冈义勇;蝴蝶忍;炼狱杏寿郎;栗花落香奈乎;宇髓天元;产屋敷耀哉;甘露寺蜜璃;悲鸣屿行冥
376,https://bgm.tv/subject/328313,世界顶尖的暗杀者转生为异世界贵族,2021-10-06,6.1,8290,https://lain.bgm.tv/pic/cover/l/49/32/328313_oQlyW.jpg,异世界;龙傲天;2021年10月;轻小说改;后宫;战斗;SILVERLINK.;TV;奇幻;穿越;2021;轻改;小说改;日本;田村正文;上田麗奈;厕纸;2021年;恋爱;转生;世界顶尖的暗杀者转生为异世界贵族;装逼;白毛;SILVER_LINK.;StudioPalette;日本动画;studioぱれっと;月夜涙;魔法;季番,卢各;蒂雅;塔儿朵;玛荷;祈安;艾思丽;女神;暗杀者;クラリス;マーガレット
377,https://bgm.tv/subject/204145,调教咖啡厅,2017-10-07,6.8,8098,https://lain.bgm.tv/pic/cover/l/f4/fe/204145_mbsLs.jpg,芳文社;日常;搞笑;A-1Pictures;2017年10月;漫画改;TV;恋爱;2017;漫改;萌;调教咖啡厅;喜剧;益山亮司;日本;职场;A-1;伪娘;治愈;2017年;萌豚;萌系;A-1_Pictures;百合;废萌;2017年十月番;轻百合;日本动画;TVA;季番,樱之宫莓香;日向夏帆;星川麻冬;天野美雨;神崎日照;迪诺;秋月红叶;掌柜;樱之宫爱香;大宫忍;泷本一二三
378,https://bgm.tv/subject/110048,监狱学园,2015-07-10,7.3,8431,https://lain.bgm.tv/pic/cover/l/1c/0b/110048_JHz0j.jpg,搞笑;J.C.STAFF;漫画改;2015年7月;肉;TV;水岛努;监狱学园;2015;校园;神谷浩史;漫改;花泽香菜;燃;卖肉;横手美智子;日本;肉番;水島努;热血;智斗;2015年;节操;喜剧;伊藤静;小西克幸;恋爱;興津和幸;日本动画;日常,藤野清志;诸葛岳人;若本真吾;根津让二;安堂丽治;栗原万里;白木芽衣子;绿川花;栗原千代;横山杏子;理事长;田中真由美
379,https://bgm.tv/subject/295,风之谷,1984-03-11,8.3,8842,https://lain.bgm.tv/pic/cover/l/49/18/295_W0vZv.jpg,宫崎骏;吉卜力;剧场版;久石让;风之谷;1984;自然主义;科幻;环保系;奇幻;宮崎駿;原创;环保;風の谷のナウシカ;日本;动画电影;GHIBLI;漫画改;冒险;環境保護;治愈;电影;经典;蟲;漫改;1984年;庵野秀明;80年代;映画;1984年3月,娜乌西卡;库夏娜;犹巴·米拉尔达;阿斯贝鲁;巨神兵;拉丝黛儿;克罗托瓦
380,https://bgm.tv/subject/3128,数码宝贝大冒险,1999-03-07,8.3,8437,https://lain.bgm.tv/pic/cover/l/df/f8/3128_4QNAH.jpg,童年;数码暴龙;永远的回忆;TV;1999;热血;Butterfly神曲;无限大的梦想;数码宝贝;东映;原创;Butterfly;燃;战斗;结局垂泪;冒险;子供向;日本;digimon;東映アニメーション;奇幻;经典;1999年3月;东映动画;角銅博之;1999年;角铜博之;科幻;90年代;细田守,八神太一;亚古兽;石田大和;加布兽;武之内空;比丘兽;泉光子郎;甲虫兽;太刀川美美;巴鲁兽;城户丈;哥玛兽
381,https://bgm.tv/subject/441939,鬼灭之刃 柱训练篇,2024-05-12,6.7,7449,https://lain.bgm.tv/pic/cover/l/0a/ee/441939_6l6VR.jpg,战斗;ufotable;漫画改;热血;2024年4月;TV;鬼灭之刃;奇幻;2024;漫改;续作;日本;鬼滅之刃;外崎春雄;花澤香菜;JUMP;2024年;日常;搞笑;冒险;日漫;日本动画;梶浦由记;动画;剧情;季番;鬼滅の刃;2024年5月;TVA;2024春,灶门炭治郎;灶门祢豆子;我妻善逸;嘴平伊之助;富冈义勇;蝴蝶忍;栗花落香奈乎;宇髓天元;产屋敷耀哉;甘露寺蜜璃;悲鸣屿行冥;时透无一郎
382,https://bgm.tv/subject/2567,学生会的一己之见,2009-10-02,7.4,8421,https://lain.bgm.tv/pic/cover/l/dd/a0/2567_090zo.jpg,后宫;吐槽;学生会的一己之见～碧阳学园学生会议事录;轻小说改;TV;2009年10月;校园;生徒会の一存;neta;狗神煌;2009;搞笑;轻小说;studiodeen;神吐槽;小说改;学生会;日常;轻改;学生会的一己之见;日本;佐藤卓哉;恋爱;花田十辉;2009年;STUDIO_DEEN;花田十輝;小红;萌;深夏,杉崎键;樱野栗梦;红叶知弦;椎名深夏;椎名真冬;藤堂莉莉西亚;真仪琉纱鸟;凉宫春日;神尾观铃;凉宫遥;私立碧阳学园;中目黑善树
383,https://bgm.tv/subject/142758,线上游戏的老婆不可能是女生？,2016-04-07,6,7882,https://lain.bgm.tv/pic/cover/l/64/bd/142758_4WO7N.jpg,轻小说改;后宫;2016年4月;校园;网游;恋爱;TV;搞笑;projectNo.9;线上游戏的老婆不可能是女生;2016;轻改;小说改;project_No.9;柳伸亮;日本;日常;游戏;日高里菜;2016年;萌;奇幻;卖肉;水濑祈;矢野茜;日本动画;治愈;高桥龙也;动画;青春,玉置亚子／亚子;西村英骑／卢西安;濑川茜／修拜因;御圣院杏／亚普力可;秋山奈奈子／瑟蒂;齐藤结衣／猫姬;†黑之魔术师†;†克劳德†;高崎想;四条匠;幕之内亮;亚子的母亲
384,https://bgm.tv/subject/283643,吹响吧！上低音号 第三季,2024-04-07,5,11425,https://lain.bgm.tv/pic/cover/l/ef/8f/283643_2bcm7.jpg,京阿尼;音乐;2024年4月;校园;TV;京都动画;轻小说改;青春;2024;石原立也;百合;小说改;京都アニメーション;有生之年;轻改;花田十辉;日本;烂尾;京吹;续作;原创;吹响！悠风号;励志;日常;花田十輝;社团;轻百合;搞笑;2024年;治愈,黄前久美子;加藤叶月;川岛绿辉;高坂丽奈;塚本秀一;黑江真由;中田いちご;松藤映子;水井陽向;吉田巧美;加千須みく;平尾まなこ
385,https://bgm.tv/subject/85204,妄想学生会＊,2014-01-04,7.6,8232,https://lain.bgm.tv/pic/cover/l/93/55/85204_oK33O.jpg,黄段子;搞笑;吐槽;2014年1月;妄想学生会;漫画改;校园;TV;GoHands;黄段子学生会;2014;下限;后宫;糟糕;日笠阳子;漫改;日常;日本;续作;金澤洪充;金泽洪充;2014年;工口;节操;恋爱;第二季;动画;喜剧;学生会;syd,津田隆利;天草筱;七条天空;萩村铃;津田琴美;横岛鸣子;三叶睦美;畑兰子;五十岚枫;出岛彩香;鱼见千寻;时薰
386,https://bgm.tv/subject/313852,街角魔族 2丁目,2022-04-07,7.8,8582,https://lain.bgm.tv/pic/cover/l/ef/d3/313852_550li.jpg,芳文社;百合;日常;J.C.STAFF;搞笑;2022年4月;漫画改;TV;轻百合;魔法少女;2022;漫改;萌;街角魔族;樱井弘明;日本;奇幻;续作;治愈;校园;桜井弘明;小原好美;2022年;萌系;萌豚;轻百;废萌;喜剧;战斗;季番,吉田优子;千代田桃;莉莉丝;阳夏木蜜柑;佐田杏里;小仓紫苑;吉田良子;吉田清子;梅塔子;白泽;莉子;千代田樱
387,https://bgm.tv/subject/891,续 夏目友人帐,2009-01-05,8,7921,https://lain.bgm.tv/pic/cover/l/cf/bc/891_d5mwr.jpg,治愈;続・夏目友人帳;神谷浩史;治愈系;2009年1月;妖怪;TV;夏目友人账;绿川幸;温情;2009;漫画改;清新;BrainsBase;夏目友人帳;奇幻;漫改;基;日常;腐作;石田彰;日本;夏目友人帐;大森貴弘;大森贵弘;2009年;续作;井上和彦;Brain;アニメ,夏目贵志;喵老师/斑;夏目玲子;笹田纯;多轨透;西村悟;藤原塔子;藤原滋;红峰;狸追;翠;タマ
388,https://bgm.tv/subject/115932,凭物语,2014-12-31,7.5,7831,https://lain.bgm.tv/pic/cover/l/6c/68/115932_iPZ50.jpg,物语系列;新房昭之;SHAFT;西尾维新;轻小说改;TV;2014;2014年12月;奇幻;早见纱织;后宫;OVA;轻改;小说改;神谷浩史;板村智幸;凭物语;日本;2015年1月;恋爱;物语;2014年;吐槽;续作;校园;怪异;搞笑;战斗;西尾維新;早见沙织,阿良良木历;斧乃木余接;忍野忍;阿良良木火怜;阿良良木月火;影縫余弦;忍野扇;手折正弦;战场原黑仪;羽川翼
389,https://bgm.tv/subject/1512,狼与香辛料 第二季,2009-07-08,7.8,8365,https://lain.bgm.tv/pic/cover/l/0f/3d/1512_1HCN1.jpg,萌狼;狼与香辛料;轻小说改;TV;2009年7月;狼と香辛料II;小清水亚美;经济;福山润;2009;轻小说;一只狼和大叔的故事;奇幻;治愈;恋爱;BrainsBase;轻改;小说改;商人;日本;公路片;旅行;高桥丈夫;日常;高橋丈夫;狼と香辛料;人狼神交记;Brain;公路;续作,赫萝;克拉福·罗伦斯;戴安·鲁本斯;费米·阿玛提;艾普·布朗;诺儿菈·艾伦;马克·科尔;梅尔妲;黎格罗·德多里;鲁兹·埃林基;亚洛尔德·埃克伦德;艾吾·兰德
390,https://bgm.tv/subject/395714,转生公主与天才千金的魔法革命,2023-01-04,6.4,9232,https://lain.bgm.tv/pic/cover/l/fd/3c/395714_5EeZx.jpg,百合;异世界;2023年1月;轻小说改;TV;凤傲天;Diomedéa;奇幻;2023;轻改;战斗;渡航;小说改;玉木慎吾;冒险;日本;恋爱;GL;魔法;Diomedea;搞笑;转生;厕纸;真百;2023年;穿越;日常;千本木彩花;井出直美;石見舞菜香,艾妮丝菲亚·温·帕雷提亚;尤菲莉亚·玛赞塔;伊莉雅·克拉尔;亚尔加德·伯纳·帕雷提亚;缇尔蒂·克拉雷特;蕾妮·席昂;奥尔凡斯·伊鲁·帕雷提亚;谢尔菲娜·梅斯·帕雷提亚;格兰兹·玛赞塔;夏尔托斯伯爵;莫里兹·夏尔托斯;琉米艾尔
391,https://bgm.tv/subject/5976,只有神知道的世界,2010-10-06,7.2,8414,https://lain.bgm.tv/pic/cover/l/e1/05/5976_irRRH.jpg,只有神知道的世界;后宫;攻陷之神;2010年10月;TV;神大人;漫画改;galgame;恋爱;2010;Manglobe;PFP;下野紘;接吻魔;校园;漫改;神哥哥;搞笑;可疑的肉片;若木民喜;日本;奇幻;高柳滋仁;日常;花泽香菜;2010-10月番;2010年;仓田英之;悠木碧;桂马,桂木桂马;中川奏音;高原步美;汐宫栞;青山美生;艾利由西亚·D·鲁德·伊玛;二阶堂由梨;寺田京;飞鸟空;桂木麻里;数码子;若木
392,https://bgm.tv/subject/269090,你好 世界,2019-09-20,6.8,8347,https://lain.bgm.tv/pic/cover/l/14/a6/269090_600EK.jpg,剧场版;恋爱;科幻;原创;2019;Graphinica;堀口悠紀子;伊藤智彦;校园;2019年10月;3D;SF;动画电影;日本;野崎まど;2019年;映画;青春;穿越;奇幻;电影;治愈;グラフィニカ;堀口悠纪子;战斗;爱情;你好世界;纯爱;野﨑まど;日本动画,坚书直实;カタガキナオミ;一行瑠璃;勘解由小路三铃;乌鸦;千古恒久;徐依依
393,https://bgm.tv/subject/217660,盾之勇者成名录,2019-01-09,5.6,8134,https://lain.bgm.tv/pic/cover/l/b9/9b/217660_h3554.jpg,异世界;轻小说改;2019年1月;战斗;奇幻;TV;盾之勇者成名录;轻改;穿越;2019;KINEMA_CITRUS;后宫;KINEMACITRUS;小说改;日本;冒险;阿保孝雄;憋屈;2019年;厕纸;热血;装逼;龙傲天;萝莉;KINEMA.CITRUS;动画;日本动画;恋爱;石川界人;盾勇,岩谷尚文;拉芙塔莉雅;菲洛;天木錬;北村元康;川澄树;梅蒂·Q·梅洛马格;麦蒂·S·梅洛玛格;奥托克雷·梅洛马格三十二世;艾尔哈特;菲托莉亚;莉希雅·爱比雷德
394,https://bgm.tv/subject/175596,终物语（下）,2017-08-12,8.1,7911,https://lain.bgm.tv/pic/cover/l/53/29/175596_Dp6j4.jpg,物语系列;新房昭之;SHAFT;西尾维新;TV;轻小说改;2017年7月;2017;奇幻;后宫;轻改;终物语;小说改;神谷浩史;板村智幸;日本;斋藤千和;恋爱;校园;物语;吐槽;青春;2017年;沙发套;续作;新房;2017年8月;神作;OVA;西尾維新,阿良良木历;八九寺真宵;战场原黑仪;忍野扇;忍野忍;手折正弦;卧烟伊豆湖;阿良良木月火;斧乃木余接;羽川翼;千石抚子;阿良良木火怜
395,https://bgm.tv/subject/2225,剧场版 空之境界 第六章 忘却录音,2008-12-20,7.3,8239,https://lain.bgm.tv/pic/cover/l/44/3d/2225_jYPOl.jpg,剧场版;Type-Moon;空の境界;ufotable;空之境界;梶浦由記;2008;奈须きのこ;鲜花卖萌;奇幻;忘却録音;轻小说改;小说改;兄控;战斗;须奈きのこ;鲜花;坂本真綾;梶浦由记;轻改;三浦貴博;2008年;三浦贵博;两仪式;坂本真绫;2008年12月;悬疑;奈须蘑菇;fairytale;日本,黑桐鲜花;两仪式;黑桐干也;苍崎橙子;玄雾皋月;黄路美沙夜;荒耶宗莲;濑尾静音;白纯里绪;橘佳织;叶山秀雄;路人
396,https://bgm.tv/subject/1608,灌篮高手,1993-10-16,8.6,9312,https://lain.bgm.tv/pic/cover/l/fa/af/1608_3I59P.jpg,灌篮高手;热血;教练我想打篮球;经典;SLAM_DUNK;童年;体育;樱木花道;TV;篮球;1993;流川枫;漫画改;男儿当入樽;运动;樱木花道安西叫你回家打篮球;东映;漫改;日本;井上雄彦;1993年10月;校园;JUMP;竞技;東映アニメーション;动画;神作;青春;东映动画;西沢信孝,樱木花道;流川枫;宫城良田;三井寿;赤木刚宪;安西光义;赤木晴子;木暮公延;水户洋平;仙道彰;鱼住纯;藤真健司
397,https://bgm.tv/subject/335389,OVERLORD 第四季,2022-07-05,6.6,7288,https://lain.bgm.tv/pic/cover/l/69/c7/335389_Z8WRS.jpg,异世界;2022年7月;骨傲天;轻小说改;MADHouse;穿越;TV;OVERLORD;奇幻;龙傲天;轻改;2022;装逼;战斗;小说改;日本;续集;续作;伊藤尚往;网游;2022年;搞笑;后宫;魔法;日本动画;第四季;热血;厕纸;动画;日漫,安兹·乌尔·恭;雅儿贝德;夏提雅·布拉德弗伦;马雷·贝罗·菲欧雷;亚乌菈·贝拉·菲欧拉;迪米乌哥斯;科塞特斯;娜贝拉尔·伽玛;艾多玛·巴西丽莎·泽塔;潘朵拉·亚克特;仓助;依比鲁艾
398,https://bgm.tv/subject/377607,无神世界的神明活动,2023-04-05,6.8,8743,https://lain.bgm.tv/pic/cover/l/e5/59/377607_8w26i.jpg,搞笑;异世界;2023年4月;漫画改;奇幻;TV;StudioPalette;穿越;逆天;2023;漫改;鬼頭明里;稲葉友紀;日本;悠木碧;花泽香菜;战斗;萝莉;榎木淳弥;2023年;后宫;卖肉;厕纸;抽象;稻叶友纪;宗教;性转;淳皇;studioぱれっと;鬼头明里,卜部征人;御灵;阿尔拉尔;谢尔莉尔;罗伊;古连;洛基;贝尔特兰;贝尔特兰;卜部聪一郎;阿塔尔;达基尼
399,https://bgm.tv/subject/1728,浪客剑心 追忆篇,1999-02-20,8.9,9458,https://lain.bgm.tv/pic/cover/l/71/37/1728_HLsCr.jpg,OVA;剑心;浪客剑心;追忆篇;雪代巴;1999;悲剧;十字伤;studiodeen;漫画改;古桥一浩;明治维新;历史;战斗;幕末;るろうに剣心;漫改;拔刀斋;日本;神作;飞天御剑流;经典;岩崎琢;恋爱;古橋一浩;催泪;新选组;精品;1999年2月;和月伸宏,绯村剑心;雪代巴;比古清十郎;斋藤一;冲田总司;雪代缘;桂小五郎;清里明良;高杉晋作;几松;小萩屋の女将;石地
400,https://bgm.tv/subject/82777,我的青春恋爱物语果然有问题 OVA,2013-09-19,7.2,6282,https://lain.bgm.tv/pic/cover/l/81/c0/82777_78uUP.jpg,OVA;我的青春恋爱物语果然有问题;校园;恋爱;轻小说改;2013;大老师;BrainsBase;2013年9月;轻改;早見沙織;小说改;渡航;日本;青春;日常;吉村愛;党争;后宫;2013年;吉村爱;やはり俺の青春ラブコメはまちがっている。;春物;搞笑;早见沙织;Feel.;Brains･Base;悠木碧;东山奈央;OVA&OAD,比企谷八幡;雪之下雪乃;由比滨结衣;比企谷小町;平冢静;户冢彩加;材木座义辉;海老名姫菜;川崎沙希;三浦优美子;千叶市立总武高等学校
401,https://bgm.tv/subject/264089,转生成为了只有乙女游戏破灭Flag的邪恶大小姐,2020-04-04,6.6,7660,https://lain.bgm.tv/pic/cover/l/12/db/264089_1EkJP.jpg,搞笑;异世界;2020年4月;乙女向;轻小说改;恋爱;SILVERLINK.;TV;百合;2020;轻改;后宫;穿越;喜剧;内田真礼;小说改;乙女;奇幻;女性向;逆后宫;日本;井上圭介;恶役;日常;漫改;校园;2020年;恶役大小姐;转生;漫画改,卡塔丽娜·克拉斯;吉奥路德·斯图亚特;基斯·克拉斯;亚兰·斯图亚特;尼克鲁·亚斯卡路特;梅丽·亨特;索菲亚·亚斯卡路特;玛丽亚·坎贝尔;席利乌斯·迪克 / 拉斐尔·沃尔特;安·谢利;路易吉·克拉斯;米丽蒂娅娜·克拉斯
402,https://bgm.tv/subject/148726,灰与幻想的格林姆迦尔,2016-01-10,7.5,8585,https://lain.bgm.tv/pic/cover/l/0c/20/148726_J77TB.jpg,A-1Pictures;轻小说改;奇幻;异世界;2016年1月;TV;战斗;灰与幻想的格林姆迦尔;轻改;2016;中村亮介;小说改;十文字青;穿越;日本;冒险;治愈;小松未可子;成长;日常;A-1_Pictures;2016年;恋爱;励志;细谷佳正;A-1;吉野裕行;真实;动画;季番,哈尔希洛;蓝德;马纳多;莫古索;梦儿;席赫露;梅莉;琪比;莲崎;芭芭菈;布兰尼;基卡瓦
403,https://bgm.tv/subject/127724,落第骑士英雄谭,2015-10-03,6.5,7450,https://lain.bgm.tv/pic/cover/l/56/1a/127724_DSo0K.jpg,轻小说改;后宫;战斗;2015年10月;SILVERLINK.;TV;大沼心;校园;恋爱;落第骑士英雄谭;轻改;2015;热血;小说改;Nexus;日本;奇幻;卖肉;逢坂良太;纯爱;SILVER_LINK.;搞笑;2015年;SILVERLINK;龙傲天;装逼;异世界;日本动画;石上静香;金元寿子,黑铁一辉;史黛菈·法米利昂;黑铁珠雫;有栖院凪;绫辻绚濑;东堂刀华;西京宁音;新宫寺黑乃;日下部加加美;黑铁龙马;折木有里;桐原静矢
404,https://bgm.tv/subject/47889,来自风平浪静的明天,2013-10-03,7.5,8914,https://lain.bgm.tv/pic/cover/l/16/29/47889_gZy58.jpg,P.A.WORKS;恋爱;原创;冈田麿里;2013年10月;TV;花泽香菜;2013;奇幻;贵圈真乱;NTR;原创动画;校园;青春;胃疼;日本;治愈;2013年10月秋アニメ;逢坂良太;篠原俊哉;扭曲;岡田麿里;来自风平浪静的明天;2013年;日常;茅野爱衣;催泪;石川界人;筱原俊哉;半年番,先岛光;向井户爱花;比良平千咲;伊佐木要;木原纺;潮留美海;久沼纱友;先岛明;狭山旬;鳞大人;潮留至;三桥悟
405,https://bgm.tv/subject/228254,约会大作战 第三季,2019-01-11,5.2,6903,https://lain.bgm.tv/pic/cover/l/73/8c/228254_X7Y56.jpg,后宫;J.C.STAFF;轻小说改;约会大作战;2019年1月;战斗;TV;恋爱;轻改;2019;奇幻;校园;妹非妹精神续作;小说改;续作;日本;元永慶太郎;元永庆太郎;搞笑;科幻;日常;2019年;つなこ;季番;崩坏3;表番;橘公司;崩坏;热血;日本动画,夜刀神十香;鸢一折纸;镜野七罪;五河士道;五河琴里;冰芽川四糸乃;时崎狂三;神无月恭平;诱宵美九;崇宫真那;艾萨克·雷·贝拉姆·威斯考特;爱莲·米拉·梅瑟斯
406,https://bgm.tv/subject/142678,我的青春恋爱物语果然有问题 续 OVA,2016-10-27,7.3,6098,https://lain.bgm.tv/pic/cover/l/9a/a9/142678_uYQqS.jpg,OVA;轻小说改;恋爱;校园;我的青春恋爱物语果然有问题续;Feel.;2016;大老师;轻改;青春;渡航;2016年7月;小说改;春物;我的青春恋爱物语果然有问题;日本;日常;2016年10月;党争;及川启;及川啓;2016年;一色彩羽;后宫;佐仓绫音;搞笑;OVA&OAD;早见沙织;菅正太郎;番外,比企谷八幡;一色彩羽;雪之下雪乃;由比滨结衣;店员;千叶市立总武高等学校
407,https://bgm.tv/subject/371546,欢迎来到实力至上主义的教室 第二季,2022-07-04,5.8,7548,https://lain.bgm.tv/pic/cover/l/c8/8a/371546_Df9ri.jpg,校园;轻小说改;2022年7月;智斗;TV;装逼;欢迎来到实力至上主义教室;Lerche;2022;轻改;续集;小说改;青春;日本;龙傲天;后宫;第二季;续作;恋爱;仁昌寺義人;战斗;2022年;衣笠彰梧;岸诚二;推理;仁昌寺义人;日常;日本动画;ラルケ;动画,绫小路清隆;堀北铃音;坂柳有栖;一之濑帆波;龙园翔;栉田桔梗;平田洋介;轻井泽惠;高圆寺六助;须藤健;池宽治;山内春树
408,https://bgm.tv/subject/84873,漆黑的子弹,2014-04-08,6.5,7551,https://lain.bgm.tv/pic/cover/l/b3/32/84873_8NvN2.jpg,轻小说改;萝莉;2014年4月;漆黑的子弹;科幻;TV;战斗;KINEMACITRUS;2014;梶裕贵;轻改;堀江由衣;小说改;鹭巢诗郎;日本;后宫;日高里菜;orange;奇幻;小島正幸;黑色子彈;致郁;小岛正幸;2014年;治愈;KINEMA_CITRUS;虐萝莉;热血;KINEMA.CITRUS;オレンジ,里见莲太郎;蓝原延珠;天童木更;缇娜·斯普劳特;蛭子影胤;蛭子小比奈;室户堇;圣天子;伊熊将监;千寿夏世;司马未织;保胁卓人
409,https://bgm.tv/subject/23685,加速世界,2012-04-06,6.7,8628,https://lain.bgm.tv/pic/cover/l/d9/d8/23685_Y1wYG.jpg,加速世界;轻小说改;2012年4月;SUNRISE;死肥宅;科幻;川原砾;TV;2012;后宫;轻小说;梶裕贵;战斗;电击小说大赏大奖;轻改;科幻系;小说改;校园;网游;恋爱;四月番;日本;小原正和;热血;2012春番;游戏;2012年;吉野弘幸;奇幻;半年番,有田春雪;黑雪姬;黛拓武;仓岛千百合;黑之睡莲;白银之鸦;若宫惠;上月由仁子;冰见晶;ブリキ・ライター;能美征二;仓崎枫子
410,https://bgm.tv/subject/82322,花物语,2014-08-16,7.3,7443,https://lain.bgm.tv/pic/cover/l/24/f3/82322_pUPLZ.jpg,物语系列;新房昭之;SHAFT;西尾维新;轻小说改;TV;2014年7月;2014;花物语;奇幻;百合;轻改;泽城美雪;小说改;OVA;板村智幸;日本;后宫;物语;有生之年;校园;2014年8月;2014年;恋爱;神谷浩史;续作;阿澄佳奈;吐槽;青春;怪异,神原骏河;沼地蜡花;阿良良木历;阿良良木火怜;贝木泥舟;忍野扇;卧烟远江;日伞星雨
411,https://bgm.tv/subject/302523,关于我转生变成史莱姆这档事 第二季 第2部分,2021-07-06,6.1,6545,https://lain.bgm.tv/pic/cover/l/c5/e7/302523_1wCsw.jpg,异世界;2021年7月;轻小说改;奇幻;战斗;TV;关于我转生变成史莱姆这档事;龙傲天;8-Bit;2021;轻改;8bit;穿越;日本;漫画改;续作;小说改;后宫;日常;中山敦史;搞笑;转生;开会;2021年;种田;史莱姆;萌王;冒险;漫改;厕纸,利姆路·坦派斯特;维鲁多拉·坦派斯特;红丸;朱菜;紫苑;苍影;白老;米莉姆·纳瓦;黑兵卫;岚牙;迪亚波罗;利古路多
412,https://bgm.tv/subject/292238,刀剑神域 爱丽丝篇 异界战争 -终章-,2020-07-11,4.8,7348,https://lain.bgm.tv/pic/cover/l/21/a1/292238_u43yn.jpg,刀剑神域;A-1Pictures;轻小说改;战斗;2020年7月;TV;后宫;2020;轻改;科幻;小野学;2020年4月;Alicization篇;小说改;奇幻;日本;Underworld;异世界;恋爱;热血;网游;续作;SAO;2020年;冒险;松冈祯丞;川原砾;A-1_Pictures;日本动画;梶浦由记,桐人／桐谷和人;爱丽丝·滋贝鲁库／爱丽丝·辛赛西斯·萨提;亚丝娜／结城明日奈;诗乃／朝田诗乃;莉兹贝特／篠崎里香;西莉卡／绫野圭子;莉法／桐谷直叶;结衣;克莱因／壶井辽太郎;艾基尔／安德鲁·基尔博德·密鲁茲;赛鲁卡·滋贝鲁库;克里斯海特 / 菊冈诚二郎
413,https://bgm.tv/subject/331559,剧场版 咒术回战 0,2021-12-24,7,7361,https://lain.bgm.tv/pic/cover/l/14/be/331559_Cib1m.jpg,剧场版;MAPPA;战斗;热血;2021;漫画改;漫改;咒术回战;奇幻;朴性厚;JUMP;2021年12月;续作;日本;瀬古浩司;中村悠一;纯爱;恋爱;2021年;2021年10月;前传;濑古浩司;校园;日本动画;动画电影;樱井孝宏;日漫;动画;映画;劇場版,乙骨忧太;祈本里香;五条悟;夏油杰;禅院真希;狗卷棘;熊猫;夜蛾正道;米格尔;拉鲁;枷场菜菜子;枷场美美子
414,https://bgm.tv/subject/849,出包王女,2008-04-03,6.9,7030,https://lain.bgm.tv/pic/cover/l/fe/8c/849_9xbj1.jpg,后宫;卖肉;ToLoveる;TV;2008年4月;杀必死;漫画改;矢吹健太郎;XEBEC;校园;2008;肉;恋爱喜剧;花泽香菜;漫改;搞笑;户松遥;日本;恋爱;肉番;老湿;日常;奇幻;出包王女;To;love;To_Loveる;名冢佳织;出包女王;2008年,结城梨斗/夕崎梨子;菈菈·撒塔琳·戴比路克;西连寺春菜;佩凯;结城美柑;古手川唯;连·艾尔西·裘利亚;伦·艾尔西·裘利亚;籾冈里纱;泽田未央;金色暗影/DARKNESS;小静/村雨静
415,https://bgm.tv/subject/218713,普罗米亚,2019-05-24,7.3,8258,https://lain.bgm.tv/pic/cover/l/a9/e5/218713_CxZL2.jpg,TRIGGER;剧场版;今石洋之;原创;2019;热血;泽野弘之;机战;战斗;中島かずき;扳机;2019年5月;萝卜;Promare;日本;科幻;澤野弘之;动画电影;2019年;燃;奇幻;映画;电影;中岛一基;扳机社;吉成曜;TV;作画;日本动画;2010s,加洛·提莫斯;里欧·弗提亚;艾娜·阿尔德比特;露琪亚·菲克斯;瓦里斯·特拉斯;雷米·普古纳;伊格尼斯·艾克斯;维尼;古雷·佛塞特;坎罗;梅斯;爱莉斯·阿尔德比特
416,https://bgm.tv/subject/325286,薇薇 -萤石眼之歌-,2021-04-03,7.1,8509,https://lain.bgm.tv/pic/cover/l/a0/50/325286_9WQNW.jpg,原创;WITSTUDIO;科幻;2021年4月;TV;战斗;長月達平;2021;AI;神前晓;種﨑敦美;梅原英司;音乐;Vivy;江崎慎平;福山潤;日本;穿越;奇幻;治愈;2021年;长月达平;人工智能;剧情;WIT_STUDIO;机器人;单元剧;催泪;日本动画;种崎敦美,薇薇;松本;ナビ;アーカイブ;艾丝黛拉;艾莉莎白;葛蕾丝;欧菲莉亚;露克莱尔;M;安东尼奥;雾岛桃佳
417,https://bgm.tv/subject/9774,这个是僵尸吗？,2011-01-10,6.8,7520,https://lain.bgm.tv/pic/cover/l/d2/36/9774_pWnwE.jpg,搞笑;这就是僵尸吗;后宫;2011年1月;魔装少女就是本少爷！;TV;魔装少男;轻小说改;伪娘;2011;脑补;studiodeen;這貨是僵尸嗎;奇幻;轻改;小说改;2011年1月番;战斗;2011年1月恶搞最强作;校园;日本;僵尸;日常;三无;金崎贵臣;金﨑貴臣;2011年;DEEN;恶搞;STUDIO_DEEN,相川步;春奈;瑟拉芬;优克莉伍德·海尔赛兹;吉田友纪;织户;平松妙子;三原加奈美;下村;萨拉斯巴迪;艾丽艾尔;京子
418,https://bgm.tv/subject/208908,NEW GAME!!,2017-07-11,7.4,7570,https://lain.bgm.tv/pic/cover/l/32/44/208908_AATp0.jpg,芳文社;百合;动画工房;职场;日常;2017年7月;漫画改;TV;萌豚;2017;萌;漫改;NEWGAME;游戏制作;藤原佳幸;轻百合;日本;動画工房;搞笑;治愈;续作;志茂文彦;2017年;萌系;轻百;日笠阳子;茅野爱衣;高田忧希;得能正太郎;茅野愛衣,凉风青叶;篠田初;饭岛结音;樱宁宁;八神光;阿波根海子;泷本一二三;远山伦;叶月雫;望月红叶;鸣海燕;星川萤
419,https://bgm.tv/subject/349441,机动战士高达 水星的魔女,2022-10-02,6.5,8994,https://lain.bgm.tv/pic/cover/l/f1/fd/349441_uND33.jpg,高达;大河内一楼;原创;SUNRISE;2022年10月;百合;机战;TV;科幻;2022;萝卜;小林宽;战斗;竟然是高达！;日本;小林寛;校园;GUNDAM;2022年;日本动画;轻百合;无法预测的命运之舞台;水星的魔女;机甲;动画;季番;TVA;恋爱;2022.10;2020s,斯莱塔·墨丘利;米奥莉奈·伦布兰;盖尔·杰特克;伊兰·凯莱斯;沙迪克·泽内利;风灵高达;凯南吉·艾贝里;风灵高达（改修型）;尼卡·七浦;雀丘利·潘兰杞;德林·伦布兰;萨里乌斯·泽内利
420,https://bgm.tv/subject/75989,Love Live! 第二季,2014-04-06,7.3,7424,https://lain.bgm.tv/pic/cover/l/94/2a/75989_ylW5o.jpg,偶像;SUNRISE;校园;音乐;2014年4月;原创;LoveLive!;百合;TV;LoveLive！;2014;花田十辉;青春;萌;校園;LoveLive;日本;京極尚彦;京极尚彦;续作;轻百合;花田十輝;日常;2014年;励志;室田雄平;治愈;日本动画;日升;TVA,缪斯;高坂穗乃果;绚濑绘里;南琴梨;园田海未;星空凛;西木野真姬;东条希;小泉花阳;矢泽日香;高坂雪穗;南小鸟的母亲
421,https://bgm.tv/subject/2464,荒川爆笑团,2010-04-04,7.5,8190,https://lain.bgm.tv/pic/cover/l/70/c4/2464_ZwB1N.jpg,新房昭之;电波;搞笑;荒川爆笑团;2010年4月;神谷浩史;SHAFT;TV;2010;坂本真綾;杉田智和;漫画改;新房式强力吐槽;爆笑;日常;恋爱;电波族;子安武人;漫改;星星;日本;吐槽;中村光;治愈;电波系;坂本真绫;2010年;横山克;日本动画;中村悠一,市之宫行;小珊/妮诺;修女;村长;星星;小白;P子;史黛拉;玛利亚;末代武士;比利;贾桂琳
422,https://bgm.tv/subject/193378,重启咲良田,2017-04-05,7.9,8703,https://lain.bgm.tv/pic/cover/l/b1/c7/193378_KgztF.jpg,轻小说改;时空轮回;2017年4月;TV;悬疑;davidproduction;超能力;悠木碧;2017;花泽香菜;轻改;恋爱;川面真也;奇幻;小说改;智斗;石川界人;轮回;河野裕;日本;校园;剧情;推理;科幻;david_production;神作;穿越;重启咲良田;青春;2017年,浅井惠;春埼美空;相麻堇;仓川真理;中野智树;皆实未来;村濑阳香;野之尾盛夏;非通知君;冈绘里;世良佐和子;坂上央介
423,https://bgm.tv/subject/162771,为美好的世界献上祝福！ OAD,2016-06-24,7.3,5940,https://lain.bgm.tv/pic/cover/l/93/62/162771_hND9M.jpg,搞笑;OAD;OVA;异世界;轻小说改;为美好的世界献上祝福！;studiodeen;2016;后宫;穿越;2016年6月;轻改;奇幻;小说改;日本;为美好的世界献上祝福;金崎贵臣;日常;2016年;战斗;金﨑貴臣;STUDIO_DEEN;卖肉;素晴;高桥李依;スタジオディーン;番外;2016年4月;冒险;茅野爱衣,佐藤和真;维斯;芸芸;阿克娅;惠惠;达克妮斯;厄里斯;露娜;御剑响夜;公会的女招待;博士
424,https://bgm.tv/subject/26449,人类衰退之后,2012-07-01,7.9,9031,https://lain.bgm.tv/pic/cover/l/41/39/26449_G0Xzx.jpg,人类衰退之后;轻小说改;2012年7月;田中罗密欧;TV;中原麻衣;内涵;AIC;治愈;岸诚二;2012;田中ロミオ;奇幻;吐槽;轻改;小说改;轻小说;日本;日常;搞笑;岸誠二;七月番;科幻;电波;末世;猎奇;萌;2012年;剧情;上江洲誠,我;助手;爷爷;友人Y;P子;妖精さん;O太郎;一条先生;卷发;魔女学姊;花学姊;RYOBO230r
425,https://bgm.tv/subject/2782,火影忍者疾风传,2007-02-15,7.6,7912,https://lain.bgm.tv/pic/cover/l/60/24/2782_z3jWE.jpg,NARUTO;热血系;热血;民工动漫;TV;战斗;集英社;漫画改;2007;JUMP;儿子等爹死了把火影的大结局烧给我吧;漫改;StudioPierrot;日本;火影忍者;火影;儿子等娘死了把火影的大结局烧给我吧;民工;什么鸣雏啊明明是鸣佐;长篇;童年;奇幻;2007年2月;小丑社;忍者;2007年1月;ぴえろ;岸本齐史;民工漫;PIERROT,漩涡鸣人;宇智波佐助;春野樱;旗木卡卡西;鸣子;迈特·戴;志治美;自来也;日向雏田;油女志乃;犬冢牙;纲手
426,https://bgm.tv/subject/477825,拔作岛,2025-07-18,6.7,9551,https://lain.bgm.tv/pic/cover/l/ee/a3/477825_5H55M.jpg,GAL改;搞笑;2025年7月;抽象;游戏改;TV;Passione;校园;日本;恋爱;战斗;2025;qruppo;青年向;无法预测的命运之舞台;卖肉;肉番;热血;肉;長山延好;长山延好;里番;逆天;2025年;沉重;后宫;社会;扭曲;哲学;朋克,橘淳之介;片桐奈奈濑;渡会雏见;畔美岬;橘麻沙音;琴寄文乃;冷泉院桐香;糺川礼;女部田郁子;仙波光姫;丝丝子;花丸凛
427,https://bgm.tv/subject/105426,关于完全听不懂老公在说什么的事,2014-10-02,6.9,7397,https://lain.bgm.tv/pic/cover/l/ee/3d/105426_dOztK.jpg,泡面番;搞笑;漫画改;2014年10月;TV;2014;鈴村健一;Seven;日常;田村ゆかり;恋爱;漫改;旦那が何を言っているかわからない件;泡面;日本;关公说事;治愈;狗粮;永居慎平;关于完全听不懂老公在说什么的事;2014年;之后干了个爽;铃村健一;セブン;宅;クール教信者;钉宫理惠;喜剧;日本动画;短片,薰;一;树濑理乃;树濑望;蛋黄蛋;田中;山田;三木;高町奈叶;鹿目圆;今日子;忠
428,https://bgm.tv/subject/282000,五等分的新娘∬,2021-01-07,6.6,6698,https://lain.bgm.tv/pic/cover/l/6c/00/282000_6HHwK.jpg,恋爱;后宫;校园;党争;漫改;2021年1月;漫画改;TV;BiburyAnimationStudios;2021;日常;续作;搞笑;日本;2020年1月;五等分的新娘;期待续作;青春;かおり;Bibury;2021年;花泽香菜;小森香织;松冈祯丞;漫画改编;伊藤美来;佐仓绫音;日本动画;バイブリーアニメーションスタジオ;五等分,上杉风太郎;中野一花;中野二乃;中野三玖;中野四叶;中野五月;上杉濑叶;上杉勇也;中野丸尾;武田祐辅;竹林
429,https://bgm.tv/subject/443831,Fate/strange Fake,2026-01-03,7.3,9029,https://lain.bgm.tv/pic/cover/l/f0/51/443831_84ZQs.jpg,Fate;A-1Pictures;战斗;奇幻;TV;Type-Moon;2026年1月;轻小说改;小说改;日本;成田良悟;2026;轻改;2025;2025年1月;榎户骏;坂诘嵩仁;热血;群像;坂詰嵩仁;榎戸駿;2024;泽野弘之;未定档;音乐;2026年;型月;日本动画;大東大介;续作,绫香·沙条;理查一世;蒂妮·切尔克;吉尔伽美什;银狼合成兽;恩奇都;弗拉特·艾斯卡尔德斯;开膛手杰克;杰斯特·卡图雷;无名暗杀者;缲丘椿;苍白骑士
430,https://bgm.tv/subject/226540,魔法禁书目录 第三季,2018-10-05,5.4,7295,https://lain.bgm.tv/pic/cover/l/be/35/226540_664yS.jpg,J.C.STAFF;轻小说改;魔法禁书目录;2018年10月;战斗;TV;科幻;有生之年;鎌池和馬;魔法;轻改;2018;校园;后宫;小说改;魔禁三;奇幻;日本;超能力;续作;锦织博;錦織博;热血;镰池和马;とある魔術の禁書目録;2018年;吉野弘幸;半年番;魔禁;恋爱,茵蒂克斯;上条当麻;御坂美琴;一方通行;滨面仕上;白井黑子;姬神秋沙;月咏小萌;初春饰利;黄泉川爱穗;神裂火织;结标淡希
431,https://bgm.tv/subject/174143,人渣的本愿,2017-01-12,6.6,8078,https://lain.bgm.tv/pic/cover/l/2c/9c/174143_77j72.jpg,恋爱;扭曲;2017年1月;漫画改;TV;校园;人渣的本愿;noitaminA;Lerche;2017;漫改;横山克;安济知佳;安藤正臣;百合;日本;青春;胃疼;NTR;上江洲诚;致郁;胃药;贵乱;2017年;人渣;横槍メンゴ;丰崎爱生;上江洲誠;日本动画;ラルケ,安乐冈花火;粟屋麦;皆川茜;钟井鸣海;绘鸠早苗;鸥端乃莉子;早川芽衣;桐岛笃也;步美;三户;寺内拓也;花火的母亲
432,https://bgm.tv/subject/44692,剧场版 魔法少女小圆 [后篇] 永远的物语,2012-10-13,8.1,6324,https://lain.bgm.tv/pic/cover/l/df/9a/44692_4L88z.jpg,剧场版;虚渊玄;新房昭之;魔法少女小圆;SHAFT;百合;2012;原创;梶浦由记;魔法少女;总集篇;2012年10月;治愈;战斗;奇幻;劇場版アニメ;日本;致郁;宮本幸裕;2012年;宫本幸裕;神作;虚淵玄;悠木碧;2012剧场版;魔法;梶浦由記;芳文社;轮回;喜多村英梨,鹿目圆;晓美焰;美树沙耶香;巴麻美;佐仓杏子;丘比;志筑仁美;鹿目询子;鹿目知久;鹿目达也;早乙女和子;上条恭介
433,https://bgm.tv/subject/995,欢迎加入NHK！,2006-07-09,8.2,8867,https://lain.bgm.tv/pic/cover/l/2b/ca/995_1FUkm.jpg,GONZO;NHK;家里蹲;TV;NEET;社会问题;2006;宅;脱宅;牧野由依;治愈;中原岬;阴谋;小说改;御宅描写;2006年7月;NHKにようこそ!;轻小说改;山本裕介;日本;神作;轻改;漫画改;日常;搞笑;恋爱;社会;2006年;漫改;恶搞,佐藤达广;中原岬;山崎薫;柏瞳;小林恵;torotoro／小林友一;绿川七菜子;废材星人;城崎彰;プルリン;佐藤静枝
434,https://bgm.tv/subject/1104,机器人总动员,2008-06-27,8.2,7529,https://lain.bgm.tv/pic/cover/l/4d/a0/1104_15bXc.jpg,迪士尼;pixar;治愈;科幻;剧场版;Wall-E;2008;欧美;瓦力;机器人;环保系;美国;环保;原创;可爱;动画电影;美國;电影;喜剧;皮克斯;冒险;3D;Disney;牛逼;2008年;恋爱;童年;爱情;环境;神作,瓦力;伊芙
435,https://bgm.tv/subject/244008,刺客伍六七,2018-04-25,7.3,6705,https://lain.bgm.tv/pic/cover/l/35/fa/244008_Y34Qh.jpg,国产;搞笑;原创;战斗;小疯映画;2018年4月;治愈;2018;TV;WEB;国漫;中国;何小疯;刺客伍六七;热血;武侠;国产动画;奇幻;日常;作画;国创;2018年;恋爱;2010s;动作;剧集;伍六七;原创动画;中国动画;季番,伍六七;梅花十三;鸡大保;小飞鸡;江惠莲;梅花大侠;鸡大飞;可乐;何大春;猫小咪;汪疯;神医
436,https://bgm.tv/subject/112151,终结的炽天使,2015-04-04,5.7,6869,https://lain.bgm.tv/pic/cover/l/3c/bd/112151_qJg8v.jpg,2015年4月;漫画改;泽野弘之;战斗;WITSTUDIO;TV;终结的炽天使;奇幻;2015;漫改;热血;早見沙織;中村悠一;入野自由;日本;吸血鬼;WIT_STUDIO;基;小野贤章;徳土大介;2015年;早见沙织;搞笑;镜贵也;樱井孝宏;濑古浩司;动画;日漫;悠木碧;澤野弘之,百夜优一郎;百夜米迦尔;一濑红莲;柊筱娅;三宫三叶;克鲁鲁·采佩西;费里德·巴特利;早乙女与一;君月士方;花依小百合;雪见时雨;柊暮人
437,https://bgm.tv/subject/101442,悠哉日常大王 Repeat,2015-07-06,8.1,7433,https://lain.bgm.tv/pic/cover/l/8b/6b/101442_EM1Vg.jpg,日常;治愈;喵帕斯;SILVERLINK.;2015年7月;漫画改;TV;悠哉日常大王;百合;萌;2015;漫改;川面真也;第二季;吉田玲子;搞笑;日本;续作;轻百合;萝莉;乡村;2015年;阿澄佳奈;校园;萌系;SILVER_LINK.;佐仓绫音;SILVERLINK;村川梨衣;志茂文彦,宫内莲华;一条萤;越谷夏海;越谷小鞠;加贺山枫;宫内一穗;越谷卓;宫内日影;富士宫木实;越谷雪子;路人
438,https://bgm.tv/subject/402128,命运-奇异赝品 黎明低语,2023-07-02,7.3,7056,https://lain.bgm.tv/pic/cover/l/90/01/402128_ppPaA.jpg,A-1Pictures;Fate;Type-Moon;战斗;轻小说改;奇幻;2023年7月;2023;TV;成田良悟;小说改;轻改;OVA;日本;榎户骏;坂诘嵩仁;剧场版;2022;TVSP;群像;泽野弘之;榎戸駿;坂詰嵩仁;2023年;热血;大東大介;澤野弘之;SP;A-1_Pictures;日本动画,绫香·沙条;理查一世;蒂妮·切尔克;吉尔伽美什;银狼合成兽;恩奇都;弗拉特·艾斯卡尔德斯;开膛手杰克;杰斯特·卡图雷;无名暗杀者;缲丘椿;苍白骑士
439,https://bgm.tv/subject/40310,少女与战车,2012-10-08,7.6,8152,https://lain.bgm.tv/pic/cover/l/a3/af/40310_suEF6.jpg,少女和战车;百合;原创;水岛努;TV;2012年10月;战车道;Actas;战车;2012;燃;搞笑;战斗;萌娘满载;软妹;WOT;吉田玲子;日本;校园;军事;少女与战车;竞技;水島努;热血;萌;轻百合;アクタス;日常;Panzer;2012年,西住美穗;武部沙织;五十铃华;秋山优花里;冷泉麻子;角谷杏;小山柚子;河嶋桃;矶边典子;近藤妙子;河西忍;佐佐木明日
440,https://bgm.tv/subject/185762,政宗君的复仇,2017-01-05,5.7,7163,https://lain.bgm.tv/pic/cover/l/05/bf/185762_xyM3h.jpg,恋爱;校园;2017年1月;漫画改;SILVERLINK.;搞笑;TV;后宫;政宗君的复仇;漫改;2017;日常;横手美智子;日本;Tiv;SILVER_LINK.;党争;凑未来;2017年;湊未來;黑丝;大桥彩香;花江夏树;水濑祈;早见沙织;日本动画;水瀬いのり;季番;未确定;已下载,真壁政宗;安达垣爱姬;小岩井吉乃;藤之宫宁子;双叶妙;朱里小十郎;早濑绢江;早濑千夏;椎堂;由井崎翠;雅宗兼次;金子园香
441,https://bgm.tv/subject/238,攻壳机动队2 无罪,2004-03-06,8.7,8090,https://lain.bgm.tv/pic/cover/l/ac/1d/238_8OzU0.jpg,押井守;剧场版;攻壳机动队;Production.I.G;科幻;2004;赛博朋克;士郎正宗;川井宪次;漫画改;神作;攻殻機動隊;ProductionI.G;日本;美学;漫改;原创;经典;战斗;2004年;动画电影;川井憲次;冲浦启之;Production.IG;电影;哲学;SF;Production_I.G;2004年3月;2000s,巴特;公安9课;草薙素子;荒卷大辅;陀古萨;石川;金;哈勒维法医
442,https://bgm.tv/subject/425909,夜晚的水母不会游泳,2024-04-06,5.2,10148,https://lain.bgm.tv/pic/cover/l/f2/8f/425909_M7W7T.jpg,原创;动画工房;百合;2024年4月;音乐;TV;无法预测的命运之舞台;2024;竹下良平;动画工房创立50周年纪念作品;動画工房;日本;轻百合;横山克;青春;乐队;日常;偶像;屋久ユウキ;搞笑;屋久悠树;2024年;轻百;治愈;夜晚的水母不会游泳;烂尾;扭曲;校园;伊藤美来;TVA,光月真昼;山之内花音;渡濑季初;高梨·金·阿努克·梅;JELEE酱;美子;濑藤梦露;柳桃子;铃村明里;光月佳步;早川美音;亚璃恵瑠
443,https://bgm.tv/subject/5647,学园默示录 HIGHSCHOOL OF THE DEAD,2010-07-05,6.7,7490,https://lain.bgm.tv/pic/cover/l/06/56/5647_E0U53.jpg,丧尸;卖肉;肉;MADHouse;學園默示錄;2010年7月;TV;漫画改;僵尸;血腥;2010;战斗;后宫;番茄酱;内裤;生化危机;有尖叫有快感;漫改;荒木哲郎;肉番;日本;肉作什么的最没爱了;校园;黑田洋介;猎奇;2010年;有血有肉;热血;学园默示录;井上麻里奈,毒岛冴子;小室孝;宫本丽;高城沙耶;平野耕太;鞠川静香;希里爱丽丝
444,https://bgm.tv/subject/842,东京教父,2003-11-08,8.3,8318,https://lain.bgm.tv/pic/cover/l/fc/3c/842_clVl2.jpg,今敏;剧场版;MADHouse;2003;原创;人生;东京教父;治愈;家人;大团圆;内涵;都合主义;信本敬子;弃婴;日本;动画电影;幸运;映画;亲情;搞笑;2003年;电影;神作;喜剧;剧情;2003年11月;动画;家庭;2000s;井上俊之,金;哈娜;美由纪;清子;出租车司机
445,https://bgm.tv/subject/198395,One Room,2017-01-11,6.7,6778,https://lain.bgm.tv/pic/cover/l/40/69/198395_zRIuN.jpg,泡面番;第一视角;恋爱;原创;2017年1月;TV;2017;日常;萌;OneRoom;颱風グラフィックス;泡面;监督;カントク;日本;治愈;台风Graphics;原创动画;2017年;ZERO-G;村川梨衣;萝莉;福利;M・A・O;后宫;One_Room;佐久间贵史;佐久間貴史;1月;日本动画,花坂结衣;桃原奈月;青岛萌香
446,https://bgm.tv/subject/375913,JOJO的奇妙冒险 石之海 第2部分,2022-10-07,7,6582,https://lain.bgm.tv/pic/cover/l/84/a6/375913_ApBCz.jpg,JOJO;战斗;2022年10月;TV;热血;漫画改;davidproduction;漫改;2022;智斗;荒木飛呂彦;奇幻;JOJO的奇妙冒险;日本;荒木飞吕彦;加藤敏幸;david_production;续作;大卫社;2022年;冒险;小林靖子;Netflix;david.production;超能力;WEB;动画;铃木健一;2020s;日本动画,空条徐伦;艾梅斯·罗斯提罗;幽浮一族;安波里欧·亚曼纽;纳鲁西索·安那苏;埃里哥·普奇;缪柯雅·缪拉;KENZO;盖丝;史波兹·马克思;D&G;古奇
447,https://bgm.tv/subject/380448,赛马娘 Pretty Derby 巅峰之路,2023-04-16,7.5,7598,https://lain.bgm.tv/pic/cover/l/f2/a7/380448_BO7O9.jpg,原创;赛马娘;运动;2023年4月;cygames;CygamesPictures;OVA;2023;游戏改;偶像;励志;TV;WEB;廖程芝;百合;日本;热血;竞技;2023年;校园;女人跑步男人哭;轻百合;续作;马娘;日常;小針哲也;山崎淳;催泪;日本动画;2020s,成田路;好歌剧;爱慕织姬;小栗帽;春乌菈菈;名将怒涛;米浴;真机伶;沖田训练员;日本赛马娘训练中心学园
448,https://bgm.tv/subject/46011,我的朋友很少NEXT,2013-01-10,6.7,7036,https://lain.bgm.tv/pic/cover/l/1e/5f/46011_XH74c.jpg,后宫;我的朋友很少;2013年1月;轻小说改;校园;肉;TV;我的后宫很多;AIC;搞笑;2013;僕は友達が少ないNEXT;花泽香菜;轻改;恋爱;小说改;日常;续作;卖肉;日本;百合;井上麻里奈;喜多幡徹;木村良平;2013年;花澤香菜;平坂读;喜剧;轻小说;党争,羽濑川小鹰;三日月夜空;柏崎星奈;楠幸村;志熊理科;羽濑川小鸠;高山玛利亚;柏崎天马;史黛拉;游佐葵;高山凯特;日高日向
449,https://bgm.tv/subject/213076,如果有妹妹就好了。,2017-10-08,6.7,6988,https://lain.bgm.tv/pic/cover/l/d0/59/213076_J5y9R.jpg,轻小说改;妹控;恋爱;2017年10月;SILVERLINK.;日常;TV;大沼心;搞笑;平坂読;轻改;2017;如果有妹妹就好了;后宫;小说改;日本;SILVER_LINK.;卖肉;职场;2017年;TⅤ;TＶ;平坂读;カントク;业界;金元寿子;妹;妹妹;治愈,羽岛伊月;羽岛千寻;可儿那由多;白川京;不破春斗;土岐健次郎;惠那刹那;大野艾希莉;三国山蚕;三田洞彩音;春斗的妹妹;爱丽丝
450,https://bgm.tv/subject/309668,异世界迷宫黑心企业,2021-07-09,6.7,6969,https://lain.bgm.tv/pic/cover/l/cd/25/309668_i1qWh.jpg,异世界;搞笑;2021年7月;漫画改;SILVERLINK.;社畜;TV;奇幻;资本家;穿越;2021;漫改;日本;湊未來;轻小说改;职场;小西克幸;后宫;2021年;战斗;凑未来;异世界迷宫黑心企业;沙雕;冒险;轻改;2021夏;三重野瞳;动画;日常;表番,二之宫金治;莉姆;瓦尼贝;基诺·希娅;澜伽;贝鲁莎·修巴赫;ゴブリン上司;迷宮アリA;旁白
451,https://bgm.tv/subject/424227,【我推的孩子】Mother and Children,2023-03-17,7.7,7163,https://lain.bgm.tv/pic/cover/l/69/1e/424227_OhkuW.jpg,剧场版;动画工房;偶像;我推的孩子;2023;漫画改;赤坂明;高桥李依;漫改;2023年4月;转生;催泪;先行放映;特别篇;悬疑;4月;平牧大辅;恋爱;奇幻;日本;動画工房;TV;搞笑;平牧大輔;2023年;日本动画;日常;田中仁;动画工房，设定逆天;神作,星野爱
452,https://bgm.tv/subject/509297,赛马娘 芦毛灰姑娘,2025-04-06,7.5,8773,https://lain.bgm.tv/pic/cover/l/9e/fa/509297_VQ3P9.jpg,赛马娘;运动;CygamesPictures;2025年4月;漫画改;TV;热血;励志;日本;2025;漫改;偶像;伊藤祐毅;久住太阳;金田一士;竞技;百合;cygames;三浦武弘;2025年;校园;小栗帽;みうらたけひろ;日常;神作;轻百合;游戏改;原创;续作;2025春,小栗帽;崭新光辉;北原穰;六平银次郎;藤正进行曲;诺伦王牌;鲁迪勒摩;迷你女士;柴崎宏壱;川村日和;巌唯一;玉藻十字
453,https://bgm.tv/subject/282433,别对映像研出手！,2020-01-05,8.1,8873,https://lain.bgm.tv/pic/cover/l/5f/18/282433_9wDx9.jpg,汤浅政明;2020年1月;TV;ScienceSARU;漫画改;校园;青春;2020;漫改;动画制作;日常;湯浅政明;日本动画;日本;Science_SARU;励志;搞笑;热血;业界;神作;科普;2020年;伊藤沙莉;动画;サイエンスSARU;TVA;作画;季番;原创;奇幻,浅草绿;水崎燕;金森沙耶香;百目鬼;さかき・ソワンデ;小野;小林;後藤;関;藤本先生
454,https://bgm.tv/subject/28900,摇曳百合♪♪,2012-07-02,7.7,7496,https://lain.bgm.tv/pic/cover/l/f2/9f/28900_PB3pC.jpg,百合;阿卡林;搞笑;摇曳百合;动画工房;2012年7月;TV;日常;漫画改;萌;治愈;2012;存在感;摇曳百合♪♪;第二季;漫改;校园;太田雅彦;日本;喜剧;轻百合;動画工房;娛樂部;一迅社;续作;七月番;轻百;2012年;萌豚;なもり,赤座灯里;岁纳京子;船见结衣;吉川千夏;古谷向日葵;大室樱子;大室抚子;大室花子;杉浦绫乃;池田千鹤;米拉库鲁;莱巴伦
455,https://bgm.tv/subject/120236,排球少年 第二季,2015-10-03,8.2,7146,https://lain.bgm.tv/pic/cover/l/04/3d/120236_AffBR.jpg,热血;运动;ProductionI.G;漫画改;2015年10月;排球！！;TV;体育番;2015;Production.I.G;漫改;运动番;石川界人;排球;日本;排球少年;校园;内山昂輝;JUMP;竞技;満仲勧;村瀬歩;满仲劝;青春;续作;岸本卓;体育;2015年;励志;神谷浩史,日向翔阳;影山飞雄;泽村大地;菅原孝支;田中龙之介;东峰旭;西谷夕;月岛萤;山口忠;缘下力;木下久志;成田一仁
456,https://bgm.tv/subject/10226,绯弹的亚里亚,2011-04-14,6.2,7210,https://lain.bgm.tv/pic/cover/l/ed/fc/10226_m4mvu.jpg,钉宫理惠;傲娇;绯弹的亚里亚;J.C.STAFF;2011年4月;轻小说改;TV;后宫;粉色双马尾;萝莉;2011;战斗;钉宫五萌;緋弾のアリア;轻改;小说改;校园;龙儿X大河;恋爱;奇幻;日本;緋彈的夏娜;渡部高志;灼眼的亞里亞;搞笑;神枪少女;2011年;钉宫;间岛淳司;轻小说,远山金次;神崎·H·亚里亚;星伽白雪;峰理子;雷姬;贞德;中空知美咲;武藤刚气;不知火亮;小夜鸣彻;高天原由鸟;缀梅子
457,https://bgm.tv/subject/150955,我的英雄学院,2016-04-03,6.4,7398,https://lain.bgm.tv/pic/cover/l/c3/83/150955_dHMf9.jpg,BONES;热血;2016年4月;漫画改;TV;战斗;JUMP;我的英雄学院;2016;漫改;校园;黑田洋介;长崎健司;马越嘉彦;日本;超能力;林ゆうき;奇幻;燃;2016年;長崎健司;励志;日本动画;悠木碧;骨头社;辱华;石川界人;冈本信彦;佐仓绫音;堀越耕平,绿谷出久;爆豪胜己;欧尔麦特;丽日御茶子;饭田天哉;轰焦冻;蛙吹梅雨;峰田实;八百万百;常暗踏阴;切岛锐儿郎;上鸣电气
458,https://bgm.tv/subject/28440,狼的孩子雨和雪,2012-07-21,8,7990,https://lain.bgm.tv/pic/cover/l/d7/9a/28440_IfcS4.jpg,剧场版;細田守;治愈;母爱;MADHouse;2012;细田守;原创;贞本义行;完美的母亲形象;亲情;兽耳;貞本義行;2012夏;日本;スタジオ地図;动画电影;奇幻;劇場版アニメ;2012年7月;催泪;电影;2012年;家庭;成长;狼的孩子雨和雪;studio地图;育儿;映画;奥寺佐渡子,花;他;雪;雨;藤井草平;庄子
459,https://bgm.tv/subject/167655,幼女战记,2017-01-06,7.2,7096,https://lain.bgm.tv/pic/cover/l/dd/e3/167655_O0npY.jpg,战争;轻小说改;2017年1月;TV;悠木碧;战斗;穿越;NUT;幼女战记;幼女;2017;专治萝莉控;轻改;异世界;小说改;早见沙织;日本;上村泰;奇幻;萝莉;性转;军事;百合;热血;龙傲天;2017年;历史;猪原健太;小說改;转生,谭雅·提古雷查夫;维夏;埃里希·冯·雷鲁根;汉斯·冯·杰图亚;库尔特·冯·卢提鲁德夫;阿德海特·冯·修格鲁;马特乌斯·约翰·拜斯;赛布朗·毕安特;皮埃尔·米歇尔·戴·乐高;沃伦·格兰兹;威利巴尔德·凯尼希;莱纳·诺伊曼
460,https://bgm.tv/subject/61962,机巧少女不会受伤,2013-10-07,6.3,7131,https://lain.bgm.tv/pic/cover/l/f7/c8/61962_Xheqi.jpg,轻小说改;后宫;2013年10月;机巧少女不会受伤;TV;战斗;Lerche;夜夜;2013;機巧少女は傷つかない;奇幻;轻改;小说改;日日夜夜;校园;日本;卖肉;恋爱;2013年10月秋アニメ;搞笑;2013年;吉本欣司;下野紘;肉;期待;横山克;よしもときんじ;热血;萝莉;阿澄佳奈,赤羽雷真;夜夜;夏洛特·比劳;芙蕾;洛基;西格蒙特;金柏莉;花柳斋硝子;伊吕利;小紫;马格纳斯;火垂
461,https://bgm.tv/subject/7150,天降之物f,2010-10-01,7.3,6614,https://lain.bgm.tv/pic/cover/l/c2/0b/7150_5EEG1.jpg,后宫;肉;天降之物;天降软妹;2010年10月;TV;卖肉;漫画改;AIC;2010;搞笑;后宫追加;天降后宫;绅士动画;绅士;漫改;人渣树;日本;奇幻;恋爱;日常;战斗;肉番;校园;爷爷;早见沙织;续作;天降小KK;智神;斎藤久,阿斯特雷亚;樱井智树;伊卡洛斯;妮姆芙;见月楚原;守形英四郎;米诺斯;五月田根美香子;卡奥斯;樱井智子;樱井智藏;风音日和
462,https://bgm.tv/subject/50331,中二病也要谈恋爱！Lite,2012-09-27,7.1,5964,https://lain.bgm.tv/pic/cover/l/8f/2c/50331_KWKjN.jpg,京阿尼;中二病也要谈恋爱;泡面番;校园;2012年10月;Lite;恋爱;WEB;2012;中二;轻小说改;TV;搞笑;泡面;京都;京都动画;小说改;福山润;轻改;日常系;石原立也;日常;OVA;中二病;治愈;轻小说;日本;京都アニメーション;衍生;2012年,小鸟游六花;富樫勇太;丹生谷森夏;富樫樟叶;富樫梦叶;凸守早苗;勇太的母亲;奇美拉
463,https://bgm.tv/subject/510728,Re：从零开始的异世界生活 第三季 反击篇,2025-02-05,7,6500,https://lain.bgm.tv/pic/cover/l/2e/d7/510728_P22GO.jpg,异世界;奇幻;战斗;WHITEFOX;2025年1月;轻小说改;TV;冒险;2025;小说改;日本;从零开始的异世界生活;轻改;续作;轮回;2025年2月;穿越;恋爱;后宫;Re:从零开始异世界生活;筱原正宽;热血;re0;篠原正寛;悬疑;Re:ゼロから始める異世界生活;Re：从零开始的异世界生活;2025年;长月达平;Re：從零開始的異世界生活,菜月昴;艾米莉娅;碧翠丝;嘉飞尔·汀泽尔;奥托·苏文;菲鲁特;莱茵哈鲁特·梵·阿斯特雷亚;库珥修·卡尔斯腾;菲利克斯·阿盖尔;威尔海姆·梵·阿斯特雷亚;安娜塔西亚·合辛;由里乌斯·尤克历乌斯
464,https://bgm.tv/subject/11577,偶像大师,2011-07-07,8.3,8596,https://lain.bgm.tv/pic/cover/l/a8/6a/11577_5U5G1.jpg,偶像大师;A-1Pictures;偶像;TV;2011年7月;游戏改;励志;锦织敦史;2011;神前暁;骗钱大师;音乐;釘宮理恵;GAINAX;日本;不坑爹;NAMCO;錦織敦史;美希;原创;百合;治愈;日常;A-1;IM@S;半年番;2011年;高雄统子;神前晓;待田堂子,天海春香;星井美希;如月千早;高槻弥生;萩原雪步;菊地真;双海亚美;双海真美;水濑伊织;三浦梓;四条贵音;我那霸响
465,https://bgm.tv/subject/199392,血界战线 & BEYOND,2017-10-07,7.5,6728,https://lain.bgm.tv/pic/cover/l/98/77/199392_j2kAA.jpg,BONES;战斗;奇幻;2017年10月;漫画改;TV;血界战线;热血;漫改;2017;续作;搞笑;第二季;高柳滋仁;日本;加茂靖子;群像;骨头社;2017年;日常;单元剧;内藤泰弘;川元利浩;石田彰;季番;岩崎太整;中井和哉;日本动画;科幻;燃,雷欧纳鲁德·渥奇;克劳斯·V·莱因赫兹;札布·雷夫洛;史蒂芬·A·斯塔菲斯;玛丽.麦克白;威廉·麦克白;丹尼尔·罗;尤里安;里·加特;珍·皇;K·K;吉尔伯特·F·亚尔特斯坦因
466,https://bgm.tv/subject/37154,恋爱随意链接,2012-07-07,7.4,7875,https://lain.bgm.tv/pic/cover/l/07/2e/37154_69Axl.jpg,恋爱;恋爱随意链接;校园;2012年7月;轻小说改;TV;大沼心;SILVERLINK.;2012;泽城美雪;京阿尼;轻改;小说改;好画风;沢城みゆき;奇幻;青春;川面真也;日本;山寨轻音部;治愈;日常;漫画改;志茂文彦;搞笑;2012年;SILVER_LINK.;丰崎爱生;SILVERLINK;七月番,八重樫太一;永濑伊织;稻叶姬子;桐山唯;青木义文;藤岛麻衣子;后藤龙善;八重樫莉奈;桐山杏;永濑玲佳;渡濑伸吾;中山真理子
467,https://bgm.tv/subject/296739,冰海战记 第二季,2023-01-09,8.1,7893,https://lain.bgm.tv/pic/cover/l/a4/16/296739_6U6Hg.jpg,MAPPA;历史;漫画改;战斗;2023年1月;成长;TV;剧情;2023;漫改;战争;续作;WITSTUDIO;籔田修平;霸权社;日本;薮田修平;热血;冰海战记;反战;神作;濑古浩司;种田;2023年;海盗战记;半年番;冒险;幸村诚;史诗;2020s,托尔芬;艾纳尔;克努特;阿尔涅斯;蛇;奥马尔;斯韦克;凯特尔;托尔吉尔;狐;帕特;哥达
468,https://bgm.tv/subject/231722,邪神与厨二病少女,2018-07-09,7,6518,https://lain.bgm.tv/pic/cover/l/49/c0/231722_1DDIx.jpg,搞笑;日常;百合;2018年7月;漫画改;TV;NOMAD;2018;漫改;邪神与厨二病少女;喜剧;萌;轻百合;魔幻;佐藤光;日本;TＶ;TⅤ;奇幻;猎奇;轻百;2018年;铃木爱奈;萌豚;萌系;血腥;ノーマッド;夹心酱,邪神酱;花园百合铃;佩可拉;美杜莎;米诺斯;波波隆;珀耳塞福涅二世;橘芽依;游佐;浩二;贝特;皮诺
469,https://bgm.tv/subject/228715,你想活出怎样的人生,2023-07-14,7.2,7453,https://lain.bgm.tv/pic/cover/l/5e/0f/228715_pzZdJ.jpg,宫崎骏;吉卜力;剧场版;2023;原创;奇幻;动画电影;治愈;小说改;宮崎駿;2023年7月;久石让;日本;日本动画;GHIBLI;神作;冒险;2023年;电影;意识流;スタジオジブリ;本田雄;2024;2020s;人生;待上映;大平晋也;久石譲;映画;你想活出怎样的人生,牧真人;苍鹭;雾子;火美;夏子;勝一;老婆婆们;哇啦哇啦;鹦鹉大王;老鹈鹕;大伯父
470,https://bgm.tv/subject/43581,剧场版 空之境界 未来福音,2013-09-28,7.8,6610,https://lain.bgm.tv/pic/cover/l/2f/ef/43581_gmR7D.jpg,剧场版;空之境界;Type-Moon;ufotable;2013;奈须きのこ;轻小说改;未来福音;奇幻;空の境界;坂本真綾;小说改;战斗;未那;鈴村健一;轻改;梶浦由记;梶浦由記;須藤友徳;2013年;须藤友德;日本;神坑;2013年9月;两仪式;坂本真绫;恋爱;奈须蘑菇;治愈;铃村健一,濑尾静音;两仪式;黑桐干也;瓶仓光溜;两仪未那;苍崎橙子;秋巳大辅;黑桐鲜花;观布子之母;砚木秋隆
471,https://bgm.tv/subject/23495,夏目友人帐 肆,2012-01-02,8,6609,https://lain.bgm.tv/pic/cover/l/65/82/23495_GEgun.jpg,夏目友人帐;治愈系;治愈;神谷浩史;2012年1月;妖怪;TV;绿川幸;2012;漫画改;BrainsBase;夏目友人帳;奇幻;漫改;娘娘;腐;日常;夏目基友帐;經典;日本;2012年1月番;温情;大森贵弘;大森貴弘;续作;2012年;夏目;Brains･Base;催泪;Brain,夏目贵志;喵老师/斑;夏目玲子;笹田纯;多轨透;西村悟;藤原塔子;藤原滋;泥鳅胡子;牛面中级妖怪;柊;田沼要
472,https://bgm.tv/subject/317614,辉夜大小姐想让我告白？～天才们的恋爱头脑战～ OVA,2021-05-19,7.3,5407,https://lain.bgm.tv/pic/cover/l/18/a5/317614_eBkp0.jpg,OVA;A-1Pictures;恋爱;搞笑;校园;2021;漫画改;日常;漫改;辉夜大小姐;辉夜大小姐想让我告白;畠山守;日本;卖肉;小俣真一;2021年5月;2021年;喜剧;福利;2021年4月;青春;番外;恋爱喜剧;肉;赤坂明;A-1_Pictures;续作;赤坂アカ;日本动画;TV,四宫辉夜;白银御行;藤原千花;石上优;伊井野弥子;早坂爱;柏木渚;田沼翼;白银圭;白银的父亲;四条真妃;大佛小钵
473,https://bgm.tv/subject/899,名侦探柯南,1996-01-08,7.5,11380,https://lain.bgm.tv/pic/cover/l/01/88/899_REwVW.jpg,柯南;-完结摇摇无指日……;推理;名探偵コナン;万年小学生;青山刚昌;悬疑;TV;看到哪了;ACG的启蒙作;坑;漫画改;1996;童年;日本;名侦探柯南;漫改;TMS;仓木麻衣;1996年1月;萬年小學生;长篇;恋爱;侦探;经典;死神小学生;山口胜平;1996年;日常;民工,江户川柯南;毛利小五郎;灰原哀;毛利兰;工藤新一;白鸟任三郎;黑衣组织;冲野洋子;上村直樹;茂木遥史;冲矢昴;朗姆
474,https://bgm.tv/subject/292222,魔王学院的不适任者～史上最强的魔王始祖，转生就读子孙们的学校～,2020-07-04,6.2,6637,https://lain.bgm.tv/pic/cover/l/3b/ad/292222_Jgflx.jpg,龙傲天;后宫;2020年7月;轻小说改;SILVERLINK.;爽片;TV;奇幻;异世界;大沼心;战斗;2020;轻改;小说改;日本;田村正文;校园;装逼;厕纸;楠木ともり;搞笑;2020年;魔法;SILVER_LINK.;热血;恋爱;转生;日本动画;穿越;动画,阿诺斯·波鲁迪戈乌多;米夏·涅库罗;莎夏·涅库罗;伊莎贝拉;格斯塔;艾米莉亚·路德威尔;雷伊·格兰兹多利;米莎·伊里欧洛古;艾莲欧诺露·碧安卡;洁西雅·碧安卡;辛·雷格利亚;莉莉安
475,https://bgm.tv/subject/10843,白兔糖,2011-07-07,8,8592,https://lain.bgm.tv/pic/cover/l/75/96/10843_WM4xX.jpg,治愈系;治愈;白兔糖;溫馨;2011年7月;TV;Production.I.G;noitaminA;养成;2011;漫画改;日常;I.G;生活;光源氏计划;漫改;ProductionI.G;大白兔奶糖;日本;光源氏计划哟西;收養;温馨;龟井干太;亀井幹太;萝莉;亲情;2011年;岸本卓;アニメ;Production,鹿贺凛;河地大吉;二谷光辉;二谷由佳里;前田春子;前田丽奈;吉井正子;鹿贺宋一;后藤
476,https://bgm.tv/subject/98371,某科学的超电磁炮 OVA,2010-10-29,7.2,5645,https://lain.bgm.tv/pic/cover/l/37/5a/98371_zdWKw.jpg,OVA;J.C.STAFF;2010;某科学的超电磁炮;校园;百合;炮姐;漫画改;とある科学の超電磁砲;超能力;战斗;漫改;长井龙雪;2010年10月;科幻;魔法禁书目录;日常;奇幻;超电磁炮;長井龍雪;2010年;日本;轻小说改;御坂美琴;搞笑;轻百合;少年向;bilibili;轻改;科学的超电磁炮,御坂美琴;白井黑子;初春饰利;佐天泪子;婚后光子;湾内绢保;泡浮万彬;固法美伟;城南朝来;上条当麻;风纪委员;风纪委员活动第一七七支部
477,https://bgm.tv/subject/278815,工作细胞！！,2021-01-09,6.8,6111,https://lain.bgm.tv/pic/cover/l/ae/11/278815_veMhu.jpg,科普;2021年1月;漫改;TV;漫画改;davidproduction;拟人;工作细胞;2021;战斗;搞笑;续作;萌;日本;二期;david_production;日常;花泽香菜;2021年;小倉宏文;治愈;奇幻;小仓宏文;大卫社;职场;日本动画;前野智昭;动画;日漫;柿原優子,红血球（AE3803）;白血球（U-1146）;杀手T细胞;巨噬细胞;血小板;辅助性T细胞;调节性T细胞;树突细胞;嗜酸性粒细胞;红血球前辈;记忆细胞;B细胞
478,https://bgm.tv/subject/84872,魔法科高校的劣等生,2014-04-05,5.8,7067,https://lain.bgm.tv/pic/cover/l/66/95/84872_22Kz1.jpg,轻小说改;2014年4月;MADHouse;哥哥龙傲天，妹妹龙傲娇;TV;兄控;妹控;抗中奇侠;科幻;2014;早见沙织;中村悠一;战斗;轻改;龙傲天;校园;小野学;小说改;后宫;日本;魔法;奇幻;魔法科高校的劣等生;装逼;2014年;恋爱;兄妹;岩崎琢;半年番;花泽香菜,司波达也;司波深雪;千叶艾莉卡;西城雷欧赫特;柴田美月;吉田干比古;光井穗香;北山雫;渡边摩利;十文字克人;七草真由美;琵库希
479,https://bgm.tv/subject/195816,GAMERS电玩咖,2017-07-13,6.9,7087,https://lain.bgm.tv/pic/cover/l/c9/f3/195816_oXlKL.jpg,搞笑;恋爱;轻小说改;2017年7月;校园;电学;TV;2017;GAMERS电玩咖;轻改;PINEJAM;冈本学;PINE_JAM;小说改;日本;日常;金元寿子;党争;后宫;扭曲;岡本学;游戏;葵せきな;2017年;葵关南;贵圈真乱;内田裕基;喜剧;恋爱喜剧;贵乱,雨野景太;天道花怜;星之守千秋;樱野亚玖璃;上原祐;星之守心春;三角瑛一;加濑岳人;大矶新那;美嘉;雅也;大树
480,https://bgm.tv/subject/512190,琉璃的宝石,2025-07-06,8.1,8830,https://lain.bgm.tv/pic/cover/l/27/d7/512190_3FtCT.jpg,科普;日常;StudioBind;漫画改;2025年7月;TV;矿物;轻百合;2025;藤井慎吾;日本;漫改;百合;治愈;横手美智子;2025年;萌;轻百;TVA;CygamesPictures;琉璃的宝石;校园;搞笑;スタジオバインド;萌豚;季番;日本动画;7月;萌系;地质,谷川琉璃;荒砥凪;伊万里曜子;濑户硝子;笠丸葵;琉璃的妈妈;岩云舞花;濑户的爸爸;濑户的妈妈;神主;青龙;小青龙
481,https://bgm.tv/subject/9800,IS〈无限斯特拉托斯〉,2011-01-06,6.1,7117,https://lain.bgm.tv/pic/cover/l/0f/bc/9800_eIkZW.jpg,后宫;名作之壁;2011年1月;花泽香菜;Infinite　Stratos;TV;机娘;轻小说改;2011;人型高达;IS;8bit;战斗;日笠阳子;萝卜;花澤香菜;轻改;小说改;机战;校园;InfiniteStratos;8-Bit;2011年1月番;日本;长空秋山澪;卖肉;菊地康仁;科幻;恋爱;内山昂辉,织斑一夏;筱之之帚;塞西莉娅·奥尔科特;凰铃音;夏洛特·迪诺亚;拉乌拉·博迪维希;织斑千冬;山田真耶;筱之之束;布佛本音;IS学园;白式
482,https://bgm.tv/subject/11629,剧场版 空之境界 终章 空之境界,2011-02-02,7.4,6510,https://lain.bgm.tv/pic/cover/l/1e/0b/11629_tGrDM.jpg,空之境界;剧场版;Type-Moon;ufotable;奈须きのこ;2010;梶浦由记;境界式长篇大论;轻小说改;谈话类节目;奇幻;小说改;OVA;空の境界;坂本朗读会;近藤光;日本;哲学♂;轻改;战斗;梶浦由記;人参啊！;2010年;坂本真绫;2010年12月;內涵系;奈须蘑菇;两仪式;恋爱;轻小说,两仪式;黑桐干也
483,https://bgm.tv/subject/52170,问题儿童都来自异世界？,2013-01-11,6.5,6391,https://lain.bgm.tv/pic/cover/l/64/17/52170_b4Bc7.jpg,轻小说改;2013年1月;问题儿童都来自异世界;龙傲天;后宫;TV;异世界;2013;黑兔;Diomedea;战斗;轻改;很强大的样子;萌;轻小说;奇幻;小说改;Diomedéa;日本;穿越;中岛爱;搞笑;新番;山本靖貴;2013年;动画;冒险;智斗;山本靖贵;装逼,逆回十六夜;久远飞鸟;春日部耀;黑兔;莉莉;白夜叉;仁·拉塞尔;蕾蒂西亚·德克雷亚;佩丝特;珊多拉·特尔多雷克;爱夏·伊格尼法特斯;杰克
484,https://bgm.tv/subject/38069,K,2012-10-04,6.5,7210,https://lain.bgm.tv/pic/cover/l/ba/ed/38069_SPp4e.jpg,k;2012年10月;原创;TV;声优;GoHands;战斗;搞基？;2012;烧钱;樱井孝宏;杉田智和;福山润;乙女向;中村悠一;奇幻;逆天;十月番;基;日本;热血;小野大辅;逆后宫;腐;宫野真守;浪川大辅;搞基;2012年;鈴木信吾;小松未可子,伊佐那社;猫;夜刀神狗朗;宗像礼司;周防尊;伏见猿比古;淡岛世理;栉名安娜;草剃出云;八田美咲;镰本力夫;十束多多良
485,https://bgm.tv/subject/290426,在魔王城说晚安,2020-10-05,7,6464,https://lain.bgm.tv/pic/cover/l/b1/c3/290426_165P5.jpg,搞笑;动画工房;日常;2020年10月;治愈;漫画改;TV;奇幻;2020;漫改;欢乐;萌;水瀬いのり;動画工房;日本;异世界;山﨑みつえ;萌系;萝莉;石川界人;山崎光惠;在魔王城说晚安;松冈祯丞;2020年;中村能子;喜剧;水濑祈;野吕纯惠;土屋理敬;日本动画,栖夜公主;魔王黄昏;恶魔修道士;血红哈士奇·改;勇者晓;针刺犰狳;哥布林;米诺斯;弗兰肯僵尸;恶魔小熊;涅歐·阿勞涅;火焰毒龙
486,https://bgm.tv/subject/13557,幸运星 OVA,2008-09-26,7.9,6181,https://lain.bgm.tv/pic/cover/l/b6/95/13557_11122.jpg,OVA;京阿尼;幸运星;2008;搞笑;萌;漫画改;日常;吐槽;武本康弘;柊音未来;葱镜;京都动画;平野绫;漫改;cosplay;日本;京都;百合;校园;京都アニメーション;2008年9月;镜;宅;治愈;萌神;2008年;轻百合;补番;LUCKY☆STAR,泉此方;柊镜;柊司;高良美幸;小神晶;白石稔;初音未来;远坂凛
487,https://bgm.tv/subject/395782,JOJO的奇妙冒险 石之海 第3部分,2023-01-06,7.1,6084,https://lain.bgm.tv/pic/cover/l/f7/40/395782_2KxQx.jpg,JOJO;热血;战斗;漫画改;TV;davidproduction;2023年1月;智斗;漫改;奇幻;JOJO的奇妙冒险;2023;2022;日本;荒木飞吕彦;2022年10月;加藤敏幸;david_production;续作;大卫社;冒险;2023年;小林靖子;david.production;日本动画;石之海;荒木飛呂彦;超能力;铃木健一;2020s,空条徐伦;艾梅斯·罗斯提罗;天气·预报;纳鲁西索·安那苏;安波里欧·亚曼纽;空条承太郎;埃里哥·普奇;温加罗;里奇艾尔;唐那泰罗·凡赛斯;罗密欧·吉索;佩拉·普奇
488,https://bgm.tv/subject/200704,烟花,2017-08-18,6,6808,https://lain.bgm.tv/pic/cover/l/b1/ea/200704_bJl22.jpg,剧场版;SHAFT;新房昭之;恋爱;2017;岩井俊二;烟花;小说改;青春;武内宣之;神前暁;奇幻;2017年8月;神前晓;动画电影;日本;2017年;轻小说改;轻改;沙发套;电影;新房;校园;影视改;原创;大根仁;渡边明夫;穿越;映画;松隆子,及川荠;岛田典道;安昙祐介;纯一;和弘;稔;荠母亲的再婚对象;三浦老师;光石老师;典道的母亲;典道的父亲;祐介的父亲
489,https://bgm.tv/subject/212279,pop子和pipi美的日常,2018-01-06,5.7,6997,https://lain.bgm.tv/pic/cover/l/37/4a/212279_iG7S3.jpg,搞笑;神風動画;2018年1月;TV;玩梗;漫画改;2018;霸权;pop子和pipi美的日常;漫改;泡面番;电波;神风动画;kuso;日本;TⅤ;TＶ;青木純;恶搞;日常;2018年;大川ぶくぶ;梅木葵;神经病;粪动画;青木纯;抽象;神作;2018年一月番,pop子;pipi美;平大地;星降注;月野雫;夕阳冕;勇者;魔法使い;幼女;精灵;猫或狗;魔王
490,https://bgm.tv/subject/225462,Re：从零开始的异世界生活 雪之回忆,2019-06-07,6.9,5367,https://lain.bgm.tv/pic/cover/l/12/61/225462_j7I3O.jpg,OVA;WHITEFOX;异世界;轻小说改;Re:从零开始异世界生活;奇幻;2018;轻改;2018年10月;剧场版;恋爱;高桥李依;小说改;日本;穿越;日常;战斗;WHITE_FOX;轮回;渡邊政治;渡边政治;后宫;搞笑;re0;治愈;2018年;2019;Re：从零开始的异世界生活;横谷昌宏;Re:ゼロから始める異世界生活,菜月昴;艾米莉娅;帕克;拉姆;蕾姆;碧翠丝;罗兹瓦尔·L·梅札斯;佩特拉·雷蒂;米尔多;卢克;美伊娜;凯因
491,https://bgm.tv/subject/77570,我的脑内选项正在全力妨碍学园恋爱喜剧,2013-10-09,6.6,6507,https://lain.bgm.tv/pic/cover/l/7a/47/77570_hjy2A.jpg,搞笑;后宫;轻小说改;2013年10月;TV;脑内选项;校园;2013;绝对选项;轻改;Diomedéa;恋爱;中二命名法w;diomedeainc.;小说改;花泽香菜;日本;日常;Diomedea;奇幻;2013年10月秋アニメ;稲垣隆行;GOAT;2013年;卖肉;吐槽;节操;我的脑内恋碍选项;稻垣隆行;我的脑内选项正在全力妨碍学园恋爱喜剧,甘草奏;裘可拉;雪平富良野;游王子讴歌;道乐宴;柔风小凪;黑白院清罗;箱庭摇木;丽华堂绚女;权藤大子;委員長;遊王子響歌
492,https://bgm.tv/subject/25833,剧场版 魔法少女小圆 [前篇] 起始的物语,2012-10-06,7.9,5656,https://lain.bgm.tv/pic/cover/l/fa/1d/25833_kZIjD.jpg,剧场版;虚渊玄;新房昭之;魔法少女小圆;SHAFT;百合;原创;2012;梶浦由记;总集篇;魔法少女;2012年10月;战斗;园神;奇幻;致郁;治愈;劇場版アニメ;宮本幸裕;神作;2012年;宫本幸裕;虚淵玄;日本;魔法;悠木碧;qb;芳文社;梶浦由記;喜多村英梨,鹿目圆;晓美焰;美树沙耶香;巴麻美;佐仓杏子;丘比;志筑仁美;鹿目询子;鹿目知久;鹿目达也;早乙女和子;上条恭介
493,https://bgm.tv/subject/274,Kanon,2006-10-05,7.7,7341,https://lain.bgm.tv/pic/cover/l/d9/47/274_jNWMv.jpg,key;京阿尼;Kanon;催泪;GAL改;TV;石原立也;2006;校园;京都;奇迹;2006年10月;游戏改;杉田智和;恋爱;galgame;治愈;京都动画;2006年10月番;麻枝准;日本;奇幻;京都アニメーション;日常;志茂文彦;2006年;坂本真绫;后宫;堀江由衣;神作,相泽祐一;月宫亚由;水濑名雪;泽渡真琴;美坂栞;川澄舞;仓田佐祐理;水濑秋子;美坂香里;天野美汐;北川润;泽渡真琴
494,https://bgm.tv/subject/212278,Just Because!,2017-10-05,7.4,7157,https://lain.bgm.tv/pic/cover/l/cf/9d/212278_zwYLL.jpg,恋爱;原创;校园;2017年10月;青春;鸭志田一;TV;PINEJAM;2017;比村奇石;胃药;小林敦;比村乳业;日本;原创动画;PINE_JAM;胃疼;党争;日常;治愈;2017年;扭曲;鴨志田一;just;やなぎなぎ;2017年十月番;爱情;轻小说改;季番;Because,泉瑛太;夏目美绪;相马阳斗;森川叶月;小宫惠那;乾依子;高桥早苗;铃木桃花;佐藤真由子;猿渡顺平;石垣陆生;清水彻
495,https://bgm.tv/subject/252782,转生成蜘蛛又怎样！,2021-01-08,6,6468,https://lain.bgm.tv/pic/cover/l/83/73/252782_aWyEn.jpg,异世界;轻小说改;2021年1月;悠木碧;转生;奇幻;TV;穿越;2021;搞笑;战斗;millepensee;轻改;转生成蜘蛛又怎样！;小说改;板垣伸;日本;凤傲天;冒险;单口相声;2021年;魔法;热血;日本动画;蜘蛛;ミルパンセ;动画;厕纸;转生成蜘蛛又怎样;萌,“我”;D;修雷因·萨刚·亚纳雷德;卡娜迪雅·赛莉·亚纳巴鲁多;由古·邦恩·连克山杜;苏蕾西亚;菲伦;菲莉梅丝·帕菲纳斯;攸琳·舞莲;尤利乌斯·萨刚·亚纳雷德;哈林斯·克沃德;巴鲁多·菲沙洛
496,https://bgm.tv/subject/4255,迷糊餐厅,2010-04-04,7.5,7066,https://lain.bgm.tv/pic/cover/l/87/db/4255_jm37v.jpg,搞笑;WORKING;A-1Pictures;2010年4月;TV;福山润;欢乐;日常;漫画改;神谷浩史;2010;萌;小野大辅;恋爱;餐厅;萝莉控;迷你控;漫改;A-1;职场;萌杀;日本;平池芳正;治愈;阿澄佳奈;迷糊餐厅;mini控;2010年;喜多村英梨;福山潤,小鸟游宗太;佐藤润;相马博臣;种岛白杨;伊波真昼;轰八千代;白藤杏子;山田葵;音尾兵吾;松本麻耶;小鸟游一枝;小鸟游泉
497,https://bgm.tv/subject/526816,机动战士高达 GQuuuuuuX,2025-04-08,6.1,8677,https://lain.bgm.tv/pic/cover/l/27/84/526816_i7w6d.jpg,高达;原创;机战;科幻;2025年4月;TV;SUNRISE;庵野秀明;鹤卷和哉;Khara;日本;2025;战斗;萝卜;冒险;榎戸洋司;鶴巻和哉;百合;GUNDAM;恋爱;2025年;榎户洋司;搞笑;补番;少女;黑泽朋世;4月;无法预测的命运之舞台;季番;奇幻,天手·让叶;尼娅安;修司·伊藤;夸克斯高达;红高达;白高达;吉弗列德;夏亚·阿兹纳布尔;夏利亚·布尔;泽维尔·奥利维;小森;安琪
498,https://bgm.tv/subject/238004,在地下城寻求邂逅是否搞错了什么 第二季,2019-07-12,6.6,5982,https://lain.bgm.tv/pic/cover/l/8e/d1/238004_F9Hgn.jpg,J.C.STAFF;后宫;2019年7月;轻小说改;异世界;战斗;TV;奇幻;轻改;期待在地下城邂逅有错吗;2019;冒险;小说改;松岡禎丞;日本;橘秀树;热血;续作;搞笑;橘秀樹;2019年;恋爱;松冈祯丞;日本动画;地下城;在地下城寻求邂逅是否搞错了什么;地错;水瀬いのり;白根秀樹;动画,贝尔·克朗尼;赫斯缇雅;艾丝·华伦斯坦;莉莉露卡·厄德;韦尔夫·克洛;倭·命;赫米斯;亚丝菲·阿尔·安朵美达;埃伊娜·祖尔;阿伊莎·贝尔卡;希儿·福罗瓦;三条野·春姬
499,https://bgm.tv/subject/198098,citrus～柑橘味香气～,2018-01-06,6.3,6777,https://lain.bgm.tv/pic/cover/l/8e/45/198098_g44Mz.jpg,百合;漫画改;2018年1月;校园;恋爱;TV;Passione;漫改;2018;百合姬;一迅社;CITRUS;高桥丈夫;竹达彩奈;日本;GL;津田美波;日常;高橋丈夫;TⅤ;TＶ;2018年;橘里橘气;扭曲;久弥直樹;パッショーネ;漫画改编;高橋諒,蓝原柚子;蓝原芽衣;谷口晴美;桃木野姬子;水泽茉莉;蓝原梅;雨宫;蓝原翔;橘萨拉;橘妮娜;丸田加代
500,https://bgm.tv/subject/491,灼眼的夏娜II,2007-10-04,7,6395,https://lain.bgm.tv/pic/cover/l/55/9c/491_r0MnB.jpg,钉宫理惠;J.C.STAFF;灼眼のシャナⅡ;傲娇;轻小说改;TV;夏娜;灼眼的夏娜;奇幻;2007年10月;校园;2007;战斗;轻小说;高橋弥七郎;轻改;萌;小说改;恋爱;日本;傻娜;渡部高志;灼眼のシャナ;渣化;钉宫;2007年;续作;热血;续集;小林靖子,夏娜;坂井悠二;吉田一美;亚拉斯特尔;池速人;佐藤启作;田中荣太;绪方真竹;坂井千草;坂井贯太郎;玛琼琳·朵;马可西亚斯
501,https://bgm.tv/subject/283,南家三姐妹,2007-10-07,7.6,6826,https://lain.bgm.tv/pic/cover/l/0f/49/283_qtWfz.jpg,搞笑;南家三姐妹;日常;TV;2007年10月;喜剧;校园;茅原实里;2007;恶搞;漫画改;超欢乐;呆毛;童梦;水滴嘴;休闲小品;漫改;みなみけ;太田雅彦;日本;伪娘;童夢;生活;治愈;番长;佐藤利奈;井上麻里奈;萌;2007年;吐槽,南春香;南夏奈;南千秋;南冬马;藤冈;圭子;利子;真;修一;健;吉野;内田优加
502,https://bgm.tv/subject/389450,秋叶原冥途战争,2022-10-06,6.6,8018,https://lain.bgm.tv/pic/cover/l/da/3d/389450_0hbeB.jpg,原创;P.A.WORKS;2022年10月;女仆;战斗;TV;搞笑;无法预测的命运之舞台;2022;cygames;神经病;日常;黑道;増井壮一;日本;增井壮一;黑帮;百合;比企能博;仁井学;电波;抽象;2022年;枪战;逆天;秋叶原冥途战争;2020s;没有关口;荒诞;10月,和平奈古美;万年岚子;结梦亲;尾尾;卓娅;店长;御徒町;獅子エースメイド;チュキチュキつきちゃんメイド;牛エースメイド;猫エースメイド;熊エースメイド
503,https://bgm.tv/subject/302418,无能的奈奈,2020-10-04,7,6624,https://lain.bgm.tv/pic/cover/l/02/7e/302418_0sZ4N.jpg,超能力;悬疑;智斗;漫画改;2020年10月;校园;TV;推理;2020;BRIDGE;战斗;漫改;百合;日本;石平信司;るーすぼーい;奇幻;ブリッジ;催泪;志茂文彦;大久保瑠美;2020年;中村悠一;无能的奈奈;日本动画;治愈;粉切黑;剧情;动画;中原麻衣,柊奈奈;小野寺京谷;犬饲满;班主任;中岛七男;涩泽悠平;饭岛莫古奥;小孩A;小孩B;鹤见川莲太郎;郡圣也;羽生绮罗
504,https://bgm.tv/subject/975,航海王,1999-10-20,8.3,14462,https://lain.bgm.tv/pic/cover/l/92/97/975_YKuWd.jpg,ONEPIECE;海贼王;热血;尾田榮一郎;梦想;JUMP;热血系;路飞;民工;集英社;TV;超连载;漫画改;OP;海贼;战斗;1999;冒险;日本;少年向;漫改;东映;動畫;童年;搞笑;1999年10月;长篇;奇幻;東映アニメーション;神作,蒙奇·D·路飞;罗罗诺亚·索隆;娜美;乌索普;文斯莫克·山智;托尼托尼·乔巴;妮可·罗宾;弗兰奇;布鲁克;甚平;草帽一伙;前进·梅利号
505,https://bgm.tv/subject/209925,寻梦环游记,2017-11-22,7.9,6459,https://lain.bgm.tv/pic/cover/l/a5/c2/209925_jg62r.jpg,迪士尼;剧场版;欧美;pixar;治愈;动画电影;2017;皮克斯;奇幻;原创;美国;3D;Disney;电影;电影院看的;亲情;催泪;音乐;家庭;2017年;美国动画;2017年11月;寻梦环游记;动画;2017年10月;冒险;墨西哥;2010s;映画;欧美动画,米格尔
506,https://bgm.tv/subject/64140,记录的地平线,2013-10-05,7.4,6853,https://lain.bgm.tv/pic/cover/l/82/3d/64140_t3Qq3.jpg,轻小说改;网游;2013年10月;记录的地平线;TV;奇幻;Satelight;战斗;2013;异世界;橙乃ままれ;轻改;高梨康治;小说改;卫星社;轻小说;日本;穿越;石平信司;寺岛拓笃;游戏;前野智昭;2013年;冒险;智斗;群像;サテライト;加藤英美里;NHK;半年番,城惠／城钟惠;直继／叶濑川直继;晓／羽仓静;李·耿恩;喵太;冬弥;实莉;五十铃;伦迪浩斯·寇德;玛莉艾儿／坂本鞠绘;荷丽艾塔／梅子;瑟拉拉
507,https://bgm.tv/subject/501958,剧场版 鬼灭之刃 无限城篇 第一章 猗窝座再袭,2025-07-18,7.4,6605,https://lain.bgm.tv/pic/cover/l/f6/0b/501958_VZs4W.jpg,剧场版;ufotable;战斗;热血;漫画改;鬼灭之刃;2025;奇幻;日本;漫改;2025年7月;外崎春雄;续作;作画;2025年;JUMP;动画电影;催泪;梶浦由记;TV;日漫;近藤光;冒险;椎名豪;石田彰;电影;吾峠呼世晴;日本动画;治愈;动画,灶门炭治郎;我妻善逸;富冈义勇;猗窝座;灶门祢豆子;嘴平伊之助;栗花落香奈乎;不死川玄弥;宇髓天元;时透无一郎;蝴蝶忍;甘露寺蜜璃
508,https://bgm.tv/subject/282372,安达与岛村,2020-10-08,7.3,6989,https://lain.bgm.tv/pic/cover/l/0f/a4/282372_pqp0S.jpg,百合;轻小说改;恋爱;校园;2020年10月;入间人间;TV;手冢Production;2020;日常;轻改;安达与岛村;小说改;日本;GL;手塚PRODUCTION;桑原智;治愈;2020年;伊藤美来;手塚プロダクション;青春;真百;大知慶一郎;萌;鬼頭明里;鬼头明里;季番;入間人間;大知庆一郎,安达樱;岛村抱月;日野晶;永藤妙子;知我麻社;岛村妹;樽见;安达赤华;岛村良香;永藤的妈妈;日野的母亲;占卜师
509,https://bgm.tv/subject/202419,Re：创世主们,2017-04-08,6.2,7162,https://lain.bgm.tv/pic/cover/l/46/27/202419_Zt1ts.jpg,原创;2017年4月;泽野弘之;TV;奇幻;TROYCA;战斗;Re:CREATORS;2017;広江礼威;原创动画;澤野弘之;あおきえい;水瀬いのり;日本;穿越;青木英;科幻;2017年;萝卜;小松未可子;半年番;水濑祈;广江礼威;剧情;逆穿越;热血;幻想;日本动画;异世界,水筱飒太;瑟蕾吉娅·尤匹提莉亚;梅特欧菈·艾斯塔莱希;爱丽丝特利亚·费布拉里;煌树茉美香;弥勒寺优夜;鹿屋琉伟;筑城院真鉴;布里兹·托卡;军服公主;星河绯可由;白亚翔
510,https://bgm.tv/subject/278899,齐木楠雄的灾难 再始动篇,2019-12-30,7.4,5627,https://lain.bgm.tv/pic/cover/l/c8/e0/278899_zYS01.jpg,搞笑;J.C.STAFF;校园;漫画改;超能力;日常;2019年12月;2019;漫改;Netflix;TV;WEB;齐木楠雄的灾难;神谷浩史;EGGFIRM;日本;樱井弘明;奇幻;OVA;吐槽;续作;喜剧;桜井弘明;2020年1月;2019年10月;2019年;齐木楠雄;齐木楠雄，搞笑;茅野爱衣;EGG_FIRM,齐木楠雄;照桥心美;燃堂力;海藤瞬;洼谷须亚莲;相卜命;佐藤广;井口工;铃宫阳衣
511,https://bgm.tv/subject/37694,出包王女Darkness,2012-10-05,7.4,5849,https://lain.bgm.tv/pic/cover/l/46/3e/37694_M7zzE.jpg,后宫;卖肉;出包王女Darkness;2012年10月;TV;XEBEC;漫画改;ToLoveる;2012;肉;校园;良心;老湿;圣光;漫改;花泽香菜;搞笑;日本;肉番;豊崎愛生;恋爱;续作;日常;出包王女;ATX;奇幻;大槻敦史;矢吹健太朗;2012年;ToLove,结城梨斗/夕崎梨子;梦梦·贝莉雅·戴比路克;金色暗影/DARKNESS;黑咲芽亚;菈菈·撒塔琳·戴比路克;西连寺春菜;娜娜·阿丝达·戴比路克;涅梅西斯;结城美柑;古手川唯;伦·艾尔西·裘利亚;小静/村雨静
512,https://bgm.tv/subject/860,星际牛仔 天国之扉,2001-09-01,8.2,7092,https://lain.bgm.tv/pic/cover/l/fc/49/860_gtiyS.jpg,剧场版;渡边信一郎;星际牛仔;SUNRISE;菅野よう子;BONES;2001;原创;菅野洋子;科幻;cowboy;Cowboy_Bebop;山寺宏一;日本;天国之门;战斗;渡辺信一郎;CowboyBebop;神作;经典;信本敬子;林原めぐみ;2001年;川元利浩;2001年9月;中村丰;林原惠美;电影;动作;映画,史派克·斯皮格尔;杰特·布莱克;菲·瓦伦坦;艾德;文森特;伊莱克特拉;爱因;霍夫曼;Bebop号
513,https://bgm.tv/subject/174138,不正经的魔术讲师与禁忌教典,2017-04-04,6.2,5806,https://lain.bgm.tv/pic/cover/l/b2/af/174138_0BOO7.jpg,后宫;轻小说改;魔法;2017年4月;战斗;校园;TV;不正经的魔术讲师与禁忌教典;轻改;LIDENFILMS;奇幻;2017;搞笑;小说改;日本;异世界;恋爱;ライデンフィルム;藤田茜;2017年;热血;和ト湊;厕纸;日本动画;装逼;龙傲天;动画;喜多村英梨;未确定;已下载,格伦·勒达斯;希丝缇娜·菲伊贝尔;露米娅·汀洁尔;莉艾尔·雷冯德;瑟莉卡·阿尔弗涅亚;阿鲁贝尔特·弗雷藏;基伯尔·威兹坦;温蒂·那布勒斯;卡修·威伊葛;瑟西鲁·克勒顿;琳恩·特提斯;泰瑞莎·雷迪
514,https://bgm.tv/subject/3484,Fate/stay night UNLIMITED BLADE WORKS,2010-01-23,6.9,6181,https://lain.bgm.tv/pic/cover/l/96/6b/3484_Jha1e.jpg,剧场版;Fate;UBW;Type-Moon;2010;无限剑制;原作剧本这么长怎么塞也塞不下;studiodeen;游戏改;战斗;Archer;奇幻;菲特今晚留下来;GAL改;Saber;缩水;补魔;FANS向;2010年1月;山口祐司;蘑菇;2010年;热血;日本;川井宪次;川井憲次;恋爱;佐藤卓哉;STUDIO_DEEN;奈须きのこ,阿尔托莉雅·潘德拉贡;卫宫士郎;卫宫;远坂凛;吉尔伽美什;间桐樱;美狄亚;伊莉雅斯菲尔·冯·爱因兹贝伦;间桐慎二;言峰绮礼;赫拉克勒斯;库·丘林
515,https://bgm.tv/subject/375735,恋爱FLOPS,2022-10-12,6.7,7325,https://lain.bgm.tv/pic/cover/l/ac/ba/375735_AR8Al.jpg,原创;恋爱;后宫;2022年10月;搞笑;Passione;TV;校园;2022;无法预测的命运之舞台;逆天;科幻;竹達彩奈;伊藤美来;日本;長山延好;长山延好;纯爱;日常;逢坂良太;安本亨;悬疑;2022年;卖肉;恋爱FLOPS;奇幻;高桥李依;竹达彩奈;季番;青春,柏树朝;和泉泽爱生;阿米莉亚·艾尔文;伊莉雅·伊留申;白梦华;卡琳·伊斯特尔;井泽爱;伊集院好雄;ラブリン;好乃・ファインマン;エトワール 叶;サンダース大佐
516,https://bgm.tv/subject/160124,食戟之灵 贰之皿,2016-07-02,7.1,6020,https://lain.bgm.tv/pic/cover/l/57/35/160124_Yhhq2.jpg,美食;J.C.STAFF;2016年7月;漫画改;热血;TV;食戟之灵;搞笑;漫改;2016;后宫;松冈祯丞;校园;種田梨沙;樱井孝宏;日本;卖肉;续作;米谷良知;JUMP;杉田智和;竞技;2016年;爆衣;米たにヨシトモ;燃;料理;松岡禎丞;日本动画;肉番,幸平创真;薙切绘里奈;田所惠;一色慧;吉野悠姬;榊凉子;伊武崎峻;丸井善二;水户郁魅;塔克米·阿尔迪尼;勇·阿尔迪尼;薙切仙左卫门
517,https://bgm.tv/subject/309,真实之泪,2008-01-05,7.4,7231,https://lain.bgm.tv/pic/cover/l/ed/de/309_958Es.jpg,P.A.WORKS;真实之泪;校园;党争;TV;三角;原创;养女;2008年1月;恋爱;2008;养鸡女;爱情;True_Tears;PAWorks;养鸡党;冈田麿里;名塚佳织;青春;西村纯二;岡田麿里;日本;西村純二;韩剧;冈田磨里;治愈;TT;GAL改;游戏改;真实,仲上真一郎;石动乃绘;汤浅比吕美;安藤爱子;野伏三代吉;石动纯;黑部朋与;仲上宗弘;仲上栞
518,https://bgm.tv/subject/173849,排球少年 乌野高校 VS 白鸟泽学园高校,2016-10-07,8.4,6554,https://lain.bgm.tv/pic/cover/l/1c/c6/173849_R21bS.jpg,热血;ProductionI.G;排球;运动;漫画改;2016年10月;TV;运动番;体育番;2016;漫改;Production.I.G;排球少年;石川界人;日本;村濑步;JUMP;竞技;満仲勧;校园;满仲劝;排球！！;岸本卓;青春;体育;续作;燃;2016年;神作;内山昂辉,日向翔阳;影山飞雄;泽村大地;菅原孝支;田中龙之介;东峰旭;西谷夕;月岛萤;山口忠;缘下力;木下久志;成田一仁
519,https://bgm.tv/subject/296261,石纪元 石之战争,2021-01-14,7.1,5608,https://lain.bgm.tv/pic/cover/l/50/b5/296261_5xbbe.jpg,热血;漫画改;2021年1月;科幻;TV;漫改;战斗;JUMP;2021;新石纪;TMS;科学;续作;Dr.Stone;日本;搞笑;飯野慎也;科普;石纪元;奇幻;SF;TMS_Entertainment;智斗;日本动画;冒险;饭野慎也;种田;2021年;TMSEntertainment;小林裕介,石神千空;琥珀;克罗姆;浅雾幻;大木大树;小川杠;狮子王司;金狼;银狼;琉璃;西瓜;化石
520,https://bgm.tv/subject/292969,打了300年的史莱姆，不知不觉就练到了满级,2021-04-10,6.3,6058,https://lain.bgm.tv/pic/cover/l/01/e4/292969_RLbg9.jpg,异世界;百合;凤傲天;2021年4月;轻小说改;日常;TV;REVOROOT;2021;搞笑;悠木碧;轻改;爽片;小说改;日本;本渡楓;轻百合;奇幻;木村延景;穿越;治愈;萌;2021年;转生;轻百;龙傲天;厕纸;后宫;萌系;日本动画,亚梓莎·埃札瓦;芙拉特露蒂;罗莎莉;莱卡;法露法;夏露夏;哈尔卡拉;别西卜;库库;メガーメガ;ナタリー;瓦妮娅
521,https://bgm.tv/subject/69214,我不受欢迎，怎么想都是你们的错！,2013-07-08,6.9,7132,https://lain.bgm.tv/pic/cover/l/05/6c/69214_qB7Wi.jpg,丧女;搞笑;2013年7月;漫画改;大沼心;SILVERLINK.;TV;校园;虐;2013;日常;花泽香菜;漫改;中村悠一;日本;橘田泉;2013年7月夏アニメ;致郁;2013年;宅;治愈;SILVER_LINK.;SILVERLINK;喜剧;动画;虐心;羞耻;丧;谷川ニコ;花澤香菜,黑木智子;黑木智贵;成濑优;今江惠美;里崎希心;路人;女学生;男学生;旁白;广播
522,https://bgm.tv/subject/233926,续·终物语,2018-11-10,7.9,6132,https://lain.bgm.tv/pic/cover/l/3a/7f/233926_V09ek.jpg,物语系列;新房昭之;SHAFT;西尾维新;轻小说改;2018;剧场版;奇幻;TV;轻改;后宫;小说改;OVA;神谷浩史;日本;2019;2018年11月;2018年10月;恋爱;物语;青春;2018年;西尾維新;校园;续作;吐槽;神作;电波;木澤行人;2019年4月,阿良良木历;忍野忍;战场原黑仪;八九寺真宵;神原骏河;千石抚子;羽川翼;黑羽川;阿良良木火怜;阿良良木月火;斧乃木余接;老仓育
523,https://bgm.tv/subject/274646,公主连结 Re:Dive,2020-04-06,6.5,6299,https://lain.bgm.tv/pic/cover/l/b0/09/274646_yTEYw.jpg,游戏改;2020年4月;CygamesPictures;搞笑;异世界;TV;后宫;奇幻;cygames;2020;日常;手游改;臭鼬;换头霸王;金崎贵臣;日本;战斗;冒险;百合;金﨑貴臣;公主连结;2020年;萌;日本动画;游改;伊藤美来;治愈;春藤佳奈;TVA;日漫,佩可莉姆;可可萝;凯露;公连 / 佑树 / 直人;美食殿;美美;惠理子;忍;秋乃;莉玛;由加莉;七七香
524,https://bgm.tv/subject/305,魔女宅急便,1989-07-29,7.8,6537,https://lain.bgm.tv/pic/cover/l/49/6e/305_BuvwV.jpg,宫崎骏;吉卜力;剧场版;1989;治愈;奇幻;魔女宅急便;童话;久石让;宮崎駿;童年;小说改;动画电影;原创;日本;GHIBLI;童趣;漫画改;冒险;环保系;电影;成长;1989年7月;近藤喜文;魔法;スタジオジブリ;1989年;映画;经典;久石譲,琪琪;吉吉;可琪莉;欧其诺;蜻蜓 / 柯普利;前辈魔女;索娜;索娜的丈夫（福男）;乌露丝拉;朵拉;玛奇;莉莉
525,https://bgm.tv/subject/486347,药屋少女的呢喃 第二季,2025-01-10,7.5,6813,https://lain.bgm.tv/pic/cover/l/9e/b3/486347_jKVqi.jpg,推理;2025年1月;悬疑;TV;轻小说改;中国风;TOHOanimationSTUDIO;小说改;日本;2025;恋爱;轻改;OLM;续作;宫廷;日常;悠木碧;筆坂明規;笔坂明规;中华风;2025年;药屋少女的呢喃;治愈;东宝;2025年4月;搞笑;半年番;长沼范裕;奇幻;漫画改,猫猫;壬氏;高顺;小兰;子翠;玉叶妃;梨花妃;里树妃;楼兰妃;皇帝;铃丽;红娘
526,https://bgm.tv/subject/294713,隐瞒之事,2020-04-02,7.6,7074,https://lain.bgm.tv/pic/cover/l/8b/91/294713_MwaxY.jpg,日常;治愈;2020年4月;TV;漫画改;搞笑;久米田康治;亚细亚堂;2020;漫改;神谷浩史;亲情;高橋李依;村野佑太;亜細亜堂;日本;高桥李依;催泪;养女儿;隐瞒之事;2020年;家庭;萝莉;父女;女儿;日本动画;2020春;季番;2020s;喜剧,后藤可久士;后藤姬;志治仰;墨田罗砂;笕亚美;芥子驱;十丸院五月;大和力郎;内木理佐;古武知美亚;东御比奈;橘地莉子
527,https://bgm.tv/subject/307,红猪,1992-07-18,8,6751,https://lain.bgm.tv/pic/cover/l/8e/98/307_GyFJg.jpg,宫崎骏;吉卜力;剧场版;1992;久石让;原创;红猪;空战;男人的浪漫;紅の豚;宮崎駿;动画电影;内涵;日本;GHIBLI;中年;奇幻;战争;治愈;战斗;电影;スタジオジブリ;90年代;1992年7月;loli的胜利;1992年;久石譲;映画;1990s;经典,马克/波鲁克;菲儿;吉娜;卡地士;贝蒂
528,https://bgm.tv/subject/93377,瑞克和莫蒂 第一季,2013-12-02,8.4,6164,https://lain.bgm.tv/pic/cover/l/db/e4/93377_TEzAK.jpg,科幻;美国;脑洞;欧美;搞笑;TV;原创;2013;Rick_and_Morty;神转折;奇诡万变;2013年12月;Adult-Swim;猎奇;SF;瑞克和莫蒂;美国动画;讽刺;神作;美漫;奇幻;欧美动画;AdultSwim;Dan_Harmon;2013年;日常;剧集;Morty;Rick;单元剧,瑞克·桑切斯;莫蒂·史密斯;贝丝·史密斯;杰里·史密斯;萨默·史密斯;Jessica;Frank Palicky;Brad;Snuffles;Morty Jr.;Mr.Needful;Tate
529,https://bgm.tv/subject/15910,恶魔高校 D×D,2012-01-06,6.9,5937,https://lain.bgm.tv/pic/cover/l/03/9b/15910_5XjQ5.jpg,后宫;肉番;卖肉;2012年1月;轻小说改;TV;节操何在;2012;战斗;后宫王;肉;TNK;恶魔;诚哥小号;肉片;轻改;小说改;圣光君;奇幻;校园;热血;日本;おっぱい;搞笑;恋爱;天使;恶魔高校;燃;柳泽哲也;伊藤静,兵藤一诚;莉雅丝·吉蒙里;爱莎·阿尔杰特;姬岛朱乃;塔城小猫;木场佑斗;ミッテルト;カラワーナ;天野夕麻;弗利德·瑟然;支取苍那;真罗椿姬
530,https://bgm.tv/subject/296076,租借女友,2020-07-10,5.6,6722,https://lain.bgm.tv/pic/cover/l/7a/37/296076_6cP6Q.jpg,恋爱;2020年7月;漫改;校园;后宫;漫画改;TV;2020;TMS;雨宫天;東山奈央;悠木碧;高橋李依;党争;日本;古賀一臣;搞笑;日常;日本动画;租借女友;TMS_Entertainment;古贺一臣;青春;堀江瞬;高桥李依;东山奈央;2020年;TMSEntertainment;トムス・エンタテインメント;広田光毅,木之下和也;水原千鹤;七海麻美;更科瑠夏;樱泽墨;木部芳秋;木之下和;栗林骏;一之濑小百合;中野海;川中裕希;新保曜子
531,https://bgm.tv/subject/1103,零之使魔 双月骑士,2007-07-08,6.9,5942,https://lain.bgm.tv/pic/cover/l/aa/ce/1103_Gc1uq.jpg,钉宫理惠;零之使魔;傲娇;J.C.STAFF;轻小说改;后宫;TV;2007年7月;2007;魔法;奇幻;ゼロの使い魔_双月の騎士;钉宫病;异世界;小说改;恋爱;轻改;614;才犬;战斗;日本;搞笑;穿越;钉宫;续作;犬;2007年;幻想;釘宮;校园,露易丝·法兰西斯·露·布朗·杜·拉·瓦利埃尔;平贺才人;卡托丽雅·伊维特·露·布朗·杜·拉·瓦利埃尔;艾丽欧诺尔·艾伯蒂妮·露·杜·拉·瓦丽埃尔;阿尼埃斯·修巴利耶·D·米兰;谢斯塔;安丽埃塔·杜·托里斯汀;朱力欧·切萨雷;谢菲尔德;基修·杜·格拉蒙;塔巴萨;丘尔洁·奥古斯都·菲列特利加·封·安哈尔特·泽罗普斯特
532,https://bgm.tv/subject/211089,剧场版 吹响吧！上低音号～想要传达的旋律～,2017-09-30,8.1,5461,https://lain.bgm.tv/pic/cover/l/47/72/211089_mX7yK.jpg,剧场版;京阿尼;总集篇;音乐;校园;2017;青春;京都动画;百合;轻小说改;石原立也;小说改;2017年9月;京吹;轻改;小川太一;日本;吹奏乐;京都アニメーション;山田尚子;吹响！悠风号;花田十辉;励志;日常;2017年;花田十輝;治愈;轻百合;京都;吹响吧！上低音号,田中明日香;黄前久美子;加藤叶月;川岛绿辉;高坂丽奈;小笠原晴香;中世古香织;中川夏纪;吉川优子;黄前麻美子;松本美知惠;铠冢霙
533,https://bgm.tv/subject/72266,少女与战车 剧场版,2015-11-21,8.3,6942,https://lain.bgm.tv/pic/cover/l/76/f3/72266_p0Nxo.jpg,剧场版;少女与战车;水岛努;原创;百合;2015;ProductionI.G;战车;军事;Actas;军神;吉田玲子;2015年11月;战斗;浜口史郎;日本;水島努;Production.I.G;竞技;热血;校园;アクタス;搞笑;轻百合;2015年;燃;少女和战车;萌;电影;战车道,西住美穗;武部沙织;五十铃华;秋山优花里;冷泉麻子;岛田爱里寿;角谷杏;小山柚子;河嶋桃;矶边典子;近藤妙子;河西忍
534,https://bgm.tv/subject/18692,哆啦A梦,2005-04-15,8.5,6000,https://lain.bgm.tv/pic/cover/l/b4/4f/18692_Gilpl.jpg,童年;哆啦A梦;藤子・F・不二雄;经典;TV;童年回憶;2005;漫画改;没看完;沒看全;搞笑;我的童年不是喜羊羊實在太好了;日本;科幻;漫改;日常;SHIN-EI;ドラえもん;治愈;シンエイ動画;2005年4月;奇幻;长篇;神作;子供向;2005年;日本动画;没看全;善聡一郎;TVB,哆啦A梦;野比大雄;源静香;刚田武;骨川小夫;哆啦美;野比大助;野比玉子;出木杉英才;胖虎的妈妈;小夫的妈妈;神成
535,https://bgm.tv/subject/304065,工作细胞BLACK,2021-01-09,7.1,6196,https://lain.bgm.tv/pic/cover/l/bf/76/304065_NMdGk.jpg,科普;2021年1月;漫画改;TV;战斗;LIDENFILMS;拟人;漫改;2021;工作细胞black;工作细胞;山本秀世;日本;工作细胞black，工作细胞;黑暗;职场;热血;日常;搞笑;奇幻;2021年;致郁;外传;榎木淳弥;表外;动画;续作;日本动画;津田健次郎;森ハヤシ,红血球（AA2153）;白血球（1196）;红血球（AC1677）;白血球（8787）;白血球（1212）;主细胞;肝细胞;血小板;巨噬细胞;红血球（NC8429）;脑细胞（司令）;旁白
536,https://bgm.tv/subject/331480,明日同学的水手服,2022-01-08,7.6,7292,https://lain.bgm.tv/pic/cover/l/07/95/331480_c2aq9.jpg,CloverWorks;日常;百合;校园;2022年1月;漫画改;TV;治愈;2022;青春;漫改;黒木美幸;河野恵美;博;日本;福島祐一;轻百合;少女;2022年;水手服;黑木美幸;青年向;山崎莉乃;日本动画;美少女;轻百;TVA;明日同学的水手服;村上まなつ;2020s,明日小路;木崎江利花;兔原透子;古城智乃;谷川景;鹫尾瞳;水上莉莉;平岩萤;四条璃生奈;神黙根子;龙守逢;峠口鮎美
537,https://bgm.tv/subject/43951,Fate/kaleid liner 魔法少女☆伊莉雅,2013-07-12,6.9,6089,https://lain.bgm.tv/pic/cover/l/1f/c3/43951_TJfCH.jpg,Type-Moon;百合;魔法少女☆伊莉雅;2013年7月;漫画改;SILVERLINK.;TV;大沼心;魔法少女;Fate;2013;马猴烧酒;魔法少女伊莉雅;战斗;漫改;奇幻;萝莉;日本;好奇怪！;搞笑;萌;日常;2013年;轻百合;校园;SILVER_LINK.;型月;七月番;伊莉雅;魔法,伊莉雅斯菲尔·冯·爱因兹贝伦 (Prisma☆Illya);美游·艾德费尔特;远坂凛 (Prisma☆Illya);露维亚瑟琳塔·艾德费尔特 (Prisma☆Illya);红宝石之星;蓝宝石之星;卫宫士郎 (伊莉雅世界);藤村大河 (Prisma☆Illya);塞拉 (Prisma☆Illya);莉洁莉特 (Prisma☆Illya);爱丽丝菲尔·冯·爱因兹贝伦 (Prisma☆Illya);桂美美
538,https://bgm.tv/subject/373712,不道德公会,2022-10-05,7.1,6406,https://lain.bgm.tv/pic/cover/l/c3/52/373712_WAhb0.jpg,卖肉;搞笑;异世界;2022年10月;后宫;漫画改;TV;奇幻;肉番;TNK;2022;漫改;战斗;肉;日本;朝岡卓矢;日常;朝冈卓矢;福利;冒险;萝莉;恋爱;无良公会;2022年;福原かつみ;萌;ティー・エヌ・ケー;里番;表番;季番,基克尔·马丹;依塔姆·翔;米德娜·安洁;毒毒子·达纳;花畑·脑筋斯;诺玛·卢恩;艾诺梅;艾什涅;蕾思米思;杨·史密斯;森里克·特兹莱多
539,https://bgm.tv/subject/386195,特别篇 吹响吧！上低音号～合奏比赛～,2023-08-04,7.5,6602,https://lain.bgm.tv/pic/cover/l/d0/d0/386195_E67b7.jpg,剧场版;京阿尼;2023;音乐;石原立也;校园;京都动画;吹响！悠风号;小说改;轻小说改;OVA;百合;轻改;青春;京都アニメーション;日本;花田十辉;日常;2023年8月;2023年;京吹;励志;2023年7月;轻百合;花田十輝;治愈;续作;社团;小川太一;京都,黄前久美子;加藤叶月;川岛绿辉;高坂丽奈;中川夏纪;吉川优子;铠冢霙;伞木希美;塚本秀一;釜屋燕;久石奏;铃木美玲
540,https://bgm.tv/subject/255526,Fate/Grand Order -绝对魔兽战线巴比伦尼亚-,2019-10-05,6.8,6324,https://lain.bgm.tv/pic/cover/l/b3/ad/255526_b1o55.jpg,游戏改;Type-Moon;CloverWorks;Fate;FGO;2019年10月;TV;战斗;奇幻;2019;A-1Pictures;赤井俊文;日本;福岛祐一;高濑智章;热血;日本动画;2019年;手游改;游改;作画;奈須きのこ;冒险;穿越;动画;奈须蘑菇;高桥李依;2020;型月;TVA,玛修·基列莱特;藤丸立香;吉尔伽美什;芙芙;罗玛尼·阿其曼;莱昂纳多·达·芬奇;金固;梅林;美杜莎;伊什塔尔;西杜里;牛若丸
541,https://bgm.tv/subject/282684,悠哉日常大王 Nonstop,2021-01-10,8.2,6237,https://lain.bgm.tv/pic/cover/l/ac/b7/282684_5lN9Z.jpg,日常;治愈;2021年1月;喵帕斯;SILVERLINK.;TV;漫画改;萌;2021;悠哉日常大王;百合;漫改;川面真也;吉田玲子;续作;日本;搞笑;轻百合;校园;萝莉;乡村;2021年;轻百;萌系;阿澄佳奈;TVA;2020s;萌豚;季番;日本动画,宫内莲华;一条萤;越谷夏海;越谷小鞠;加贺山枫;宫内一穗;栞;越谷卓;宫内日影;富士宫木实;篠田茜;越谷雪子
542,https://bgm.tv/subject/2971,名侦探柯南 通往天国的倒数计时,2001-04-21,7.5,5574,https://lain.bgm.tv/pic/cover/l/af/44/2971_8DZCH.jpg,剧场版;名探偵コナン;2001;名侦探柯南;推理;柯南;天国へのカウントダウン;TMS;原创;灰原哀;悬疑;童年的回忆;日本;倒计时;2001年;漫画改;神ED;こだま兼嗣;漫改;儿玉兼嗣;2001年4月;童年;TMSEntertainment;冒险;映画;剧情;古内一成;动画电影;电影;トムス・エンタテインメント,江户川柯南;工藤新一;毛利兰;灰原哀;毛利小五郎;白鸟任三郎;吉田步美;小岛元太;高木涉;圆谷光彦;琴酒;伏特加
543,https://bgm.tv/subject/471793,超超超超超喜欢你的100个女朋友 第二季,2025-01-12,7.5,6738,https://lain.bgm.tv/pic/cover/l/1d/bd/471793_nQ5TT.jpg,后宫;恋爱;搞笑;漫画改;2025年1月;TV;校园;逆天;BiburyAnimationStudios;2025;日本;整活;漫改;续作;佐藤光;日常;Bibury;百合;纯爱;喜剧;未确定;未定;2025年;抽象;扭曲;原创;超超超超超喜欢你的100个女朋友;未定档;恋爱喜剧;卖肉,爱城恋太郎;原贺胡桃;铭户芽衣;须藤育;美杉美美美;华暮爱爱;花园羽香里;院田唐音;好本静;荣逢凪乃;药膳楠莉;花园羽羽里
544,https://bgm.tv/subject/493,皇家国教骑士团 OVA,2006-02-10,8.2,7009,https://lain.bgm.tv/pic/cover/l/2f/55/493_zK3f5.jpg,OVA;暴力美学;HELLSING;吸血鬼;MADHouse;血腥;2006;战争;漫画改;黑田洋介;枪械;战斗;漫改;中田让治;若本規夫;女警;Satelight;日本;Graphinica;奇幻;丧尸;平野耕太;热血;田中洋之;原作党;TV;暴力;飞田展男;猎奇;2006年2月,阿卡德;因特古拉·范布隆克·温盖茨·海辛;塞拉斯·维克多利亚;少校;ウォルター・C（クム）・ドルネーズ;エンリコ・マクスウェル;培尔纳德;亚历山大·安德鲁森;大德意志帝国;天主教会;大不列颠及北爱尔兰联合王国
545,https://bgm.tv/subject/335225,古见同学有交流障碍症,2021-10-06,7,6447,https://lain.bgm.tv/pic/cover/l/e4/44/335225_UmKwl.jpg,恋爱;校园;2021年10月;漫画改;搞笑;TV;日常;OLM;2021;漫改;川越一生;青春;古贺葵;日本;渡边步;2021年;治愈;三重野瞳;纯爱;古见同学有交流障碍症;TVA;オー・エル・エム;日本动画;古賀葵;古见同学;橋本由香利;佳作;喜剧;渡辺歩;桥本由香利,古见硝子;只野仁人;长名驯染;矢田野真花流;上理卑美子;山井恋;中中思春;井中野木子;尾根峰宁宁;尾鸡枫;只野瞳;古见将贺
546,https://bgm.tv/subject/100443,东京残响,2014-07-10,7.1,7148,https://lain.bgm.tv/pic/cover/l/5c/34/100443_2SGZ5.jpg,原创;渡边信一郎;菅野洋子;MAPPA;2014年7月;TV;2014;悬疑;恐怖残响;残響のテロル;渡辺信一郎;原创动画;noitaminA;犯罪;中泽一登;日本;推理;剧情;石川界人;科幻;菅野よう子;智斗;2014年;政治;致郁;桐谷华;东京残响;战斗;熊谷純;种崎敦美,ナイン;ツエルブ;三岛理沙;柴崎健次郎;ハイヴ;仓桥;羽村;冈野;木下;六笠;クラレンス;美利坚合众国
547,https://bgm.tv/subject/362335,古立特宇宙,2023-03-24,7.8,6791,https://lain.bgm.tv/pic/cover/l/76/b8/362335_VhtRE.jpg,剧场版;TRIGGER;原创;2023;机战;特摄;SSSS.GRIDMAN;雨宮哲;科幻;恋爱;JK;雨宫哲;战斗;萝卜;長谷川圭一;日本;鷺巣詩郎;热血;青春;校园;2023年3月;2023年;特摄改;续作;奇幻;ssss;电影;DK;2020s;动画电影,古立特;响裕太;内海将;宝多六花;麻中蓬;南梦芽;山中历;飞鸟川千濑;失马;武士圣剑;マックス;玻拉
548,https://bgm.tv/subject/799,悠久之翼,2007-10-06,7.9,6933,https://lain.bgm.tv/pic/cover/l/28/26/799_C3Ypp.jpg,新房昭之;大沼心;GAL改;ef;SHAFT;TV;minori;校园;ef_a_tale_of_memories;2007年10月;2007;天门;恋爱;游戏改;七尾奈留;大昭心;GAL;催泪;治愈;日本;新房;悠久之翼;神作;致郁;2007年;memories;爱情;青春;御影;TVA,宫村宫子;新藤景;新藤千寻;广野纮;堤京介;麻生莲治;羽山瑞希;雨宫优子;火村夕;久濑修一;泉绘美;麻生堇
549,https://bgm.tv/subject/1444,天才麻将少女,2009-04-05,7.5,6805,https://lain.bgm.tv/pic/cover/l/af/e4/1444_n67JG.jpg,百合;麻将;GONZO;TV;超能力百合麻雀少女;2009年4月;天才麻将少女;漫画改;2009;外挂;saki;钉宫理惠;萌;校园;巨乳;漫改;小野学;竞技;超能力;热血;麻将少女;日本;运动;植田佳奈;燃;轻百合;LOLI;小清水亚美;日常;2009年,宫永咲;原村和;片冈优希;竹井久;染谷真子;须贺京太郎;井上纯;泽村智纪;国广一;龙门渕透华;天江衣;萩良
550,https://bgm.tv/subject/146093,亚人,2016-01-15,7.3,6440,https://lain.bgm.tv/pic/cover/l/0b/17/146093_LATHF.jpg,漫画改;2016年1月;科幻;TV;PolygonPictures;3D;战斗;2016;亜人;亚人;漫改;宮野真守;櫻井孝宏;细谷佳正;安藤裕章;日本;奇幻;桜井画門;悬疑;热血;智斗;2016年;剧情;宫野真守;日本动画;超能力;猎奇;樱井孝宏;濑古浩司;小松未可子,永井圭;佐藤;户崎优;海斗;下村泉;田中功次;永井慧理子;小仓郁也;中野攻;渡边;中岛启介;荒木
551,https://bgm.tv/subject/231414,平凡职业造就世界最强,2019-07-08,5,5798,https://lain.bgm.tv/pic/cover/l/d8/51/231414_8I56c.jpg,异世界;后宫;龙傲天;2019年7月;轻小说改;穿越;WHITEFOX;TV;战斗;轻改;2019;奇幻;中二;小说改;asread;日本;厕纸;动画;恋爱;冒险;搞笑;よしもときんじ;平凡职业造就世界最强;2019年;吉本欣司;萝莉;装逼;日本动画;平凡职业成就世界最强;卖肉,南云始;月;希娅·哈乌利亚;缇奥·库拉鲁斯;白崎香织;八重坚雫;畑山爱子;天之河光辉;坂上龙太郎;桧山大介;中村惠里;谷口铃
552,https://bgm.tv/subject/404809,末日列车去哪里？,2024-04-01,6.6,7798,https://lain.bgm.tv/pic/cover/l/96/6c/404809_H2HnH.jpg,原创;2024年4月;公路片;奇幻;TV;百合;水島努;2024;水岛努;冒险;EMT2;无法预测的命运的舞台;电波;横手美智子;日本;搞笑;轻百合;无法预测的命运之舞台;公路;末世;EMTスクエアード;抽象;轻百;日常;脑洞;2024年;EMTSquared;末日;季番;电车,千仓静留;星抚子;久贺玲实;东云晶;波奇桑;中富叶香;善治郎;静留的妈妈;ネコ兄;ポンタロー;イグアナ先生;マレーグマ
553,https://bgm.tv/subject/9565,龙珠,1986-02-26,8.2,6061,https://lain.bgm.tv/pic/cover/l/84/45/9565_s98m3.jpg,童年;龙珠;鸟山明;热血;TV;JUMP;热血系;战斗;龟派气功;1986;东映;漫画改;孙悟空;神作;漫改;日本;神龙;1986年;童年系;经典;東映アニメーション;冒险;搞笑;奇幻;80年代;东映动画;长篇;西尾大介;1986年2月;岡崎稔,孙悟空;布尔玛;龟仙人;丝诺;皮拉夫;海龟;乌龙;阿修;小舞;普尔;司仪;神龙
554,https://bgm.tv/subject/10739,只有神知道的世界 第二季,2011-04-11,7.3,6216,https://lain.bgm.tv/pic/cover/l/ff/68/10739_Ktz9a.jpg,只有神知道的世界第二季;攻略之神;2011年4月;后宫;TV;神大人;漫画改;三次元神马的都是浮云;只有神知道的世界;2011;恋爱;Manglobe;卡密撒马;下野紘;校园;漫改;很多萌妹子;搞笑;继续攻略;奇幻;日本;高柳滋仁;god-only-knows;续作;bug魔;日常;2011年;仓田英之;早见沙织;神,桂木桂马;艾利由西亚·D·鲁德·伊玛;哈克雅·杜·罗德·赫尔梅尼姆;春日楠;小阪千寻;长濑纯;高原步美;桂木麻里;二阶堂由梨;寺田京;地球;私立舞島学園高校
555,https://bgm.tv/subject/2461,搞笑漫画日和,2005-02-07,7.8,6466,https://lain.bgm.tv/pic/cover/l/cf/05/2461_1cE1d.jpg,吐槽;日和;搞笑;神作;2005;光速吐槽;TV;熊吉;泡面番;大地丙太郎;ArtLand;变态绅士;漫画改;神ED;不正经;語速;吐糟;漫改;日本;名冢佳织;2005年2月;隋炀帝;名塚佳織;2005年1月;恶搞;泡面;2005年;搞笑漫画日和;动画;ギャグ,熊吉;兔美;河合曾良;松尾芭蕉;圣德太子;小野妹子;熊孩子;社長山川;炀帝;ハリス;ヒュースケン;竹杉竹夫
556,https://bgm.tv/subject/3892,赌博默示录,2007-10-02,7.9,6587,https://lain.bgm.tv/pic/cover/l/fb/06/3892_xe6z2.jpg,MADHouse;赌博;心理;福本伸行;TV;漫画改;智斗;赌博默示录;2007年10月;2007;漫改;丧家犬的奋斗史;悬疑;日本;佐藤雄三;剧情;ざわ…;ZAWA;Kaiji;补番;热血;2007年;神作;竞技;推理;半年番;日本动画;斗智;补旧番;经典,伊藤开司;利根川幸雄;兵藤和尊;石田光司;古畑武志;安藤守;船井让次;北见;冈林;高田;佐原;中山
557,https://bgm.tv/subject/77625,心理测量者2,2014-10-09,6.8,6534,https://lain.bgm.tv/pic/cover/l/94/b7/77625_PH7mp.jpg,虚渊玄;2014年10月;原创;科幻;Production.I.G;TV;花泽香菜;冲方丁;2014;noitaminA;psychopass;ProductionI.G;熊谷纯;PSYCHO-PASS;反乌托邦;龙之子;战斗;悬疑;犯罪;日本;塩谷直義;心理测量者;续作;龙之子Production;2014年;盐谷直义;熊谷純;木村良平;菅野祐悟;タツノコプロ,常守朱;鹿矛围桐斗;宜野座伸元;霜月美佳;东金朔夜;雏河翔;六合冢弥生;唐之杜志恩;杂贺让二;青柳璃彩;须乡彻平;酒酒井水绘
558,https://bgm.tv/subject/110049,进击的巨人 无悔的选择 OAD,2014-12-09,7.6,5146,https://lain.bgm.tv/pic/cover/l/8e/9b/110049_bV5g9.jpg,OVA;进击的巨人;WITSTUDIO;漫画改;OAD;2014;战斗;热血;荒木哲郎;2014年12月;泽野弘之;漫改;兵長;神谷浩史;奇幻;无悔的选择;日本;小林靖子;WIT_STUDIO;番外;2014年;澤野弘之;续作;Production.I.G;兵长;剧情;OVA&OAD;TV;小野大辅;進撃の巨人,利威尔;艾尔文·史密斯;法兰·乔治;伊莎贝尔·马格诺利亚;韩吉·佐伊;莫布里特·柏纳;基斯·沙迪斯;米可·萨卡利亚斯;尼古拉斯·罗博福;杨;夫拉贡;调查兵团
559,https://bgm.tv/subject/376703,偶像大师 灰姑娘女孩 U149,2023-04-05,7.7,7439,https://lain.bgm.tv/pic/cover/l/58/c1/376703_g5559.jpg,CygamesPictures;偶像大师;偶像;2023年4月;冈本学;萝莉;TV;漫画改;2023;音乐;漫改;幼女偶像;岡本学;铁窗P;桃华妈妈;日本;日常;萌;治愈;2023年;幼女;百合;村山沖;IM@S;原创;cygames;游戏改;TVA;季番;励志,橘爱丽丝;樱井桃华;赤城米莉亚;的场梨沙;结城晴;佐佐木千枝;龙崎薰;市原仁奈;古贺小春;米内P;佐城雪美;遊佐梢
560,https://bgm.tv/subject/411428,剧场版 间谍过家家 代号：白,2023-12-22,6.7,5985,https://lain.bgm.tv/pic/cover/l/ec/82/411428_xwKKP.jpg,剧场版;搞笑;WITSTUDIO;2023;CloverWorks;日常;漫画改;大河内一楼;间谍过家家;战斗;原创;家庭喜剧;漫改;日本;片桐崇;2023年;2023年12月;治愈;喜剧;家庭;2023年10月;WIT_STUDIO;动画电影;2024;续作;奇幻;电影;早见沙织;萌;2020s,劳埃德·福杰;约尔・福杰;阿尼亚·福杰;邦德·福杰;席尔薇亚·薛伍德;菲奥娜·弗罗斯特;弗兰基·弗兰克林;尤里·布莱尔;スナイデル;ドミトリ;ルカ;タイプF
561,https://bgm.tv/subject/232067,蜘蛛侠：平行宇宙,2018-12-14,7.9,6232,https://lain.bgm.tv/pic/cover/l/51/80/232067_h3t8A.jpg,剧场版;蜘蛛侠;欧美;2018;SONY;动画电影;漫威;科幻;Marvel;3D;美国;超级英雄;漫改;漫画改;电影;战斗;2018年;SonyPicturesAnimation;原创;奇幻;美漫;热血;2018年12月;索尼;搞笑;美国动画;2010s;Sony_Pictures_Animation;动画;欧美动画,彼得·B·帕克 / 蜘蛛侠 (地球616B);迈尔斯·莫拉莱斯;蜘蛛格温;潘妮·帕克;亚伦·戴维斯;杰斐逊·戴维斯;彼得·帕克/终极蜘蛛侠（地球1610）;米格尔·奥哈拉
562,https://bgm.tv/subject/306429,成神之日,2020-10-10,3.9,7282,https://lain.bgm.tv/pic/cover/l/10/d5/306429_2Me50.jpg,麻枝准;P.A.WORKS;原创;2020年10月;TV;恋爱;key社;2020;key;搞笑;Aniplex;成神之日;日常;浅井義之;Na-Ga;第几集打棒球？;日本;奇幻;催泪;浅井义之;烂尾;治愈;2020年;科幻;佐仓绫音;校园;仁井学;日本动画;致郁;第一集打棒球,佐藤雏;成神阳太;伊座并杏子;国宝阿修罗;成神空;神宫司光;天愿贺子;成神时子;成神大地;铃木央人;CEO;尾熊雷太
563,https://bgm.tv/subject/146104,历物语,2016-01-09,7.2,5817,https://lain.bgm.tv/pic/cover/l/23/f8/146104_lFg3g.jpg,物语系列;新房昭之;SHAFT;西尾维新;轻小说改;2016年1月;TV;2016;WEB;奇幻;后宫;轻改;小说改;板村智幸;历物语;神前晓;神谷浩史;泡面番;日常;恋爱;校园;2016年;物语;日本;吐槽;续作;搞笑;神前暁;西尾維新;电波,阿良良木历;羽川翼;忍野忍;忍野咩咩;战场原黑仪;八九寺真宵;神原骏河;千石抚子;贝木泥舟;阿良良木火怜;阿良良木月火;忍野扇
564,https://bgm.tv/subject/272188,邪神与厨二病少女’,2020-04-06,7.3,5475,https://lain.bgm.tv/pic/cover/l/cb/30/272188_DPj3G.jpg,搞笑;日常;百合;2020年4月;TV;漫画改;NOMAD;轻百合;2020;漫改;萌;续作;日本;鈴木愛奈;矢野孝典;奇幻;邪神与厨二病少女;喜剧;佐藤光;轻百;2020年;萝莉;后宫;高岭之花;玩梗;纯爱;萌系;猎奇;夹心酱;萌豚,邪神酱;花园百合铃;佩可拉;美杜莎;米诺斯;波波隆;珀耳塞福涅二世;橘芽依;游佐;浩二;贝特;皮诺
565,https://bgm.tv/subject/58015,潜行吧！奈亚子W,2013-04-07,7,5798,https://lain.bgm.tv/pic/cover/l/5a/69/58015_P8711.jpg,搞笑;奈亚子;2013年4月;轻小说改;后宫;TV;SAN值;XEBEC;克苏鲁神话;潜行吧!奈亚子w;2013;阿澄佳奈;捏他;日常;neta;轻改;小说改;恋爱;超自然系;校园;日本;奇幻;续作;長澤剛;潜行吧！奈亚子;战斗;吐槽;喜多村英梨;2013年;长泽刚,奈亚拉托提普;八坂真寻;克图格亚;哈斯塔;暮井珠绪;八坂赖子;露希·吉斯顿;余市健彦;克音;夏塔
566,https://bgm.tv/subject/262939,某科学的一方通行,2019-07-12,5.2,5619,https://lain.bgm.tv/pic/cover/l/3f/11/262939_ZhtWQ.jpg,J.C.STAFF;战斗;2019年7月;漫画改;魔法禁书目录;TV;一方通行;外传;科幻;2019;漫改;某科学的一方通行;超能力;日本;奇幻;鎌仲史陽;魔禁;镰仲史阳;2019年;轻改;校园;魔法;某系列;杉原研二;岡本信彦;日常;镰池和马;轻小说改;日本动画;热血,一方通行;最后之作;埃斯特·罗森塔尔;黄泉川爱穗;御坂妹妹;芳川桔梗;冥土追魂;人皮挟美;菱形干比古;菱形蛭魅;亡本里藏;饭栖丽塔
567,https://bgm.tv/subject/485936,mono女孩,2025-04-12,7.1,7870,https://lain.bgm.tv/pic/cover/l/a6/39/485936_y0bX8.jpg,芳文社;日常;漫画改;2025年4月;TV;萌系;百合;治愈;2025;轻百合;日本;Soigne;漫改;爱敬亮太;あｆろ;摄影;轻百;校园;萌;2025年;ソワネ;搞笑;萌豚;青春;社团;4月;愛敬亮太;旅行;afro;甚好,雨宫纱月;雾山杏;敷岛樱子;秋山春乃;驹田华子;玄熊虎代;牧之原学姐;大将;猪俣学姐;春乃的祖母;岛田小春;五十铃铃子
568,https://bgm.tv/subject/267732,君主·埃尔梅罗二世事件簿 魔眼收集列车 Grace note,2019-07-06,6.7,6062,https://lain.bgm.tv/pic/cover/l/1e/f7/267732_41wjh.jpg,Type-Moon;Fate;2019年7月;轻小说改;TV;TROYCA;悬疑;奇幻;2019;轻改;小说改;加藤诚;推理;小太刀右京;日本;浪川大輔;战斗;加藤誠;2019年;梶浦由记;梶浦由記;型月;三田诚;魔法;动画;上田丽奈;7月;三田誠;水濑祈;日本动画,君主·埃尔梅罗二世;格蕾;亚德;莱妮丝·埃尔梅罗·阿奇佐尔缇;特里姆玛乌;弗拉特·艾斯卡尔德斯;斯温·古拉雪特;考列斯·弗尔维吉·千界树;梅尔文·威因兹;露维亚瑟琳塔·艾德费尔特;伊薇特·L·雷曼;化野菱理
569,https://bgm.tv/subject/514358,小城日常,2025-07-06,7.5,8129,https://lain.bgm.tv/pic/cover/l/b2/c2/514358_oRoZH.jpg,京阿尼;日常;漫画改;2025年7月;TV;搞笑;京都动画;2025;石立太一;日本;电波;漫改;京都アニメーション;青年向;治愈;新井圭一;群像;喜剧;2025年;轻百合;校园;萌;青春;7月;小城日常;2020s;石川由依;奇幻;TVA;小松未可子,南云美鸟;新仓;泉和子;真壁鹤菱;真壁立涌;真壁茉莉;雨饰悦理;泉莉子;安达太良博士;安达太良家的爸爸;安达太良家的妈妈;安达太良达太
570,https://bgm.tv/subject/231278,后街女孩,2018-07-03,6.6,5874,https://lain.bgm.tv/pic/cover/l/5d/10/231278_FrbN1.jpg,搞笑;J.C.STAFF;2018年7月;漫画改;性转;偶像;TV;黑道;漫改;2018;后街女孩;日常;今千秋;轻松幽默;喜剧;日本;小野大辅;日野聪;2018年;ppt;沙雕;小野大輔;黑帮;贫穷;興津和幸;日本动画;颜艺;诹访部顺一;日野聡;季番,山本爱理;立花真理;杉原千佳;犬金组长;曼德林木下;莉娜;中村结衣;田中夏子;木村;广;溝口カリン;ボンジョルノ娘:ユイ
571,https://bgm.tv/subject/274613,爱、死亡 & 机器人,2019-03-15,7.7,6097,https://lain.bgm.tv/pic/cover/l/68/b8/274613_sx1iX.jpg,Netflix;科幻;欧美;短片集;2019;原创;WEB;短片;暴力;爱、死亡&_机器人;奇幻;机器人;美国;爱死亡&_机器人;DavidFincher;TV;TimMiller;2019年3月;猎奇;2019年;小说改;2010s;单元剧;萝卜;动画;爱死机;战斗;美国动画;爽;SF,
572,https://bgm.tv/subject/2582,玲音,1998-07-06,7.8,6803,https://lain.bgm.tv/pic/cover/l/7e/83/2582_9JJ3u.jpg,意识流;实验动画;TV;科幻;1998;原创;赛博朋克;Lain;安倍吉俊;内涵;中村隆太郎;庵野秀明八成也看不懂;玲音;TriangleStaff;百合;日本;小中千昭;1998年7月;内涵系;电波;90年代;トライアングルスタッフ;Triangle;神作;SF;STAFF;1998年;内涵片;岸田隆宏;Triangle_Staff,岩仓玲音;岩仓康男;岩仓美香;岩仓美穗;英利政美;瑞城爱丽丝;路人;女学生;生徒;女性の声
573,https://bgm.tv/subject/3428,爆漫王。,2010-10-02,8,7046,https://lain.bgm.tv/pic/cover/l/45/00/3428_NPdDd.jpg,小畑健;J.C.STAFF;励志;2010年10月;Bakuman;TV;JUMP;大場つぐみ・小畑健;漫画改;2010;热血;基友你好;漫改;最高;日野聪;青春;阿部敦;秋人;日本;十月番;燃;秋田谷典昭;大場つぐみ;笠井贤一;食梦者;恋爱;大场鸫;职场;吉田玲子;梦想,真城最高;高木秋人;亚豆美保;见吉香耶;新妻英二;服部哲;岩濑爱子;福田真太;中井巧朗;苍树红;服部雄二郎;瓶子吉久
574,https://bgm.tv/subject/517057,【我推的孩子】 第三季,2026-01-14,7.2,6704,https://lain.bgm.tv/pic/cover/l/92/95/517057_257ad.jpg,动画工房;漫画改;2026年1月;偶像;TV;恋爱;悬疑;赤坂明;2026;我推的孩子;日本;漫改;奇幻;复仇;续作;职场;青年向;平牧大辅;党争;平牧大輔;動画工房;田中仁;搞笑;2026年;日常;后宫;转生;追番;平山宽菜;季番,阿库亚 / 星野爱久爱海;露比 / 星野瑠美衣;有马加奈;黑川茜;MEM啾;雨宫吾郎;天童寺沙利奈;星野爱;神木辉;月读;斋藤京子;斋藤壹护
575,https://bgm.tv/subject/413741,16bit的感动 ANOTHER LAYER,2023-10-04,5.5,7962,https://lain.bgm.tv/pic/cover/l/a7/73/413741_39Urq.jpg,2023年10月;原创;TV;galgame;漫画改;st.SILVER;GALGAME科普;穿越;2023;科普;漫改;奇幻;若木民喜;佐久間貴史;职场;日本;日本动画;搞笑;日常;科幻;佐久间贵史;2023年;无法预测的命运之舞台;恋爱;GAL改;16bit的感动;业界;st.シルバー;髙橋龍也;季番,秋里木叶;六田守;下田香织;上原芽衣子;六田胜;五味川清;山田冬夜;小山万里;小山千里;老婆婆;Echo 1;Echo 2
576,https://bgm.tv/subject/390980,香格里拉边境,2023-10-01,6.4,7044,https://lain.bgm.tv/pic/cover/l/ed/01/390980_3u0Bb.jpg,战斗;2023年10月;网游;漫画改;异世界;TV;奇幻;C2C;游戏;2023;漫改;冒险;热血;日本;洼冈俊之;科幻;窪岡俊之;日本动画;搞笑;轻小说改;2023年;半年番;小说改;香格里拉;筆安一幸;香格里拉·弗陇提亚～屎作猎人向神作发起挑战～;内田雄馬;2024;轻改;厕纸,桑乐 / 阳务乐郎;SAIGA-0 / 斋贺玲;亚瑟·范西尔冈 / 天音永远;追加鲣鱼 / 鱼臣慧;爱姆露;霸伊斯亚修;SAIGA-100／斋贺百;阿妮玛莉亚;奥尔斯洛特;远日的刹那;守墓的韦札卫门;比菈可
577,https://bgm.tv/subject/1962,大闹天宫,,8.6,5677,https://lain.bgm.tv/pic/cover/l/95/f6/1962_qPd3y.jpg,上海美术电影制片厂;国产;童年;大闹天宫;孙悟空;剧场版;水墨经典;经典;1961;神作;回忆;水墨;艺术;小说改;神片;中国;天朝动画;动画电影;童年系;玄幻;奇幻;万籁鸣;电影;西游记;战斗;1960s;上美;孙猴子;国漫;国产动画,孙悟空（上美版）;二郎神;敖广;玉皇大帝;太白金星;托塔李天王
578,https://bgm.tv/subject/472741,咒术回战 死灭回游 前篇,2026-01-08,7.9,6680,https://lain.bgm.tv/pic/cover/l/ab/77/472741_MqsB8.jpg,MAPPA;战斗;2026年1月;漫画改;TV;奇幻;热血;咒术回战;2026;漫改;日本;御所园翔太;续作;少年向;咒術迴戰;JUMP;未定档;御所園翔太;民工漫;濑古浩司;日本动画;日漫;2026年;作画;动画;搞笑;瀬古浩司;季番;中村悠一;芥见下下,虎杖悠仁;伏黑惠;胀相;九十九由基;天元;乙骨忧太;祈本里香;禅院真希;禅院真依;禅院直哉;禅院扇;禅院甚一
579,https://bgm.tv/subject/220312,宅男腐女恋爱真难,2018-04-12,6.6,5568,https://lain.bgm.tv/pic/cover/l/65/a5/220312_ErRl1.jpg,恋爱;A-1Pictures;搞笑;2018年4月;职场;漫画改;TV;日常;2018;漫改;狗粮;宅;noitaminA;杉田智和;日本;平池芳正;纯爱;宅男腐女恋爱真难;2018年;2018年四月番;A-1_Pictures;泽城美雪;一迅社;日本动画;女性向;2018春;青梅竹马;喜剧;ふじた;日漫,桃濑成海;二藤宏嵩;小柳花子;桦仓太郎;二藤尚哉;樱城光;加藤惠;旁白
580,https://bgm.tv/subject/302128,约会大作战 第四季,2022-04-08,6.5,5260,https://lain.bgm.tv/pic/cover/l/6c/2a/302128_82c5B.jpg,后宫;约会大作战;轻小说改;恋爱;2022年4月;战斗;TV;GeekToys;轻改;2022;奇幻;续作;橘公司;校园;小说改;日本;中川淳;2021年10月;科幻;2022年;搞笑;日常;2021;志茂文彦;情怀;有生之年;动画;日本动画;島﨑信長;已下载,五河士道;夜刀神十香;时崎狂三;本条二亚;星宫六喰;鸢一折纸;五河琴里;冰芽川四糸乃;神无月恭平;村雨令音;诱宵美九;崇宫真那
581,https://bgm.tv/subject/67376,灰色的果实,2014-10-05,7.1,5644,https://lain.bgm.tv/pic/cover/l/fc/b4/67376_WkW5k.jpg,GAL改;后宫;2014年10月;TV;灰色的果实;游戏改;恋爱;2014;8-Bit;校园;渡辺明夫;灰色系列;8bit;战斗;樱井孝宏;日本;仓田英之;天冲;天衝;卖肉;田中基樹;肉;倉田英之;エイトビット;治愈;2014年;汤姆苏;游改;TVA;肉番,榊由美子;周防天音;松岛满;入巢莳菜;小岭幸;风见雄二;橘千鹤;春寺由梨亚;风见一姬;喵美尔;入巢沙里菜;琪娅拉·法瑞尔
582,https://bgm.tv/subject/587454,我们不可能成为恋人！绝对不行。 (※似乎可行？) 〜再次闪耀！〜,2026-01-01,7.3,5811,https://lain.bgm.tv/pic/cover/l/a1/ea/587454_1KdKJ.jpg,百合;后宫;校园;喜剧;恋爱;studioMOTHER;轻小说改;TV;小说改;2026;剧场版;日本;搞笑;2025;轻改;2026年1月;OVA;内沼菜摘;续作;2025年11月;日常;荒川稔久;2026年;2025年10月;恋人不行;青春;2026.1;真百合;大女主;真百,甘织玲奈子;王冢真唯;濑名紫阳花;琴纱月;小柳香穗;甘织遥奈;鬼瓦星来;甘织美代子;长谷川;平野
583,https://bgm.tv/subject/13603,罗小黑战记,2011-03-17,7.8,5826,https://lain.bgm.tv/pic/cover/l/9d/51/13603_hwDMr.jpg,国产;战斗;原创;治愈;泡面番;玄幻;奇幻;WEB;日常;MTJJ;中国;TV;2011;搞笑;罗小黑战记;山新;国漫;废萌;非日漫;寒木春华;神作;有生之年;喜剧;现代奇幻;冒险;2011年1月;萌,罗小黑;罗小白;阿根;山新;比丢;谛听;无限;皇受;老君;罗云飞;千针;青丘
584,https://bgm.tv/subject/88493,一周的朋友。,2014-04-06,7.1,6185,https://lain.bgm.tv/pic/cover/l/98/a3/88493_tKAht.jpg,治愈;2014年4月;恋爱;漫画改;校园;TV;一周的朋友;BrainsBase;日常;雨宮天;2014;致郁;漫改;虐男主;細谷佳正;岩崎太郎;日本;青春;催泪;菅正太郎;2014年;纯爱;雨宫天;失忆;Brains･Base;中原麻衣;小清新;治愈系;季番;4月,长谷祐树;藤宫香织;山岸沙希;桐生将吾;藤宫志穗;井上润;九条一;芹泽舞子
585,https://bgm.tv/subject/4313,会长是女仆大人！,2010-04-01,7,5771,https://lain.bgm.tv/pic/cover/l/77/16/4313_Ov8p2.jpg,少女向;恋爱;會長是女仆;J.C.STAFF;2010年4月;TV;漫画改;校园;妹抖;2010;会长;女仆;少女;美型;萌;漫改;搞笑;日本;正常向;日常;藤原ヒロ;乙女向;纯爱;冈本信彦;2010年;四月番;女性向;桜井弘明;樱井弘明,鲇泽美咲;碓冰拓海;幸村祥一郎;花园樱;加贺静子;白川直也;更科郁斗;黑崎龙之介;五十岚虎;兵藤葵;兵藤皐生;五月女珠昴
586,https://bgm.tv/subject/271145,理科生坠入情网，故尝试证明。,2020-01-10,6.2,5577,https://lain.bgm.tv/pic/cover/l/35/bb/271145_e4LNZ.jpg,恋爱;搞笑;2020年1月;漫画改;TV;校园;狗粮;ZERO-G;2020;漫改;黑丝;日常;裤袜;日本;喜多幡徹;内田雄馬;雨宫天;2020冬;日本动画;2020年;沙雕;ゼロジー;科普;理科生坠入情网，故尝试证明;喜剧;理科生坠入情网，故尝试证明。;大学;喜多幡彻;动画;TVA,雪村心夜;冰室菖蒲;理科熊;奏言叶;棘田惠那;犬饲虎辅;池田嘉信;山本亚梨华;高橋先生;式城直哉;加纳星条志;郭鍾仙
587,https://bgm.tv/subject/91205,高分少女,2018-07-13,7.9,6352,https://lain.bgm.tv/pic/cover/l/79/bb/91205_WzBkF.jpg,恋爱;J.C.STAFF;2018年7月;TV;漫改;街机游戏;漫画改;高分少女;2018;情怀;游戏;无口;押切蓮介;白学;日本;山川吉樹;青春;搞笑;校园;3D;日常;山川吉树;党争;2018年;治愈;季番;日本动画;狗粮;浦畑達彦;TVA,矢口春雄;大野晶;日高小春;大野真;矢口奈美绘;宫尾光太郎;土井玄太;业田萌美;爷爷;鬼冢千寻;小春父亲;小学班主任
588,https://bgm.tv/subject/315375,剧场版 刀剑神域 进击篇 无星之夜的咏叹调,2021-10-30,7,5559,https://lain.bgm.tv/pic/cover/l/63/24/315375_1ivNC.jpg,剧场版;A-1Pictures;刀剑神域;轻小说改;战斗;2021;轻改;奇幻;外传;松岡禎丞;2021年10月;冒险;小说改;河野亜矢子;恋爱;网游;日本;科幻;异世界;热血;2021年;SAO;后宫;河野亚矢子;TV;亚丝娜;A-1_Pictures;梶浦由记;续作;川原砾,亚丝娜／结城明日奈;桐人／桐谷和人;深兔 / 兔泽深澄;艾基尔／安德鲁·基尔博德·密鲁茲;克莱因／壶井辽太郎;西莉卡／绫野圭子;迪亚贝尔;牙王;强尼·布莱克／金本敦;亚尔戈 / 帆坂朋;结城浩一郎;结城京子
589,https://bgm.tv/subject/506677,Silent Witch 沉默魔女的秘密,2025-07-04,6.6,7004,https://lain.bgm.tv/pic/cover/l/a0/60/506677_B74d5.jpg,奇幻;2025年7月;轻小说改;校园;TV;A-1Pictures;Studio五组;小说改;2025;日本;轻改;会泽纱弥;沉默魔女的秘密;战斗;异世界;魔法;乙女;日常;恋爱;未定档;魔女;搞笑;岩本保雄;金崎贵臣;治愈;女性向;乙女向;Studio五組;萌;2025年,莫妮卡·艾瓦雷特;尼洛;尼洛（人形态）;菲利克斯·阿克·里迪尔;希利尔·艾什利;艾利奥特·霍华德;尼尔·克莱·梅伍德;布丽吉特·格雷亚姆;拉娜·柯蕾特;凯西·格罗夫;克劳迪娅·艾什利;古莲·达德利
590,https://bgm.tv/subject/144357,文豪野犬,2016-04-06,6.6,5439,https://lain.bgm.tv/pic/cover/l/01/4b/144357_Lg83V.jpg,BONES;2016年4月;漫画改;战斗;TV;文豪野犬;奇幻;2016;漫改;超能力;神谷浩史;宮野真守;五十岚卓哉;热血;岩崎琢;日本;小野賢章;五十嵐卓哉;2016年1月;异能;骨头社;2016年;搞笑;宫野真守;榎户洋司;榎戸洋司;群像;细谷佳正;动画;上村祐翔,中岛敦;太宰治;国木田独步;宫泽贤治;与谢野晶子;江户川乱步;谷崎润一郎;谷崎直美;福泽谕吉;芥川龙之介;中原中也;泉镜花
591,https://bgm.tv/subject/286,机动战士高达00,2007-10-06,7.6,6306,https://lain.bgm.tv/pic/cover/l/16/a5/286_8Kxkz.jpg,高达;GUNDAM;SUNRISE;水岛精二;机动战士高达00;TV;我就是高达;2007;原创;機動戦士ガンダムOO;蛋蛋;机战;萝卜;宫野真守;科幻;2007年10月;神谷浩史;神棍;日本;黑田洋介;战斗;战争;水島精二;川井宪次;黒田洋介;杯具;富野由悠季;川井憲次;热血;2007年,刹那·F·清英;洛克昂·斯特拉托斯;阿雷路亚·哈普提兹姆;提耶利亚·厄德;玛丽娜·伊斯梅尔;菲尔特·格雷斯;皇·李·诺列加;里西典达尔·杰利;拉塞·艾恩;克里斯蒂娜·雪拉;王留美;红龙
592,https://bgm.tv/subject/261805,Re：从零开始的异世界生活 冰结之绊,2019-11-08,6.7,4479,https://lain.bgm.tv/pic/cover/l/29/f6/261805_0XD0Z.jpg,OVA;剧场版;WHITEFOX;异世界;轻小说改;奇幻;2019;Re:ゼロから始める異世界生活;战斗;轻改;2019年11月;小说改;日本;渡边政治;Re:从零开始异世界生活;穿越;轮回;恋爱;渡邊政治;2019年;Re：从零开始的异世界生活;后宫;re0;2019年10月;续作;WHITE_FOX;冒险;横谷昌宏;高桥李依;从零开始的异世界生活,艾米莉娅;帕克;菜月昴;拉姆;蕾姆;罗兹瓦尔·L·梅札斯
593,https://bgm.tv/subject/296870,我们的重制人生,2021-07-03,6.4,5948,https://lain.bgm.tv/pic/cover/l/1d/ea/296870_gtFm2.jpg,穿越;2021年7月;轻小说改;校园;青春;Feel.;励志;TV;恋爱;2021;轻改;小说改;日常;木緒なち;日本;小林智樹;伊藤昌弘;职场;后宫;小林智树;废萌;党争;爱美;2021年;我们的重制人生;奇幻;治愈;2021夏;重生;创作,桥场恭也;志野亚贵;小暮奈奈子;河濑川英子;鹿苑寺贯之;火川元气郎;加纳美早纪;登美丘罫子;慈照寺小百合;樋山友梨佳;桐生孝史;杉本ミキオ
594,https://bgm.tv/subject/477207,深夜重拳,2024-07-08,7.3,7068,https://lain.bgm.tv/pic/cover/l/0c/cf/477207_0lA1U.jpg,原创;P.A.WORKS;2024年7月;搞笑;百合;TV;无法预测的命运之舞台;奇幻;2024;日本;本间修;日常;白坂英晃;吸血鬼;本間修;轻百合;自媒体;長谷川育美;职场;2024年;偶像;深夜重拳;长谷川育美;2024夏;喜剧;羊宮妃那;轻百;直播;羊宫妃那;网络,真咲;莉布;莓子;谱风;十景;雪;橘花;乙美;樱;绫;居酒屋店员;オーナー
595,https://bgm.tv/subject/10459,迷茫管家与懦弱的我,2011-07-07,6.6,5840,https://lain.bgm.tv/pic/cover/l/03/da/10459_HH35c.jpg,后宫;迷茫管家与懦弱的我;2011年7月;轻小说改;TV;伪男;花澤香菜;喜多村英梨;2011;恋爱;女性恐惧症的男生;Feel.;轻小说;校园;没种男;搞笑;轻改;小说改;女管家;井口裕香;日常;日本;卖肉;川口敬一郎;花泽香菜;2011年;吉田玲子;肉;2011夏;沢城みゆき,近卫昴;坂町近次郎;凉月奏;坂町红羽;宇佐美政宗;鸣海奈香流;早乙女莓;圣光君;末永未来
596,https://bgm.tv/subject/4284,亲吻姐姐,2010-04-05,6.7,5349,https://lain.bgm.tv/pic/cover/l/41/b0/4284_wf3UE.jpg,肉;姐控;KissXsis;无下限;TV;高耻度;后宫;2010年4月;校园;漫画改;Feel.;2010;竹達彩奈;卖肉;下限刷新;一般向;漫改;肉番;恋爱;我有SIS我自豪;姐姐亲我吧;日本;搞笑;日常;姐姐;里番;亲吻姐姐;名和宗則;工口;糟糕,住之江圭太;住之江亚香;住之江理香;三国美春;桐生三日月;桐生夕月
597,https://bgm.tv/subject/159725,罗小黑战记,2019-09-07,7.6,5483,https://lain.bgm.tv/pic/cover/l/10/e4/159725_G2bCk.jpg,国产;剧场版;2019;原创;罗小黑战记;奇幻;治愈;战斗;MTJJ;萌;有生之年;中国;动画电影;电影;玄幻;寒木春华;2019年;国漫;2019年9月;搞笑;国产动画;热血;日常;国创;中国动画;2010s;TV;动画;萌系;补标,罗小黑;无限;风息;府先生;鸠老;若水;潘靖;哪吒;妖灵会馆;黑咻;大爽;虚淮
598,https://bgm.tv/subject/99941,无头骑士异闻录×2 承,2015-01-10,7.4,5618,https://lain.bgm.tv/pic/cover/l/4a/e4/99941_7lPf5.jpg,轻小说改;2015年1月;成田良悟;DRRR！;TV;2015;朱夏;第二季;神谷浩史;电击文库;奇幻;轻改;花泽香菜;大森贵弘;群像;小说改;无头骑士异闻录;福山润;日本;剧情;大森貴弘;续作;战斗;悬疑;BrainsBase;吉森信;デュラララ!!;群像剧;泽城美雪;2015年,塞尔提·史特路尔森;龙峰帝人;纪田正臣;园原杏里;折原临也;平和岛静雄;岸谷新罗;门田京平;游马崎沃克;狩泽绘理华;渡草三郎;黑沼青叶
599,https://bgm.tv/subject/343656,测不准的阿波连同学,2022-04-01,6.4,5892,https://lain.bgm.tv/pic/cover/l/bd/15/343656_j6eWd.jpg,恋爱;校园;日常;2022年4月;搞笑;漫画改;TV;FelixFilm;萌;2022;漫改;水瀬いのり;bilibili;日本;神前暁;牧野友映;治愈;纯爱;2022年;萝莉;狗粮;测不准的阿波连同学;喜剧;日本动画;水濑祈;萌系;青春;动画;2022春;恋爱喜剧,阿波连玲奈;来堂;大城美月;石川;佐藤花子;桃原老师;宫平老师;来堂妹妹;双叶;淳;阿波连莲;阿波连绘琉
600,https://bgm.tv/subject/305515,雾山五行,2020-07-26,7.6,5596,https://lain.bgm.tv/pic/cover/l/a6/fe/305515_ITIZe.jpg,国产;水墨风;原创;战斗;六道无鱼;玄幻;2020年7月;2020;林魂;WEB;奇幻;好传动画;TV;中国;国产动画;国漫;热血;国创;雾山五行;武侠;2020年;动作;中国动画;水墨;六道无鱼动画工作室;2020夏;动画;打戏;OVA;2020s,闻人翊悬;嗔兽孔雀;苏小安;白义;申屠子夜;山子;渠黄;水冠;麒麟;公仪楚人;羽青;容成墨熙
601,https://bgm.tv/subject/338,全金属狂潮 校园篇,2003-08-26,8.1,6421,https://lain.bgm.tv/pic/cover/l/81/9f/338_W81CE.jpg,京阿尼;全金属狂潮;搞笑;爆笑;TV;校园;贺东招二;2003;校园篇;bon太君;轻小说改;全金属狂潮2;关智一;雪野五月;武本康弘;京都动画;全金属狂潮校园篇;小说改;轻改;科幻;2003年8月;萝卜;fumoffu;日本;喜剧;京都アニメーション;日常;京都;恋爱;机战,相良宗介;千鸟要;泰蕾莎·泰斯塔罗莎;梅利莎·毛;克鲁兹·威巴;理查德·马度卡斯;彭太君;林水敦信;美树原莲;风间信二;常盘恭子;神乐坂惠里
602,https://bgm.tv/subject/43197,魔王勇者,2013-01-04,6.9,6019,https://lain.bgm.tv/pic/cover/l/ad/6b/43197_0bLWN.jpg,2013年1月;魔王勇者;轻小说改;TV;福山润;奇幻;小清水亚美;小说改;2013;恋爱;Arms;神谷浩史;轻改;小清水亜美;戸松遥;异世界;斎藤千和;经济;福山潤;日本;种田;東山奈央;后宫;战斗;高桥丈夫;2013年;日常;高橋丈夫;搞笑;アームス,魔王;勇者;女骑士;女仆长;女仆姐;女仆妹;女魔法使;火龙公女;青年商人
603,https://bgm.tv/subject/2973,名侦探柯南 迷宫的十字路口,2003-04-19,7.2,5161,https://lain.bgm.tv/pic/cover/l/e3/7b/2973_4Jwzq.jpg,剧场版;名侦探柯南;2003;推理;名探偵コナン;迷宮の十字路;柯南;TMS;原创;花舞の街;服部平次;悬疑;仓木麻衣;日本;劇場版;恋爱;漫画改;迷宫的十字路口;2003年;こだま兼嗣;漫改;2003年4月;儿玉兼嗣;TMSEntertainment;小和叶;映画;童年;剧情;电影;古内一成,江户川柯南;工藤新一;毛利兰;服部平次;远山和叶;毛利小五郎;白鸟任三郎;阿笠博士;灰原哀;吉田步美;小岛元太;圆谷光彦
604,https://bgm.tv/subject/343106,继母的拖油瓶是我的前女友,2022-07-06,5.7,5939,https://lain.bgm.tv/pic/cover/l/49/54/343106_cT6ZV.jpg,恋爱;轻小说改;校园;2022年7月;TV;日常;project-No.9;轻改;2022;projectNo.9;搞笑;小说改;柳伸亮;日本;三重野瞳;日高里菜;妹控;2022年;青春;下野紘;后宫;前任;继母的拖油瓶是我的前女友;惨遭动画化;p9;日本动画;project_No.9;兄妹;2022夏;纯爱,伊理户水斗;伊理户结女;南晓月;川波小暮;东头伊佐奈;伊理户峰秋;伊理户由仁
605,https://bgm.tv/subject/99538,日常系的异能战斗,2014-10-06,6.6,5560,https://lain.bgm.tv/pic/cover/l/e2/1e/99538_khe3t.jpg,轻小说改;后宫;2014年10月;TRIGGER;校园;TV;早見沙織;中二;日常系的异能战斗;轻改;2014;日常;搞笑;小说改;異能バトルは日常系のなかで;奇幻;日本;萌;恋爱;战斗;超能力;早见沙织;高桥正典;2014年;可爱;异能;大塚雅彦;高橋正典;种田梨沙;望公太,安藤寿来;神崎灯代;栉川鸠子;高梨彩弓;姬木千冬;工藤美玲;九鬼圆;桐生一;相模静梦;满舰饰真子
606,https://bgm.tv/subject/185761,我的英雄学院 第二季,2017-03-25,6.5,5608,https://lain.bgm.tv/pic/cover/l/8e/5c/185761_1Z9KH.jpg,BONES;热血;2017年4月;漫画改;TV;战斗;我的英雄学院;JUMP;2017;漫改;校园;第二季;黑田洋介;长崎健司;日本;冈本信彦;超能力;续作;燃;奇幻;長崎健司;2017年;骨头社;日本动画;励志;悠木碧;辱华;梶裕贵;黒田洋介;马越嘉彦,绿谷出久;爆豪胜己;丽日御茶子;欧尔麦特;饭田天哉;轰焦冻;蛙吹梅雨;峰田实;八百万百;常暗踏阴;切岛锐儿郎;上鸣电气
607,https://bgm.tv/subject/448478,失忆投捕,2024-04-09,7.9,6682,https://lain.bgm.tv/pic/cover/l/70/80/448478_47IsZ.jpg,运动;MAPPA;棒球;2024年4月;漫画改;搞笑;TV;校园;2024;热血;漫改;横手美智子;宮野真守;日本;中园真登;中園真登;励志;青春;竞技;失忆投捕;2024年;日常;TVA;运动番;治愈;増田俊樹;季番;日本动画;失忆;成长,清峰叶流火;要圭;藤堂葵;千早瞬平;山田太郎;土屋和季;国都英一郎;卷田广伸;桐岛秋斗;铃木;佐藤;楠田龙树
608,https://bgm.tv/subject/118908,境界的彼方 -I'LL BE HERE- 未来篇,2015-04-25,6.7,4887,https://lain.bgm.tv/pic/cover/l/52/87/118908_DCFDk.jpg,剧场版;京阿尼;境界的彼方;轻小说改;恋爱;奇幻;2015;2015年4月;战斗;石立太一;京都动画;种田梨沙;轻改;京都アニメーション;小说改;校园;京都;日本;KENN;2015年;花田十辉;花田十輝;治愈;铃木达央;茅原实里;搞笑;续作;映画;TV;青春,栗山未来;神原秋人;名濑博臣;名濑美月;新堂爱;二之宫雫;名濑泉;藤真弥勒;神原弥生;新堂彩华;烤红薯;未来的母亲
609,https://bgm.tv/subject/306742,Love Live! Superstar!!,2021-07-11,6.5,6127,https://lain.bgm.tv/pic/cover/l/bf/92/306742_MvLk2.jpg,偶像;原创;SUNRISE;LoveLive！;校园;2021年7月;TV;百合;音乐;2021;花田十輝;花田十辉;京極尚彦;LL;日本;日升;LoveLive;轻百合;京极尚彦;日常;唐可可;青春;LoveLive!;2021年;日本动画;励志;サンライズ;TVA;季番;藤澤慶昌,Liella!;涩谷香音;唐可可;岚千砂都;平安名堇;叶月恋;Sunny Passion;柊摩央;圣泽悠奈;秋叶原记者;叶月花;理事长
610,https://bgm.tv/subject/373266,欢迎来到实力至上主义的教室 第三季,2024-01-03,5.9,5339,https://lain.bgm.tv/pic/cover/l/50/4d/373266_BiqQm.jpg,校园;轻小说改;2024年1月;智斗;装逼;TV;Lerche;欢迎来到实力至上主义教室;2024;轻改;小说改;续作;日本;后宫;岸誠二;龙傲天;2023;恋爱;日常;仁昌寺義人;战斗;仁昌寺义人;岸诚二;未定档;党争;欢迎来到实力至上主义的教室;2024年;动画;青春;第三季,绫小路清隆;堀北铃音;坂柳有栖;一之濑帆波;龙园翔;轻井泽惠;栉田桔梗;须藤健;平田洋介;高圆寺六助;山内春树;池宽治
611,https://bgm.tv/subject/111762,冰菓 应该持有之物,2013-01-12,7.3,4686,https://lain.bgm.tv/pic/cover/l/b0/fb/111762_w1H19.jpg,OVA;京阿尼;2013;推理;轻小说改;青春;武本康弘;校园;京都动画;冰果;小说改;OAD;轻改;恋爱;京都アニメーション;日本;日常;2013年1月;推理系;冰菓;悬疑;2013年;京都;氷菓;中村悠一;真实系;田中公平;福利;番外;治愈,折木奉太郎;千反田爱瑠;福部里志;伊原摩耶花
612,https://bgm.tv/subject/498378,间谍过家家 第三季,2025-10-04,7.3,5411,https://lain.bgm.tv/pic/cover/l/3d/79/498378_3ycrL.jpg,日常;2025年10月;漫画改;搞笑;CloverWorks;喜剧;TV;WITSTUDIO;2025;间谍过家家;日本;家庭;漫改;治愈;续作;战斗;家庭喜剧;今井友纪子;今井友紀子;2025年;亲情;恋爱;校园;WIT_STUDIO;山崎莉乃;早见沙织;战争;萌;JUMP;京阿尼,劳埃德·福杰;约尔・福杰;阿尼亚·福杰;邦德·福杰;达米安·德斯蒙;贝琪·布莱克贝尔;菲奥娜·弗罗斯特;亨利·亨德森;尤里·布莱尔;弗兰基·弗兰克林;席尔薇亚·薛伍德;卡蜜拉
613,https://bgm.tv/subject/91651,中二病也要谈恋爱！恋 Lite,2013-12-26,6.9,4390,https://lain.bgm.tv/pic/cover/l/41/83/91651_vpgN9.jpg,京阿尼;泡面番;2014年1月;中二病也要谈恋爱！;恋爱;WEB;搞笑;中二病;校园;轻小说改;京都动画;2013;Lite;石原立也;小说改;京都;轻改;2014;中二病也要谈恋爱;OVA;TV;日常;第二季;中二;京都アニメーション;日本;SP;青春;2013年12月;萌,小鸟游六花;富樫勇太;丹生谷森夏;富樫樟叶;富樫梦叶;凸守早苗;勇太的母亲;七宫智音;奇美拉
614,https://bgm.tv/subject/176478,兽娘动物园,2017-01-10,7.7,6308,https://lain.bgm.tv/pic/cover/l/18/1f/176478_kk61b.jpg,2017年1月;游戏改;TV;兽娘动物园;百合;3D;萌;治愈;2017;たつき;超自然;ヤオヨロズ;けものフレンズ;YAOYOROZU;原创;子供向;废土;日本;奇幻;furry;日常;公路片;2017年;科幻;兽娘;八百万;悬疑;动物;搞笑;公路,薮猫;包;幸运兽;耳廓狐;浣熊;巴布亚企鹅;洪堡企鹅;跳岩企鹅;皇家企鹅;帝企鹅;美洲豹;小食蚁兽
615,https://bgm.tv/subject/296659,Love Live! 虹咲学园校园偶像同好会,2020-10-03,7.5,5959,https://lain.bgm.tv/pic/cover/l/a7/35/296659_o709D.jpg,偶像;百合;SUNRISE;原创;LoveLive;2020年10月;TV;音乐;校园;2020;扭曲;河村智之;田中仁;ラブライブ;鬼頭明里;LoveLive！;日本;日常;轻百合;2020年;青春;10月;横田拓己;霸权;LoveLive!;夹脚;治愈;サンライズ;季番;TVA,高咲侑;虹咲学园学园偶像同好会;上原步梦;中须霞;樱坂雫;朝香果林;宫下爱;近江彼方;优木雪菜;艾玛·维尔德;天王寺璃奈;克里斯蒂娜
616,https://bgm.tv/subject/326868,天才王子的赤字国家振兴术,2022-01-11,6,5669,https://lain.bgm.tv/pic/cover/l/26/e2/326868_Kb630.jpg,异世界;轻小说改;2022年1月;搞笑;白毛;TV;横滨AnimationLABO;奇幻;轻改;2022;高橋李依;小说改;日本;政治;斉藤壮馬;恋爱;玉川真人;智斗;战斗;龙傲天;2022年;厕纸;后宫;战争;天才王子的赤字国家振兴术;高桥李依;白毛红瞳;日本动画;种田;日常,维恩·萨雷马·阿尔巴斯特;妮妮姆·拉雷;芙拉妮雅·埃尔克·阿尔巴斯特;洛薇蜜娜·亚斯瓦尔德;菲雪·布兰戴尔;那那奇;泽诺;哈加尔;拉克鲁姆;格鲁耶尔·索尔杰斯特;托尔切拉·苏厥世;迦德莫雅
617,https://bgm.tv/subject/236020,来玩游戏吧,2018-07-08,7.6,6104,https://lain.bgm.tv/pic/cover/l/fb/c2/236020_6wt6b.jpg,搞笑;颜艺;日常;2018年7月;漫画改;TV;Lerche;校园;2018;漫改;百合;岸誠二;岸诚二;来玩游戏吧;日本;小原好美;沙雕;轻百合;2018年;木野日菜;柿原優子;喜剧;ラルケ;游戏三人娘;吐槽;季番;电波;TVA;动画;日本动画,本田华子;奥莉薇;野村香纯;前多;樋口千纱都;学生会长;阿格里帕;副会长;香純の姉;济南老师;高柳老师;将棋部部長
618,https://bgm.tv/subject/204855,Fate/Apocrypha,2017-07-01,4.7,6303,https://lain.bgm.tv/pic/cover/l/b5/e2/204855_54956.jpg,Fate;A-1Pictures;Type-Moon;2017年7月;轻小说改;TV;战斗;奇幻;东出佑一郎;2017;轻改;Apocrypha;小说改;浅井義之;日本;2017年;浅井义之;横山克;热血;A-1;坂本真绫;東出祐一郎;型月;A-1_Pictures;恋爱;日本动画;动画;魔法;神奇东出;TVA,齐格;贞德;天草四郎;狮子劫界离;莫德雷德;阿塔兰忒;迦尔纳;阿喀琉斯;威廉·莎士比亚;斯巴达克斯;赛米拉米斯;齐格飞
619,https://bgm.tv/subject/96918,ALDNOAH.ZERO,2014-07-05,6.8,6290,https://lain.bgm.tv/pic/cover/l/87/95/96918_l2HJN.jpg,虚渊玄;泽野弘之;A-1Pictures;原创;2014年7月;萝卜;TV;科幻;机战;2014;雨宫天;TROYCA;kalafina;花江夏樹;A-1;青木英;战斗;あおきえい;日本;ALDNOAH.ZERO;战争;虚淵玄;2014年;澤野弘之;苍井启;A-1_Pictures;原创动画;高山カツヒコ;ALDNOAH_ZERO;小野贤章,界冢伊奈帆;斯雷因·特洛耶特;艾瑟依拉姆·薇瑟·艾莉欧斯亚;笕至刚;祭阳希咲;诘城佑太朗;泽布林;塞尔纳奇斯;凯特拉特塞;莱艾·阿里亚修;网文韵子;加姆・格拉弗特曼
620,https://bgm.tv/subject/528438,明天，美食广场见。,2025-07-07,7.5,6530,https://lain.bgm.tv/pic/cover/l/0d/5b/528438_cyCPQ.jpg,日常;漫画改;2025年7月;TV;花田十辉;百合;AtelierPontdarc;搞笑;2025;日本;漫改;校园;JK;轻百合;古贺一臣;2025年;治愈;空气系;吐槽;轻百;古賀一臣;花田十輝;7月;美食;青山吉能;奇幻;喜剧;聊天;成家慎一郎;Atelier_Pontdarc,和田;山本;齐藤;山田;泷泽;阿贝尔公爵
621,https://bgm.tv/subject/240838,多罗罗,2019-01-07,6.6,6054,https://lain.bgm.tv/pic/cover/l/d3/da/240838_5Ax95.jpg,MAPPA;手塚治虫;2019年1月;战斗;漫改;TV;奇幻;漫画改;2019;手塚PRODUCTION;古橋一浩;小林靖子;多罗罗;日本;古桥一浩;热血;冒险;手冢Production;武士;2019年;妖怪;治愈;日本动画;漫画改编;TWIN_ENGINE;致郁;时代剧;战争;手塚プロダクション;战国,百鬼丸;多罗罗;寿海;缝夫人;琵琶丸;醍醐景光;多宝丸
622,https://bgm.tv/subject/176518,星之梦,2016-07-07,7.3,5593,https://lain.bgm.tv/pic/cover/l/a1/1f/176518_Ny137.jpg,key;GAL改;游戏改;2016年7月;科幻;星之梦;治愈;davidproduction;2016;WEB;TV;planetarian～ちいさなほしのゆめ～;OVA;催泪;津田尚克;恋爱;末世;日本;david_production;2016年;机器人;废土;planetarian;奇幻;致郁;小野大辅;剧场版;游改;日本动画;小野大輔,星野梦美;废墟猎人
623,https://bgm.tv/subject/536,妖精的旋律,2004-07-25,7.3,6137,https://lain.bgm.tv/pic/cover/l/65/65/536_MKMkg.jpg,血腥;妖精的旋律;暴力美学;猎奇;冈本伦;TV;双重人格;2004;番茄酱;神配乐;漫画改;R18;暴力;2004年7月;Arms;Elfen_Lied;漫改;猫娘;日本;科幻;萌;战斗;OP!;奇幻;致郁;神户守;治愈;神戸守;Elfen;2004年,露西;耕太;娜娜;由香;真由;真理子;坂东;藏间;角泽长官;白河;香苗;角泽教授
624,https://bgm.tv/subject/121108,关于完全听不懂老公在说什么的事 第二季,2015-04-02,6.9,5329,https://lain.bgm.tv/pic/cover/l/79/07/121108_SY1Zk.jpg,泡面番;2015年4月;漫画改;搞笑;TV;关公说事;2015;日常;Seven;恋爱;旦那が何を言っているかわからない件;漫改;铃村健一;日本;泡面;治愈;狗粮;永居慎平;续作;田村ゆかり;2015年;关于完全听不懂老公在说什么的事;クール教信者;セブン;之后干了个爽;宅;第二季;田村由加莉;鈴村健一;日本动画,薰;一;树濑理乃;树濑望;蛋黄蛋;田中;山田;三木;木村柚子;砥部;旁白
625,https://bgm.tv/subject/312723,平稳世代的韦驮天们,2021-07-22,7.5,6041,https://lain.bgm.tv/pic/cover/l/15/af/312723_5SGC6.jpg,MAPPA;战斗;漫画改;2021年7月;奇幻;TV;猎奇;2021;漫改;クール教信者;智斗;城所聖明;noitaminA;瀬古浩司;日本;城所圣明;堀江由衣;搞笑;天原;血腥;热血;2021年;平稳世代的韦驮天们;濑古浩司;2021夏;季番;日本动画;出羽良彰;8分;朴璐美,隼人;伊斯理;波菈;琳;普兰提亚;吉尔;毘萨菈;克力;涅普特;欧巴米;未来;白兰蒂
626,https://bgm.tv/subject/146457,瑞克和莫蒂 第三季,2017-04-01,8.5,5274,https://lain.bgm.tv/pic/cover/l/c0/a7/146457_G7nNG.jpg,科幻;欧美;脑洞;搞笑;美国;TV;原创;2017;Rick;2017年4月;Morty;猎奇;欧美动画;丹尼哈蒙;动画;神作;瑞克和莫蒂;Rick_and_Morty;and;讽刺;Adult-Swim;美漫;AdultSwim;美国动画;2017年;续作;奇幻;日常;剧集;剧情,瑞克·桑切斯;莫蒂·史密斯;贝丝·史密斯;杰里·史密斯;萨默·史密斯;Jessica;Tammy;Gearhead;Principal Vagina;Mr.Poopybutthole;Goldenfold;Conroy
627,https://bgm.tv/subject/10339,青之驱魔师,2011-04-17,7.1,6928,https://lain.bgm.tv/pic/cover/l/e2/06/10339_UJ5JJ.jpg,青の祓魔師;兄弟;热血;2011年4月;福山潤;JUMP;TV;神谷浩史;花澤香菜;恶魔;2011;冈本信彦;尼桑;战斗;漫画改;A-1Pictures;蓝色驱魔师;2011四月番;奇幻;漫改;游佐浩二;日本;青之驱魔师;A-1;泽野弘之;福山润;梶裕貴;アニメ;花泽香菜;冈村天斋,奥村燐;奥村雪男;杜山诗惠美;胜吕龙士;志摩廉造;三轮子猫丸;神木出云;雾隐修拉;梅菲斯特·菲雷斯;宝音无;亚瑟·奥吉斯特·安吉尔;御馔津&保食
628,https://bgm.tv/subject/148481,东京喰种:re,2018-04-03,5.5,4939,https://lain.bgm.tv/pic/cover/l/eb/20/148481_v7x7A.jpg,战斗;东京喰种;2018年4月;TV;漫改;漫画改;StudioPierrot;奇幻;2018;热血;东京喰种:re;猎奇;续作;续期;日本;血腥;超级好看;小丑社;2018春;渡部穏寛;2018年;渡部稳宽;未确定;ぴえろ;黑暗;花江夏樹;2018年春;东京食尸鬼;日本动画;PIERROT,佐佐木琲世;瓜江久生;不知吟士;六月透;米林才子;雾岛董香;西尾锦;亚门钢太朗;月山习;呗;四方莲示;笛口雏实
629,https://bgm.tv/subject/390555,新 吊带袜天使,2025-07-09,7.5,6704,https://lain.bgm.tv/pic/cover/l/52/88/390555_11QS3.jpg,原创;TRIGGER;今石洋之;2025年7月;TV;搞笑;战斗;奇幻;喜剧;吊带袜天使;日本;2025;恶搞;续作;2023;抽象;美式;重口;猎奇;未确定;2025年;少儿不宜;百合;未定档;下限;季番;7月;单元剧;若林广海;日本动画,Panty;Stocking;布里夫;盖塔贝特;恰库;法斯特内尔;丝坎蒂;妮索克丝;波莉丝特;波利优兰;机械匠婊;水と油ゴースト
630,https://bgm.tv/subject/89751,漫画家和助手,2014-04-07,6.8,5325,https://lain.bgm.tv/pic/cover/l/4b/e0/89751_4IvUa.jpg,搞笑;2014年4月;泡面番;漫画改;漫画家和助手;TV;后宫;ZEXCS;早見沙織;钉宫理惠;2014;松岡禎丞;喜剧;漫改;日常;泡面番？;日本;古田丈司;节操;井口裕香;早见沙织;泡面;松冈祯丞;2014年;职场;恋爱;卖肉;糟糕;ヒロユキ;釘宮理恵,爱徒勇气;足须沙穗都;音砂见张;黑井濑奈;风羽玲奈;皆野缠;足须沙穗乃;胸罩猫
631,https://bgm.tv/subject/402656,青春猪头少年不会梦到娇怜外出妹,2023-06-23,6.6,5110,https://lain.bgm.tv/pic/cover/l/c4/bf/402656_SXThf.jpg,剧场版;CloverWorks;校园;恋爱;轻小说改;2023;青春;奇幻;青春猪头少年系列;轻改;小说改;2023年;増井壮一;续作;TV;2023年6月;日常;日本;治愈;鸭志田一;鴨志田一;增井壮一;青春猪头少年;2023年7月;横谷昌宏;妹妹;石川界人;亲情;未定档;2023年4月,梓川花枫;梓川咲太;樱岛麻衣;广川卯月的妈妈;广川卯月;友部美和子;丰滨和花;鹿野琴美;梓川父;双叶理央;古贺朋绘;国见佑真
632,https://bgm.tv/subject/18631,灼眼的夏娜III -Final-,2011-10-07,7.1,5538,https://lain.bgm.tv/pic/cover/l/56/47/18631_j5o2m.jpg,钉宫理惠;J.C.STAFF;灼眼のシャナIII;2011年10月;轻小说改;傲娇;最终季;TV;战斗;2011;灼眼のシャナ;奇幻;傲娇再开;萝莉;轻改;高桥弥七郎;小说改;灼眼的夏娜;恋爱;日本;渡部高志;夏娜;校园;好吧，期待吧;2011年;热血;续作;萌;半年番;小林靖子,夏娜;坂井悠二;吉田一美;亚拉斯特尔;池速人;佐藤启作;田中荣太;绪方真竹;坂井千草;坂井贯太郎;玛琼琳·朵;马可西亚斯
633,https://bgm.tv/subject/357962,魔都精兵的奴隶,2024-01-04,6.1,5556,https://lain.bgm.tv/pic/cover/l/ae/19/357962_eEjJA.jpg,后宫;肉番;2024年1月;漫画改;战斗;TV;奇幻;卖肉;SevenArcs;漫改;2024;鬼頭明里;日本;搞笑;便宜动画预定;久慈悟郎;异世界;肉;福利;恋爱;魔都精兵的奴隶;2023;2024年;露点;西村纯二;热血;日本动画;A3;动画;中西やすひろ,和仓优希;羽前京香;东日万凛;骏河朱朱;大川村宁;出云天花;东八千穂;若狭佐原;和仓青羽;钱函可可;汤野波音;备前银奈
634,https://bgm.tv/subject/37137,TARI TARI,2012-07-01,7.3,6308,https://lain.bgm.tv/pic/cover/l/de/a5/37137_2F57F.jpg,P.A.WORKS;青春;校园;原创;2012年7月;治愈;音乐;TV;2012;TARI_TARI;信PA得画质;早见沙织;高垣彩阳;日常;日本;橋本昌和;桥本昌和;励志;2012夏;関口可奈味;百合;横手美智子;2012年;早見沙織;浜口史郎;瀬戸麻沙美;高垣彩陽;TARI;社团;TVA,坂井和奏;宫本来夏;冲田纱羽;田中大智;维也纳;高桥智子;坂井圭介;高仓直子;冲田志保;池崎赖;坂井真昼;冲田正一
635,https://bgm.tv/subject/244761,剧场版 白箱,2020-02-29,7.5,6011,https://lain.bgm.tv/pic/cover/l/12/f3/244761_tGK1D.jpg,剧场版;P.A.WORKS;原创;2020;水岛努;职场;白箱;励志;业界;横手美智子;续作;喵森;原创动画;水島努;日本;映画;日常;动画制作;2020年;2020年2月;青春;治愈;2020年1月;SHIROBAKO;関口可奈味;百合;动画电影;浜口史郎;科普;TV,宫森葵;安原绘麻;坂木静香;藤堂美沙;今井绿;武藏野动画股份公司;宫井枫;矢野艾莉卡;佐藤沙罗;安藤椿;久乃木爱;高桥球儿
636,https://bgm.tv/subject/25823,零之使魔F,2012-01-07,6.7,5055,https://lain.bgm.tv/pic/cover/l/c4/9b/25823_RgPyZ.jpg,钉宫理惠;零之使魔;J.C.STAFF;后宫;2012年1月;轻小说改;TV;傲娇;2012;钉宫病;恋爱;异世界;第四季;轻改;肉;奇幻;小说改;露易蒂克絲;战斗;日本;魔法;614;巨乳;搞笑;穿越;卖肉;续作;岩崎良明;F;2012年,露易丝·法兰西斯·露·布朗·杜·拉·瓦利埃尔;平贺才人;卡托丽雅·伊维特·露·布朗·杜·拉·瓦利埃尔;艾丽欧诺尔·艾伯蒂妮·露·杜·拉·瓦丽埃尔;阿尼埃斯·修巴利耶·D·米兰;谢菲尔德;谢斯塔;蒂法妮亚·韦斯特伍德;安丽埃塔·杜·托里斯汀;塔巴萨;丘尔洁·奥古斯都·菲列特利加·封·安哈尔特·泽罗普斯特;伊露库库
637,https://bgm.tv/subject/2968,名侦探柯南 计时引爆摩天楼,1997-04-19,7.2,4891,https://lain.bgm.tv/pic/cover/l/62/da/2968_32745.jpg,剧场版;名探偵コナン;1997;名侦探柯南;推理;柯南;時計じかけの摩天楼;原创;TMS;初代剧场版;悬疑;1997年;日本;劇場版;漫画改;こだま兼嗣;漫改;映画;1997年4月;儿玉兼嗣;恋爱;童年;TMSEntertainment;90年代;电影;古内一成;TMS_Entertainment;动画电影;トムス・エンタテインメント;动画,江户川柯南;工藤新一;毛利兰;毛利小五郎;白鸟任三郎;阿笠博士;目暮十三;吉田步美;小岛元太;圆谷光彦;铃木园子;坂口
638,https://bgm.tv/subject/21032,猎人,2011-10-02,8.2,6413,https://lain.bgm.tv/pic/cover/l/fb/a6/21032_3I1I9.jpg,富奸;大坑;MADHouse;重制;猎人;热血;富坚义博;2011年10月;TV;漫画改;2011;战斗;JUMP;心情复杂;冒险;富奸义薄;Hunter;漫改;奇幻;日本;全职猎人;长篇;智斗;神志那弘志;富坚;神作;动画;HUNTER×HUNTER;2011年;看一下看看,杰·富力士;奇犽·揍敌客;酷拉皮卡;雷欧力·帕拉丁奈特;西索·莫罗;凯特;米特;艾萨克·尼特罗;半藏;爆库儿;邦子;ニコル
639,https://bgm.tv/subject/97305,剧场版 空之境界 未来福音 extra chorus,2013-09-28,7.7,5027,https://lain.bgm.tv/pic/cover/l/5f/34/97305_MMs0b.jpg,剧场版;Type-Moon;ufotable;空之境界;2013;奈须きのこ;梶浦由記;轻小说改;空の境界;奇幻;小说改;坂本真綾;OVA;轻改;鈴村健一;2013年9月;青木英;梶浦由记;战斗;2013年;日本;あおきえい;恋爱;治愈;奈须蘑菇;型月;两仪式;坂本真绫;映画;未来福音,两仪式;黑桐干也;宫月理理栖;浅上藤乃;苍崎橙子;濑尾静音;黑桐鲜花
640,https://bgm.tv/subject/2354,DARKER THAN BLACK -流星的双子-,2009-10-08,7.4,5803,https://lain.bgm.tv/pic/cover/l/d2/54/2354_6QmTz.jpg,BONES;黒の契約者;流星の双子;骨头社;TV;原创;2009年10月;2009;花澤香菜;黑之契约者;战斗;李舜生;黑;银;奇幻;神作的續集;超能力;冈村天斋;DTB;黑之契约者流星の双子;岡村天斎;日本;花泽香菜;续作;流星双子;科幻;黑叔;2009年;热血;萝莉,黑;苏芳·帕夫利琴科;July;佩恰;猫;银;紫苑·帕夫利琴科;帕夫利琴科博士;塔尼娅·阿克罗;尼卡;萨西亚;艾蕾娜
641,https://bgm.tv/subject/260770,请问您今天要来点兔子吗？BLOOM,2020-10-10,7.6,5097,https://lain.bgm.tv/pic/cover/l/0a/16/260770_x4N8v.jpg,芳文社;百合;日常;萌系;2020年10月;漫画改;TV;请问您今天要来点兔子吗？;2020;轻百合;治愈;漫改;萌;萝莉;Encourage_Films;EncourageFilms;日本;续作;萌豚;搞笑;桥本裕之;轻百;橋本裕之;エンカレッジフィルムズ;点兔;2020年;佐仓绫音;WHITEFOX;水瀬いのり;废萌,保登心爱;香风智乃;天天座理世;宇治松千夜;桐间纱路;条河麻耶;奈津惠;青山翠;真手凛;保登摩卡;香风隆宏;提比
642,https://bgm.tv/subject/226507,One Room 第二季,2018-07-02,6.8,4933,https://lain.bgm.tv/pic/cover/l/87/1e/226507_dBZCh.jpg,泡面番;恋爱;第一视角;原创;2018年7月;TV;日常;ZERO-G;2018;泡面;One_Room;カントク;2018年;第2期;日本;原创动画;治愈;续作;OneRoom;萌;ゼロジー;水瀬いのり;高桥李依;监督;上田慎一郎;Room;水濑祈;短片;ONE;M・A・O,花坂结衣;七桥御乃梨;天月真白
643,https://bgm.tv/subject/8081,荒川爆笑团2,2010-10-03,7.6,5704,https://lain.bgm.tv/pic/cover/l/4a/fe/8081_o68Z8.jpg,新房昭之;搞笑;荒川爆笑团;电波系;SHAFT;神谷浩史;2010年10月;TV;2010;坂本真綾;杉田智和;漫画改;招兵买马;第二季;日常;电波;小珊;子安武人;漫改;2010-10月番;日本;恋爱;吐槽;笑得肚子疼;治愈;坂本真绫;中村光;续作;十月番;中村悠一,市之宫行;小珊/妮诺;修女;村长;星星;小白;P子;史黛拉;玛利亚;末代武士;比利;贾桂琳
644,https://bgm.tv/subject/41658,向山进发,2013-01-02,7.1,5752,https://lain.bgm.tv/pic/cover/l/f3/b2/41658_Gsis2.jpg,泡面番;百合;2013年1月;TV;漫画改;8bit;治愈;治愈系;2013;日常;阿澄佳奈;向山进发;井口裕香;山本裕介;漫改;小倉唯;轻百合;泡面;日本;8-Bit;萌;运动;日笠陽子;登山;エイトビット;2013年;松尾祐輔;轻百;校园;松尾祐辅,雪村葵;仓上日向;斋藤枫;青羽心夏;仓上健一;美绪;百合;羊驼
645,https://bgm.tv/subject/20547,迷糊餐厅 第二季,2011-10-01,7.6,5791,https://lain.bgm.tv/pic/cover/l/59/2b/20547_Fqawr.jpg,搞笑;WORKING;轻喜剧;2011年10月;A-1Pictures;TV;福山润;日常;漫画改;2011;神谷浩史;亚麻大;恋爱;男性恐惧症;没有萨满汪汪;漫改;萝莉控;打工;职场;十月番;日本;阿澄佳奈;大槻敦史;小野大辅;治愈;欢乐;迷糊餐厅;A-1;萌;续作,小鸟游宗太;佐藤润;相马博臣;种岛白杨;伊波真昼;轰八千代;白藤杏子;山田葵;音尾兵吾;松本麻耶;小鸟游一枝;小鸟游泉
646,https://bgm.tv/subject/141530,瑞克和莫蒂 第二季,2015-07-26,8.4,5070,https://lain.bgm.tv/pic/cover/l/63/28/141530_HCCpE.jpg,科幻;美国;脑洞;欧美;TV;2015;搞笑;原创;Rick_and_Morty;猎奇;美国动画;Adult-Swim;神作;SF;结尾煽情;瑞克和莫蒂;2015年7月;美漫;奇幻;2015年;Rick;动画;讽刺;AdultSwim;Morty;欧美动画;续作;剧集;Dan_Harmon;战斗,瑞克·桑切斯;莫蒂·史密斯;贝丝·史密斯;杰里·史密斯;萨默·史密斯;Unity;Jessica;Snuffles;Tammy;Birdperson;Gearhead;Squanchy
647,https://bgm.tv/subject/277436,伍六七之最强发型师,2019-10-23,7.2,4637,https://lain.bgm.tv/pic/cover/l/9f/42/277436_sVpfF.jpg,国产;搞笑;原创;战斗;刺客伍六七;2019年10月;2019;TV;何小疯;小疯映画;WEB;国漫;热血;中国;续集;武侠;奇幻;续作;群像;治愈;恋爱;2019年;日常;2010s;国产动画;国创;动作;伍六七;10月;剧集,伍六七;梅花十三;鸡大保;小飞鸡;江惠莲;青凤;梅花大侠;守打刘丸;烂命华;赤牙;梅花十一;春风一郎
648,https://bgm.tv/subject/979,黑礁,2006-04-08,7.8,5976,https://lain.bgm.tv/pic/cover/l/c3/2d/979_Pw5W0.jpg,暴力美学;黑礁;MADHouse;枪战;TV;御姐;2006年4月;2006;漫画改;现代黑帮;战斗;暴力;广江礼威;漫改;莱薇;日本;暴力最高;黑帮;片渕須直;双子;犯罪;片渊须直;黑幫天堂;热血;动画;2006年;动作;広江礼威;浪川大辅;日本动画,洛克;ラグーン商会;莱薇;达奇;本尼;巴拉莱卡;张维新;仙华;罗贝尔特;The Church of Violence;ヨランダ
649,https://bgm.tv/subject/2790,好想告诉你,2009-10-06,7.6,5914,https://lain.bgm.tv/pic/cover/l/ec/0b/2790_gng9Z.jpg,纯爱;校园;能登麻美子;好想告诉你;少女向;治愈;2009年10月;恋爱;治愈清新;TV;好想急死你;2009;I.G;浪川大辅;漫画改;ProductionI.G;治愈系;Production.I.G;君届;贞子;漫改;純愛;青春;日本;校園;少女;日常;中村悠一;君に届け;鏑木ひろ,黑沼爽子;风早翔太;矢野绫音;吉田千鹤;真田龙;胡桃泽梅;荒井一市;远藤朋美;真田彻;城之内宗一;高桥千草;平野依里子
650,https://bgm.tv/subject/253628,家有女友,2019-01-11,6.2,5673,https://lain.bgm.tv/pic/cover/l/33/f9/253628_F42y2.jpg,恋爱;胃药;2019年1月;TV;漫改;漫画改;Diomedéa;校园;禁断之恋;2019;家有女友;内田真礼;流石景;日笠阳子;日本;后宫;井畑翔太;胃疼;党争;Diomedea;伦理;肉;扭曲;肉番;青春;2019年;日常;卖肉;小原好美;季番,橘瑠衣;橘阳菜;藤井夏生;柾冈悠弥;木根和志;柏原桃;苇原美雨;栗本文哉
651,https://bgm.tv/subject/83402,Fate/kaleid liner 魔法少女☆伊莉雅 2wei!,2014-07-09,7.1,4887,https://lain.bgm.tv/pic/cover/l/f8/d7/83402_BBeb9.jpg,百合;Type-Moon;魔法少女☆伊莉雅;2014年7月;漫画改;SILVERLINK.;TV;Fate;魔法少女;大沼心;2014;萌;战斗;漫改;魔法少女伊莉雅;萝莉;奇幻;日本;神保昌登;搞笑;2014年;FatekaleidLiner;日常;续作;校园;轻百合;魔法;型月;伊莉雅;SILVER_LINK.,伊莉雅斯菲尔·冯·爱因兹贝伦 (Prisma☆Illya);美游·艾德费尔特;克洛伊·冯·爱因兹贝伦;远坂凛 (Prisma☆Illya);露维亚瑟琳塔·艾德费尔特 (Prisma☆Illya);红宝石之星;蓝宝石之星;巴泽特·弗拉加·麦克雷米兹 (Prisma☆Illya);卡莲·奥尔黛西亚 (Prisma☆Illya);卫宫士郎 (伊莉雅世界);藤村大河 (Prisma☆Illya);塞拉 (Prisma☆Illya)
652,https://bgm.tv/subject/525565,相反的你和我,2026-01-11,7.7,6982,https://lain.bgm.tv/pic/cover/l/71/50/525565_OxOv7.jpg,恋爱;校园;2026年1月;漫画改;TV;搞笑;LapinTrack;2026;日本;日常;漫改;青春;少年向;长友孝和;喜剧;群像;ラパントラック;纯爱;2026冬;2026年;治愈;長友孝和;1月;内海照子;游戏改;阿贺泽红茶;动画;相反的你和我;鈴代紗弓;TVA,谷悠介;铃木实优;渡边真奈美;佐藤葵;东紫乃;平秀司;山田健太郎;西奈津美;本田梨花子;盛本;新见仁子;川崎
653,https://bgm.tv/subject/67826,噬血狂袭,2013-10-04,6.6,5310,https://lain.bgm.tv/pic/cover/l/c0/f7/67826_oa7Xa.jpg,后宫;轻小说改;2013年10月;嗜血狂袭;TV;战斗;SILVERLINK.;2013;奇幻;轻改;三雲岳斗;校园;卖肉;吉野弘幸;小说改;日本;恋爱;CONNECT;2013年10月秋アニメ;噬血狂袭;BLOOD;山本秀世;种田梨沙;肉番;吸血鬼;2013年;肉;STRIKE;细谷佳正;搞笑,晓古城;姬柊雪菜;蓝羽浅葱;煌坂纱矢华;晓凪沙;矢濑基树;南宫那月;叶濑贤生;妮娜·阿迪拉德;布鲁德·丹柏葛拉夫;吉拉·雷别戴夫·瓦尔迪兹拉瓦;特毕亚斯·加坎
654,https://bgm.tv/subject/5653,尸鬼,2010-07-08,7.2,6001,https://lain.bgm.tv/pic/cover/l/d7/e4/5653_5ugTB.jpg,悬疑;恐怖;尸鬼;小野不由美;2010年7月;TV;2010;内涵;下巴好尖;童梦;小说改;微内涵;藤崎龙;漫画改;内山昂辉;户松遥;轻小说改;猎奇;2010年7月番;日本;人性;奇幻;童夢;noitaminA;致郁;轻改;悠木碧;网野哲郎;血腥;アニメ,结城夏野;尾崎敏夫;室井静信;桐敷沙子;仓桥佳枝;清水惠;武藤彻;村迫正雄;田中薰;田中昭;室井信明;室井美和子
655,https://bgm.tv/subject/240039,不吉波普不笑,2019-01-04,7.3,6003,https://lain.bgm.tv/pic/cover/l/41/2a/240039_DSzs2.jpg,MADHouse;轻小说改;2019年1月;悬疑;TV;夏目真悟;奇幻;2019;轻改;悠木碧;牛尾憲輔;战斗;世界系;小说改;日本;群像;鈴木智尋;牛尾宪辅;意识流;不吉波普不笑;校园;电波;2019年;剧情;日本动画;上遠野浩平;2018;上远野浩平;科幻;猎奇,不吉波普／宫下藤花;雾间凪;末真和子;竹田启司;新刻敬;纸木城直子;早乙女正美;田中志郎;百合原美奈子;共鸣者;谷口正树;织机绮
656,https://bgm.tv/subject/444403,怪人的沙拉碗,2024-04-04,7.1,6305,https://lain.bgm.tv/pic/cover/l/b8/0b/444403_u441B.jpg,搞笑;2024年4月;轻小说改;日常;TV;穿越;StudioComet;2024;轻改;平坂読;奇幻;群像;小说改;SynergySP;平坂读;日本;佐藤昌文;养女儿;异世界;萝莉;治愈;百合;逆穿越;都市;怪人的沙拉碗;喜剧;2024年;后宫;TVA;スタジオコメット,镝矢惣助;萨拉·达·奥丁;利维娅·德·伍迪斯;蜜桃臀;皆神望爱;爱崎布兰达;永绳友奈;闺春花;草薙勋;武雄;铃木;竹本幸司
657,https://bgm.tv/subject/763,零之使魔 三美姬的轮舞,2008-07-06,6.6,4936,https://lain.bgm.tv/pic/cover/l/ee/fc/763_w955d.jpg,钉宫理惠;零之使魔;傲娇;J.C.STAFF;TV;2008年7月;轻小说改;后宫;卖肉;2008;ゼロの使い魔～三美姫の輪舞～;钉宫病;奇幻;贫乳;异世界;轻改;小说改;恋爱;日本;战斗;614;钉宫;搞笑;魔法;无口;穿越;最萌;续作;2008年;第三季,露易丝·法兰西斯·露·布朗·杜·拉·瓦利埃尔;平贺才人;卡托丽雅·伊维特·露·布朗·杜·拉·瓦利埃尔;艾丽欧诺尔·艾伯蒂妮·露·杜·拉·瓦丽埃尔;谢斯塔;安丽埃塔·杜·托里斯汀;丘尔洁·奥古斯都·菲列特利加·封·安哈尔特·泽罗普斯特;塔巴萨;蒂法妮亚·韦斯特伍德;伊露库库;基修·杜·格拉蒙;阿尼埃斯·修巴利耶·D·米兰
658,https://bgm.tv/subject/474906,小市民系列,2024-07-06,6.2,7323,https://lain.bgm.tv/pic/cover/l/e2/f4/474906_z0h44.jpg,推理;2024年7月;米泽穗信;小说改;TV;LapinTrack;校园;日常;轻小说改;2024;恋爱;轻改;羊宮妃那;神户守;日本;神戸守;悬疑;大野敏哉;2024年;小市民系列;斋藤敦史;青春;ラパントラック;小市民;米澤穂信;武内宣之;2024夏;季番;电影感;羊宫妃那,小鸠常悟朗;小佐内由纪;堂岛健吾;吉口;高田;下村;坂上;尾崎;堂岛知里;门地让治;真木島みどり;五日市公也
659,https://bgm.tv/subject/29139,龙与虎OVA 便当的精髓,2011-12-21,7.3,4573,https://lain.bgm.tv/pic/cover/l/23/de/29139_00UEe.jpg,OVA;J.C.STAFF;钉宫理惠;龙与虎;校园;2011;掌中萌虎;恋爱;傲娇;爱妻便当;轻小说改;治愈;超怀念;傲娇时代最后的经典;小说改;轻改;长井龙雪;日本;日常;青春;龙X虎;便当;2011年12月;龙儿;搞笑;長井龍雪;冈田麿里;2011年;堀江由衣;喜多村英梨,高须龙儿;逢坂大河;栉枝实乃梨;川岛亚美;北村佑作;能登久光;春田浩次;恋洼百合;香椎奈奈子;高须泰子;木原麻耶;小鹦
660,https://bgm.tv/subject/1029,悠久之翼2,2008-10-06,8.1,5944,https://lain.bgm.tv/pic/cover/l/84/d2/1029_Zc2U6.jpg,新房昭之;大沼心;ef;SHAFT;GAL改;催泪;TV;minori;天门;2008年10月;ef_a_tale_of_melodies.;2008;游戏改;恋爱;GAL;黑历史;新房;治愈;校园;日本;爱情;黑白优子画最高！;神作;致郁;悠久之翼;续作;虐心;奇幻;2008年;七尾奈留,火村夕;雨宫优子;羽山瑞希;久濑修一;新藤千寻;麻生莲治;广野纮;宫村宫子;堤京介;新藤景;广野凪;雨宫明良
661,https://bgm.tv/subject/38040,Little Busters!,2012-10-06,7.2,5917,https://lain.bgm.tv/pic/cover/l/46/ea/38040_KFMP9.jpg,key;J.C.STAFF;GAL改;2012年10月;校园;催泪;TV;key社;2012;游戏改;Busters!;Little;治愈;神作;等得花儿都谢了;緑川光;麻枝准;京阿尼;日本;恋爱;友情;日常;搞笑;山川吉树;青春;山川吉樹;堀江由衣;半年番;2012年;万分给力,直枝理树;枣铃;枣恭介;神北小毬;三枝叶留佳;能美·库特莉亚芙卡;西园美鱼;阿酱前辈;西园美鸟;井之原真人;宫泽谦吾;来谷唯湖
662,https://bgm.tv/subject/2970,名侦探柯南 世纪末的魔术师,1999-04-17,7.2,4705,https://lain.bgm.tv/pic/cover/l/6d/b2/2970_Tj4Nk.jpg,剧场版;名探偵コナン;1999;名侦探柯南;推理;柯南;世紀末の魔術師;TMS;原创;基德;悬疑;劇場版;漫画改;日本;1999年;kid;映画;恋爱;こだま兼嗣;儿玉兼嗣;漫改;1999年4月;神蛋;90年代;童年;电影;TMSEntertainment;古内一成;トムス・エンタテインメント;青山刚昌,江户川柯南;工藤新一;毛利兰;怪盗基德;毛利小五郎;白鸟任三郎;目暮十三;阿笠博士;灰原哀;吉田步美;小岛元太;高木涉
663,https://bgm.tv/subject/1487,樱兰高校男公关部,2006-04-04,7.7,5711,https://lain.bgm.tv/pic/cover/l/6d/3a/1487_LWPqQ.jpg,BONES;櫻蘭男公關;后宫;宮野真守;2006;TV;坂本真绫;治愈系;搞笑;男公关;校园;漫画改;腐;天然呆;樱兰高校;恋爱;少女向;双子;2006年4月;笨蛋;HONEY前輩;漫改;春绯;逆后宫;樱兰;乙女向;恶搞;五十岚卓哉;日本;治愈,藤冈春日;须王环;凤镜夜;常陆院光;常陆院馨;植之塚光邦;铦之塚崇;上贺茂椿;仓贺野百华;藤冈凉二;宝积寺莲华;右京千影
664,https://bgm.tv/subject/22179,黑岩射手,2012-02-02,6.4,5445,https://lain.bgm.tv/pic/cover/l/fa/4c/22179_fkp9h.jpg,黑岩射手;百合;原创;TV;2012年1月;BRS;ProductionI.G;花泽香菜;2012;noitaminA;战斗;少女;黑岩;Ordet;山本宽;2012年2月;奇幻;Production.I.G;宽叔;Miku;岡田麿里;日本;今石洋之;校园;SANZIGEN;冈田麿里;吉岡忍;三次元;2012年;吉冈忍,黑衣麻陶;小鸟游黄泉;神足由宇;纳野沙耶;出灰篝;黑岩射手;死亡之主;Strength;Black Gold Saw;Chariot;小幡新;体育部部员
665,https://bgm.tv/subject/299,再见绝望先生,2007-07-07,7.8,5893,https://lain.bgm.tv/pic/cover/l/ef/0d/299_0srrf.jpg,新房昭之;绝望先生;SHAFT;久米田康治;神谷浩史;TV;讽刺;电波;2007年7月;2007;漫画改;社会问题;系色望;绝望啦;漫改;搞笑;吐槽;日本;校园;绝望;后宫;治愈系;日常;2007年;新房;井上麻里奈;野中蓝;新房大神;内涵;治愈,糸色望;风浦可符香（P.N.）;木津千里;小森雾;常月缠;木村卡爱拉;关内·玛丽亚·太郎;小节浴;日塔奈美;藤吉晴美;音无芽留;臼井影郎
666,https://bgm.tv/subject/291412,在地下城寻求邂逅是否搞错了什么 第三季,2020-10-02,6.6,4728,https://lain.bgm.tv/pic/cover/l/b6/d5/291412_zE2C2.jpg,J.C.STAFF;战斗;2020年10月;轻小说改;后宫;奇幻;TV;异世界;轻改;2020;期待在地下城邂逅有错吗Ⅲ;小说改;期待在地下城邂逅有错吗;日本;冒险;续作;热血;橘秀樹;橘秀树;日本动画;松冈祯丞;恋爱;在地下城寻求邂逅是否搞错了什么;2020年;2020年7月;搞笑;地错;水瀬いのり;动画;松岡禎丞,贝尔·克朗尼;赫斯缇雅;莉莉露卡·厄德;韦尔夫·克洛;倭·命;三条野·春姬;薇妮;艾丝·华伦斯坦;埃伊娜·祖尔;希儿·福罗瓦;琉·利昂;洛基
667,https://bgm.tv/subject/513345,薰香花朵凛然绽放,2025-07-05,6.9,5914,https://lain.bgm.tv/pic/cover/l/b8/0d/513345_jv4wM.jpg,恋爱;校园;CloverWorks;2025年7月;漫画改;TV;2025;漫改;日本;日常;纯爱;少年向;黑木美幸;青春;2025年;黒木美幸;治愈;山崎莉乃;日本动画;少女漫;搞笑;未定档;女性向;薰香花朵凛然绽放;2025夏;少女;新番;TVA;井上ほの花;少女向,䌷凛太郎;和栗薰子;宇佐美翔平;夏泽朔;依田绚斗;保科昴;䌷杏子;䌷圭一郎;柚原圆;泽渡亚由美;浅仓铃香;源千纱
668,https://bgm.tv/subject/15237,神的记事本,2011-07-02,6.7,6187,https://lain.bgm.tv/pic/cover/l/60/eb/15237_y1hzw.jpg,NEET侦探;2011年7月;J.C.STAFF;神様のメモ帳;爱丽丝;TV;轻小说改;NEET;小仓唯;loli侦探;推理;2011;神的记事本;岸田メル;杉井光;Dr.Pepper;小说改;轻改;萝莉;JC;悬疑;辉夜姬;吐槽;日本;萌;侦探;日常;2011夏;轻小说;松冈祯丞,爱丽丝;藤岛鸣海;筱崎彩夏;明老板;阿哲学长;少校;宏哥;第四代;平坂錬次;玫歐;黑田小百合;善喜
669,https://bgm.tv/subject/39794,绝园的暴风雨,2012-10-04,7.1,6090,https://lain.bgm.tv/pic/cover/l/9d/8d/39794_NPpd7.jpg,BONES;2012年10月;TV;絶園のテンペスト;漫画改;绝园的暴风雨;泽城美雪;花澤香菜;科幻;2012;奇幻;内山昂輝;水树奈奈;基园的暴风雨;漫改;悬疑;战斗;安藤真裕;推理;恋爱;花泽香菜;日本;丰永利行;骨头社;冈田麿里;岡田麿里;2012年;魔法;内山昂辉;城平京,泷川吉野;不破真广;锁部叶风;不破爱花;锁部左门;伊凡洁丽·山本;星村润一郎;锁部夏村;锁部哲马;早河巧;羽村惠;路人
670,https://bgm.tv/subject/101820,七大罪,2014-10-05,7.1,5464,https://lain.bgm.tv/pic/cover/l/48/8d/101820_V11cJ.jpg,漫画改;2014年10月;A-1Pictures;热血;泽野弘之;七大罪;TV;奇幻;战斗;2014;漫改;梶裕貴;宮野真守;福山潤;冈村天斋;日本;鈴木達央;冒险;雨宫天;2014年;搞笑;岡村天斎;燃;A-1_Pictures;菅正太郎;福山润;澤野弘之;梶裕贵;悠木碧;日本动画,梅利奥达斯;伊丽莎白·里昂尼丝;金;班;黛安;高瑟;玛琳;霍克;吉尔桑达;基娜;杰莉卡;伊莱恩
671,https://bgm.tv/subject/513089,为美好的世界献上祝福！第三季 ーBONUS STAGEー,2025-04-25,7.5,4141,https://lain.bgm.tv/pic/cover/l/17/96/513089_EUq63.jpg,OVA;搞笑;异世界;2025;轻小说改;為美好的世界獻上祝福！;2025年4月;小说改;奇幻;drive;日本;轻改;TV;后宫;安部祐二郎;战斗;为美好的世界献上祝福;日常;穿越;金崎贵臣;素晴;冒险;续作;为美好的世界献上祝福！;2025年;番外;ドライブ;喜剧;金﨑貴臣;OAD,佐藤和真;阿克娅;惠惠;达克妮斯;维斯;芸芸;露娜;欧兹玛;拉库蕾丝;惠;阿Q娅;大精灵
672,https://bgm.tv/subject/484623,彻夜之歌 第二季,2025-07-04,7.7,5600,https://lain.bgm.tv/pic/cover/l/15/5f/484623_6EWej.jpg,恋爱;奇幻;2025年7月;漫画改;TV;LIDENFILMS;2025;吸血鬼;漫改;日本;彻夜之歌;板村智幸;续作;日常;少年向;搞笑;横手美智子;青春;战斗;2025年;百合;纯爱;电波;都市;雨宫天;7月;琴山;ライデンフィルム;治愈;季番,夜守光;七草荠;莺馅子;本田芜;小繁缕绿;平田妮可;桔梗芹;萝卜薄荷;朝井明;夕真昼;LG;秋山昭人
673,https://bgm.tv/subject/334,全金属狂潮,2002-01-15,7.6,5828,https://lain.bgm.tv/pic/cover/l/2f/2b/334_MWQMC.jpg,全金属狂潮;GONZO;TV;贺东招二;2002;科幻;萝卜;轻小说改;军事狂，无常识;机战;雪野五月;2002年1月;关智一;小说改;纸扇;轻改;千明孝一;全金属狂潮1;校园;日本;搞笑;SF;战斗;角川书店;恋爱;京阿尼;2002年;全金;机器人;半年番,相良宗介;千鸟要;泰蕾莎·泰斯塔罗莎;梅利莎·毛;克鲁兹·威巴;理查德·马度卡斯;安德鲁·赛格维奇·加里宁;九龙;风间信二;常盘恭子;神乐坂惠里;稻叶瑞树
674,https://bgm.tv/subject/37395,乐园追放 -Expelled From Paradise-,2014-11-15,7.5,5981,https://lain.bgm.tv/pic/cover/l/7b/92/37395_lY65E.jpg,剧场版;虚淵玄;科幻;原创;2014;水島精二;钉宫理惠;虚渊玄;乐园追放;Nitro+;东映;水岛精二;東映;Graphinica;东映animation;萝卜;机战;3D;战斗;反乌托邦;神谷浩史;动画电影;東映アニメーション;2014年;日本;グラフィニカ;2014年11月;三木真一郎;电影;东映动画,安吉拉·巴尔扎克;扎里克·卡吉瓦拉;弗隆提亚·赛格;克里斯汀·吉勒姆;维罗妮卡·库利科娃;希尔德·索瓦尔德;阿隆佐·珀西;Arhan;ニューアーハン;广播
675,https://bgm.tv/subject/297954,致不灭的你,2021-04-12,6.6,5580,https://lain.bgm.tv/pic/cover/l/5c/9c/297954_NyA7J.jpg,奇幻;2021年4月;催泪;BrainsBase;TV;漫改;漫画改;冒险;2021;成长;大今良时;治愈;むらた雅彦;津田健次郎;日本;战斗;2020年10月;日本动画;致不灭的你;公路片;2021年;村田雅彦;异世界;NHK;致郁;2020;藤田伸三;剧情;公路;藪野浩二,不死;少年;玛琪;帕洛娜;皮欧兰;哈亚瑟;咕咕;辛;铃;酒爷;托娜莉;桑戴尔
676,https://bgm.tv/subject/18797,这个是僵尸吗？OF THE DEAD,2012-04-04,6.9,4900,https://lain.bgm.tv/pic/cover/l/7f/2e/18797_XZ7R7.jpg,后宫;搞笑;魔装少男;2012年4月;轻小说改;TV;僵尸;这就是僵尸吗2-地狱变;卖萌;2012;変態;studiodeen;小说改;轻改;轻小说;肉;战斗;奇幻;校园;日本;これはゾンビですか？オブ・;这就是僵尸吗;日常;续作;金崎贵臣;卖肉;伪娘;2012年;萌;金﨑貴臣,相川步;春奈;瑟拉芬;优克莉伍德·海尔赛兹;吉田友纪;织户;平松妙子;下村;三原加奈美;萨拉斯巴迪;克丽丝;艾丽艾尔
677,https://bgm.tv/subject/234778,狂赌之渊××,2019-01-08,6.9,4979,https://lain.bgm.tv/pic/cover/l/cd/ca/234778_BWQfd.jpg,MAPPA;颜艺;赌博;2019年1月;TV;校园;漫画改;漫改;狂赌之渊;2019;智斗;百合;早见沙织;泽城美雪;林祐一郎;日本;松田清;续作;小林靖子;热血;2019年;日本动画;猎奇;悬疑;早見沙織;竞技;剧情;季番;田中美海;推理,蛇喰梦子;铃井凉太;早乙女芽亚里;西洞院百合子;皇伊月;桃喰绮罗莉;生志摩妄;黄泉月露娜;五十岚清华;梦见弖梦见;豆生田枫;桃喰莉莉香
678,https://bgm.tv/subject/426239,青春猪头少年不会梦到红书包女孩,2023-12-01,6.9,4558,https://lain.bgm.tv/pic/cover/l/37/af/426239_1D3s9.jpg,剧场版;恋爱;CloverWorks;校园;青春猪头少年系列;2023;轻小说改;奇幻;青春;轻改;小说改;2023年12月;治愈;日本;2023年;増井壮一;续作;TV;亲情;鴨志田一;增井壮一;2023年10月;鸭志田一;横谷昌宏;青春猪头少年;日常;家庭;纯爱;萝莉;日漫,樱岛麻衣;梓川咲太;梓川花枫;梓川母;梓川父;双叶理央;古贺朋绘;国见佑真;牧之原翔子;丰滨和花;赤城郁实;桜島麻衣の母親
679,https://bgm.tv/subject/257369,我们真的学不来,2019-04-06,6.3,4971,https://lain.bgm.tv/pic/cover/l/21/a6/257369_32HM0.jpg,后宫;恋爱;校园;2019年4月;漫改;漫画改;TV;搞笑;日常;st.SILVER;2019;党争;我们真的学不来！;ARVO_ANIMATION;日本;岩崎良明;ARVOANIMATION;2019年;st.シルバー;アルボアニメーション;我们真的学不来;学习;炒股;动画;逢坂良太;富田美憂;TVA;2019春;雑破業;JUMP,唯我成幸;绪方理珠;古桥文乃;武元润香;小美浪爱澄;桐须真冬;唯我叶月;唯我和树;唯我水希;唯我花枝;大森奏;关城纱和子
680,https://bgm.tv/subject/294836,NOMAD MEGALO BOX 2,2021-04-04,8,5425,https://lain.bgm.tv/pic/cover/l/28/0b/294836_U1HD5.jpg,原创;拳击;2021年4月;热血;TV;运动;2021;Megalo_Box;TMS;森山洋;TMSEntertainment;续篇;续作;战斗;細谷佳正;日本;日本动画;竞技;科幻;TMS_Entertainment;剧情;神作;治愈;格斗;2021年;燃;人生;megalobox;神配乐;季番,JNK DOG;南部赝作;幸夫;勇利;马克;佐久间;白都有希子;白都树生;荒垣;彭吉利;桑塔;奥乔
681,https://bgm.tv/subject/146994,粗点心战争,2016-01-07,6.6,5336,https://lain.bgm.tv/pic/cover/l/a9/23/146994_7SYIy.jpg,搞笑;2016年1月;漫画改;日常;Feel.;TV;美食;粗点心战争;2016;漫改;竹达彩奈;阿部敦;高柳滋仁;日本;横手美智子;卖肉;恋爱;2016年一月番;2016年;后宫;科普;污;零食;粗点心;治愈;日本动画;加茂靖子;竹達彩奈;琴山;コトヤマ,鹿田九;枝垂萤;远藤沙耶;鹿田洋;远藤豆;路人;少女;培里
682,https://bgm.tv/subject/1704,猎人,1999-10-16,8.4,5705,https://lain.bgm.tv/pic/cover/l/a5/88/1704_kwXKE.jpg,富坚义博;HUNTER×HUNTER;热血;万年坑;TV;1999;全职猎人;漫画改;坑;集英社;富奸;神作;战斗;富坚去死;猎人;巨坑;冒险;漫改;奇幻;JUMP;日本アニメーション;日本;正太们的奸情;古桥一浩;1999年10月;富奸爬山;古橋一浩;经典;童年;日本动画公司,杰·富力士;奇犽·揍敌客;酷拉皮卡;雷欧力·帕拉丁奈特;库洛洛·鲁西鲁;西索·莫罗;东巴;凯特;米特;金·富力士;快问快答婆婆;凶狸狐（女儿）
683,https://bgm.tv/subject/26804,魔法禁书目录 恩底弥翁的奇迹,2013-02-23,6.4,4651,https://lain.bgm.tv/pic/cover/l/22/f2/26804_yV6qZ.jpg,剧场版;J.C.STAFF;とある魔術の禁書目録;魔法禁书目录;轻小说改;2013;科幻;2013年2月;战斗;魔禁;魔法;炮姐;劇場版;轻改;小说改;奇幻;后宫;超电磁炮;超能力;日本;锦织博;錦織博;2013年;校园;吉野弘幸;原创;镰池和马;映画;热血;鎌池和馬,上条当麻;茵蒂克斯;鸣护艾丽莎;莎特奥拉·塞昆齐亚;佐天泪子;御坂美琴;白井黑子;初春饰利;神裂火织;史提尔·马格努斯;土御门元春;雷蒂丽·坦格洛德
684,https://bgm.tv/subject/5118,阿基拉,1988-07-16,7.8,5838,https://lain.bgm.tv/pic/cover/l/4f/fb/5118_bhfEM.jpg,大友克洋;剧场版;科幻;1988;漫画改;末日;科学与毁灭;akira;阿基拉;硬科幻;TMS;超能力;漫改;神作;SF;日本;动画电影;赛博朋克;TMSEntertainment;映画;经典;80年代;电影;原创;战斗;1980s;トムス・エンタテインメント;作画;TMS_Entertainment;1988年,金田正太郎;岛铁雄;惠;甲斐;敷島上校;高志;清子;阿勝
685,https://bgm.tv/subject/363957,夏日口袋,2025-04-07,7.2,7778,https://lain.bgm.tv/pic/cover/l/23/ce/363957_pgptl.jpg,GAL改;key;恋爱;2025年4月;游戏改;TV;Feel.;麻枝准;治愈;日本;2025;奇幻;催泪;小林智树;TV动画;日常;天冲你不要过来啊;未定档;魔法少女;新岛夕;小林智樹;青春;2025年;galgame;无法预测的命运之舞台;后宫;夏日口袋;2025年7月;轮回;小原好美,鹰原羽依里;鸣濑白羽;加藤羽未;空门苍;久岛鸥;䌷文德斯;野村美希;水织静久;三谷良一;加纳天善;岬镜子;七海
686,https://bgm.tv/subject/1326,寒蝉鸣泣之时 礼,2009-02-25,7.2,4803,https://lain.bgm.tv/pic/cover/l/c7/0d/1326_DQ576.jpg,OVA;龙骑士07;悬疑;寒蝉;寒蝉鸣泣之时;2009;游戏改;studiodeen;ひぐらしのなく頃に礼;惊悚;古手梨花;柴刀;萌王;GAL改;搞笑;日本;寒蝉礼;治愈;2009年2月;2009年;保志总一朗;川濑敏文;川瀬敏文;猎奇;STUDIO_DEEN;中原麻衣;TV;轮回;恐怖;田村ゆかり,古手梨花;羽入;前原圭一;龙宫礼奈;园崎魅音;北条沙都子;园崎诗音;大石藏人;富竹次郎;鹰野三四;入江京介;赤坂卫
687,https://bgm.tv/subject/12496,笨蛋，测验，召唤兽 ～祭～,2011-02-23,7.3,4489,https://lain.bgm.tv/pic/cover/l/63/1c/12496_fGf5Z.jpg,OVA;搞笑;笨蛋测试召唤兽;秀吉;2011;大沼心;校园;SILVERLINK.;2011年2月;轻小说改;伪娘;笨蛋;小说改;明⑨;バカとテストと召喚獣;轻改;明久女装受！;恋爱;日常;基友;后宫;喜剧;2011年;笨蛋测验召唤兽;TV;日本;奇幻;萌;下野紘;SILVER_LINK.,吉井明久;姬路瑞希;岛田美波;木下秀吉;坂本雄二;土屋康太;雾岛翔子;小山友香;西村宗一;久保利光;木下优子;岛田叶月
688,https://bgm.tv/subject/325808,地狱乐,2023-04-01,6.3,5816,https://lain.bgm.tv/pic/cover/l/e6/b1/325808_4OXIC.jpg,MAPPA;战斗;2023年4月;奇幻;漫改;TV;漫画改;2023;冒险;和风;JUMP;地狱乐;猎奇;牧田佳織;日本;牧田佳织;热血;日本动画;2023年;血腥;金田一明;2020s;群像;季番;TVA;花守由美里;2022;忍者;宗教;小林千晃,画眉丸;山田浅卫门佐切;亚左吊兵卫;山田浅卫门桐马;杠;民谷岩铁斋;山田浅卫门付知;山田浅卫门士远;濡亥;山田浅卫门十禾;山田浅卫门殊现;山田浅卫门典坐
689,https://bgm.tv/subject/93044,冰雪奇缘,2013-11-27,7.3,4842,https://lain.bgm.tv/pic/cover/l/4d/92/93044_VoZ3Z.jpg,迪士尼;剧场版;欧美;2013;Disney;奇幻;冰雪奇緣;百合;动画电影;公主系列;3D;原创;美国;电影;2013年;2013年11月;音乐;童年;映画;亲情;治愈;FROZEN;恋爱;JenniferLee;冒险;2010s;美国动画;魔法;ChrisBuck;公主,艾莎;安娜;雪宝;克里斯托夫;汉斯·韦斯特加德;Duke of Weselton;乐佩;尤金·费兹柏特;路人
690,https://bgm.tv/subject/241158,邻家的吸血鬼小妹,2018-10-05,7,5033,https://lain.bgm.tv/pic/cover/l/b7/12/241158_H3b25.jpg,百合;日常;2018年10月;漫画改;Studio五组;轻百合;TV;萌;2018;漫改;萌豚;AXsiZ;治愈;秋田谷典昭;Studio五組;日本;搞笑;吸血鬼;富田美忧;萝莉;奇幻;萌系;轻百;2018年;芳文社;邻家索菲;髙橋龍也;废萌;富田美憂;甘党,索菲·特瓦伊莱特;天野灯;夏木日向;艾莉;仓井朔夜;青木夕
691,https://bgm.tv/subject/196773,Fate/Grand Order -First Order-,2016-12-31,5.9,4529,https://lain.bgm.tv/pic/cover/l/dd/fa/196773_Y19Yd.jpg,Type-Moon;游戏改;Fate;OVA;2016;2016年12月;奇幻;Lay-duce;战斗;TV;高桥李依;玛修;短篇;TVSP;难波日登志;日本;剧场版;FGO;OAD;2016年;難波日登志;型月;レイ・デュース;手游改;2017年1月;SP;日本动画;関根アユミ;动画;岛崎信长,玛修·基列莱特;藤丸立香;卫宫;库·丘林;美杜莎;芙芙;奥尔加玛丽·阿尼姆斯菲亚;罗玛尼·阿其曼;列夫·莱诺尔·佛劳洛斯;阿尔托莉雅・潘德拉贡〔Alter〕;间桐慎二;武藏坊弁庆
692,https://bgm.tv/subject/309670,关于前辈很烦人的事,2021-10-09,6.8,4963,https://lain.bgm.tv/pic/cover/l/68/a5/309670_SCMw3.jpg,恋爱;动画工房;职场;2021年10月;漫画改;搞笑;日常;TV;狗粮;2021;漫改;動画工房;伊藤良太;楠木灯;日本;异世界;纯爱;日漫;成田良美;2021年;2021秋;关于前辈很烦人的事;治愈;萌;动画;日本动画;恋爱喜剧;喜剧;萝莉;早見沙織,五十岚双叶;武田晴海;樱井桃子;风间苍太;黑部夏美;桜井优人;月城桃奈;爷爷;部长;大石;土方
693,https://bgm.tv/subject/362575,通往夏天的隧道，再见的出口,2022-09-09,6.1,5383,https://lain.bgm.tv/pic/cover/l/80/d9/362575_v9kT3.jpg,剧场版;恋爱;轻小说改;奇幻;2022;CLAP;治愈;八目迷;轻改;田口智久;小说改;电影;动画电影;青春;日本;2022年;劇場版アニメ;校园;纯爱;2022年9月;穿越;2022年10月;日本动画;日常;爱情;2024;科幻;通往夏天的隧道，再见的出口;映画;5分,塔野薰;花城杏子;加贺翔平;川崎小春;滨本老师;阿薰父亲;塔野华怜
694,https://bgm.tv/subject/100205,新妹魔王的契约者,2015-01-07,5.8,4593,https://lain.bgm.tv/pic/cover/l/84/98/100205_vVRzI.jpg,后宫;轻小说改;2015年1月;卖肉;肉;TV;兄妹;肉番;新妹魔王的契约者;战斗;2015;Production.IMS;轻改;小说改;ProductionIMS;日本;奇幻;恋爱;2015年;中村悠一;斋藤久;校园;四大名著;里番;IMS;热血;露点;プロダクションアイムズ;斎藤久;搞笑,东城刃更;成濑澪;成濑万理亚;野中柚希;长谷川千里;野中胡桃;洁丝特;东城迅;泷川八寻;早濑高志;斯波恭一;相川志保
695,https://bgm.tv/subject/808,旋风管家,2007-04-01,7.4,5524,https://lain.bgm.tv/pic/cover/l/a8/ec/808_wmqKJ.jpg,钉宫理惠;旋风管家;搞笑;傲娇;2007年4月;TV;大小姐;漫画改;2007;喜剧;neta;欠债管家;恶搞;后宫;钉宫病;伪娘;SynergySP;ハヤテのごとく！;漫改;钉宫;日本;恋爱;日常;川口敬一郎;校园;最萌;吐槽;J.C.STAFF;伊藤静;动画,三千院凪;玛丽亚;桂雏菊;绫崎飒;鹭之宮伊澄;爱泽咲夜;貴嶋サキ;橘ワタル;桂雪路;西泽步;濑川泉;花菱美希
696,https://bgm.tv/subject/130234,灰色的乐园,2015-04-19,7.3,4795,https://lain.bgm.tv/pic/cover/l/59/29/130234_11gjt.jpg,GAL改;后宫;2015年4月;TV;灰色的乐园;游戏改;灰色系列;恋爱;8-Bit;2015;灰色的果实;8bit;校园;战斗;灰色的迷宫;渡边明夫;日本;天冲;天衝;樱井孝宏;续作;卖肉;2015年;渡辺明夫;仓田英之;倉田英之;2015春;肉;灰色三部曲;エイトビット,风见雄二;榊由美子;周防天音;松岛满;入巢莳菜;小岭幸;风见一姬;日下部麻子;春寺由梨亚;橘千鹤;琪娅拉·法瑞尔;越智义彦
697,https://bgm.tv/subject/20582,妖狐×仆SS,2012-01-12,6.7,5358,https://lain.bgm.tv/pic/cover/l/d9/7d/20582_6vGg9.jpg,2012年1月;漫画改;恋爱;中村悠一;妖狐×我SS;TV;妖怪;花泽香菜;2012;杉田智和;davidproduction;宫野真守;奇幻;狐;福山润;漫改;双炽;CLAMP;乙女向;肉村;搞笑;日常;日本;少女;津田尚克;新番;妖狐×仆SS;日高里菜;2012年;少女向,白鬼院凛凛蝶;御狐神双炽;反之冢连胜;雪小路野蔷薇;渡狸卍里;夏目残夏;青鬼院蜻蛉;髅髅宫歌留多;河住丈太郎;河住小太郎;小人村千野;幸蛇优二朗
698,https://bgm.tv/subject/425591,不死少女 杀人笑剧,2023-07-05,7.2,6012,https://lain.bgm.tv/pic/cover/l/6b/c0/425591_Llbje.jpg,推理;悬疑;2023年7月;TV;奇幻;LapinTrack;小说改;轻小说改;2023;畠山守;轻改;黒沢ともよ;战斗;青崎有吾;小俣真一;日本;高木登;黑泽朋世;怪异;2023年;小中千昭;ラパントラック;剧情;动画;不死少女;季番;TVA;百合;2023夏;日漫,轮堂鸦夜;真打津轻;驰井静句;安妮·凯尔贝尔;夏洛克·福尔摩斯;约翰·H·华生;亚森·罗宾;魅影;詹姆斯·莫里亚蒂;亚雷斯塔·克劳利;卡米拉;维克多
699,https://bgm.tv/subject/12,人形电脑天使心,2002-04-02,7.5,5382,https://lain.bgm.tv/pic/cover/l/c2/0a/12_q23bZ.jpg,CLAMP;人形电脑天使心;MADHouse;TV;2002;叽;治愈;chobits;漫画改;恋爱;田中理惠;小叽;科幻;Chobits~初次感动~;启动键;萝莉;日常;漫改;日本;浅香守生;2002年4月;ちぃ;杉田智和;2002年;搞笑;童年;S田;半年番;萌;clamp抢钱,小叽;本须和秀树;丝茉茉;新保弘;柚姬;国分寺稔;日比谷千岁;大村裕美;清水多香子;植田弘康;芙蕾亚;小岛良由起
700,https://bgm.tv/subject/805,濑户的花嫁,2007-04-01,7.4,5281,https://lain.bgm.tv/pic/cover/l/84/6c/805_p6Jf6.jpg,搞笑;瀬戸の花嫁;人鱼;GONZO;TV;2007年4月;恶搞;仁侠;岸诚二;漫画改;恋爱;黑道;2007;AIC;漫改;后宫;瀬戸嫁;校园;kuso;日本;日常;最萌;奇幻;2007年;岸誠二;最萌2007推荐;终结者;颜艺;爆笑;半年番,满潮永澄;濑户灿;江户前留奈;满潮的父亲;满潮的祖母;濑户豪三郎;鲨鱼藤代;江户前;班长;三河海;满潮的母亲;濑户莲
701,https://bgm.tv/subject/475354,物语系列 外传季&怪物季,2024-07-06,8.2,5962,https://lain.bgm.tv/pic/cover/l/85/c1/475354_QyO6r.jpg,物语系列;SHAFT;新房昭之;2024年7月;西尾維新;轻小说改;奇幻;TV;2024;小说改;轻改;吉澤翠;WEB;吉泽翠;日本;Aniplex;西尾维新;后宫;续作;恋爱;物语;青春;校园;2024年;神作;电波;战斗;搞笑;悬疑;花泽香菜,阿良良木历;阿良良木月火;斧乃木余接;千石抚子;忍野忍;战场原黑仪;八九寺真宵;神原骏河;阿良良木火怜;影縫余弦;卧烟伊豆湖;忍野扇
702,https://bgm.tv/subject/243429,机动战士高达 闪光的哈萨维,2021-06-11,7.9,5599,https://lain.bgm.tv/pic/cover/l/c5/46/243429_l49P7.jpg,剧场版;高达;SUNRISE;2021;富野由悠季;小说改;闪光的哈萨维;科幻;萝卜;机战;UC;村濑修功;GUNDAM;村瀬修功;日本;恩田尚之;战斗;2020;轻小说改;泽野弘之;2021年6月;战争;2021年;电影;轻改;2020s;渡辺信一郎;动画电影;澤野弘之;むとうやすゆき,哈萨维·诺亚;琪琪·安达露西亚;凯奈斯·斯雷格;Ξ高达;雷恩·艾姆;加乌曼·诺毕尔;艾美拉尔达·祖宾;レイモンド・ケイン;イラム・マサム;ケリア・デース;ミヘッシャ・ヘンス;ミツダ・ケンジ
703,https://bgm.tv/subject/246001,我的三体 章北海传,2020-01-21,8.3,5576,https://lain.bgm.tv/pic/cover/l/ae/c8/246001_RmCfM.jpg,国产;三体;科幻;小说改;神游八方;刘慈欣;MineCraft;2020年1月;2020;WEB;国创;3D;中国;TV;动画;神作;同人;同人动画;国漫;2020年;续作;轻小说改;我的三体;2020s;战斗;热血;mc;国产动画;2022;我的世界,章北海;丁仪;东方延绪;终极规律号;蓝色空间号;自然选择号
704,https://bgm.tv/subject/226750,刀剑神域外传 Gun Gale Online,2018-04-07,6.5,4986,https://lain.bgm.tv/pic/cover/l/29/40/226750_3fW9q.jpg,轻小说改;刀剑神域;2018年4月;TV;外传;战斗;Studio3Hz;GGO;2018;轻改;百合;黑星紅白;科幻;Studio_3Hz;小说改;黑田洋介;迫井政行;日本;网游;枪战;游戏;萝莉;奇幻;热血;SAO;异世界;萌;黒田洋介;时雨泽惠一;時雨沢恵一,莲／小比类卷香莲;Pitohui / 神崎艾莎;M／阿僧祇豪志;不可次郎／筱原美优;小说家;冬马／米兰·斯德诺娃;伊娃／新渡户咲;安娜／安中萌;苏菲／藤泽加奈;罗莎／野口诗织;塔妮亚／楠莉莎;夏莉／雾岛舞
705,https://bgm.tv/subject/54675,小魔女学园,2013-03-02,7.6,5062,https://lain.bgm.tv/pic/cover/l/4c/ba/54675_df9sF.jpg,TRIGGER;OVA;吉成曜;原创;2013;魔法;奇幻;剧场版;青年动画制作者育成计划;动画未来;短片;小魔法学园;百合;大島ミチル;日本;校园;小魔女学园;搞笑;魔法少女;战斗;2013年3月;2013年;魔女;大塚雅彦;日常;治愈;映画;作画;2013年1月;TV,篝敦子;洛蒂·杨森;苏西·曼芭芭拉;戴安娜·卡文迪什;厄休拉老师;汉娜;芭芭拉;ホルブルック校長;フィネラン先生;ネルソン
706,https://bgm.tv/subject/1010,机动战士高达00 第二季,2008-10-05,7.5,5496,https://lain.bgm.tv/pic/cover/l/1e/48/1010_872sf.jpg,GUNDAM;高达;SUNRISE;機動戦士ガンダムOO;TV;2008;原创;水岛精二;机动战士高达00;蛋蛋;萝卜;机战;科幻;神棍;2008年10月;美丽的中二;神谷浩史;日本;OO;黑田洋介;高达蛋蛋;战斗;战争;宫野真守;2nd;川井宪次;水島精二;黒田洋介;渣作;我就是高达,刹那·F·清英;洛克昂·斯特拉托斯;阿雷路亚·哈普提兹姆;提耶利亚·厄德;玛丽娜·伊斯梅尔;菲尔特·格雷斯;皇·李·诺列加;拉塞·艾恩;王留美;红龙;利冯兹·阿尔马克;伊奥利亚·修罕贝格
707,https://bgm.tv/subject/68035,有顶天家族,2013-07-07,7.8,6098,https://lain.bgm.tv/pic/cover/l/c1/0e/68035_252p4.jpg,P.A.WORKS;森見登美彦;小说改;2013年7月;TV;有顶天家族;2013;久米田康治;奇幻;能登麻美子;櫻井孝宏;治愈;吉原正行;日常;诹访部顺一;轻小说改;森见登美彦;日本;轻改;搞笑;樱井孝宏;菅正太郎;妖怪;2013年;2013夏;中原麻衣;狸猫;京都;动画;TVA,下鸭矢三郎;下鸭矢一郎;下鸭矢二郎;下鸭矢四郎;弁天;下鸭桃仙;南禅寺正二郎;赤玉老师;下鸭总一郎;夷川早云;银阁;金阁
708,https://bgm.tv/subject/11602,飞屋环游记,2009-05-29,7.7,4719,https://lain.bgm.tv/pic/cover/l/64/12/11602_H3WwN.jpg,pixar;飞屋环游记;欧美;剧场版;迪斯尼;3D;2009;迪士尼;梦想;动画电影;美国;童年系;治愈;原创;电影;小胖纸;皮克斯;拆迁;Disney;童年;冒险;奇幻;Up;搞笑;催泪;2009年;2000s;奥斯卡;PeteDocter;动画,
709,https://bgm.tv/subject/94040,无彩限的怪灵世界,2016-01-06,6.2,5476,https://lain.bgm.tv/pic/cover/l/20/7e/94040_kOkAg.jpg,京阿尼;2016年1月;轻小说改;校园;TV;奇幻;无彩限的怪灵世界;京都动画;石原立也;2016;后宫;轻改;早见沙织;小说改;日本;内田真礼;战斗;搞笑;卖肉;京都;日常;京アニ;京都アニメーション;肉;志茂文彦;2016年;超能力;下野紘;乳摇;肉番,一条晴彦;川神舞;露露;和泉玲奈;水无濑小糸;熊枕久留美;姬野爱丽丝;诸桥翔介;魔女怪灵;北岛亚弓;艾妮格玛;女将
710,https://bgm.tv/subject/244878,东京喰种:re 第二季,2018-10-09,5.6,4328,https://lain.bgm.tv/pic/cover/l/b7/5c/244878_i6FE9.jpg,战斗;2018年10月;东京喰种;漫改;漫画改;TV;奇幻;StudioPierrot;2018;热血;金木;续作;猎奇;续期;日本;2018年十月番;血腥;小丑社;2018年;渡部稳宽;日本动画;黑暗;东京食尸鬼;恋爱;渡部穏寛;ぴえろ;PIERROT;雨宫天;东京喰种:re;花泽香菜,金木研;佐佐木琲世;瓜江久生;六月透;米林才子;雾岛董香;永近英良;西尾锦;亚门钢太朗;月山习;呗;四方莲示
711,https://bgm.tv/subject/199228,Code Geass 复活的鲁路修,2019-02-09,7.4,5086,https://lain.bgm.tv/pic/cover/l/4e/93/199228_co9kI.jpg,剧场版;SUNRISE;原创;大河内一楼;2019;复活的鲁路修;鲁鲁修;机战;谷口悟朗;续作;战斗;萝卜;GEASS;2019年;2019年2月;科幻;日本;codegeass;反叛的鲁路修;奇幻;智斗;战争;鲁路修;热血;恋爱;CLAMP;情怀;妹控;TV;中川幸太郎,鲁路修·兰佩路基;C.C.;枢木朱雀;红月华莲;娜娜莉·兰佩路基;拉克夏塔·恰拉;筱崎咲世子;维蕾塔·努;杰雷米亚·哥德巴尔德;皇神乐耶;柯内莉亚·Li·布里塔尼亚;阿妮亚·阿鲁斯特莱依姆
712,https://bgm.tv/subject/262943,喜欢本大爷的竟然就你一个？,2019-10-02,6.1,4790,https://lain.bgm.tv/pic/cover/l/22/d7/262943_L1Vld.jpg,恋爱;搞笑;校园;轻小说改;2019年10月;后宫;TV;CONNECT;2019;轻改;贵乱;日常;SILVERLINK.;小说改;日本;秋田谷典昭;纯爱;反套路;党争;2019年;沙雕;喜欢本大爷的竟然就你一个？;喜剧;2019秋;日本动画;駱駝;动画;反转;山下大輝;TVA,如月雨露;三色院堇子;日向葵;秋野樱;大贺太阳;羽立桧菜;洋木茅春;真山亚茶花;蒲田公英;樱原桃;草见月;叶月保雄
713,https://bgm.tv/subject/68756,农林,2014-01-10,6.6,5226,https://lain.bgm.tv/pic/cover/l/ed/7e/68756_cCQbM.jpg,搞笑;轻小说改;2014年1月;大沼心;SILVERLINK.;TV;节操一地;校园;花泽香菜;农业;2014;农林;田村ゆかり;日常;轻改;小说改;后宫;井上麻里奈;恋爱;日本;节操;卖肉;横手美智子;2014年;SILVERLINK;吐槽;白鸟士郎;由加莉;neta;SILVER_LINK.,畑耕作;木下林檎;中泽农;吉田胡蝶;过真鸟继;Becky;若旦那;大森純一;铃木灯;奈亚拉托提普;夏塔;广播
714,https://bgm.tv/subject/56112,只有神知道的世界 女神篇,2013-07-08,7.3,5013,https://lain.bgm.tv/pic/cover/l/ab/e8/56112_QDldL.jpg,只有神知道的世界;后宫;2013年7月;漫画改;TV;神大人;Manglobe;2013;恋爱;神のみぞ知るセカイ;若木民喜;花泽香菜;漫改;校园;神;第三季;宅向;搞笑;奇幻;日本;萌;续作;下野紘;2013年;大脊戸聡;仓田英之;早见沙织;东山奈央;日常;阿澄佳奈,桂木桂马;哈克雅·杜·罗德·赫尔梅尼姆;鲇川天理;中川奏音;高原步美;小阪千寻;汐宫栞;九条月夜;五位堂结;诺拉·芙萝莉安·蕾欧莉亚;艾利由西亚·D·鲁德·伊玛;琉宁
715,https://bgm.tv/subject/106060,剧场版 约会大作战 万由里裁决,2015-08-22,6.2,4243,https://lain.bgm.tv/pic/cover/l/d6/c6/106060_4G8h4.jpg,剧场版;后宫;约会大作战;轻小说改;2015;Production.IMS;战斗;2015年8月;恋爱;轻改;ProductionIMS;万由里审判;小说改;奇幻;校园;デート・ア・ライブ;元永慶太郎;元永庆太郎;2015年;科幻;日本;橘公司;プロダクションアイムズ;井上麻里奈;雨宫天;2015年7月;续作;日本动画;搞笑;已下载,五河士道;夜刀神十香;鸢一折纸;五河琴里;冰芽川四糸乃;时崎狂三;诱宵美九;万由里;八舞夕弦;八舞耶俱矢;神无月恭平;村雨令音
716,https://bgm.tv/subject/186515,BanG Dream!,2017-01-21,6.4,4950,https://lain.bgm.tv/pic/cover/l/70/a5/186515_ZJhwb.jpg,乐队;音乐;偶像;原创;百合;2017年1月;BanGDream;TV;校园;XEBEC;2017;Bushiroad;ISSEN;日本;大槻敦史;轻百合;原创动画;日常;游戏改;青春;綾奈ゆにこ;2017年;邦邦;绫奈由仁子;轻百;BanG_Dream!;少女乐队;大规敦史;治愈;季番,户山香澄;山吹沙绫;花园多惠;牛込里美;市谷有咲;牛込百合;鹈泽莉;鳄部七菜;二十騎ひなこ;户山明日香;都筑诗船;真次凛凛子
717,https://bgm.tv/subject/403238,机动战士高达 水星的魔女 第二季,2023-04-09,5.3,6036,https://lain.bgm.tv/pic/cover/l/e9/eb/403238_A9mS1.jpg,高达;原创;大河内一楼;SUNRISE;2023年4月;百合;机战;TV;科幻;2023;水星的魔女;萝卜;战斗;小林宽;日本;小林寛;GUNDAM;机动战士高达水星的魔女;续作;校园;2023年;市ノ瀬加那;2020s;季番;搞笑;动画;TVA;サンライズ;花江夏樹;烂尾,斯莱塔·墨丘利;米奥莉奈·伦布兰;盖尔·杰特克;伊兰·凯莱斯;沙迪克·泽内利;风灵高达（改修型）;尼卡·七浦;雀丘利·潘兰杞;普洛斯佩拉;德林·伦布兰;萨里乌斯·泽内利;尼根
718,https://bgm.tv/subject/394623,怪兽8号,2024-04-13,6.1,5512,https://lain.bgm.tv/pic/cover/l/9c/d2/394623_qErlO.jpg,战斗;2024年4月;漫画改;ProductionI.G;TV;奇幻;热血;大河内一楼;2024;漫改;Production.I.G;怪兽;日本;宮繁之;神谷友美;搞笑;少年向;TMS;宫繁之;怪兽8号;2024年;科幻;JUMP;日漫;日本动画;动画;TVA;宫廷,怪兽8号;日比野卡夫卡;亚白米娜;市川莱诺;四之宫奇可露;保科宗四郎;古桥伊春;出云春一;神乐木葵;小此木木乃美;德田正英;沟口
719,https://bgm.tv/subject/548818,金牌得主 第二季,2026-01-24,7.7,5968,https://lain.bgm.tv/pic/cover/l/0c/08/548818_iLSG6.jpg,运动;漫画改;2026年1月;Engi;TV;花滑;竞技;2026;漫改;日本;续作;花田十辉;金牌得主;滑冰;鹤舞墨鱼太;励志;热血;萝莉;山本靖贵;治愈;山本靖貴;未定档;林友树;科普;春濑夏美;市之濑加那;2026年;内田雄马;大冢刚央;花田十輝,结束祈;明浦路司;狼嵜光;夜鹰纯;鴗鸟理凰;鴗鸟慎一郎;申川凛奈;穴熊咲希奈;牛川四叶;庭取彩那;离洲胡桃;炉场爱花
