rank,source_page,source_page_start,subject_id,subject_url,title,cover_url,abstract,abstract_2,rating,rating_count,star_count,labels,is_tv,tpl_name,search_url,parse_source
297,20,285,1772084,https://movie.douban.com/subject/1772084/,鸡与牛 第一季 Cow and Chicken Season 1‎ (1997),https://img9.doubanio.com/view/photo/s_ratio_poster/public/p2624825334.webp,美国 / 动画 / 喜剧 / 家庭 / 奇幻 / 13分钟,大卫·菲斯 / 查尔斯·阿德勒 / 迪·布莱德利·贝克 / 坎迪·米洛 / 迈克尔·多恩 / 霍华德·莫里斯 / 丹·卡斯泰兰尼塔,9.1,6991,4.5,['剧集'],True,search_subject,https://search.douban.com/movie/subject_search?search_text=%E7%AB%A5%E5%B9%B4%E5%8A%A8%E7%94%BB&cat=1002&start=285,window.__DATA__
140,10,135,27045442,https://movie.douban.com/subject/27045442/,钢铁飞龙之再见奥特曼‎ (2017),https://img1.doubanio.com/view/photo/s_ratio_poster/public/p2500046429.webp,中国大陆 / 动作 / 科幻 / 动画 / 再见奥特曼 / 钢铁飞龙大电影 / 90分钟,王巍 / 侯勇 / 大张伟 / 金晨 / 曲哲明 / 向佐 / 罗云熙 / 郝劭文 / 汪铎,2.6,6948,1.5,['可播放'],False,search_subject,https://search.douban.com/movie/subject_search?search_text=%E7%AB%A5%E5%B9%B4%E5%8A%A8%E7%94%BB&cat=1002&start=135,window.__DATA__
83,6,75,2156779,https://movie.douban.com/subject/2156779/,东方小故事‎ (1994),https://img1.doubanio.com/view/photo/s_ratio_poster/public/p2912332500.webp,中国大陆 / 剧情 / 儿童 / 历史 / 古装 / 10分钟,张韵华 / 冯广泉 / 史久峰 / 袁岳 / 徐峥 / 余彬 / 黄达亮 / 曹秋根 / 姚安濂,8.4,6850,4,['剧集'],True,search_subject,https://search.douban.com/movie/subject_search?search_text=%E7%AB%A5%E5%B9%B4%E5%8A%A8%E7%94%BB&cat=1002&start=75,window.__DATA__
87,6,75,35045591,https://movie.douban.com/subject/35045591/,汪汪队立大功大电影 Paw Patrol: The Movie‎ (2021),https://img1.doubanio.com/view/photo/s_ratio_poster/public/p2808318200.webp,美国 / 加拿大 / 喜剧 / 动画 / 冒险 / 狗狗巡逻队 / 汪汪队立大功电影版(台) / 86分钟,卡尔·布伦克尔 / 伊恩·阿米蒂奇 / 马尔赛·马丁 / 威尔·布鲁斯宾 / 金斯利·马歇尔 / 罗恩·帕尔多 / 雅拉·沙希迪 / 莉莉·巴特拉姆 / 卡勒姆·肖尼克,7.1,6829,3.5,['可播放'],False,search_subject,https://search.douban.com/movie/subject_search?search_text=%E7%AB%A5%E5%B9%B4%E5%8A%A8%E7%94%BB&cat=1002&start=75,window.__DATA__
143,10,135,26921827,https://movie.douban.com/subject/26921827/,大卫贝肯之倒霉特工熊‎ (2017),https://img1.doubanio.com/view/photo/s_ratio_poster/public/p2408893200.webp,中国大陆 / 喜剧 / 动画 / 冒险 / 家庭 / 大卫贝肯之倒霉特工熊3D / 90分钟,李清舫 / 汤水雨 / 徐佳琦 / 杨默 / 张遥函 / 刘琮 / 雪萌 / 齐思伽,4.6,6807,2.5,['可播放'],False,search_subject,https://search.douban.com/movie/subject_search?search_text=%E7%AB%A5%E5%B9%B4%E5%8A%A8%E7%94%BB&cat=1002&start=135,window.__DATA__
129,9,120,2129044,https://movie.douban.com/subject/2129044/,梅与小猫巴士 めいとこねこバス‎ (2002),https://img3.doubanio.com/view/photo/s_ratio_poster/public/p2573159042.webp,日本 / 动画 / 短片 / 《龙猫》番外篇 / Mei and the Kitten Bus / 13分钟,宫崎骏 / 坂本千夏,9.1,6802,4.5,[],False,search_subject,https://search.douban.com/movie/subject_search?search_text=%E7%AB%A5%E5%B9%B4%E5%8A%A8%E7%94%BB&cat=1002&start=120,window.__DATA__
525,35,510,1940337,https://movie.douban.com/subject/1940337/,东京猫猫 東京ミュウミュウ‎ (2002),https://img9.doubanio.com/view/photo/s_ratio_poster/public/p2516168075.webp,日本 / 剧情 / 动画 / 奇幻 / 东京喵喵 / 猫猫战队 / 23分钟,阿部记之 / 中岛沙树 / 嘉数由美 / 佐久间红美 / 望月久代 / 野田顺子 / 绪方惠美 / 远近孝一 / 绿川光,7.9,6798,4,['剧集'],True,search_subject,https://search.douban.com/movie/subject_search?search_text=%E7%AB%A5%E5%B9%B4%E5%8A%A8%E7%94%BB&cat=1002&start=510,window.__DATA__
459,31,450,4848104,https://movie.douban.com/subject/4848104/,猪猪侠第二部：武侠2008‎ (2007),https://img2.doubanio.com/view/photo/s_ratio_poster/public/p2590364241.webp,中国大陆 / 儿童 / 喜剧 / 科幻 / 动画 / 冒险 / 运动 / 猪猪侠第二部（武侠2008）,王巍 / 祖晴 / 陆双 / 高全胜,8.3,6797,4,"['剧集', '可播放']",True,search_subject,https://search.douban.com/movie/subject_search?search_text=%E7%AB%A5%E5%B9%B4%E5%8A%A8%E7%94%BB&cat=1002&start=450,window.__DATA__
27,2,15,1296109,https://movie.douban.com/subject/1296109/,变形金刚大电影 The Transformers: The Movie‎ (1986),https://img9.doubanio.com/view/photo/s_ratio_poster/public/p1809882654.webp,美国 / 日本 / 动作 / 科幻 / 动画 / 冒险 / 变形金刚：大电影 / トランスフォーマー ザ・ムービー / 84分钟,申能均 / 彼得·库伦 / 伦纳德·尼莫伊 / 弗兰克·维尔克 / 奥逊·威尔斯 / 贾德·尼尔森 / 克里斯·拉塔 / 诺曼·阿尔登 / 杰克·安杰尔,8.4,6727,4,['可播放'],False,search_subject,https://search.douban.com/movie/subject_search?search_text=%E7%AB%A5%E5%B9%B4%E5%8A%A8%E7%94%BB&cat=1002&start=15,window.__DATA__
398,27,390,3115194,https://movie.douban.com/subject/3115194/,魔法咪路咪路 わがまま☆フェアリー ミルモでポン!‎ (2002),https://img1.doubanio.com/view/photo/s_ratio_poster/public/p2542127630.webp,日本 / 爱情 / 动画 / 奇幻 / 24分钟,笠井贤一 / 小樱悦子 / 中原麻衣 / 麻绩村真由子 / 德本恭敏 / 铃木晶子 / 一美 / 钉宫理惠 / 保志总一朗,8.9,6718,4.5,['剧集'],True,search_subject,https://search.douban.com/movie/subject_search?search_text=%E7%AB%A5%E5%B9%B4%E5%8A%A8%E7%94%BB&cat=1002&start=390,window.__DATA__
470,32,465,1871589,https://movie.douban.com/subject/1871589/,火星上的小老鼠 Die Abenteuer der Maus auf dem Mars‎ (1976),https://img1.doubanio.com/view/photo/s_ratio_poster/public/p2518123440.webp,西德 / 瑞士 / 奥地利 / 匈牙利 / 南斯拉夫 / 动画 / 家庭 / 火星上的冒险家 / 老鼠火星历险记 / 5分钟,Branko Ranitovic / Miklós Temesi,9,6718,4.5,['剧集'],True,search_subject,https://search.douban.com/movie/subject_search?search_text=%E7%AB%A5%E5%B9%B4%E5%8A%A8%E7%94%BB&cat=1002&start=465,window.__DATA__
715,48,705,1431712,https://movie.douban.com/subject/1431712/,真假李逵‎ (1981),https://img1.doubanio.com/view/photo/s_ratio_poster/public/p2649083748.webp,中国大陆 / 动画 / 短片 / 17分钟,詹同,7.9,6699,4,['可播放'],False,search_subject,https://search.douban.com/movie/subject_search?search_text=%E7%AB%A5%E5%B9%B4%E5%8A%A8%E7%94%BB&cat=1002&start=705,window.__DATA__
239,16,225,3062549,https://movie.douban.com/subject/3062549/,雪人波利 Bouli‎ (1990),https://img9.doubanio.com/view/photo/s_ratio_poster/public/p2225648744.webp,法国 / 剧情 / 动画 / 雪人波利 / 28分钟,,8.3,6657,4,['剧集'],True,search_subject,https://search.douban.com/movie/subject_search?search_text=%E7%AB%A5%E5%B9%B4%E5%8A%A8%E7%94%BB&cat=1002&start=225,window.__DATA__
282,19,270,4179369,https://movie.douban.com/subject/4179369/,百兽王GoLion 百獣王ゴライオン‎ (1981),https://img9.doubanio.com/view/photo/s_ratio_poster/public/p2554088354.webp,日本 / 动画 / 家庭 / 科幻 / 动作 / 冒险 / 战神金刚 / 百兽王GoLion,田口胜彦 / 秋山胜仁 / 又野弘道 / 松浦锭平 / 长尾肃 / 井上和彦 / 中尾隆圣 / 水岛裕 / 玄田哲章 / 野泽雅子 / 鹈饲留美子 / 藤城裕士 / 青木和代,8.2,6626,4,['剧集'],True,search_subject,https://search.douban.com/movie/subject_search?search_text=%E7%AB%A5%E5%B9%B4%E5%8A%A8%E7%94%BB&cat=1002&start=270,window.__DATA__
607,41,600,1498599,https://movie.douban.com/subject/1498599/,阿凡提的故事之偷东西的驴‎ (1985),https://img9.doubanio.com/view/photo/s_ratio_poster/public/p2649083255.webp,中国大陆 / 动画 / 短片 / 第五集：偷东西的驴 / 20分钟,曲建方 / 毕克 / 邱岳峰,8.7,6620,4.5,[],False,search_subject,https://search.douban.com/movie/subject_search?search_text=%E7%AB%A5%E5%B9%B4%E5%8A%A8%E7%94%BB&cat=1002&start=600,window.__DATA__
451,31,450,2034166,https://movie.douban.com/subject/2034166/,佐罗的新冒险 The New Adventures of Zorro‎ (1981),https://img9.doubanio.com/view/photo/s_ratio_poster/public/p2530388246.webp,美国 / 动画 / 冒险 / 佐罗 / 佐罗的传说,亨利·达罗 / Julio Medina / 唐·戴蒙德,7.9,6572,4,['剧集'],True,search_subject,https://search.douban.com/movie/subject_search?search_text=%E7%AB%A5%E5%B9%B4%E5%8A%A8%E7%94%BB&cat=1002&start=450,window.__DATA__
721,49,720,1845617,https://movie.douban.com/subject/1845617/,华斯比历险记 The Adventures of Teddy Ruxpin‎ (1987),https://img1.doubanio.com/view/photo/s_ratio_poster/public/p2554013230.webp,美国 / 动画 / 动作 / 冒险 / 家庭 / 奇幻 / 歌舞 / 特迪历险记 / 23分钟,Chris Schouten / Phil Baron / John Stocker / 威尔·瑞恩 / Bernadette / Arthur Boni / Jan Anne Drenth,8.5,6564,4.5,['剧集'],True,search_subject,https://search.douban.com/movie/subject_search?search_text=%E7%AB%A5%E5%B9%B4%E5%8A%A8%E7%94%BB&cat=1002&start=720,window.__DATA__
404,27,390,26745079,https://movie.douban.com/subject/26745079/,淘气包马小跳‎ (2008),https://img3.doubanio.com/view/photo/s_ratio_poster/public/p2324482012.webp,中国大陆 / 喜剧 / 动画 / 家庭 / 13分钟,黄军 / 李然 / 薛岚 / 王翔,7.8,6525,4,"['剧集', '可播放']",True,search_subject,https://search.douban.com/movie/subject_search?search_text=%E7%AB%A5%E5%B9%B4%E5%8A%A8%E7%94%BB&cat=1002&start=390,window.__DATA__
541,37,540,11639499,https://movie.douban.com/subject/11639499/,围棋少年2‎ (2009),https://img3.doubanio.com/view/photo/s_ratio_poster/public/p2850265537.webp,中国大陆 / 剧情 / 动画 / 24分钟,马风清 / 徐刚 / 李晔 / 李正翔 / 沈达威 / 童自荣 / 王肖兵,8.2,6478,4,['剧集'],True,search_subject,https://search.douban.com/movie/subject_search?search_text=%E7%AB%A5%E5%B9%B4%E5%8A%A8%E7%94%BB&cat=1002&start=540,window.__DATA__
510,34,495,1498597,https://movie.douban.com/subject/1498597/,阿凡提的故事之巧断案‎ (1986),https://img9.doubanio.com/view/photo/s_ratio_poster/public/p2568483305.webp,中国大陆 / 动画 / 短片 / 第七集：巧断案 / 20分钟,蔡渊澜 / 毕克 / 邱岳峰,8.8,6463,4.5,[],False,search_subject,https://search.douban.com/movie/subject_search?search_text=%E7%AB%A5%E5%B9%B4%E5%8A%A8%E7%94%BB&cat=1002&start=495,window.__DATA__
435,29,420,26961195,https://movie.douban.com/subject/26961195/,动漫世界‎ (2003),https://img3.doubanio.com/view/photo/s_ratio_poster/public/p2571262423.webp,中国大陆 / 动画 / 真人秀 / Comic World / 60分钟,马凯 / 鞠萍 / 顽皮,9.6,6441,5,['剧集'],True,search_subject,https://search.douban.com/movie/subject_search?search_text=%E7%AB%A5%E5%B9%B4%E5%8A%A8%E7%94%BB&cat=1002&start=420,window.__DATA__
690,46,675,2051770,https://movie.douban.com/subject/2051770/,俏皮小花仙 花の魔法使いマリーベル‎ (1992),https://img9.doubanio.com/view/photo/s_ratio_poster/public/p2554079486.webp,日本 / 动画 / 喜剧 / Floral Elf Mary Bell / 24分钟,远藤彻哉 / 高桥直人 / 日下直义 / 本多知惠子 / 坂本千夏 / 伊仓一惠 / 折笠爱 / 兴梠里美 / 小樱悦子 / 京田尚子 / 松本保典,8.4,6441,4,['剧集'],True,search_subject,https://search.douban.com/movie/subject_search?search_text=%E7%AB%A5%E5%B9%B4%E5%8A%A8%E7%94%BB&cat=1002&start=675,window.__DATA__
182,13,180,5041037,https://movie.douban.com/subject/5041037/,迪迦奥特曼外传 远古复苏的巨人 ウルトラマンティガ外伝 古代に蘇る巨人‎ (2001),https://img1.doubanio.com/view/photo/s_ratio_poster/public/p2589884620.webp,日本 / 剧情 / 动作 / Ultraman Tiga Gaiden: Revival of the Ancient Giant / 超人迪加外传 在古代苏醒的巨人 / 58分钟,村石宏貴 / 山口翔吾 / 山崎ゆり / 上條誠 / 大滝明利 / 高樹澪,8.1,6413,4,[],False,search_subject,https://search.douban.com/movie/subject_search?search_text=%E7%AB%A5%E5%B9%B4%E5%8A%A8%E7%94%BB&cat=1002&start=180,window.__DATA__
642,43,630,2355736,https://movie.douban.com/subject/2355736/,山林小猎人 はじめ人間 ゴン‎ (1996),https://img1.doubanio.com/view/photo/s_ratio_poster/public/p2518544279.webp,日本 / 动画 / 森林小猎人 / First Human Gon / 25分钟,香川丰 / 池端隆史 / 案纳正美 / 村田雅彦 / 横山广行 / 岩崎良明 / 大畑清隆 / 小林孝志 / 田中孝行 / 大谷育江 / 川上伦子 / 绪方贤一 / 一城美由希 / 茶风林 / 石井康嗣,9.2,6401,4.5,['剧集'],True,search_subject,https://search.douban.com/movie/subject_search?search_text=%E7%AB%A5%E5%B9%B4%E5%8A%A8%E7%94%BB&cat=1002&start=630,window.__DATA__
291,20,285,24845534,https://movie.douban.com/subject/24845534/,精灵宝可梦XY ポケットモンスターXY‎ (2013),https://img9.doubanio.com/view/photo/s_ratio_poster/public/p2920111555.webp,日本 / 剧情 / 动画 / 儿童 / 奇幻 / 冒险 / 口袋妖怪XY / 神奇宝贝XY / 24分钟,汤山邦彦 / 矢岛哲生 / 上田茂 / 富安大贵 / 山口赖房 / 岩本保雄 / 前园文夫 / 吉村文宏 / 浅见松雄 / 铃木卓夫 / 末田宜史 / 渡边正彦 / 古贺一臣 / 关野昌弘 / 浅田裕二 / 濑谷新二 / 小平麻纪 / 南川达马 / 松田清 / 柳濑雄之 / 西田健一 / 则座诚 / 松本梨香 / 大谷育江 / 牧口真幸 / 梶裕贵 / 伊濑茉莉也 / 上田祐司 / 远藤绫 / 林原惠美,8.9,6378,4.5,"['剧集', '可播放']",True,search_subject,https://search.douban.com/movie/subject_search?search_text=%E7%AB%A5%E5%B9%B4%E5%8A%A8%E7%94%BB&cat=1002&start=285,window.__DATA__
728,49,720,1498591,https://movie.douban.com/subject/1498591/,阿凡提的故事之兔送信‎ (1983),https://img9.doubanio.com/view/photo/s_ratio_poster/public/p2649096384.webp,中国大陆 / 动画 / 短片 / 第二集：兔子送信 / 18分钟,曲建方 / 毕克 / 邱岳峰,8.7,6365,4.5,[],False,search_subject,https://search.douban.com/movie/subject_search?search_text=%E7%AB%A5%E5%B9%B4%E5%8A%A8%E7%94%BB&cat=1002&start=720,window.__DATA__
204,14,195,1296585,https://movie.douban.com/subject/1296585/,精灵宝可梦：结晶塔的帝王 劇場版ポケットモンスター 結晶塔の帝王 ENTEI‎ (2000),https://img1.doubanio.com/view/photo/s_ratio_poster/public/p2616959790.webp,日本 / 动作 / 科幻 / 动画 / 奇幻 / 冒险 / 家庭 / 结晶塔的帝王 炎帝 / Pocket Monsters: Lord of the Unknown Tower / 73分钟,汤山邦彦 / 松本梨香 / 大谷育江 / 石冢运升 / 饭冢雅弓 / 上田祐司 / 关智一 / 矢岛晶子 / 林原惠美,7.7,6307,4,['可播放'],False,search_subject,https://search.douban.com/movie/subject_search?search_text=%E7%AB%A5%E5%B9%B4%E5%8A%A8%E7%94%BB&cat=1002&start=195,window.__DATA__
302,21,300,1860565,https://movie.douban.com/subject/1860565/,城市猎人 シティーハンター‎ (1987),https://img9.doubanio.com/view/photo/s_ratio_poster/public/p2549129544.webp,日本 / 喜剧 / 动作 / 动画 / 悬疑 / City Hunter / 23分钟,儿玉兼嗣 / 今西隆志 / 加濑充子 / 网野哲朗 / 江上洁 / 棚桥一德 / 富永恒雄 / 武藤裕治 / 山口美浩 / 藤本义孝 / 神谷明 / 伊仓一惠 / 麻上洋子 / 玄田哲章 / 田中秀幸,8.9,6293,4.5,"['剧集', '可播放']",True,search_subject,https://search.douban.com/movie/subject_search?search_text=%E7%AB%A5%E5%B9%B4%E5%8A%A8%E7%94%BB&cat=1002&start=300,window.__DATA__
650,44,645,1498603,https://movie.douban.com/subject/1498603/,阿凡提的故事之寻开心‎ (1986),https://img9.doubanio.com/view/photo/s_ratio_poster/public/p2568483555.webp,中国大陆 / 动画 / 短片 / 第十集：寻开心 / 25分钟,曲建方 / 蔡渊澜 / 毕克 / 邱岳峰,8.8,6229,4.5,[],False,search_subject,https://search.douban.com/movie/subject_search?search_text=%E7%AB%A5%E5%B9%B4%E5%8A%A8%E7%94%BB&cat=1002&start=645,window.__DATA__
475,32,465,3017553,https://movie.douban.com/subject/3017553/,阿拉蕾 Dr.スランプ アラレちゃん‎ (1981),https://img1.doubanio.com/view/photo/s_ratio_poster/public/p2554011810.webp,日本 / 动画 / 喜剧 / 怪博士与机器娃娃 / IQ博士 / 25分钟,冈崎稔 / 芦田丰雄 / 永丘昭典 / 西尾大介 / 芝田浩树 / 大关雅幸 / 胜间田具治 / 竹之内和久 / 内海贤二 / 小山茉美 / 向井真理子 / 中野圣子 / 杉山佳寿子 / 古川登志夫 / 堀江美都子 / 野泽那智,9.3,6197,4.5,"['剧集', '可播放']",True,search_subject,https://search.douban.com/movie/subject_search?search_text=%E7%AB%A5%E5%B9%B4%E5%8A%A8%E7%94%BB&cat=1002&start=465,window.__DATA__
468,32,465,2275094,https://movie.douban.com/subject/2275094/,剑勇传说 剣勇伝説YAIBA‎ (1993),https://img9.doubanio.com/view/photo/s_ratio_poster/public/p2444959564.webp,日本 / 动画 / 冒险 / 喜剧 / 九龙珠 / 城市风云儿 / 25分钟,汤山邦彦 / 大地丙太郎 / 高桥直人 / 加户誉夫 / 武藤裕治 / 关田修 / 山口美浩 / 阿部雅司 / 远藤彻哉 / 松村康弘 / 久米一成 / 日下直义 / 佐藤英一 / 铃木卓夫 / 松浦锭平 / 吉田俊司 / 新田义方 / 山本裕介 / 村田和也 / 松园公 / 须藤典彦 / 高山南 / 三石琴乃 / 佐藤正治 / 小杉十郎太 / 岛田敏 / 石冢运升 / 寺濑今日子 / 铃木玲子,8.5,6186,4.5,['剧集'],True,search_subject,https://search.douban.com/movie/subject_search?search_text=%E7%AB%A5%E5%B9%B4%E5%8A%A8%E7%94%BB&cat=1002&start=465,window.__DATA__
196,14,195,4223337,https://movie.douban.com/subject/4223337/,老夫子‎ (1981),https://img1.doubanio.com/view/photo/s_ratio_poster/public/p2359590509.webp,中国香港 / 喜剧 / 动画 / 七彩卡通老夫子 / Older Master Q / 80分钟,谢金涂 / 蔡志忠 / 胡树儒 / 陈曙光 / 黄端 / 金贵 / 武莉 / 古铮,8.1,6170,4,['可播放'],False,search_subject,https://search.douban.com/movie/subject_search?search_text=%E7%AB%A5%E5%B9%B4%E5%8A%A8%E7%94%BB&cat=1002&start=195,window.__DATA__
389,26,375,3566519,https://movie.douban.com/subject/3566519/,小宋当家‎ (2008),https://img9.doubanio.com/view/photo/s_ratio_poster/public/p2619975976.webp,中国大陆 / 剧情 / 儿童 / 动画 / 14分钟,黄伟明 / 邓玉婷 / 张琳 / 祖晴,8.9,6168,4.5,"['剧集', '可播放']",True,search_subject,https://search.douban.com/movie/subject_search?search_text=%E7%AB%A5%E5%B9%B4%E5%8A%A8%E7%94%BB&cat=1002&start=375,window.__DATA__
711,48,705,1957915,https://movie.douban.com/subject/1957915/,超级小黑咪 サイボーグクロちゃん‎ (1999),https://img3.doubanio.com/view/photo/s_ratio_poster/public/p1967070283.webp,日本 / 动画 / 霹雳酷乐猫 / サイボーグクロちゃん / 24分钟,高本宣弘 / 坂本千夏 / 手冢千春 / 大本真基子 / 网挂裕美 / 古泽彻 / 小松里歌 / 森川智之 / 吉田小百合,8.5,6165,4.5,['剧集'],True,search_subject,https://search.douban.com/movie/subject_search?search_text=%E7%AB%A5%E5%B9%B4%E5%8A%A8%E7%94%BB&cat=1002&start=705,window.__DATA__
426,29,420,30428971,https://movie.douban.com/subject/30428971/,喜羊羊与灰太狼之羊村守护者‎ (2019),https://img9.doubanio.com/view/photo/s_ratio_poster/public/p2545734536.webp,中国大陆 / 动画 / 发明大作战2 / 15分钟,黄晓雪 / 祖晴 / 张琳 / 邓玉婷 / 高全胜 / 梁颖 / 刘红韵,8.4,6154,4,"['剧集', '可播放']",True,search_subject,https://search.douban.com/movie/subject_search?search_text=%E7%AB%A5%E5%B9%B4%E5%8A%A8%E7%94%BB&cat=1002&start=420,window.__DATA__
236,16,225,1808049,https://movie.douban.com/subject/1808049/,小飞龙 海のトリトン‎ (1979),https://img3.doubanio.com/view/photo/s_ratio_poster/public/p740285377.webp,日本 / 加拿大 / 动画 / 奇幻 / 冒险 / 海之子 / 海王子 / 74分钟,富野由悠季 / 塩谷翼 (voice) / 広川あけみ (voice) / 北浜晴子 (voice),8.1,6140,4,[],False,search_subject,https://search.douban.com/movie/subject_search?search_text=%E7%AB%A5%E5%B9%B4%E5%8A%A8%E7%94%BB&cat=1002&start=225,window.__DATA__
491,33,480,2222762,https://movie.douban.com/subject/2222762/,正气大侠 ジャンケンマン‎ (1991),https://img2.doubanio.com/view/photo/s_ratio_poster/public/p2509065641.webp,日本 / 动画 / 包剪槌小飞侠(港) / Jankenman,远藤彻哉 / 高桥直人 / 松浦锭平 / 日下直义 / 折笠爱 / 水谷优子 / 三石琴乃 / 矢岛晶子 / 佐藤智惠 / 矢尾一树 / 横山智佐 / 黑濑浩二,7.9,6118,4,['剧集'],True,search_subject,https://search.douban.com/movie/subject_search?search_text=%E7%AB%A5%E5%B9%B4%E5%8A%A8%E7%94%BB&cat=1002&start=480,window.__DATA__
299,20,285,2373459,https://movie.douban.com/subject/2373459/,神风怪盗贞德 神风怪盗ジャンヌ‎ (1999),https://img2.doubanio.com/view/photo/s_ratio_poster/public/p2523267981.webp,日本 / 动画 / 风神怪盗 / Kamikaze Kaitou Jeanne / 24分钟,目黑宏 / 吉沢孝男 / 梅澤淳稔 / 佐々木憲世 / 葛西治 / 遠藤勇二 / 橋本光夫 / 桑岛法子 / 千叶进步 / 松井菜樱子 / 西原久美子 / 矢岛晶子 / 高橋直純 / 山口胜平 / 山崎和佳奈,8.2,6065,4,['剧集'],True,search_subject,https://search.douban.com/movie/subject_search?search_text=%E7%AB%A5%E5%B9%B4%E5%8A%A8%E7%94%BB&cat=1002&start=285,window.__DATA__
345,23,330,2376483,https://movie.douban.com/subject/2376483/,少年金米 鉄拳チンミ‎ (1988),https://img1.doubanio.com/view/photo/s_ratio_poster/public/p1630032768.webp,日本 / 动画 / 功夫小子金米 / 铁拳小子 / 30分钟,大庭寿太郎 / 坂本千夏 / 中原茂 / 野野村俊惠 / 佐佐木优子 / 久保田雅人 / 水岛裕 / 向殿麻美 / 增冈弘,8.1,6059,4,['剧集'],True,search_subject,https://search.douban.com/movie/subject_search?search_text=%E7%AB%A5%E5%B9%B4%E5%8A%A8%E7%94%BB&cat=1002&start=330,window.__DATA__
424,29,420,2138613,https://movie.douban.com/subject/2138613/,正义战士 The Centurions‎ (1986),https://img1.doubanio.com/view/photo/s_ratio_poster/public/p2153330458.webp,美国 / 动作 / 动画 / 正义战士 / 30分钟,Michael Bell / Jennifer Darling / Vince Edwards,9.1,6051,4.5,['剧集'],True,search_subject,https://search.douban.com/movie/subject_search?search_text=%E7%AB%A5%E5%B9%B4%E5%8A%A8%E7%94%BB&cat=1002&start=420,window.__DATA__
465,31,450,1940035,https://movie.douban.com/subject/1940035/,游戏王GX 遊☆戯☆王 デュエルモンスターズ GX‎ (2004),https://img1.doubanio.com/view/photo/s_ratio_poster/public/p2553317750.webp,日本 / 动画 / Yu-Gi-Oh! GX / 24分钟,辻初树 / 鴫野彰 / 松田清 / 大桥贤一郎 / 松野太纪 / 小林沙苗 / 铃木真仁 / 增田裕生 / 前田刚 / 游佐浩二 / 石田彰,8.6,6007,4.5,"['剧集', '可播放']",True,search_subject,https://search.douban.com/movie/subject_search?search_text=%E7%AB%A5%E5%B9%B4%E5%8A%A8%E7%94%BB&cat=1002&start=450,window.__DATA__
512,35,510,4721287,https://movie.douban.com/subject/4721287/,精灵宝可梦钻石与珍珠 ポケットモンスター ダイヤモンド&パール‎ (2006),https://img1.doubanio.com/view/photo/s_ratio_poster/public/p2920111068.webp,日本 / 剧情 / 动画 / 宠物小精灵钻石&珍珠 / 神奇宝贝DP,汤山邦彦 / 小野胜巳 / 浅田裕二 / 须藤典彦 / 宫原秀二 / 渡边正彦 / 牧野行洋 / 近桥伸隆 / 中村近世 / 山田浩之 / 古贺一臣 / 小山贤 / 秦义人 / 新田典生 / 松本梨香 / 大谷育江 / 丰口惠美 / 上田祐司 / 林原惠美 / 三木真一郎 / 犬山犬子 / 古岛清孝,9.2,5940,4.5,"['剧集', '可播放']",True,search_subject,https://search.douban.com/movie/subject_search?search_text=%E7%AB%A5%E5%B9%B4%E5%8A%A8%E7%94%BB&cat=1002&start=510,window.__DATA__
387,26,375,26670686,https://movie.douban.com/subject/26670686/,数码宝贝大冒险tri. 第2章：决意 デジモンアドベンチャー tri. 第2章 決意‎ (2016),https://img1.doubanio.com/view/photo/s_ratio_poster/public/p2437663318.webp,日本 / 科幻 / 动画 / 冒险 / Dejimon Adobenchâ tri 2: Ketsui / 84分钟,元永庆太郎 / 花江夏树 / 细谷佳正 / 三森铃子 / 田村睦心 / 吉田仁美 / 池田纯矢 / 榎木淳弥 / M・A・O,6.9,5927,3.5,['可播放'],False,search_subject,https://search.douban.com/movie/subject_search?search_text=%E7%AB%A5%E5%B9%B4%E5%8A%A8%E7%94%BB&cat=1002&start=375,window.__DATA__
668,45,660,20285268,https://movie.douban.com/subject/20285268/,甜心格格 第二季‎ (2012),https://img9.doubanio.com/view/photo/s_ratio_poster/public/p2867324074.webp,中国大陆 / 儿童 / 动画 / 甜心格格Ⅱ,彭雪梅 / 丝丝格格 / 心柔柔 / 王坤 / 皇上,9.4,5896,4.5,"['剧集', '可播放']",True,search_subject,https://search.douban.com/movie/subject_search?search_text=%E7%AB%A5%E5%B9%B4%E5%8A%A8%E7%94%BB&cat=1002&start=660,window.__DATA__
707,48,705,2246799,https://movie.douban.com/subject/2246799/,我的朋友们：跳跳虎和小熊维尼 My Friends: Tigger and Pooh‎ (2007),https://img1.doubanio.com/view/photo/s_ratio_poster/public/p2553369300.webp,美国 / 儿童 / 动画 / 家庭 / 小熊维尼与跳跳虎 / 30分钟,科洛·葛蕾丝·莫瑞兹,9,5890,4.5,['剧集'],True,search_subject,https://search.douban.com/movie/subject_search?search_text=%E7%AB%A5%E5%B9%B4%E5%8A%A8%E7%94%BB&cat=1002&start=705,window.__DATA__
396,27,390,1845590,https://movie.douban.com/subject/1845590/,嘿！奔奔 へーい!ブンブー‎ (1985),https://img9.doubanio.com/view/photo/s_ratio_poster/public/p1968961604.webp,日本 / 动画 / 冒险 / 剧情 / 家庭 / 汽车奔奔 / 嘿！笨笨,冈部英二 / 吉田宪二 / Masako Nozawa / Chika Sakamoto,9,5807,4.5,['剧集'],True,search_subject,https://search.douban.com/movie/subject_search?search_text=%E7%AB%A5%E5%B9%B4%E5%8A%A8%E7%94%BB&cat=1002&start=390,window.__DATA__
497,34,495,1498606,https://movie.douban.com/subject/1498606/,阿凡提的故事之奇婚记‎ (1988),https://img2.doubanio.com/view/photo/s_ratio_poster/public/p2649097011.webp,中国大陆 / 动画 / 短片 / 第十二集：奇婚记 / 21分钟,蔡渊澜 / 毕克 / 邱岳峰,8.7,5796,4.5,[],False,search_subject,https://search.douban.com/movie/subject_search?search_text=%E7%AB%A5%E5%B9%B4%E5%8A%A8%E7%94%BB&cat=1002&start=495,window.__DATA__
577,39,570,1498602,https://movie.douban.com/subject/1498602/,阿凡提的故事之狩猎记‎ (1986),https://img2.doubanio.com/view/photo/s_ratio_poster/public/p2649087931.webp,中国大陆 / 动画 / 短片 / 第九集：狩猎记 / 22分钟,曲建方 / 金芳玲 / 毕克 / 邱岳峰,8.7,5781,4.5,[],False,search_subject,https://search.douban.com/movie/subject_search?search_text=%E7%AB%A5%E5%B9%B4%E5%8A%A8%E7%94%BB&cat=1002&start=570,window.__DATA__
411,28,405,11584090,https://movie.douban.com/subject/11584090/,海绵宝宝 第九季 SpongeBob SquarePants Season 9‎ (2012),https://img2.doubanio.com/view/photo/s_ratio_poster/public/p2627884031.webp,美国 / 喜剧 / 动画 / 家庭 / 23分钟,Stephen Hillenburg / 汤姆·肯尼 / 比尔·法格巴克 / 罗德格尔·邦帕斯 / 卡罗琳·劳伦斯 / 克兰西·布朗 / 劳伦斯先生,9.5,5776,5,"['剧集', '可播放']",True,search_subject,https://search.douban.com/movie/subject_search?search_text=%E7%AB%A5%E5%B9%B4%E5%8A%A8%E7%94%BB&cat=1002&start=405,window.__DATA__
425,29,420,1431950,https://movie.douban.com/subject/1431950/,抬驴‎ (1981),https://img1.doubanio.com/view/photo/s_ratio_poster/public/p2649083520.webp,中国大陆 / 喜剧 / 动画 / 短片 / Carrying the Donkey / 17分钟,王柏荣,8,5732,4,['可播放'],False,search_subject,https://search.douban.com/movie/subject_search?search_text=%E7%AB%A5%E5%B9%B4%E5%8A%A8%E7%94%BB&cat=1002&start=420,window.__DATA__
114,8,105,36566017,https://movie.douban.com/subject/36566017/,喜羊羊与灰太狼之守护‎ (2024),https://img1.doubanio.com/view/photo/s_ratio_poster/public/p2909943008.webp,中国大陆 / 动画 / 喜羊羊与灰太狼大电影9 / Pleasant Goat and Big Big Wolf: The World Guardians / 96分钟,黄俊铭 / 陈力进 / 祖晴 / 张琳 / 邓玉婷 / 刘红韵 / 高全胜 / 赵娜,5.9,5727,3,['可播放'],False,search_subject,https://search.douban.com/movie/subject_search?search_text=%E7%AB%A5%E5%B9%B4%E5%8A%A8%E7%94%BB&cat=1002&start=105,window.__DATA__
160,11,150,30198729,https://movie.douban.com/subject/30198729/,新大头儿子和小头爸爸3：俄罗斯奇遇记‎ (2018),https://img9.doubanio.com/view/photo/s_ratio_poster/public/p2522820714.webp,中国大陆 / 儿童 / 动画 / 冒险 / 家庭 / 新大头儿子和小头爸爸3 / New Happy Dad and Son 3: Adventure in Russia / 80分钟,何澄 / 刘纯燕 / 董浩 / 鞠萍 / 陈苏 / 耿晨晨 / 周志强 / 黄炜,4.8,5696,2.5,['可播放'],False,search_subject,https://search.douban.com/movie/subject_search?search_text=%E7%AB%A5%E5%B9%B4%E5%8A%A8%E7%94%BB&cat=1002&start=150,window.__DATA__
522,35,510,2350766,https://movie.douban.com/subject/2350766/,忍者神龟 第一季 Teenage Mutant Ninja Turtles Season 1‎ (2003),https://img2.doubanio.com/view/photo/s_ratio_poster/public/p2920301921.webp,美国 / 韩国 / 动画 / 动作 / 冒险 / 喜剧 / 惊悚 / 新忍者神龟 / 22分钟,Kevin Eastman,8.9,5666,4.5,['剧集'],True,search_subject,https://search.douban.com/movie/subject_search?search_text=%E7%AB%A5%E5%B9%B4%E5%8A%A8%E7%94%BB&cat=1002&start=510,window.__DATA__
506,34,495,11612340,https://movie.douban.com/subject/11612340/,海绵宝宝 第十季 Spongebob Squarepants Season 10‎ (2016),https://img9.doubanio.com/view/photo/s_ratio_poster/public/p2627889784.webp,美国 / 喜剧 / 动画 / 家庭 / 23分钟,戴夫·坎宁安 / Sherm Cohen / 沃尔特·道恩 / 汤姆·肯尼 / 比尔·法格巴克 / 罗德格尔·邦帕斯 / 克兰西·布朗 / 卡罗琳·劳伦斯 / 玛丽·乔·卡特利特 / 迪·布莱德利·贝克 / 爱德华·阿斯纳,9.4,5613,4.5,"['剧集', '可播放']",True,search_subject,https://search.douban.com/movie/subject_search?search_text=%E7%AB%A5%E5%B9%B4%E5%8A%A8%E7%94%BB&cat=1002&start=495,window.__DATA__
719,48,705,1903668,https://movie.douban.com/subject/1903668/,火星鼠骑士 Biker Mice from Mars‎ (1993),https://img2.doubanio.com/view/photo/s_ratio_poster/public/p2554079231.webp,加拿大 / 美国 / 科幻 / 动画 / 火星鼠骑士 / 23分钟,Tom Tataranowicz / Luke Perry / Jack Roth,7.7,5613,4,"['剧集', '可播放']",True,search_subject,https://search.douban.com/movie/subject_search?search_text=%E7%AB%A5%E5%B9%B4%E5%8A%A8%E7%94%BB&cat=1002&start=705,window.__DATA__
314,21,300,26746804,https://movie.douban.com/subject/26746804/,数码宝贝大冒险tri. 第6章：我们的未来 デジモンアドベンチャー tri. 第6章 ぼくらの未来‎ (2018),https://img3.doubanio.com/view/photo/s_ratio_poster/public/p2520871853.webp,日本 / 科幻 / 动画 / 冒险 / 98分钟,元永庆太郎 / 花江夏树 / 三森铃子 / 细谷佳正 / 田村睦心 / 吉田仁美 / 榎木淳弥 / 池田纯矢 / 市道真央,5.5,5605,3,['可播放'],False,search_subject,https://search.douban.com/movie/subject_search?search_text=%E7%AB%A5%E5%B9%B4%E5%8A%A8%E7%94%BB&cat=1002&start=300,window.__DATA__
460,31,450,4840356,https://movie.douban.com/subject/4840356/,恐龙宝贝之龙神勇士‎ (2009),https://img9.doubanio.com/view/photo/s_ratio_poster/public/p2867329615.webp,中国大陆 / 儿童 / 动作 / 科幻 / 动画 / 冒险 / 12分钟,汤继业 / 王义得 / 沈达威 / 夏磊 / 李敏妍 / 海帆 / 杨梦露 / 王燕华 / 孙畅,8.7,5589,4.5,"['剧集', '可播放']",True,search_subject,https://search.douban.com/movie/subject_search?search_text=%E7%AB%A5%E5%B9%B4%E5%8A%A8%E7%94%BB&cat=1002&start=450,window.__DATA__
357,24,345,3506116,https://movie.douban.com/subject/3506116/,美少女战士Sailor Stars 美少女戦士セーラームーン セーラースターズ‎ (1996),https://img2.doubanio.com/view/photo/s_ratio_poster/public/p1956754841.webp,日本 / 动画 / 动作 / 剧情 / 奇幻 / 爱情 / 惊悚 / 美少女战士之最后的星光 / Sailor Moon Sailor Stars / 25分钟,五十岚卓哉 / 佐藤顺一 / 小坂春女 / 细田雅弘 / 芝田浩树 / 三石琴乃 / 久川绫 / 富泽美智惠 / 筱原惠美 / 深见梨加 / 荒木香惠 / 石田彰 / 古川登志夫,9,5585,4.5,"['剧集', '可播放']",True,search_subject,https://search.douban.com/movie/subject_search?search_text=%E7%AB%A5%E5%B9%B4%E5%8A%A8%E7%94%BB&cat=1002&start=345,window.__DATA__
356,24,345,2076326,https://movie.douban.com/subject/2076326/,爱探险的朵拉 第一季 Dora the Explorer Season 1‎ (2000),https://img3.doubanio.com/view/photo/s_ratio_poster/public/p2166137242.webp,加拿大 / 美国 / 儿童 / 动画 / 冒险 / 小小冒险家朵乐 / 30分钟,Chris Gifford / Valerie Walsh / Jason Thornton,7.8,5478,4,"['剧集', '可播放']",True,search_subject,https://search.douban.com/movie/subject_search?search_text=%E7%AB%A5%E5%B9%B4%E5%8A%A8%E7%94%BB&cat=1002&start=345,window.__DATA__
307,21,300,11498786,https://movie.douban.com/subject/11498786/,美少女战士Crystal 美少女戦士セーラームーンCrystal‎ (2014),https://img3.doubanio.com/view/photo/s_ratio_poster/public/p2192737397.webp,日本 / 动画 / 奇幻 / 美少女战士：水晶 / Pretty Guardian Sailor Moon Crystal / 25分钟,境宗久 / 三石琴乃 / 金元寿子 / 佐藤利奈 / 小清水亚美 / 伊藤静 / 广桥凉 / 野岛健儿,7.4,5477,3.5,"['剧集', '可播放']",True,search_subject,https://search.douban.com/movie/subject_search?search_text=%E7%AB%A5%E5%B9%B4%E5%8A%A8%E7%94%BB&cat=1002&start=300,window.__DATA__
517,35,510,2246738,https://movie.douban.com/subject/2246738/,很久很久以前 옛날 옛적에‎ (1990),https://img3.doubanio.com/view/photo/s_ratio_poster/public/p2656361697.webp,韩国 / 动画 / 韩国民间传说故事 / 20分钟,송정율 / 김주인 / 이건설 / 김동호 / 배영랑 / 白菜道士 / 萝卜道士,8.9,5440,4.5,['剧集'],True,search_subject,https://search.douban.com/movie/subject_search?search_text=%E7%AB%A5%E5%B9%B4%E5%8A%A8%E7%94%BB&cat=1002&start=510,window.__DATA__
215,15,210,1886877,https://movie.douban.com/subject/1886877/,鹿铃‎ (1982),https://img1.doubanio.com/view/photo/s_ratio_poster/public/p2358520628.webp,中国大陆 / 动画 / 短片 / 20分钟,唐澄 / 邬强,8.9,5436,4.5,['可播放'],False,search_subject,https://search.douban.com/movie/subject_search?search_text=%E7%AB%A5%E5%B9%B4%E5%8A%A8%E7%94%BB&cat=1002&start=210,window.__DATA__
456,31,450,4321283,https://movie.douban.com/subject/4321283/,新版猫和老鼠 The New Tom & Jerry Show‎ (1975),https://img1.doubanio.com/view/photo/s_ratio_poster/public/p2585781499.webp,美国 / 动画 / 家庭 / 喜剧 / 新版猫和老鼠 / 7分钟,,9.4,5400,4.5,"['剧集', '可播放']",True,search_subject,https://search.douban.com/movie/subject_search?search_text=%E7%AB%A5%E5%B9%B4%E5%8A%A8%E7%94%BB&cat=1002&start=450,window.__DATA__
509,34,495,4718282,https://movie.douban.com/subject/4718282/,爆丸小子‎ (2008),https://img3.doubanio.com/view/photo/s_ratio_poster/public/p2255931017.webp,中国大陆 / 儿童 / 科幻,刘宗杰 / 王成 / 蒋俐玮,7.4,5398,3.5,"['剧集', '可播放']",True,search_subject,https://search.douban.com/movie/subject_search?search_text=%E7%AB%A5%E5%B9%B4%E5%8A%A8%E7%94%BB&cat=1002&start=495,window.__DATA__
175,12,165,2272384,https://movie.douban.com/subject/2272384/,蝙蝠侠：动画版 第一季 Batman: The Animated Series Season 1‎ (1992),https://img9.doubanio.com/view/photo/s_ratio_poster/public/p2502053084.webp,美国 / 动画 / 动作 / 犯罪 / 剧情 / 家庭 / 奇幻 / 悬疑 / 惊悚 / Batman: The Animated Series / 22分钟,Kevin Altieri / Boyd Kirkland / Frank Paur / Dan Riba / Dick Sebast / Bill Finger / 凯文·康瑞 / 马克·哈米尔 / 亚当·韦斯特 / 朗·普尔曼 / 小艾德·博格里 / 伊丽莎白·莫斯,9.2,5371,4.5,"['剧集', '可播放']",True,search_subject,https://search.douban.com/movie/subject_search?search_text=%E7%AB%A5%E5%B9%B4%E5%8A%A8%E7%94%BB&cat=1002&start=165,window.__DATA__
576,39,570,1296573,https://movie.douban.com/subject/1296573/,小孤儿 The Little Orphan‎ (1949),https://img3.doubanio.com/view/photo/s_ratio_poster/public/p2512086933.webp,美国 / 家庭 / 短片 / 动画 / 喜剧 / 小孤儿 / 8分钟,约瑟夫·巴伯拉 / 威廉·汉纳,9.2,5360,4.5,[],False,search_subject,https://search.douban.com/movie/subject_search?search_text=%E7%AB%A5%E5%B9%B4%E5%8A%A8%E7%94%BB&cat=1002&start=570,window.__DATA__
543,37,540,2143850,https://movie.douban.com/subject/2143850/,蔬果村的故事 チロリン村物语‎ (1992),https://img9.doubanio.com/view/photo/s_ratio_poster/public/p2550257134.webp,日本 / 剧情 / 儿童 / 动画 / 快乐村 / 25分钟,山吉康夫 / 岩根雅明 / 神户守 / 佐山圣子 / 古川政美 / 井硲清高 / 铃木卓夫 / 井上修 / 牧野行洋 / 日高范子 / 高山南 / 岩井小百合 / 樱井敏治 / 铃木晶子 / 高田由美 / 江原正士 / 山田俊司,9,5335,4.5,['剧集'],True,search_subject,https://search.douban.com/movie/subject_search?search_text=%E7%AB%A5%E5%B9%B4%E5%8A%A8%E7%94%BB&cat=1002&start=540,window.__DATA__
514,35,510,23752040,https://movie.douban.com/subject/23752040/,哈皮父子2‎ (2008),https://img9.doubanio.com/view/photo/s_ratio_poster/public/p2170933535.webp,中国大陆 / 喜剧 / 动画 / 儿童,,8.7,5298,4.5,['剧集'],True,search_subject,https://search.douban.com/movie/subject_search?search_text=%E7%AB%A5%E5%B9%B4%E5%8A%A8%E7%94%BB&cat=1002&start=510,window.__DATA__
159,11,150,26290398,https://movie.douban.com/subject/26290398/,美食大冒险之英雄烩‎ (2018),https://img1.doubanio.com/view/photo/s_ratio_poster/public/p2569607978.webp,中国大陆 / 动作 / 动画 / 冒险 / 美食大冒险 / Kungfood / 98分钟,孙海鹏 / 杨光普照 / 孟宇 / 张喆 / 郭政建,6.8,5284,3.5,['可播放'],False,search_subject,https://search.douban.com/movie/subject_search?search_text=%E7%AB%A5%E5%B9%B4%E5%8A%A8%E7%94%BB&cat=1002&start=150,window.__DATA__
373,25,360,3532446,https://movie.douban.com/subject/3532446/,淘气包马小跳‎ (2009),https://img1.doubanio.com/view/photo/s_ratio_poster/public/p2324325079.webp,中国大陆 / 动画 / 家庭 / The Naughty Boy Ma Xiao Tiao / 91分钟,黄莹 / 李世荣 / 姜广涛 / 纪元 / 陈倩 / 张铠,7.4,5239,3.5,['可播放'],False,search_subject,https://search.douban.com/movie/subject_search?search_text=%E7%AB%A5%E5%B9%B4%E5%8A%A8%E7%94%BB&cat=1002&start=360,window.__DATA__
326,22,315,2029939,https://movie.douban.com/subject/2029939/,时间飞船 タイムボカン‎ (1975),https://img1.doubanio.com/view/photo/s_ratio_poster/public/p2901836460.webp,日本 / 动画 / 家庭 / 科幻 / 时间飞船 / 25分钟,笹川浩 / 案纳正美 / 真下耕一 / 植田秀仁 / 西牧秀雄 / 大贯信夫 / 山田胜久 / 布川郁司 / 西久保瑞穗 / 太田淑子 / 冈本茉莉 / 桂玲子 / 槐柳二 / 泷口顺平 / 横泽启子 / 肝付兼太 / 池田胜,9.2,5237,4.5,['剧集'],True,search_subject,https://search.douban.com/movie/subject_search?search_text=%E7%AB%A5%E5%B9%B4%E5%8A%A8%E7%94%BB&cat=1002&start=315,window.__DATA__
621,42,615,4848106,https://movie.douban.com/subject/4848106/,猪猪侠第三部：勇闯未来之城‎ (2008),https://img9.doubanio.com/view/photo/s_ratio_poster/public/p2590364856.webp,中国大陆 / 儿童 / 喜剧 / 科幻 / 动画 / 冒险 / 猪猪侠第三部（勇闯未来之城） / 猪猪侠3：勇闯未来之城,王巍 / 陆双 / 祖晴 / 高全胜,7.8,5228,4,"['剧集', '可播放']",True,search_subject,https://search.douban.com/movie/subject_search?search_text=%E7%AB%A5%E5%B9%B4%E5%8A%A8%E7%94%BB&cat=1002&start=615,window.__DATA__
519,35,510,1431957,https://movie.douban.com/subject/1431957/,小熊猫学木匠‎ (1982),https://img9.doubanio.com/view/photo/s_ratio_poster/public/p2359818065.webp,中国大陆 / 喜剧 / 动画 / 短片 / 17分钟,周克勤,7.9,5185,4,['可播放'],False,search_subject,https://search.douban.com/movie/subject_search?search_text=%E7%AB%A5%E5%B9%B4%E5%8A%A8%E7%94%BB&cat=1002&start=510,window.__DATA__
362,25,360,5031365,https://movie.douban.com/subject/5031365/,晶码战士‎ (2010),https://img9.doubanio.com/view/photo/s_ratio_poster/public/p2867319324.webp,中国大陆 / 儿童 / 科幻 / 动画 / 冒险 / 13分钟,孙德荣 / 乔峰 / 杨欧 / 李正翔 / 冯骏骅 / 海帆 / 刘彬 / 王肖兵 / 黄莺 / 李敏妍,7,5181,3.5,"['剧集', '可播放']",True,search_subject,https://search.douban.com/movie/subject_search?search_text=%E7%AB%A5%E5%B9%B4%E5%8A%A8%E7%94%BB&cat=1002&start=360,window.__DATA__
180,12,165,26839582,https://movie.douban.com/subject/26839582/,新大头儿子和小头爸爸2一日成才‎ (2016),https://img1.doubanio.com/view/photo/s_ratio_poster/public/p2369678279.webp,中国大陆 / 喜剧 / 动画 / 家庭 / 新大头儿子和小头爸爸2 / 新大头儿子和小头爸爸2：一日成才 / 85分钟,何澄 / 张振益 / 刘纯燕 / 董浩 / 鞠萍 / 林永健 / 林大竣 / 郏捷 / 何子然 / 陈苏,5.2,5179,2.5,['可播放'],False,search_subject,https://search.douban.com/movie/subject_search?search_text=%E7%AB%A5%E5%B9%B4%E5%8A%A8%E7%94%BB&cat=1002&start=165,window.__DATA__
106,8,105,1857662,https://movie.douban.com/subject/1857662/,机动警察 機動警察パトレイバー‎ (1989),https://img1.doubanio.com/view/photo/s_ratio_poster/public/p2899662838.webp,日本 / 动画 / 动作 / 喜剧 / 剧情 / 悬疑 / 科幻 / 机动警察 (TV版) / Mobile Police PATLABOR / 25分钟,吉永尚之 / 高松信司 / 泷泽敏文 / 元永庆太郎 / 青木康直 / 原田奈奈 / 浦田保则 / 西山明树彦 / 富永美伊奈 / 古川登志夫 / 池水通洋 / 二又一成 / 乡里大辅 / 大林隆介 / 榊原良子 / 井上瑶,9.1,5167,4.5,['剧集'],True,search_subject,https://search.douban.com/movie/subject_search?search_text=%E7%AB%A5%E5%B9%B4%E5%8A%A8%E7%94%BB&cat=1002&start=105,window.__DATA__
714,48,705,1871150,https://movie.douban.com/subject/1871150/,拉曼查的堂·吉诃德 Don Quijote de la Mancha‎ (1979),https://img3.doubanio.com/view/photo/s_ratio_poster/public/p2509229557.webp,西班牙 / 动画 / 儿童 / 奇幻 / 冒险 / 堂·吉诃德 / 拉曼查的堂·吉诃德 / 26分钟,克鲁兹·德尔加多 / Fernando Fernán Gómez / 安东尼奥·费兰迪斯 / Rafael de Penagos,7.8,5162,4,['剧集'],True,search_subject,https://search.douban.com/movie/subject_search?search_text=%E7%AB%A5%E5%B9%B4%E5%8A%A8%E7%94%BB&cat=1002&start=705,window.__DATA__
466,32,465,2030744,https://movie.douban.com/subject/2030744/,狐狸送葡萄‎ (1983),https://img3.doubanio.com/view/photo/s_ratio_poster/public/p2649054133.webp,中国大陆 / 喜剧 / 动画 / 短片 / 18分钟,胡雄华,7.9,5161,4,['可播放'],False,search_subject,https://search.douban.com/movie/subject_search?search_text=%E7%AB%A5%E5%B9%B4%E5%8A%A8%E7%94%BB&cat=1002&start=465,window.__DATA__
684,46,675,1304682,https://movie.douban.com/subject/1304682/,老鼠的麻烦 Mouse Trouble‎ (1944),https://img3.doubanio.com/view/photo/s_ratio_poster/public/p2458339717.webp,美国 / 家庭 / 动画 / 短片 / 喜剧 / 老鼠遇险 / 7分钟,约瑟夫·巴伯拉 / 威廉·汉纳,8.9,5102,4.5,[],False,search_subject,https://search.douban.com/movie/subject_search?search_text=%E7%AB%A5%E5%B9%B4%E5%8A%A8%E7%94%BB&cat=1002&start=675,window.__DATA__
276,19,270,35459208,https://movie.douban.com/subject/35459208/,喜羊羊与灰太狼之决战次时代‎ (2021),https://img9.doubanio.com/view/photo/s_ratio_poster/public/p2673191166.webp,中国大陆 / 动画 / 喜羊羊与灰太狼之羊村守护者4 / Ultimate Battle The Next Generation / 15分钟,陈力进 / 梁嘉琪 / 黄俊铭 / 祖晴 / 邓玉婷 / 刘红韵 / 梁颖 / 高全胜 / 李团 / 张琳 / 赵娜,8,5055,4,"['剧集', '可播放']",True,search_subject,https://search.douban.com/movie/subject_search?search_text=%E7%AB%A5%E5%B9%B4%E5%8A%A8%E7%94%BB&cat=1002&start=270,window.__DATA__
428,29,420,1431721,https://movie.douban.com/subject/1431721/,狐狸打猎人‎ (1978),https://img9.doubanio.com/view/photo/s_ratio_poster/public/p2568409835.webp,中国大陆 / 动画 / 奇幻 / 短片 / The Fox and the Hunter / 18分钟,胡雄华 / 邱岳峰,8.1,5048,4,['可播放'],False,search_subject,https://search.douban.com/movie/subject_search?search_text=%E7%AB%A5%E5%B9%B4%E5%8A%A8%E7%94%BB&cat=1002&start=420,window.__DATA__
537,36,525,1807987,https://movie.douban.com/subject/1807987/,森林大帝 ジャングル大帝‎ (1989),https://img1.doubanio.com/view/photo/s_ratio_poster/public/p2544114740.webp,日本 / 动画 / 小白狮王 / New Adventures of Kimba the White Lion / 25分钟,宇井孝司 / 棚桥一德 / 浅香守生 / 平田敏夫 / 元永庆太郎 / 松见真一 / 吉村文宏 / 松本佳久 / 须藤典彦 / 福岛宏之 / 五月女有作 / 望月敬一郎 / 林原惠美 / 古本新之辅 / 玉川纱己子 / 佐佐木功 / 岛本须美 / 龟山助清 / 千叶繁 / 玄田哲章,8.2,5041,4,"['剧集', '可播放']",True,search_subject,https://search.douban.com/movie/subject_search?search_text=%E7%AB%A5%E5%B9%B4%E5%8A%A8%E7%94%BB&cat=1002&start=525,window.__DATA__
399,27,390,34482369,https://movie.douban.com/subject/34482369/,喜羊羊与灰太狼之跨时空救兵‎ (2019),https://img1.doubanio.com/view/photo/s_ratio_poster/public/p2673448029.webp,中国大陆 / 儿童 / 喜剧 / 科幻 / 动画 / 冒险 / 嘻哈闯世界4 / 15分钟,容裕庆 / 何英强 / 周泽钜 / 全超 / 陈力进 / 陈雄滨 / 蔡木炎 / 梁嘉琪 / 祖晴 / 张琳 / 刘红韵 / 邓玉婷 / 梁颖 / 高全胜 / 赵娜,8.5,5039,4.5,"['剧集', '可播放']",True,search_subject,https://search.douban.com/movie/subject_search?search_text=%E7%AB%A5%E5%B9%B4%E5%8A%A8%E7%94%BB&cat=1002&start=390,window.__DATA__
615,41,600,2373452,https://movie.douban.com/subject/2373452/,咕噜咕噜魔法阵 魔法陣グルグル‎ (1994),https://img3.doubanio.com/view/photo/s_ratio_poster/public/p2924687802.webp,日本 / 动画 / 喜剧 / 家庭 / 奇幻 / 咕噜咕噜魔法阵 / 23分钟,中西伸彰 / 渡边慎一 / 善聪一郎 / 藤本次朗 / 高田淳 / 川岛宏 / 酒井伸次 / 泷本富士子 / 吉田小南美 / 绪方贤一 / 高乃丽 / 高木涉 / 山本圭子 / 池田胜 / 松井菜樱子,8.8,4959,4.5,['剧集'],True,search_subject,https://search.douban.com/movie/subject_search?search_text=%E7%AB%A5%E5%B9%B4%E5%8A%A8%E7%94%BB&cat=1002&start=600,window.__DATA__
656,44,645,1766532,https://movie.douban.com/subject/1766532/,秀逗魔导士NEXT スレイヤーズNEXT‎ (1996),https://img3.doubanio.com/view/photo/s_ratio_poster/public/p2260258482.webp,美国 / 日本 / 动画 / 喜剧 / Slayers Next / 23分钟,渡部高志 / 水岛精二 / 则座诚 / 岩崎良明 / 吉田俊司 / 小林孝志 / 佐藤英一 / 林原惠美 / 松本保典 / 绿川光 / 铃木真仁 / 冬马由美 / 石田彰,9.1,4959,4.5,['剧集'],True,search_subject,https://search.douban.com/movie/subject_search?search_text=%E7%AB%A5%E5%B9%B4%E5%8A%A8%E7%94%BB&cat=1002&start=645,window.__DATA__
327,22,315,1466115,https://movie.douban.com/subject/1466115/,金色的海螺‎ (1963),https://img1.doubanio.com/view/photo/s_ratio_poster/public/p2668272810.webp,中国大陆 / 爱情 / 动画 / 短片 / 35分钟,万古蟾,8.4,4944,4,['可播放'],False,search_subject,https://search.douban.com/movie/subject_search?search_text=%E7%AB%A5%E5%B9%B4%E5%8A%A8%E7%94%BB&cat=1002&start=315,window.__DATA__
748,50,735,26746802,https://movie.douban.com/subject/26746802/,数码宝贝大冒险tri. 第4章：丧失 デジモンアドベンチャー tri. 第4章 喪失‎ (2017),https://img1.doubanio.com/view/photo/s_ratio_poster/public/p2447489280.webp,日本 / 科幻 / 动画 / 冒险 / 78分钟,元永庆太郎 / 花江夏树 / 三森铃子 / 细谷佳正 / 田村睦心 / 吉田仁美 / 榎木淳弥 / 池田纯矢 / 市道真央,6.6,4874,3.5,['可播放'],False,search_subject,https://search.douban.com/movie/subject_search?search_text=%E7%AB%A5%E5%B9%B4%E5%8A%A8%E7%94%BB&cat=1002&start=735,window.__DATA__
455,31,450,1448784,https://movie.douban.com/subject/1448784/,猫和老鼠: 飆风天王 Tom And Jerry The Fast And The Furry‎ (2005),https://img3.doubanio.com/view/photo/s_ratio_poster/public/p2240123033.webp,美国 / 动画 / 冒险 / 喜剧 / 猫和老鼠: 飆风天王 / 75分钟,Bill Kopp / 杰夫·贝内特 / Charles Adler / 约翰·迪·马吉欧 / 杰斯·哈梅尔 / 汤姆·肯尼 / 特蕾丝·麦克尼尔 / 罗伯·鲍森,8.2,4756,4,[],False,search_subject,https://search.douban.com/movie/subject_search?search_text=%E7%AB%A5%E5%B9%B4%E5%8A%A8%E7%94%BB&cat=1002&start=450,window.__DATA__
191,13,180,1466085,https://movie.douban.com/subject/1466085/,龙子太郎 龍の子太郎‎ (1979),https://img3.doubanio.com/view/photo/s_ratio_poster/public/p2188460823.webp,日本 / 动画 / 奇幻 / 冒险 / Tatsu no ko Tarô / Taro the Dragon Boy / 75分钟,浦山桐郎 / 北村和夫 / 吉永小百合 / Junya Kato / 树木希林 / Kazuo Kumakura / 富永美伊奈,8.7,4726,4.5,[],False,search_subject,https://search.douban.com/movie/subject_search?search_text=%E7%AB%A5%E5%B9%B4%E5%8A%A8%E7%94%BB&cat=1002&start=180,window.__DATA__
534,36,525,20285173,https://movie.douban.com/subject/20285173/,虹猫蓝兔勇者归来‎ (2011),https://img1.doubanio.com/view/photo/s_ratio_poster/public/p2859010889.webp,中国大陆 / 儿童 / 动画,贺梦凡 / 刘娟 Juan Liu / 付以琳 / 袁慧敏 Huimin Yuan / 刘蓉 / 房黛薇,8.6,4723,4.5,"['剧集', '可播放']",True,search_subject,https://search.douban.com/movie/subject_search?search_text=%E7%AB%A5%E5%B9%B4%E5%8A%A8%E7%94%BB&cat=1002&start=525,window.__DATA__
482,33,480,26746803,https://movie.douban.com/subject/26746803/,数码宝贝大冒险tri. 第5章：共生 デジモンアドベンチャー tri. 第5章 共生‎ (2017),https://img3.doubanio.com/view/photo/s_ratio_poster/public/p2458639487.webp,日本 / 科幻 / 动画 / 冒险 / 89分钟,元永庆太郎 / 花江夏树 / 三森铃子 / 细谷佳正 / 田村睦心 / 吉田仁美 / 榎木淳弥 / 池田纯矢 / 市道真央,6.1,4707,3,['可播放'],False,search_subject,https://search.douban.com/movie/subject_search?search_text=%E7%AB%A5%E5%B9%B4%E5%8A%A8%E7%94%BB&cat=1002&start=480,window.__DATA__
594,40,585,26729335,https://movie.douban.com/subject/26729335/,快乐驿站‎ (2004),https://img1.doubanio.com/view/photo/s_ratio_poster/public/p2321325580.webp,中国大陆 / 喜剧 / 动画 / 10分钟,李璟 / 吴瑶瑶 / 吕玥 / 刘雪生 / 张淼 / 贾永伟 / 郑丹妮 / 王强 / 逯宁 / 赵海洋 / 袁媛 / 范灏 / 梁雪 / 李佩思,9,4678,4.5,['剧集'],True,search_subject,https://search.douban.com/movie/subject_search?search_text=%E7%AB%A5%E5%B9%B4%E5%8A%A8%E7%94%BB&cat=1002&start=585,window.__DATA__
485,33,480,2240587,https://movie.douban.com/subject/2240587/,天鹅湖 白鳥の湖‎ (1981),https://img9.doubanio.com/view/photo/s_ratio_poster/public/p456771675.webp,日本 / 爱情 / 动画 / 奇幻 / 世界名作童话：天鹅湖 / Swan Lake / 75分钟,矢吹公郎 / 竹下景子 / 志垣太郎 / 小池朝雄 / 麻上洋子 / 白石冬美 / 松金米子 / 中西妙子 / 八奈见乘儿,8.8,4666,4.5,[],False,search_subject,https://search.douban.com/movie/subject_search?search_text=%E7%AB%A5%E5%B9%B4%E5%8A%A8%E7%94%BB&cat=1002&start=480,window.__DATA__
336,23,330,4925435,https://movie.douban.com/subject/4925435/,精灵宝可梦 超级愿望 ポケットモンスター ベストウィッシュ‎ (2010),https://img9.doubanio.com/view/photo/s_ratio_poster/public/p2924122894.webp,日本 / 剧情 / 动画 / 宠物小精灵Best Wishes! / 口袋妖怪Best Wishes! / 24分钟,汤山邦彦 / 矢岛哲生 / 浅田裕二 / 须藤典彦 / 金崎贵臣 / 上田茂 / 西田健一 / 川田武范 / 松井仁之 / 古贺一臣 / 吉村文宏 / 牧野吉高 / 山口赖房 / 竹内启雄 / 松本梨香 / 大谷育江 / 悠木碧 / 宫野真守 / 中村悠一 / 石冢运升 / 林原惠美 / 三木真一郎,8,4637,4,"['剧集', '可播放']",True,search_subject,https://search.douban.com/movie/subject_search?search_text=%E7%AB%A5%E5%B9%B4%E5%8A%A8%E7%94%BB&cat=1002&start=330,window.__DATA__
587,40,585,3014968,https://movie.douban.com/subject/3014968/,六神合体 六神合体ゴッドマーズ‎ (1981),https://img3.doubanio.com/view/photo/s_ratio_poster/public/p2918508012.webp,日本 / 动画 / 雷霆王(港) / 45分钟,今泽哲男 / 广川和之 / 出崎哲 / 锅岛修 / 西村纯二 / 水岛裕 / 富田耕生 / 石丸博也 / 盐屋翼 / 川浪叶子 / 铃置洋孝 / 前田敏子 / 青野武,8.1,4634,4,['剧集'],True,search_subject,https://search.douban.com/movie/subject_search?search_text=%E7%AB%A5%E5%B9%B4%E5%8A%A8%E7%94%BB&cat=1002&start=585,window.__DATA__
266,18,255,25966045,https://movie.douban.com/subject/25966045/,新大头儿子和小头爸爸之秘密计划‎ (2014),https://img9.doubanio.com/view/photo/s_ratio_poster/public/p2201323126.webp,中国大陆 / 儿童 / 动画 / 家庭 / 新大头儿子和小头爸爸大电影 / New Happy Dad and Son: Secret Plans / 80分钟,何澄 / 刘纯燕 / 董浩 / 鞠萍 / 耿晨晨 / 陈苏 / 霍小雷,5.4,4597,2.5,['可播放'],False,search_subject,https://search.douban.com/movie/subject_search?search_text=%E7%AB%A5%E5%B9%B4%E5%8A%A8%E7%94%BB&cat=1002&start=255,window.__DATA__
365,25,360,2336957,https://movie.douban.com/subject/2336957/,鬼神童子 鬼神童子ZENKI‎ (1995),https://img1.doubanio.com/view/photo/s_ratio_poster/public/p2519824139.webp,日本 / 动画 / 动作 / 冒险 / 奇幻,西村纯二 / 龟垣一 / 铃木行 / 江上洁 / 菱川直树 / 冈尾贵洋 / 横山广行 / 白旗伸朗 / 山口美浩 / 佐藤育郎 / 津田义三 / 冈崎幸男 / 神原敏昭 / 松本佳久 / 守冈博 / 清水明 / 铃木吉男 / 横山智佐 / 山口胜平 / 小杉十郎太 / 绪方惠美 / 齐藤昌 / 丸山咏二 / 堀胜之祐 / 上田祐司,8.5,4581,4.5,['剧集'],True,search_subject,https://search.douban.com/movie/subject_search?search_text=%E7%AB%A5%E5%B9%B4%E5%8A%A8%E7%94%BB&cat=1002&start=360,window.__DATA__
674,45,660,5040976,https://movie.douban.com/subject/5040976/,虹猫蓝兔光明剑‎ (2009),https://img2.doubanio.com/view/photo/s_ratio_poster/public/p2667821621.webp,中国大陆 / 动画,郭青青,8.5,4578,4.5,"['剧集', '可播放']",True,search_subject,https://search.douban.com/movie/subject_search?search_text=%E7%AB%A5%E5%B9%B4%E5%8A%A8%E7%94%BB&cat=1002&start=660,window.__DATA__
538,36,525,2244584,https://movie.douban.com/subject/2244584/,等明天‎ (1962),https://img9.doubanio.com/view/photo/s_ratio_poster/public/p2230997936.webp,中国 / 动画 / 15分钟,胡雄华,8.1,4572,4,['可播放'],False,search_subject,https://search.douban.com/movie/subject_search?search_text=%E7%AB%A5%E5%B9%B4%E5%8A%A8%E7%94%BB&cat=1002&start=525,window.__DATA__
199,14,195,1300863,https://movie.douban.com/subject/1300863/,罗宾汉 Robin Hood‎ (1973),https://img2.doubanio.com/view/photo/s_ratio_poster/public/p851340621.webp,美国 / 动画 / 冒险 / 家庭 / 爱情 / 侠盗罗宾汉 / 罗宾汉 / 83分钟,沃夫冈·雷瑟曼 / 戴维·汉德 / Roger Miller / 彼得·乌斯蒂诺夫 / 特里-托马斯 / Brian Bedford / 菲尔·哈里斯 / 安迪·德怀恩 / 卡罗尔·谢利 / Pat Buttram,8.2,4540,4,['可播放'],False,search_subject,https://search.douban.com/movie/subject_search?search_text=%E7%AB%A5%E5%B9%B4%E5%8A%A8%E7%94%BB&cat=1002&start=195,window.__DATA__
434,29,420,1870462,https://movie.douban.com/subject/1870462/,小红脸和小蓝脸‎ (1982),https://img1.doubanio.com/view/photo/s_ratio_poster/public/p2649097150.webp,中国大陆 / 动画 / 短片 / 11分钟,戴铁郎 / 毕克,8.3,4527,4,['可播放'],False,search_subject,https://search.douban.com/movie/subject_search?search_text=%E7%AB%A5%E5%B9%B4%E5%8A%A8%E7%94%BB&cat=1002&start=420,window.__DATA__
378,26,375,1401602,https://movie.douban.com/subject/1401602/,101忠狗续集：伦敦大冒险 101 Dalmatians II: Patch's London Adventure‎ (2003),https://img2.doubanio.com/view/photo/s_ratio_poster/public/p1839992901.webp,美国 / 喜剧 / 动画 / 冒险 / 家庭 / 101斑点狗续集：伦敦大冒险 / 101 Dalmatians: The Animated Sequel / 74分钟,金·加姆洛德 / 布莱恩·史密斯 / 巴比·洛克伍德 / 巴瑞·波斯威克 / 萨缪尔·韦斯特 / 凯斯·索西 / 苏珊·布莱克史利 / 杰夫·贝内特 / 莫里斯·拉马奇 / 杰森·亚历山大,7.6,4519,4,[],False,search_subject,https://search.douban.com/movie/subject_search?search_text=%E7%AB%A5%E5%B9%B4%E5%8A%A8%E7%94%BB&cat=1002&start=375,window.__DATA__
569,38,555,25938006,https://movie.douban.com/subject/25938006/,电击小子 第三部‎ (2013),https://img1.doubanio.com/view/photo/s_ratio_poster/public/p2606809178.webp,中国大陆 / 儿童 / 动作 / 科幻 / 动画 / 冒险 / 电击小子3之四圣团,韩峰 / 邓红 / 李旭乔 / 陆双,8.7,4516,4.5,['剧集'],True,search_subject,https://search.douban.com/movie/subject_search?search_text=%E7%AB%A5%E5%B9%B4%E5%8A%A8%E7%94%BB&cat=1002&start=555,window.__DATA__
667,45,660,1751955,https://movie.douban.com/subject/1751955/,自动机器人·铁臂阿童木 アストロボーイ 鉄腕アトム‎ (2003),https://img3.doubanio.com/view/photo/s_ratio_poster/public/p2199690182.webp,日本 / 科幻 / ASTRO BOY 鉄腕アトム / Astro Boy tetsuwan atomu / 24分钟,小中和哉 / 桑原智 / 山崎和男 / 竹内启雄 / 吉村文宏 / 前园文夫 / 铃木吉男 / 铃木卓夫 / 津田义三 / 西田正义 / 石踊宏 / 渊上真 / 望月敬一郎 / 三家本泰美 / 平田敏夫 / 波多正美 / 古桥一浩 / 津村真琴 / 胜田久 / 丸山美纪 / 川濑晶子 / 富田耕生 / 银河万丈 / 龙田直树 / 佐藤佑子,8.7,4513,4.5,"['剧集', '可播放']",True,search_subject,https://search.douban.com/movie/subject_search?search_text=%E7%AB%A5%E5%B9%B4%E5%8A%A8%E7%94%BB&cat=1002&start=660,window.__DATA__
586,40,585,2051056,https://movie.douban.com/subject/2051056/,三个火枪手 アニメ三銃士‎ (1987),https://img9.doubanio.com/view/photo/s_ratio_poster/public/p2605369275.webp,日本 / 剧情 / 动画 / 传记 / Anime Three Musketeers / 三剑客,汤山邦彦 / 渡部高志 / 高本宣弘 / 网野哲朗 / 早川启二 / 御厨恭辅 / 水谷贵哉 / 松田辰也 / 日高范子 / 田中真弓 / 神谷明 / 山田荣子 / 佐藤政道 / 横泽启子 / 高田由美,8.8,4504,4.5,"['剧集', '可播放']",True,search_subject,https://search.douban.com/movie/subject_search?search_text=%E7%AB%A5%E5%B9%B4%E5%8A%A8%E7%94%BB&cat=1002&start=585,window.__DATA__
310,21,300,3808966,https://movie.douban.com/subject/3808966/,超星神格兰赛沙 超星神グランセイザー‎ (2003),https://img1.doubanio.com/view/photo/s_ratio_poster/public/p2164068300.webp,日本 / 动作 / 冒险 / 奇幻 / 科幻 / 超星神Gransazer / Super Star God Gransazer / 25分钟,村石宏实 / 铃木健二 / 三好邦夫 / 鹿岛勤 / 石井辉仪 / 池田敏春 / 濑川亮 / 清水明日香 / 武田光兵 / 芹泽秀明 / 星野麻雅 / 松泽莲 / 高原知秀 / 矶山沙也加,9.4,4450,4.5,"['剧集', '可播放']",True,search_subject,https://search.douban.com/movie/subject_search?search_text=%E7%AB%A5%E5%B9%B4%E5%8A%A8%E7%94%BB&cat=1002&start=300,window.__DATA__
313,21,300,1868532,https://movie.douban.com/subject/1868532/,圣斗士星矢: 天界篇序奏 - Overture 聖闘士星矢: 天界編序奏 ~Overture~‎ (2004),https://img1.doubanio.com/view/photo/s_ratio_poster/public/p454018809.webp,日本 / 动画 / 奇幻 / Saint Seiya: The Heaven Chapter - Overture / 圣斗士星矢: 天界篇序奏 - Overture,山内重保 / 古谷彻 / 铃置洋孝 / 堀川亮 / 桥本晃一 / 堀秀行 / 潘惠子 / 绿川光 / 井上富美子,6.9,4414,3.5,['可播放'],False,search_subject,https://search.douban.com/movie/subject_search?search_text=%E7%AB%A5%E5%B9%B4%E5%8A%A8%E7%94%BB&cat=1002&start=300,window.__DATA__
508,34,495,1827337,https://movie.douban.com/subject/1827337/,玩偶游戏 こどものおもちゃ‎ (1996),https://img3.doubanio.com/view/photo/s_ratio_poster/public/p2554144462.webp,日本 / 动画 / 喜剧 / 剧情 / 爱情 / 小孩子的玩具 / 孩子们的游戏 / 24分钟,大地丙太郎 / 渡边慎一 / 樱井弘明 / 难波日登志 / 木村隆一 / 武藤裕治 / 松井仁之 / 大畑清隆 / 池端隆史 / 福多润 / 高桥幸雄 / 铃木吉男 / 小田静枝 / 中崎达也 / 木野花 / 内藤玲 / 天野庆子 / 松山鹰志 / 冈村明美 / 南央美,9,4413,4.5,['剧集'],True,search_subject,https://search.douban.com/movie/subject_search?search_text=%E7%AB%A5%E5%B9%B4%E5%8A%A8%E7%94%BB&cat=1002&start=495,window.__DATA__
146,10,135,1292598,https://movie.douban.com/subject/1292598/,忍者神龟 Teenage Mutant Ninja Turtles‎ (1990),https://img3.doubanio.com/view/photo/s_ratio_poster/public/p2524503703.webp,美国 / 中国香港 / 喜剧 / 动作 / 科幻 / 冒险 / 家庭 / 忍者龟 / 93分钟,斯蒂夫·巴伦 / 乔什·帕斯 / 迈克林·西提 / 利夫·蒂尔登 / David Forman,7.3,4406,3.5,[],False,search_subject,https://search.douban.com/movie/subject_search?search_text=%E7%AB%A5%E5%B9%B4%E5%8A%A8%E7%94%BB&cat=1002&start=135,window.__DATA__
457,31,450,1303657,https://movie.douban.com/subject/1303657/,五岁庵 오세암‎ (2003),https://img2.doubanio.com/view/photo/s_ratio_poster/public/p2869475791.webp,韩国 / 动画 / 五岁的心愿 / Oseam / 75分钟,成白烨,7.9,4403,4,['可播放'],False,search_subject,https://search.douban.com/movie/subject_search?search_text=%E7%AB%A5%E5%B9%B4%E5%8A%A8%E7%94%BB&cat=1002&start=450,window.__DATA__
679,46,675,1883707,https://movie.douban.com/subject/1883707/,善良的夏吾冬‎ (1981),https://img9.doubanio.com/view/photo/s_ratio_poster/public/p2649088755.webp,中国大陆 / 动画 / 短片 / 儿童 / 20分钟,何玉门,8.4,4400,4,[],False,search_subject,https://search.douban.com/movie/subject_search?search_text=%E7%AB%A5%E5%B9%B4%E5%8A%A8%E7%94%BB&cat=1002&start=675,window.__DATA__
379,26,375,1883692,https://movie.douban.com/subject/1883692/,蛐蛐‎ (1982),https://img1.doubanio.com/view/photo/s_ratio_poster/public/p1903054980.webp,中国大陆 / 动画 / 短片 / 促织 / 25分钟,尤磊,8.6,4373,4.5,['可播放'],False,search_subject,https://search.douban.com/movie/subject_search?search_text=%E7%AB%A5%E5%B9%B4%E5%8A%A8%E7%94%BB&cat=1002&start=375,window.__DATA__
507,34,495,3097209,https://movie.douban.com/subject/3097209/,狡猾飞天德 第一季 Darkwing Duck Season 1‎ (1991),https://img9.doubanio.com/view/photo/s_ratio_poster/public/p2540389514.webp,美国 / 动画 / 家庭 / 喜剧 / 动作 / 悬疑 / 怪鸭古惑德 / 蛊惑飞天德 / 30分钟,吉姆·卡明斯 / 特伦斯·麦克格文 / 克里斯汀·凯文诺,8.1,4346,4,['剧集'],True,search_subject,https://search.douban.com/movie/subject_search?search_text=%E7%AB%A5%E5%B9%B4%E5%8A%A8%E7%94%BB&cat=1002&start=495,window.__DATA__
312,21,300,34950173,https://movie.douban.com/subject/34950173/,大耳朵图图之霸王龙在行动‎ (2021),https://img1.doubanio.com/view/photo/s_ratio_poster/public/p2688292139.webp,中国大陆 / 喜剧 / 动画 / 冒险 / Dear Tutu: The T-Rex In Operation / 86分钟,速达 / 潘延 / 范楚绒 / 胡谦 / 林永健 / 金炜 / 李晔,5.6,4330,3,['可播放'],False,search_subject,https://search.douban.com/movie/subject_search?search_text=%E7%AB%A5%E5%B9%B4%E5%8A%A8%E7%94%BB&cat=1002&start=300,window.__DATA__
689,46,675,2059829,https://movie.douban.com/subject/2059829/,小鬼迪克 妖精ディック‎ (1992),https://img9.doubanio.com/view/photo/s_ratio_poster/public/p2518075296.webp,日本 / 动画 / Fairy Dick / Hobberdy Dick,波多正美 / Albert Brantford / Peter Coleman / Gordon Craig / Mme. d'Esterre / Joan Griffith / C. Hargrave Mansell / Ernest Spaulding / Bernard Vaughan,8.8,4327,4.5,['剧集'],True,search_subject,https://search.douban.com/movie/subject_search?search_text=%E7%AB%A5%E5%B9%B4%E5%8A%A8%E7%94%BB&cat=1002&start=675,window.__DATA__
730,49,720,2156903,https://movie.douban.com/subject/2156903/,黑衣警探 第一季 Men in Black: The Series Season 1‎ (1997),https://img3.doubanio.com/view/photo/s_ratio_poster/public/p2407179322.webp,美国 / 喜剧 / 动作 / 科幻 / 动画 / 黑衣人 动画版 / 黑衣警探,Nathan Chew / 格雷格·白尔杰 / 凯斯·戴蒙德 / 詹妮弗·林,8.9,4319,4.5,"['剧集', '可播放']",True,search_subject,https://search.douban.com/movie/subject_search?search_text=%E7%AB%A5%E5%B9%B4%E5%8A%A8%E7%94%BB&cat=1002&start=720,window.__DATA__
461,31,450,29949617,https://movie.douban.com/subject/29949617/,海绵宝宝 第十一季 Spongebob Squarepants Season 11‎ (2017),https://img3.doubanio.com/view/photo/s_ratio_poster/public/p2914030987.webp,美国 / 喜剧 / 动画 / 奇幻 / 家庭 / 23分钟,戴夫·坎宁安 / Adam Paloian / 汤姆·肯尼 / 比尔·法格巴克 / 罗德格尔·邦帕斯 / 克兰西·布朗 / 卡罗琳·劳伦斯 / 迪·布莱德利·贝克 / 赛丽娜·欧文,9.4,4303,4.5,"['剧集', '可播放']",True,search_subject,https://search.douban.com/movie/subject_search?search_text=%E7%AB%A5%E5%B9%B4%E5%8A%A8%E7%94%BB&cat=1002&start=450,window.__DATA__
595,40,585,3505974,https://movie.douban.com/subject/3505974/,美少女战士SuperS 美少女戦士セーラームーンSuperS‎ (1995),https://img9.doubanio.com/view/photo/s_ratio_poster/public/p1956735864.webp,日本 / 动画 / 动作 / 喜剧 / 剧情 / 悬疑 / 爱情 / 美少女战士 第四季 / 美少女战士SS / 30分钟,几原邦彦 / 佐藤顺一 / 五十岚卓哉 / 宇田钢之介 / 小坂春女 / 芝田浩树 / 三石琴乃 / 久川绫 / 富泽美智惠 / 筱原惠美 / 深见梨加 / 荒木香惠 / 石田彰 / 古川登志夫,8.7,4284,4.5,"['剧集', '可播放']",True,search_subject,https://search.douban.com/movie/subject_search?search_text=%E7%AB%A5%E5%B9%B4%E5%8A%A8%E7%94%BB&cat=1002&start=585,window.__DATA__
430,29,420,1296181,https://movie.douban.com/subject/1296181/,"一路顺风，查理布朗 Bon Voyage, Charlie Brown (and Don't Come Back!)‎ (1980)",https://img1.doubanio.com/view/photo/s_ratio_poster/public/p2206513238.webp,美国 / 动画 / 喜剧 / 家庭 / 史诺比留学记 / 史努比漫遊世界(台) / 75分钟,比尔·莫伦茨 / Scott Beach / 丹尼尔·安德森,8.5,4251,4.5,['可播放'],False,search_subject,https://search.douban.com/movie/subject_search?search_text=%E7%AB%A5%E5%B9%B4%E5%8A%A8%E7%94%BB&cat=1002&start=420,window.__DATA__
240,16,225,1305905,https://movie.douban.com/subject/1305905/,猫和老鼠1992电影版 Tom and Jerry: The Movie‎ (1993),https://img1.doubanio.com/view/photo/s_ratio_poster/public/p2585770189.webp,美国 / 动画 / 家庭 / 84分钟,菲尔·罗曼,7.8,4239,4,['可播放'],False,search_subject,https://search.douban.com/movie/subject_search?search_text=%E7%AB%A5%E5%B9%B4%E5%8A%A8%E7%94%BB&cat=1002&start=225,window.__DATA__
380,26,375,4018198,https://movie.douban.com/subject/4018198/,宝贝女儿好妈妈‎ (2004),https://img2.doubanio.com/view/photo/s_ratio_poster/public/p2775018351.webp,中国大陆 / 动画 / 家庭 / Happy Family / 15分钟,黄伟明 / 祖晴 / 王虹 / 郭东文 / 梁颖 / 李团 / 孙金华 / 王瑶 / 曹群耀,8.7,4236,4.5,['剧集'],True,search_subject,https://search.douban.com/movie/subject_search?search_text=%E7%AB%A5%E5%B9%B4%E5%8A%A8%E7%94%BB&cat=1002&start=375,window.__DATA__
725,49,720,1465802,https://movie.douban.com/subject/1465802/,哈姆太郎 とっとこハム太郎‎ (2000),https://img9.doubanio.com/view/photo/s_ratio_poster/public/p2554086025.webp,日本 / 动画 / 家庭 / 奇幻 / Hamtaro / Trotting Hamtaro / 30分钟,Osamu Nabeshima / 间宫胡桃 / 爱河里花子 / 村井每早 / 伊藤健太郎 / 佐久间玲 / 本田贵子 / 池泽春菜 / 柚木凉香,8,4202,4,['剧集'],True,search_subject,https://search.douban.com/movie/subject_search?search_text=%E7%AB%A5%E5%B9%B4%E5%8A%A8%E7%94%BB&cat=1002&start=720,window.__DATA__
666,45,660,1815503,https://movie.douban.com/subject/1815503/,螳螂捕蝉‎ (1988),https://img9.doubanio.com/view/photo/s_ratio_poster/public/p2649098906.webp,中国大陆 / 动画 / 短片 / A Story in Summertime / The Praying Mantis / 5分钟,胡进庆,8.1,4191,4,['可播放'],False,search_subject,https://search.douban.com/movie/subject_search?search_text=%E7%AB%A5%E5%B9%B4%E5%8A%A8%E7%94%BB&cat=1002&start=660,window.__DATA__
670,45,660,2059810,https://movie.douban.com/subject/2059810/,聪明的沃里 Where's Wally/Waldo‎ (1991),https://img9.doubanio.com/view/photo/s_ratio_poster/public/p2518123295.webp,美国 / 动画 / 冒险 / 喜剧 / 家庭 / 奇幻 / 聪明的沃里 / 30分钟,Phil Harnage / Evelyn Gabai,8.8,4150,4.5,['剧集'],True,search_subject,https://search.douban.com/movie/subject_search?search_text=%E7%AB%A5%E5%B9%B4%E5%8A%A8%E7%94%BB&cat=1002&start=660,window.__DATA__
659,44,645,1919112,https://movie.douban.com/subject/1919112/,小魔女DoReMi おジャ魔女どれみ‎ (1999),https://img1.doubanio.com/view/photo/s_ratio_poster/public/p2554088758.webp,日本 / 动画 / 喜剧 / 奇幻 / 小魔女DoReMi / 24分钟,佐藤顺一 / 五十岚卓哉 / 山内重保 / 伊藤尚往 / 广岛秀树 / 岩井隆央 / 冈佳广 / 千叶千惠巳 / 秋谷智子 / 松冈由贵 / 宍户留美 / 石毛佐和 / 永泽菜教 / 松尾银三 / 今井由香,8.3,4137,4,"['剧集', '可播放']",True,search_subject,https://search.douban.com/movie/subject_search?search_text=%E7%AB%A5%E5%B9%B4%E5%8A%A8%E7%94%BB&cat=1002&start=645,window.__DATA__
655,44,645,3345194,https://movie.douban.com/subject/3345194/,美女与野兽之幸福生活 Beauty and the Beast: Belle's Magical World‎ (1998),https://img9.doubanio.com/view/photo/s_ratio_poster/public/p2238474214.webp,美国 / 动画 / 喜剧 / 家庭 / 奇幻 / 音乐 / Belle's Magical World / 92分钟,Cullen Blaine / 戴尔·凯斯 / Daniel de la Vega / Barbara Dourmashkin / Bob Kline / Burt Medall / Mitch Rochon / Rick Leon / 佩吉·奥哈拉 / 罗比·本森 / 杰夫·贝内特 / 吉姆·卡明斯 / 杰里·奥尔巴赫 / 戴维·奥格登·施蒂尔斯 / Gregory Grudt / 罗伯·鲍森,8.1,4124,4,[],False,search_subject,https://search.douban.com/movie/subject_search?search_text=%E7%AB%A5%E5%B9%B4%E5%8A%A8%E7%94%BB&cat=1002&start=645,window.__DATA__
446,30,435,1729194,https://movie.douban.com/subject/1729194/,长腿叔叔 私のあしながおじさん‎ (1990),https://img9.doubanio.com/view/photo/s_ratio_poster/public/p2408584184.webp,日本 / 动画 / 我的长腿叔叔 / My Daddy Long Legs / 24分钟,横田和善 / 松见真一 / 铃木孝义 / 佐土原武之 / 堀江美都子 / 田中秀幸 / 佐藤智惠 / 天野由梨 / 岛田敏 / 盐屋翼 / 鹤弘美 / 藤田淑子,8.9,4118,4.5,"['剧集', '可播放']",True,search_subject,https://search.douban.com/movie/subject_search?search_text=%E7%AB%A5%E5%B9%B4%E5%8A%A8%E7%94%BB&cat=1002&start=435,window.__DATA__
296,20,285,3554902,https://movie.douban.com/subject/3554902/,龙珠Z剧场版12：复活的融合!! 悟空和贝吉塔 ドラゴンボール Z 劇場版： 復活のフュージョン!! 悟空とベジータ‎ (1995),https://img9.doubanio.com/view/photo/s_ratio_poster/public/p2928241385.webp,日本 / 动画 / 动作 / Dragon Ball Z Movie 12 / 50分钟,山内重保 / 野泽雅子 / 堀川亮 / 草尾毅 / 皆口裕子 / 绿川光 / 鹤弘美 / 渡边菜生子 / 乡里大辅,8.1,4088,4,[],False,search_subject,https://search.douban.com/movie/subject_search?search_text=%E7%AB%A5%E5%B9%B4%E5%8A%A8%E7%94%BB&cat=1002&start=285,window.__DATA__
501,34,495,1441797,https://movie.douban.com/subject/1441797/,张飞审瓜‎ (1980),https://img1.doubanio.com/view/photo/s_ratio_poster/public/p2608330818.webp,中国大陆 / 动画 / 短片 / 戏曲 / 25分钟,钱运达 / 葛桂云,8,4087,4,['可播放'],False,search_subject,https://search.douban.com/movie/subject_search?search_text=%E7%AB%A5%E5%B9%B4%E5%8A%A8%E7%94%BB&cat=1002&start=495,window.__DATA__
609,41,600,5446178,https://movie.douban.com/subject/5446178/,足球小将GOAL! キャプテン翼 (平成版)‎ (2001),https://img3.doubanio.com/view/photo/s_ratio_poster/public/p2873990767.webp,日本 / 动画 / 运动 / Captain Tsubasa: Road to Dream / Captain Tsubasa: Road to 2002 / 24分钟,杉井仪三郎 / 井上喜久子 / 関智一 / 宮本充 / 榎本温子 / 雪乃五月,8.8,4059,4.5,['剧集'],True,search_subject,https://search.douban.com/movie/subject_search?search_text=%E7%AB%A5%E5%B9%B4%E5%8A%A8%E7%94%BB&cat=1002&start=600,window.__DATA__
612,41,600,3053433,https://movie.douban.com/subject/3053433/,数码宝贝5：拯救者 デジモンセイバーズ‎ (2006),https://img9.doubanio.com/view/photo/s_ratio_poster/public/p2919720404.webp,日本 / 动画 / 数码宝贝拯救队(台) / 数码暴龙DS(港) / 21分钟,デジモンセイバーズ / 保志总一朗 / 野岛裕史 / 钉宫理惠 / 松野太纪 / 新垣结衣 / 中井和哉 Kazuya Nakai,7.5,4058,4,"['剧集', '可播放']",True,search_subject,https://search.douban.com/movie/subject_search?search_text=%E7%AB%A5%E5%B9%B4%E5%8A%A8%E7%94%BB&cat=1002&start=600,window.__DATA__
712,48,705,2310158,https://movie.douban.com/subject/2310158/,猫和老鼠：胡桃夹子的传奇 Tom and Jerry: A Nutcracker Tale‎ (2007),https://img3.doubanio.com/view/photo/s_ratio_poster/public/p2240126102.webp,美国 / 动画 / 喜剧 / 家庭 / 猫和老鼠：胡桃夹子的传奇 / 猫和老鼠胡桃夹子传奇 / 47分钟,Spike Brandt / Tony Cervone,8.2,4050,4,[],False,search_subject,https://search.douban.com/movie/subject_search?search_text=%E7%AB%A5%E5%B9%B4%E5%8A%A8%E7%94%BB&cat=1002&start=705,window.__DATA__
629,42,615,3024266,https://movie.douban.com/subject/3024266/,神奇山谷‎ (1998),https://img1.doubanio.com/view/photo/s_ratio_poster/public/p2206188518.webp,中国大陆 / 澳大利亚 / 儿童 / Magic Mountain / 7分钟,李蕾 / 伊恩·梦露,8,4039,4,['剧集'],True,search_subject,https://search.douban.com/movie/subject_search?search_text=%E7%AB%A5%E5%B9%B4%E5%8A%A8%E7%94%BB&cat=1002&start=615,window.__DATA__
601,41,600,26274146,https://movie.douban.com/subject/26274146/,虹猫蓝兔阿木星‎ (2007),https://img9.doubanio.com/view/photo/s_ratio_poster/public/p2214392695.webp,中国大陆 / 儿童 / 动画 / 武侠 / 马三娘外传，虹猫蓝兔Ⅱ,王宏 / 付以琳 / 晏婷,8.3,4034,4,"['剧集', '可播放']",True,search_subject,https://search.douban.com/movie/subject_search?search_text=%E7%AB%A5%E5%B9%B4%E5%8A%A8%E7%94%BB&cat=1002&start=600,window.__DATA__
486,33,480,20253812,https://movie.douban.com/subject/20253812/,天眼神虎‎ (2007),https://img9.doubanio.com/view/photo/s_ratio_poster/public/p2645145356.webp,中国大陆 / 动画 / 儿童 / 22分钟,糖仁 / 张璐 / 张美娟 / 房露 / 王博 / 阎萌萌 / 伍凤春 / 杨莹 / 腾腾,7,4013,3.5,"['剧集', '可播放']",True,search_subject,https://search.douban.com/movie/subject_search?search_text=%E7%AB%A5%E5%B9%B4%E5%8A%A8%E7%94%BB&cat=1002&start=480,window.__DATA__
658,44,645,1876319,https://movie.douban.com/subject/1876319/,小红帽恰恰 赤ずきんチャチャ‎ (1994),https://img3.doubanio.com/view/photo/s_ratio_poster/public/p2554079617.webp,日本 / 动画 / Red Hood Chacha / 24分钟,辻初树 / 细田雅弘 / 佐藤龙雄 / 佐山圣子 / 樱井弘明 / 大地丙太郎 / 棚桥一德 / 原征太郎 / 下司泰弘 / 松本佳久 / 铃木卓夫 / 根岸宏树 / 木村哲 / 佐佐木和宏 / 津田义三 / 铃木真仁 / 香取慎吾 / 日高范子 / 泉类亨 / 大坪纯子 / 富永美伊奈 / 樱井智 / 赤土真弓,8.9,4010,4.5,['剧集'],True,search_subject,https://search.douban.com/movie/subject_search?search_text=%E7%AB%A5%E5%B9%B4%E5%8A%A8%E7%94%BB&cat=1002&start=645,window.__DATA__
547,37,540,24530537,https://movie.douban.com/subject/24530537/,哈皮父子之超能泡蛋‎ (2010),https://img3.doubanio.com/view/photo/s_ratio_poster/public/p2170932933.webp,中国大陆 / 动画 / 儿童 / 超能泡蛋1,张红军 / 牟宏 / 王婧欣,8.8,4005,4.5,"['剧集', '可播放']",True,search_subject,https://search.douban.com/movie/subject_search?search_text=%E7%AB%A5%E5%B9%B4%E5%8A%A8%E7%94%BB&cat=1002&start=540,window.__DATA__
308,21,300,30142421,https://movie.douban.com/subject/30142421/,阿波罗10½号：太空时代的童年 Apollo 10 1/2: A Space Age Childhood‎ (2022),https://img3.doubanio.com/view/photo/s_ratio_poster/public/p2870093052.webp,美国 / 剧情 / 科幻 / 动画 / 冒险 / 阿波罗10½号：太空时代的冒险 / 阿波罗十又二分之一：太空时代的冒险 / 97分钟,理查德·林克莱特 / 米洛·科伊 / 杰克·布莱克 / 李·埃迪 / 比尔·怀斯 / 娜塔莉·拉莫罗 / 乔什·维金斯 / 塞缪尔·戴维斯 / 杰西卡·布里恩·科恩,7.5,3999,4,[],False,search_subject,https://search.douban.com/movie/subject_search?search_text=%E7%AB%A5%E5%B9%B4%E5%8A%A8%E7%94%BB&cat=1002&start=300,window.__DATA__
349,24,345,1466114,https://movie.douban.com/subject/1466114/,西岳奇童‎ (1984),https://img3.doubanio.com/view/photo/s_ratio_poster/public/p2407038217.webp,中国大陆 / 动画 / 54分钟,靳夕 / 刘蕙仪 / 武向彤 / 韩非 / 丁建华 / 洪融 / 乔榛 / 谭鹏飞,8.8,3999,4.5,['可播放'],False,search_subject,https://search.douban.com/movie/subject_search?search_text=%E7%AB%A5%E5%B9%B4%E5%8A%A8%E7%94%BB&cat=1002&start=345,window.__DATA__
436,30,435,10458685,https://movie.douban.com/subject/10458685/,猫眼三姐妹 第二季 キャッツ♥アイ 二期‎ (1984),https://img2.doubanio.com/view/photo/s_ratio_poster/public/p2564332241.webp,日本 / 动画 / 25分钟,竹内启雄 / 户田惠子 Keiko Toda / 藤田淑子 / 坂本千夏 / 安原义人,8.9,3997,4.5,['剧集'],True,search_subject,https://search.douban.com/movie/subject_search?search_text=%E7%AB%A5%E5%B9%B4%E5%8A%A8%E7%94%BB&cat=1002&start=435,window.__DATA__
438,30,435,11610978,https://movie.douban.com/subject/11610978/,战斗王之飓风战魂 第一季‎ (2012),https://img9.doubanio.com/view/photo/s_ratio_poster/public/p1713581515.webp,中国大陆 / 动画 / 飓风战魂,,9,3996,4.5,['剧集'],True,search_subject,https://search.douban.com/movie/subject_search?search_text=%E7%AB%A5%E5%B9%B4%E5%8A%A8%E7%94%BB&cat=1002&start=435,window.__DATA__
395,27,390,10744795,https://movie.douban.com/subject/10744795/,开心宝贝之开心星星球‎ (2012),https://img2.doubanio.com/view/photo/s_ratio_poster/public/p1818410741.webp,中国大陆 / 儿童 / 喜剧 / 动画 / 奇幻 / 冒险 / 开心宝贝第五部 / 13分钟,黄伟明 / 刘红韵 / 邓玉婷 / 严彦子 / 祖晴 / 高全胜,8.9,3981,4.5,"['剧集', '可播放']",True,search_subject,https://search.douban.com/movie/subject_search?search_text=%E7%AB%A5%E5%B9%B4%E5%8A%A8%E7%94%BB&cat=1002&start=390,window.__DATA__
665,45,660,2142778,https://movie.douban.com/subject/2142778/,降魔勇士 Conan: The Adventurer‎ (1992),https://img3.doubanio.com/view/photo/s_ratio_poster/public/p2352298143.webp,美国 / 动作 / 动画 / 奇幻 / 冒险 / 降魔勇士 / 25分钟,,8.6,3980,4.5,['剧集'],True,search_subject,https://search.douban.com/movie/subject_search?search_text=%E7%AB%A5%E5%B9%B4%E5%8A%A8%E7%94%BB&cat=1002&start=660,window.__DATA__
342,23,330,1874115,https://movie.douban.com/subject/1874115/,松鼠理发师‎ (1983),https://img2.doubanio.com/view/photo/s_ratio_poster/public/p2649062991.webp,中国大陆 / 动画 / 短片 / 11分钟,浦家祥,8,3965,4,['可播放'],False,search_subject,https://search.douban.com/movie/subject_search?search_text=%E7%AB%A5%E5%B9%B4%E5%8A%A8%E7%94%BB&cat=1002&start=330,window.__DATA__
533,36,525,3552817,https://movie.douban.com/subject/3552817/,龙珠Z剧场版6：激突！100亿能量的战士们 ドラゴンボールZ 激突!!100億パワーの戦士たち‎ (1992),https://img1.doubanio.com/view/photo/s_ratio_poster/public/p2544457058.webp,日本 / 动画 / 冒险 / 奇幻 / 科幻 / Dragon Ball Z Movie 6 / 激突!! 100億能量的戰士們 / 46分钟,西尾大介 / 野泽雅子 / 古川登志夫 / 田中真弓 / 堀川亮 / 宫内幸平 / 龙田直树 / 铃木富子 / 西尾德,7.8,3947,4,[],False,search_subject,https://search.douban.com/movie/subject_search?search_text=%E7%AB%A5%E5%B9%B4%E5%8A%A8%E7%94%BB&cat=1002&start=525,window.__DATA__
386,26,375,1883725,https://movie.douban.com/subject/1883725/,大白鲸 ムーの白鯨‎ (1980),https://img3.doubanio.com/view/photo/s_ratio_poster/public/p2920473532.webp,日本 / 动画 / The White Whale Of Mu,福尾元夫 / 武冈淳一 / 井上和彦 / 千千松幸子 / 铃置洋孝,8.2,3936,4,['剧集'],True,search_subject,https://search.douban.com/movie/subject_search?search_text=%E7%AB%A5%E5%B9%B4%E5%8A%A8%E7%94%BB&cat=1002&start=375,window.__DATA__
682,46,675,5948610,https://movie.douban.com/subject/5948610/,爆旋陀螺 爆転シュート ベイブレード‎ (2001),https://img3.doubanio.com/view/photo/s_ratio_poster/public/p2538548047.webp,日本 / 动画 / Beyblade / 23分钟,川瀬敏文 / 熊井统子 / 高乃丽 / 折笠爱 / 久川绫 / 桑岛法子,8.3,3904,4,"['剧集', '可播放']",True,search_subject,https://search.douban.com/movie/subject_search?search_text=%E7%AB%A5%E5%B9%B4%E5%8A%A8%E7%94%BB&cat=1002&start=675,window.__DATA__
625,42,615,1419970,https://movie.douban.com/subject/1419970/,猫和老鼠：火星之旅 Tom and Jerry Blast Off to Mars!‎ (2005),https://img9.doubanio.com/view/photo/s_ratio_poster/public/p2911628544.webp,美国 / 喜剧 / 动画 / 猫和老鼠：出发去火星 / 猫和老鼠：奔向火星 / 71分钟,Bill Kopp / 杰夫·贝内特 / 科里·伯顿 / 凯瑟琳·费奥雷,8.4,3898,4,[],False,search_subject,https://search.douban.com/movie/subject_search?search_text=%E7%AB%A5%E5%B9%B4%E5%8A%A8%E7%94%BB&cat=1002&start=615,window.__DATA__
740,50,735,1484988,https://movie.douban.com/subject/1484988/,麦德兰 Madeline‎ (1993),https://img9.doubanio.com/view/photo/s_ratio_poster/public/p2518077936.webp,美国 / 动画 / 麦德兰,,9.1,3883,4.5,['剧集'],True,search_subject,https://search.douban.com/movie/subject_search?search_text=%E7%AB%A5%E5%B9%B4%E5%8A%A8%E7%94%BB&cat=1002&start=735,window.__DATA__
554,37,540,3620418,https://movie.douban.com/subject/3620418/,丽莎和她的朋友们 第一季 The Wild Thornberrys Season 1‎ (1998),https://img3.doubanio.com/view/photo/s_ratio_poster/public/p2459789842.webp,美国 / 动画 / 冒险 / 喜剧 / 家庭 / 奇幻 / 丽莎和她的朋友们 / 23分钟,Gabor Csupo / Arlene Klasky / Lacey Chabert / Jodi Carlisle / Tim Curry / Danielle Harris / Tom Kane / Flea,9.1,3874,4.5,['剧集'],True,search_subject,https://search.douban.com/movie/subject_search?search_text=%E7%AB%A5%E5%B9%B4%E5%8A%A8%E7%94%BB&cat=1002&start=540,window.__DATA__
556,38,555,4117004,https://movie.douban.com/subject/4117004/,战龙四驱‎ (2009),https://img1.doubanio.com/view/photo/s_ratio_poster/public/p2295560258.webp,中国大陆 / 儿童 / 动画 / 四驱小子中国版 / Go For Speed / 24分钟,沈彪 印建荣 / 赵冰冰 / 周莹 / 苏柏丽 / 黎泓和 / 赵威 / 李俊英 / 谢佳 / 张立昆,8.4,3871,4,"['剧集', '可播放']",True,search_subject,https://search.douban.com/movie/subject_search?search_text=%E7%AB%A5%E5%B9%B4%E5%8A%A8%E7%94%BB&cat=1002&start=555,window.__DATA__
212,15,210,30190607,https://movie.douban.com/subject/30190607/,钢铁飞龙之奥特曼崛起‎ (2019),https://img9.doubanio.com/view/photo/s_ratio_poster/public/p2544885346.webp,中国大陆 / 动作 / 科幻 / 动画 / Dragon Force-Rise of Ultraman / 90分钟,王巍,3.1,3864,1.5,['可播放'],False,search_subject,https://search.douban.com/movie/subject_search?search_text=%E7%AB%A5%E5%B9%B4%E5%8A%A8%E7%94%BB&cat=1002&start=210,window.__DATA__
722,49,720,26596209,https://movie.douban.com/subject/26596209/,猪猪侠之五灵守卫者‎ (2015),https://img2.doubanio.com/view/photo/s_ratio_poster/public/p2401825971.webp,中国大陆 / 儿童 / 动作 / 科幻 / 动画 / 冒险 / 猪猪侠10五灵守卫者 / 15分钟,张苑 / 王龙波 / 陆锦辉 / 祖晴 / 徐经纬 / 陆双 / 陈志荣,7.6,3861,4,"['剧集', '可播放']",True,search_subject,https://search.douban.com/movie/subject_search?search_text=%E7%AB%A5%E5%B9%B4%E5%8A%A8%E7%94%BB&cat=1002&start=720,window.__DATA__
640,43,630,4312196,https://movie.douban.com/subject/4312196/,蛋神奇踪‎ (2009),https://img1.doubanio.com/view/photo/s_ratio_poster/public/p2631050470.webp,中国大陆 / 儿童 / 科幻 / 蛋神1,阿尔法 / 汤希铭 / 陈茜 / 郑好,8.4,3858,4,['剧集'],True,search_subject,https://search.douban.com/movie/subject_search?search_text=%E7%AB%A5%E5%B9%B4%E5%8A%A8%E7%94%BB&cat=1002&start=630,window.__DATA__
353,24,345,3558793,https://movie.douban.com/subject/3558793/,2112年 哆啦A梦诞生 2112年 ドラえもん誕生‎ (1995),https://img1.doubanio.com/view/photo/s_ratio_poster/public/p2507589858.webp,日本 / 剧情 / 科幻 / 动画 / 短片 / 2112年哆啦A梦诞生 / 31分钟,米谷良知 / 大山羡代 / 横山智佐 / 矢田稔 / 太田淑子 / 皆口裕子 / 永井一郎 / 西原久美子,9.3,3843,4.5,[],False,search_subject,https://search.douban.com/movie/subject_search?search_text=%E7%AB%A5%E5%B9%B4%E5%8A%A8%E7%94%BB&cat=1002&start=345,window.__DATA__
381,26,375,3059208,https://movie.douban.com/subject/3059208/,龙珠剧场版：神龙传说 ドラゴンボール 神龍の伝説‎ (1986),https://img1.doubanio.com/view/photo/s_ratio_poster/public/p2561565349.webp,日本 / 家庭 / 动作 / 冒险 / 动画 / Dragon Ball: The Legend of Shenron / Dragon Ball Movie 1 / 50分钟,西尾大介 / 野泽雅子 / 鹤弘美,8.2,3837,4,[],False,search_subject,https://search.douban.com/movie/subject_search?search_text=%E7%AB%A5%E5%B9%B4%E5%8A%A8%E7%94%BB&cat=1002&start=375,window.__DATA__
489,33,480,2216348,https://movie.douban.com/subject/2216348/,姆明一族 楽しいムーミン一家‎ (1990),https://img1.doubanio.com/view/photo/s_ratio_poster/public/p2554089038.webp,日本 / 芬兰 / 荷兰 / 动画 / 冒险 / 喜剧 / 剧情 / 家庭 / 奇幻 / 惊悚 / Moomin / 噜噜咪一家 / 23分钟,小岛正幸 / 大森贵弘 / 山口赖房 / 政木伸一 / 冈崎稔 / 福多润 / 小柴纯弥 / 古川政美 / 宫泽康纪 / 铃木卓夫 / 岩本保雄 / 原征太郎 / 高山南 / 大塚明夫 / 谷育子 / 金井美香 / 子安武人 / 佐久间玲 / 中尾隆圣,8.9,3789,4.5,"['剧集', '可播放']",True,search_subject,https://search.douban.com/movie/subject_search?search_text=%E7%AB%A5%E5%B9%B4%E5%8A%A8%E7%94%BB&cat=1002&start=480,window.__DATA__
600,40,585,34856242,https://movie.douban.com/subject/34856242/,动画梦工场‎ (2003),https://img9.doubanio.com/view/photo/s_ratio_poster/public/p2571445544.webp,中国大陆 / 动画 / 真人秀 / 中国动画 / 中国动画精品版 / 30分钟,郏捷 / 跳跳龙,9.5,3774,5,['剧集'],True,search_subject,https://search.douban.com/movie/subject_search?search_text=%E7%AB%A5%E5%B9%B4%E5%8A%A8%E7%94%BB&cat=1002&start=585,window.__DATA__
584,39,570,3032870,https://movie.douban.com/subject/3032870/,三毛流浪记‎ (1958),https://img1.doubanio.com/view/photo/s_ratio_poster/public/p2649092478.webp,中国大陆 / 动画 / 短片 / Winter Of Three Hairs / 32分钟,章超群,8.6,3753,4.5,['可播放'],False,search_subject,https://search.douban.com/movie/subject_search?search_text=%E7%AB%A5%E5%B9%B4%E5%8A%A8%E7%94%BB&cat=1002&start=570,window.__DATA__
641,43,630,3241944,https://movie.douban.com/subject/3241944/,小和尚‎ (2001),https://img3.doubanio.com/view/photo/s_ratio_poster/public/p2534921977.webp,中国大陆 / 喜剧 / 动画 / 的笃小和尚 / 10分钟,曾伟京,9,3743,4.5,"['剧集', '可播放']",True,search_subject,https://search.douban.com/movie/subject_search?search_text=%E7%AB%A5%E5%B9%B4%E5%8A%A8%E7%94%BB&cat=1002&start=630,window.__DATA__
552,37,540,1981392,https://movie.douban.com/subject/1981392/,乌鸦为什么是黑的‎ (1955),https://img2.doubanio.com/view/photo/s_ratio_poster/public/p2565082251.webp,中国大陆 / 动画 / 短片 / 10分钟,钱家骏 / 李克弱,7.8,3739,4,['可播放'],False,search_subject,https://search.douban.com/movie/subject_search?search_text=%E7%AB%A5%E5%B9%B4%E5%8A%A8%E7%94%BB&cat=1002&start=540,window.__DATA__
339,23,330,34610059,https://movie.douban.com/subject/34610059/,海绵宝宝 第十三季 Spongebob Squarepants Season 13‎ (2020),https://img1.doubanio.com/view/photo/s_ratio_poster/public/p2914031570.webp,美国 / 喜剧 / 动画 / 奇幻 / 家庭 / 23分钟,戴夫·坎宁安 / 汤姆·肯尼 / 比尔·法格巴克 / 罗德格尔·邦帕斯 / 克兰西·布朗 / 罗里·艾伦 / 吉尔·塔利 / 玛丽·乔·卡特利特 / 劳伦斯先生,9.1,3727,4.5,['剧集'],True,search_subject,https://search.douban.com/movie/subject_search?search_text=%E7%AB%A5%E5%B9%B4%E5%8A%A8%E7%94%BB&cat=1002&start=330,window.__DATA__
732,49,720,27019518,https://movie.douban.com/subject/27019518/,福五鼠之孙子兵法‎ (2009),https://img3.doubanio.com/view/photo/s_ratio_poster/public/p2538972707.webp,中国大陆 / 儿童 / 历史 / 战争 / 动画 / 冒险,刘洋,8.9,3726,4.5,"['剧集', '可播放']",True,search_subject,https://search.douban.com/movie/subject_search?search_text=%E7%AB%A5%E5%B9%B4%E5%8A%A8%E7%94%BB&cat=1002&start=720,window.__DATA__
697,47,690,4294292,https://movie.douban.com/subject/4294292/,哐哐日记‎ (2009),https://img9.doubanio.com/view/photo/s_ratio_poster/public/p2629948076.webp,中国大陆 / 喜剧 / 动画 / 儿童 / 哐哐哐,王波,9,3722,4.5,"['剧集', '可播放']",True,search_subject,https://search.douban.com/movie/subject_search?search_text=%E7%AB%A5%E5%B9%B4%E5%8A%A8%E7%94%BB&cat=1002&start=690,window.__DATA__
608,41,600,1897802,https://movie.douban.com/subject/1897802/,神勇小白鼠 Danger Mouse‎ (1981),https://img2.doubanio.com/view/photo/s_ratio_poster/public/p2554082501.webp,英国 / 动画 / 喜剧 / 家庭 / 科幻 / 神勇小白鼠 / 25分钟,Brian Cosgrove / David Jason / Terry Scott,7.7,3698,4,['剧集'],True,search_subject,https://search.douban.com/movie/subject_search?search_text=%E7%AB%A5%E5%B9%B4%E5%8A%A8%E7%94%BB&cat=1002&start=600,window.__DATA__
477,32,465,3801709,https://movie.douban.com/subject/3801709/,封神榜传奇‎ (1999),https://img1.doubanio.com/view/photo/s_ratio_poster/public/p2500593479.webp,中国大陆 / 儿童 / 动画 / 奇幻 / 冒险 / 武侠,王根发 / 韦启昌,7.9,3697,4,"['剧集', '可播放']",True,search_subject,https://search.douban.com/movie/subject_search?search_text=%E7%AB%A5%E5%B9%B4%E5%8A%A8%E7%94%BB&cat=1002&start=465,window.__DATA__
563,38,555,30453093,https://movie.douban.com/subject/30453093/,厨神小当家 第一季‎ (2019),https://img9.doubanio.com/view/photo/s_ratio_poster/public/p2554618756.webp,日本 / 中国大陆 / 剧情 / 动画 / 新中华小当家 / 真·中华一番,川崎逸朗 / 藤原夏海 / 茅野爱衣 / 藤井雪代 / 中村悠一 / 杉田智和 / 榎木淳弥 / 下山吉光 / 辻亲八,4.7,3674,2.5,"['剧集', '可播放']",True,search_subject,https://search.douban.com/movie/subject_search?search_text=%E7%AB%A5%E5%B9%B4%E5%8A%A8%E7%94%BB&cat=1002&start=555,window.__DATA__
596,40,585,2373347,https://movie.douban.com/subject/2373347/,连升三级‎ (1985),https://img1.doubanio.com/view/photo/s_ratio_poster/public/p1936659899.webp,中国大陆 / 动画 / 短片 / 张别古当官 / 30分钟,夏秉钧,8.4,3622,4,['可播放'],False,search_subject,https://search.douban.com/movie/subject_search?search_text=%E7%AB%A5%E5%B9%B4%E5%8A%A8%E7%94%BB&cat=1002&start=585,window.__DATA__
564,38,555,1797744,https://movie.douban.com/subject/1797744/,特种部队：美国英雄 G.I. Joe: A Real American Hero‎ (1983),https://img9.doubanio.com/view/photo/s_ratio_poster/public/p2113742615.webp,USA / 动画 / 特种部队 / 23分钟,Libby Aubrey(voice) / Pat Fraley(voice),8.4,3614,4,['剧集'],True,search_subject,https://search.douban.com/movie/subject_search?search_text=%E7%AB%A5%E5%B9%B4%E5%8A%A8%E7%94%BB&cat=1002&start=555,window.__DATA__
723,49,720,3345329,https://movie.douban.com/subject/3345329/,鬼马小精灵 第一季 Casper Season 1‎ (1996),https://img3.doubanio.com/view/photo/s_ratio_poster/public/p2225660122.webp,美国 / 动画 / 喜剧 / 家庭 / The Spooktacular New Adventures of Casper / 25分钟,Seymour Reit / Joe Oriolo,8.9,3605,4.5,"['剧集', '可播放']",True,search_subject,https://search.douban.com/movie/subject_search?search_text=%E7%AB%A5%E5%B9%B4%E5%8A%A8%E7%94%BB&cat=1002&start=720,window.__DATA__
678,46,675,3015785,https://movie.douban.com/subject/3015785/,家有贱狗 平成イヌ物語バウ‎ (1993),https://img1.doubanio.com/view/photo/s_ratio_poster/public/p2870684220.webp,日本 / 动画 / 家有傻犬 / Bow Wow / 22分钟,加贺刚 / 稻垣卓也 / 细田雅弘 / 矢部秋则 / 武藤裕治 / 斋藤次郎 / 园部启一 / 本多知惠子 / 飞田展男 / 青森伸 / 盐屋浩三 / 荒川太郎 / 京田尚子 / 松本梨香,8.6,3588,4.5,['剧集'],True,search_subject,https://search.douban.com/movie/subject_search?search_text=%E7%AB%A5%E5%B9%B4%E5%8A%A8%E7%94%BB&cat=1002&start=675,window.__DATA__
496,34,495,3875047,https://movie.douban.com/subject/3875047/,自古英雄出少年‎ (1995),https://img3.doubanio.com/view/photo/s_ratio_poster/public/p2912371097.webp,中国大陆 / 传记 / 历史 / 动画 / 7分钟,严定宪 / 林文肖 / 常光希,8.6,3552,4.5,"['剧集', '可播放']",True,search_subject,https://search.douban.com/movie/subject_search?search_text=%E7%AB%A5%E5%B9%B4%E5%8A%A8%E7%94%BB&cat=1002&start=495,window.__DATA__
588,40,585,2352065,https://movie.douban.com/subject/2352065/,幸运的路克 Lucky Luke‎ (1984),https://img9.doubanio.com/view/photo/s_ratio_poster/public/p2332531805.webp,法国 / 美国 / 西德 / 喜剧 / 动画 / 西部 / 冒险 / 家庭 / 幸运卢克 / 幸运的鲁克 / 30分钟,约瑟夫·巴伯拉 / 威廉·汉纳 / Jacques Thébault / 罗伯特·雷吉利 / Fred Travalena / William Callaway / 何热·卡尔 / 弗兰克·维尔克 / 鲍伯·霍尔特 / Francis Lax,8.4,3552,4,['剧集'],True,search_subject,https://search.douban.com/movie/subject_search?search_text=%E7%AB%A5%E5%B9%B4%E5%8A%A8%E7%94%BB&cat=1002&start=585,window.__DATA__
557,38,555,3080185,https://movie.douban.com/subject/3080185/,安徒生讲故事 The Fairytaler‎ (2004),https://img2.doubanio.com/view/photo/s_ratio_poster/public/p2891405361.webp,丹麦 / 英国 / 动画 / 家庭 / 儿童 / 奇幻 / H.C. Andersens eventyr / 安徒生讲故事 / 28分钟,乔根·莱尔丹 / 亨里克·科福特 / 迪特·格罗博尔 / Thomas Mørk / 索伦·斯贝宁 / Kaya Brüel / 尼古拉·雷·卡斯 / 妮可拉·考夫兰,9.4,3544,4.5,['剧集'],True,search_subject,https://search.douban.com/movie/subject_search?search_text=%E7%AB%A5%E5%B9%B4%E5%8A%A8%E7%94%BB&cat=1002&start=555,window.__DATA__
243,17,240,33437509,https://movie.douban.com/subject/33437509/,贝肯熊2：金牌特工‎ (2021),https://img9.doubanio.com/view/photo/s_ratio_poster/public/p2654242565.webp,中国大陆 / 动画 / 冒险 / 特工贝肯熊2 / Agent Backkom：Kings Bear / 95分钟,张扬 / 汤水雨 / 孟子焱 / 徐佳琦 / 任亚明 / 凌振赫 / 藤新 / 高增志 / 刘芊含,4.5,3516,2.5,['可播放'],False,search_subject,https://search.douban.com/movie/subject_search?search_text=%E7%AB%A5%E5%B9%B4%E5%8A%A8%E7%94%BB&cat=1002&start=240,window.__DATA__
370,25,360,3828052,https://movie.douban.com/subject/3828052/,百兽战队牙吠连者 百獣戦隊ガオレンジャー‎ (2001),https://img9.doubanio.com/view/photo/s_ratio_poster/public/p2888062835.webp,日本 / 剧情 / 动作 / 科幻 / 奇幻 / 百兽王(港) / 100 Beast Task Force Gaoranger,诸田敏 / 渡边胜也 / 坂本太郎 / 竹本升 / 中泽祥次郎 / 金子升 / 堀江庆 / 柴木丈瑠 / 酒井一圭 / 竹内实生 / 玉山铁二 / 岳美 / 有冈大贵,9.1,3516,4.5,['剧集'],True,search_subject,https://search.douban.com/movie/subject_search?search_text=%E7%AB%A5%E5%B9%B4%E5%8A%A8%E7%94%BB&cat=1002&start=360,window.__DATA__
363,25,360,5157533,https://movie.douban.com/subject/5157533/,游戏王十周年纪念剧场版 超融合！超越时空的牵绊 劇場版 遊☆戯☆王 ～超融合！時空を越えた絆～‎ (2010),https://img9.doubanio.com/view/photo/s_ratio_poster/public/p2245229745.webp,日本 / 动画 / Gekijouban Yuugiou: Chouyuugou! Jikuu o koeta kizuna / 游戏王剧场版:超融合!穿越时空的羁绊 / 49分钟,竹下健一 / 风间俊介 / 大桥贤一郎 / 宫下雄也 / 宫泽正 / 高杉Jay二郎 / 山口胜平 / 鹤弘美 / 星野贵纪,7.9,3501,4,[],False,search_subject,https://search.douban.com/movie/subject_search?search_text=%E7%AB%A5%E5%B9%B4%E5%8A%A8%E7%94%BB&cat=1002&start=360,window.__DATA__
292,20,285,2125509,https://movie.douban.com/subject/2125509/,美版恐龙战队 第一季 Mighty Morphin' Power Rangers Season 1‎ (1993),https://img9.doubanio.com/view/photo/s_ratio_poster/public/p2587537055.webp,美国 / 日本 / 动作 / 美版 五星战队 / 30分钟,John Blizek / Vickie Bronaugh / David Yost / Amy Jo Johnson / Johnny Yong Bosch,8.9,3472,4.5,['剧集'],True,search_subject,https://search.douban.com/movie/subject_search?search_text=%E7%AB%A5%E5%B9%B4%E5%8A%A8%E7%94%BB&cat=1002&start=285,window.__DATA__
626,42,615,1901672,https://movie.douban.com/subject/1901672/,奈德梦游记 Nightmare Ned‎ (1997),https://img2.doubanio.com/view/photo/s_ratio_poster/public/p2589637501.webp,美国 / 动画 / 喜剧 / 家庭 / 奇幻 / 奈德梦游记 / 12分钟,多诺文·库克 / Alan Smart / Joan Drake / Joanna Romersa / 科特兰·米德 / 布拉德·加内特 / 维多利亚·杰克逊,9.1,3470,4.5,['剧集'],True,search_subject,https://search.douban.com/movie/subject_search?search_text=%E7%AB%A5%E5%B9%B4%E5%8A%A8%E7%94%BB&cat=1002&start=615,window.__DATA__
521,35,510,1982481,https://movie.douban.com/subject/1982481/,老虎学艺‎ (1982),https://img9.doubanio.com/view/photo/s_ratio_poster/public/p2867475874.webp,中国大陆 / 动画 / 18分钟,矫野松,7.8,3461,4,['可播放'],False,search_subject,https://search.douban.com/movie/subject_search?search_text=%E7%AB%A5%E5%B9%B4%E5%8A%A8%E7%94%BB&cat=1002&start=510,window.__DATA__
458,31,450,3115078,https://movie.douban.com/subject/3115078/,史努比的故事 Snoopy's Story‎ (1996),https://img1.doubanio.com/view/photo/s_ratio_poster/public/p2572384930.webp,美国 / 儿童 / 动画 / 24分钟,查尔斯·舒尔茨 / 比尔·门勒德兹 / 盖·德法理亚 / 琳达·门德尔松 / 安·阿尔蒂里,9.3,3454,4.5,['剧集'],True,search_subject,https://search.douban.com/movie/subject_search?search_text=%E7%AB%A5%E5%B9%B4%E5%8A%A8%E7%94%BB&cat=1002&start=450,window.__DATA__
526,36,525,1309137,https://movie.douban.com/subject/1309137/,游戏王剧场版：光之金字塔 遊☆戯☆王デュエルモンスターズ 光のピラミッド‎ (2004),https://img9.doubanio.com/view/photo/s_ratio_poster/public/p2780888644.webp,日本 / 美国 / 动作 / 动画 / 奇幻 / 冒险 / Yu-Gi-Oh! The Movie: Pyramid of Light / 90分钟,辻初樹 / 風間俊介 / 津田健次郎 / 高橋広樹,7.6,3440,4,[],False,search_subject,https://search.douban.com/movie/subject_search?search_text=%E7%AB%A5%E5%B9%B4%E5%8A%A8%E7%94%BB&cat=1002&start=525,window.__DATA__
681,46,675,1769871,https://movie.douban.com/subject/1769871/,失落的宇宙 ロスト・ユニバース‎ (1998),https://img2.doubanio.com/view/photo/s_ratio_poster/public/p2167964231.webp,日本 / 动画 / 宇宙刑警 / Lost Universe / 24分钟,渡部高志 / 则座诚 / 加藤洋人 / 土屋浩幸 / 佐藤英一 / 御厨恭辅 / 山崎友正 / 津田义三 / 山内东生雄 / 保志总一朗 / 石村知子 / 林原惠美 / 绿川光 / 铃木真仁 / 中田让治 / 松本保典 / 根谷美智子,9,3436,4.5,['剧集'],True,search_subject,https://search.douban.com/movie/subject_search?search_text=%E7%AB%A5%E5%B9%B4%E5%8A%A8%E7%94%BB&cat=1002&start=675,window.__DATA__
688,46,675,4312223,https://movie.douban.com/subject/4312223/,神兽金刚‎ (2010),https://img9.doubanio.com/view/photo/s_ratio_poster/public/p2867329524.webp,中国大陆 / 动画 / 15分钟,黄贻青 / 符来忠 / 邓红 / 祖晴 / 陆双 / 郭语 / 李旭乔,6.3,3428,3,"['剧集', '可播放']",True,search_subject,https://search.douban.com/movie/subject_search?search_text=%E7%AB%A5%E5%B9%B4%E5%8A%A8%E7%94%BB&cat=1002&start=675,window.__DATA__
250,17,240,4016559,https://movie.douban.com/subject/4016559/,猪猪侠第四部：百变猪猪侠‎ (2009),https://img3.doubanio.com/view/photo/s_ratio_poster/public/p2590365727.webp,中国大陆 / 儿童 / 喜剧 / 科幻 / 动画 / 奇幻 / 百变猪猪侠 / 猪猪侠4：百变猪猪侠,王巍 / 陆双 / 祖晴 / 孙金华 / 高全胜,7.1,3401,3.5,"['剧集', '可播放']",True,search_subject,https://search.douban.com/movie/subject_search?search_text=%E7%AB%A5%E5%B9%B4%E5%8A%A8%E7%94%BB&cat=1002&start=240,window.__DATA__
614,41,600,2990289,https://movie.douban.com/subject/2990289/,四驱兄弟III 爆走兄弟レッツ&ゴー!! MAX‎ (1998),https://img9.doubanio.com/view/photo/s_ratio_poster/public/p2870183236.webp,日本 / 剧情 / 儿童 / 动画 / 四驱兄弟III / 23分钟,网野哲郎 / 加户誉夫 / 渡边久美子 / 日高范子 / 中村秀利 / 森久保祥太郎 / 大友龙三郎 / 渊崎由里子 / 铃木琢磨 / 小野寺启子,7.8,3381,4,"['剧集', '可播放']",True,search_subject,https://search.douban.com/movie/subject_search?search_text=%E7%AB%A5%E5%B9%B4%E5%8A%A8%E7%94%BB&cat=1002&start=600,window.__DATA__
528,36,525,27120338,https://movie.douban.com/subject/27120338/,大神偷卡门 第一季 Carmen Sandiego Season 1‎ (2019),https://img3.doubanio.com/view/photo/s_ratio_poster/public/p2545130517.webp,美国 / 犯罪 / 动画 / 悬疑 / 冒险 / 神偷卡门 / 神偷卡门重启剧 / 22分钟,凯文·达特 / 吉娜·罗德里格兹 / 菲恩·伍法德 / 连姆·奥布赖恩 / 玛丽·伊丽莎白·麦格林 / 凯瑞·华格伦 / 帕斯卡尔·佩塔尔迪 / 艾比·特洛特 / 查尔斯·钟,8.4,3380,4,['剧集'],True,search_subject,https://search.douban.com/movie/subject_search?search_text=%E7%AB%A5%E5%B9%B4%E5%8A%A8%E7%94%BB&cat=1002&start=525,window.__DATA__
298,20,285,34913583,https://movie.douban.com/subject/34913583/,新大头儿子和小头爸爸4：完美爸爸‎ (2021),https://img2.doubanio.com/view/photo/s_ratio_poster/public/p2666748931.webp,中国大陆 / 动画 / 奇幻 / 冒险 / New Happy Dad And Son 4：Perfect Dad / 80分钟,何澄 / 刘可欣 / 董浩 / 鞠萍 / 陈怡 / 耿晨晨 / 陈苏 / 王淏 / 郏捷 / 何子然,4.9,3370,2.5,['可播放'],False,search_subject,https://search.douban.com/movie/subject_search?search_text=%E7%AB%A5%E5%B9%B4%E5%8A%A8%E7%94%BB&cat=1002&start=285,window.__DATA__
560,38,555,2997293,https://movie.douban.com/subject/2997293/,没牙的老虎‎ (1985),https://img1.doubanio.com/view/photo/s_ratio_poster/public/p2902221958.webp,中国大陆 / 动画 / 短片 / 老虎拔牙 / 17分钟,浦家祥,7.9,3355,4,['可播放'],False,search_subject,https://search.douban.com/movie/subject_search?search_text=%E7%AB%A5%E5%B9%B4%E5%8A%A8%E7%94%BB&cat=1002&start=555,window.__DATA__
474,32,465,1306613,https://movie.douban.com/subject/1306613/,小姐与流浪汉2：狗儿逃家记 Lady and the Tramp II: Scamp's Adventure‎ (2001),https://img9.doubanio.com/view/photo/s_ratio_poster/public/p2492944066.webp,美国 / 澳大利亚 / 爱情 / 动画 / 冒险 / 家庭 / Lady and the Tramp 2: Scamp's Adventure / 69分钟,达雷尔·鲁尼 / 珍妮·鲁塞尔 / 斯考特·沃夫 / 艾莉莎·米兰诺 / 查兹·帕尔明特瑞 / 杰夫·贝内特 / 裘蒂·班森 / 比尔·法格巴克 / 米基·鲁尼 / 布隆森·皮诺切特,7.5,3336,4,[],False,search_subject,https://search.douban.com/movie/subject_search?search_text=%E7%AB%A5%E5%B9%B4%E5%8A%A8%E7%94%BB&cat=1002&start=465,window.__DATA__
264,18,255,4324445,https://movie.douban.com/subject/4324445/,黑猫警长电影版‎ (2010),https://img3.doubanio.com/view/photo/s_ratio_poster/public/p1145031933.webp,中国大陆 / 剧情 / 动画 / 黑猫警长 / 黑猫警长2010电影版 / 78分钟,戴铁郎 / 吴磊 / 李扬 / 大山 / 林妙可 / 鞠萍,5.8,3334,3,['可播放'],False,search_subject,https://search.douban.com/movie/subject_search?search_text=%E7%AB%A5%E5%B9%B4%E5%8A%A8%E7%94%BB&cat=1002&start=255,window.__DATA__
233,16,225,26829804,https://movie.douban.com/subject/26829804/,蓝猫淘气3000问之太空历险记‎ (2005),https://img9.doubanio.com/view/photo/s_ratio_poster/public/p2532809984.webp,中国大陆 / 儿童 / 科幻 / 动画 / 冒险 / 蓝猫淘气三千问航天系列 / 11分钟,唐振国 / 龚颂扬 / 魏岳青 / 扶梅陵 / 栗拥军 / 杨桦 / 朱争献 / 许清平 / 梁巍 / 段淑娟 / 邱爽 / 黄新建 / 葛平 / 付以琳 / 殷姿 / 曾令 / 王峰 Feng Wang / 袁慧敏 Huimin Yuan / 章颖智 / 刘娜,8.9,3333,4.5,"['剧集', '可播放']",True,search_subject,https://search.douban.com/movie/subject_search?search_text=%E7%AB%A5%E5%B9%B4%E5%8A%A8%E7%94%BB&cat=1002&start=225,window.__DATA__
643,43,630,11500947,https://movie.douban.com/subject/11500947/,火力少年王3 动画版‎ (2010),https://img9.doubanio.com/view/photo/s_ratio_poster/public/p2170110154.webp,中国大陆 / 动画 / 运动 / 火力少年王动画版 / 24分钟,丘峰 / 张晋一 / 廖琦 / 陈萃 / 龙菁 / 刘洋,8.5,3329,4.5,"['剧集', '可播放']",True,search_subject,https://search.douban.com/movie/subject_search?search_text=%E7%AB%A5%E5%B9%B4%E5%8A%A8%E7%94%BB&cat=1002&start=630,window.__DATA__
523,35,510,3093154,https://movie.douban.com/subject/3093154/,怪杰佐罗 快傑ゾロ‎ (1996),https://img9.doubanio.com/view/photo/s_ratio_poster/public/p2554088214.webp,日本 / 动画 / 冒险 / 佐罗传奇 / 佐罗的传说 / 22分钟,箕之口克己 / 新房昭之 / 片渊须直 / 木村真一郎 / 村田和也 / 松村康弘 / 松浦锭平 / 山口武志 / 佐藤育郎 / 藤本义孝 / 阿宫正和 / 矢吹勉 / 关俊彦 / 川村万梨阿 / 松本梨香 / 小杉十郎太 / 堀内贤雄 / 盐屋浩三 / 泽木郁也 / 峰敦子,8.3,3324,4,['剧集'],True,search_subject,https://search.douban.com/movie/subject_search?search_text=%E7%AB%A5%E5%B9%B4%E5%8A%A8%E7%94%BB&cat=1002&start=510,window.__DATA__
561,38,555,19971749,https://movie.douban.com/subject/19971749/,大力水手 第二季 Popeye the Sailor Season 2‎ (1961),https://img2.doubanio.com/view/photo/s_ratio_poster/public/p2870660991.webp,美国 / 动画 / 6分钟,杰克·金尼 Jack Kinney / 西摩·克尼特尔 Seymour Kneitel / 吉恩·戴奇 Gene Deitch / Paul Fennell / Bob Bemiller / Tommy McDonald,8.9,3301,4.5,['剧集'],True,search_subject,https://search.douban.com/movie/subject_search?search_text=%E7%AB%A5%E5%B9%B4%E5%8A%A8%E7%94%BB&cat=1002&start=555,window.__DATA__
138,10,135,2988872,https://movie.douban.com/subject/2988872/,魔兵传奇 MÄR-メルヘヴン-‎ (2005),https://img2.doubanio.com/view/photo/s_ratio_poster/public/p1823645611.webp,日本 / 动画 / 冒险 / MAR魔法世界 / 魔界奇兵 / 24分钟,奥胁雅晴 / 川口敬一郎 / 御厨恭辅 / 奥村吉昭 / 大关雅幸 / 山口美浩 / 藤本义孝 / 冈崎幸男 / 小高义规 / 千叶大辅 / 德本善信 / 大和直道 / 浅见松雄 / 畠山茂树 / 筱崎康行 / 小林哲也 / 野上和男 / 桥口洋介 / 小野田雄亮 / 久保山英一 / 大雄男 / 濑藤健嗣 / 熊井统子 / 银河万丈 / 清水爱 / 中岛沙树 / 阪口大助 / 保志总一朗 / 小野坂昌也 / 小杉十郎太,8.8,3298,4.5,"['剧集', '可播放']",True,search_subject,https://search.douban.com/movie/subject_search?search_text=%E7%AB%A5%E5%B9%B4%E5%8A%A8%E7%94%BB&cat=1002&start=135,window.__DATA__
481,33,480,3555017,https://movie.douban.com/subject/3555017/,龙珠Z剧场版13：龙拳爆发!! 悟空舍我其谁 ドラゴンボール Z 劇場版：龍拳爆発!! 悟空がやらねば誰がやる‎ (1995),https://img9.doubanio.com/view/photo/s_ratio_poster/public/p2528363554.webp,日本 / 动画 / 动作 / Dragon Ball Z Movie 13 / 52分钟,桥本光夫 / 野泽雅子 / 草尾毅 / 田中真弓 / 鹤弘美 / 佐藤正治 / 皆口裕子 / 堀川亮 / 优希比吕,8,3292,4,[],False,search_subject,https://search.douban.com/movie/subject_search?search_text=%E7%AB%A5%E5%B9%B4%E5%8A%A8%E7%94%BB&cat=1002&start=480,window.__DATA__
429,29,420,25911616,https://movie.douban.com/subject/25911616/,神探威威猫‎ (2004),https://img1.doubanio.com/view/photo/s_ratio_poster/public/p2223975458.webp,中国大陆 / 儿童 / 科幻 / 犯罪 / 动画 / 悬疑 / 冒险 / 10分钟,陈春乾 / 刘红韵 / 祖晴,7.6,3269,4,"['剧集', '可播放']",True,search_subject,https://search.douban.com/movie/subject_search?search_text=%E7%AB%A5%E5%B9%B4%E5%8A%A8%E7%94%BB&cat=1002&start=420,window.__DATA__
677,46,675,5112751,https://movie.douban.com/subject/5112751/,阿拉丁 第一季 Aladdin Season 1‎ (1994),https://img9.doubanio.com/view/photo/s_ratio_poster/public/p2174404506.webp,美国 / 喜剧 / 动画 / 家庭 / 30分钟,Alan Zaslove / 罗布·拉杜卡 / Bob Hathcock / Toby Shelton / 塔德·斯通斯 / 丹·卡斯泰兰尼塔 / 斯科特·维内尔 / 吉尔伯特·戈特弗雷德 / 弗兰克·维尔克,8.5,3250,4.5,['剧集'],True,search_subject,https://search.douban.com/movie/subject_search?search_text=%E7%AB%A5%E5%B9%B4%E5%8A%A8%E7%94%BB&cat=1002&start=675,window.__DATA__
699,47,690,2208974,https://movie.douban.com/subject/2208974/,反斗小王子 おじゃる丸‎ (1998),https://img1.doubanio.com/view/photo/s_ratio_poster/public/p2523272050.webp,日本 / 动画 / 反斗小王子 / 邪留丸,大地丙太郎 / 小西宽子 / 西村千奈美 / 渊崎由里子 / 岩坪理江 / 佐藤成美 / 一条和矢 / 南央美 / 上田祐司,8.4,3231,4,['剧集'],True,search_subject,https://search.douban.com/movie/subject_search?search_text=%E7%AB%A5%E5%B9%B4%E5%8A%A8%E7%94%BB&cat=1002&start=690,window.__DATA__
648,44,645,2407568,https://movie.douban.com/subject/2407568/,好猫咪咪‎ (1979),https://img9.doubanio.com/view/photo/s_ratio_poster/public/p2356145056.webp,中国大陆 / 动画 / 短片 / 儿童 / 20分钟,何玉门 / 邱岳峰,8.3,3211,4,['可播放'],False,search_subject,https://search.douban.com/movie/subject_search?search_text=%E7%AB%A5%E5%B9%B4%E5%8A%A8%E7%94%BB&cat=1002&start=645,window.__DATA__
90,6,75,1918445,https://movie.douban.com/subject/1918445/,福星小子 うる星やつら‎ (1981),https://img9.doubanio.com/view/photo/s_ratio_poster/public/p2260277385.webp,日本 / 动画 / 喜剧 / 科幻 / 福星小子 / 23分钟,押井守 / 山崎和男 / 西村纯二 / 铃木行 / 望月智充 / 安浓高志 / 网野哲朗 / 富永恒雄 / 坂田纯一 / 森山雄治 / 吉永尚之 / 早川启二 / 小华和为雄 / 森胁真琴 / 滨津守 / 关田修 / 高桥资祐 / 平野文 / 古川登志夫 / 神谷明 / 田中真弓 / 永井一郎 / 绪方贤一 / 井上瑶,8.7,3175,4.5,"['剧集', '可播放']",True,search_subject,https://search.douban.com/movie/subject_search?search_text=%E7%AB%A5%E5%B9%B4%E5%8A%A8%E7%94%BB&cat=1002&start=75,window.__DATA__
467,32,465,1306441,https://movie.douban.com/subject/1306441/,小飞侠2：梦不落帝国 Return to Never Land‎ (2002),https://img9.doubanio.com/view/photo/s_ratio_poster/public/p2537975036.webp,美国 / 加拿大 / 澳大利亚 / 动画 / 奇幻 / 冒险 / 梦不落帝国 / 小飞侠2002飞越梦幻岛 / 72分钟,罗宾·巴德 / 多诺文·库克 / 哈丽特·欧文 / 布赖恩·韦弗 / 科里·伯顿 / 杰夫·贝内特 / 凯斯·索西 / 安德鲁·麦克多诺 / 罗杰·里斯 / 史宾塞·布瑞斯林,7.8,3158,4,[],False,search_subject,https://search.douban.com/movie/subject_search?search_text=%E7%AB%A5%E5%B9%B4%E5%8A%A8%E7%94%BB&cat=1002&start=465,window.__DATA__
492,33,480,5262224,https://movie.douban.com/subject/5262224/,猫儿上天堂 Heavenly Puss‎ (1949),https://img1.doubanio.com/view/photo/s_ratio_poster/public/p2512089498.webp,美国 / 家庭 / 动画 / 短片 / 喜剧 / 天上普丝 / 8分钟,约瑟夫·巴伯拉 / 威廉·汉纳 / 比利·布莱彻,9.5,3151,5,[],False,search_subject,https://search.douban.com/movie/subject_search?search_text=%E7%AB%A5%E5%B9%B4%E5%8A%A8%E7%94%BB&cat=1002&start=480,window.__DATA__
444,30,435,1812758,https://movie.douban.com/subject/1812758/,火童‎ (1984),https://img9.doubanio.com/view/photo/s_ratio_poster/public/p2623362866.webp,中国大陆 / 动画 / 短片 / 儿童 / 30分钟,王柏荣,8.4,3146,4,[],False,search_subject,https://search.douban.com/movie/subject_search?search_text=%E7%AB%A5%E5%B9%B4%E5%8A%A8%E7%94%BB&cat=1002&start=435,window.__DATA__
693,47,690,1431952,https://movie.douban.com/subject/1431952/,长发妹‎ (1963),https://img1.doubanio.com/view/photo/s_ratio_poster/public/p2554097669.webp,中国大陆 / 动画 / 短片 / 23分钟,岳路,8.1,3143,4,['可播放'],False,search_subject,https://search.douban.com/movie/subject_search?search_text=%E7%AB%A5%E5%B9%B4%E5%8A%A8%E7%94%BB&cat=1002&start=690,window.__DATA__
405,27,390,1897777,https://movie.douban.com/subject/1897777/,百变雄师 第一季 Challenge of the GoBots Season 1‎ (1984),https://img1.doubanio.com/view/photo/s_ratio_poster/public/p2153330738.webp,美国 / 动作 / 动画 / 冒险 / 百变雄狮 / 30分钟,Arthur Davis / Oscar Dufau,7.6,3141,4,['剧集'],True,search_subject,https://search.douban.com/movie/subject_search?search_text=%E7%AB%A5%E5%B9%B4%E5%8A%A8%E7%94%BB&cat=1002&start=390,window.__DATA__
445,30,435,1864763,https://movie.douban.com/subject/1864763/,猫和老鼠：海盗寻宝 Tom and Jerry: Shiver Me Whiskers‎ (2006),https://img9.doubanio.com/view/photo/s_ratio_poster/public/p2240124516.webp,美国 / 动画 / 喜剧 / 家庭 / 猫和老鼠：别碰胡须 / 74分钟,Scott Jeralds / 马克·哈米尔 / 凯茜·纳基麦 / 查尔斯·纳尔逊·赖利,8.3,3126,4,[],False,search_subject,https://search.douban.com/movie/subject_search?search_text=%E7%AB%A5%E5%B9%B4%E5%8A%A8%E7%94%BB&cat=1002&start=435,window.__DATA__
515,35,510,2782305,https://movie.douban.com/subject/2782305/,格林名著剧场 グリム名作劇場‎ (1987),https://img3.doubanio.com/view/photo/s_ratio_poster/public/p2529811042.webp,日本 / 儿童 / 动画 / 奇幻 / 冒险 / 家庭 / Gurimu meisaku gekijou / Grimm Masterpiece Theatre / 23分钟,斋藤博 / 铃木孝义 / 横田和善 / 黑川文男 / 花井信也 / 斋藤次郎 / 大町繁 / 堀江美都子 / 永井一郎 / 盐屋翼 / 岛田敏 / 玉川纱己子 / 小山茉美 / 本多知惠子 / 鹤弘美,9.3,3108,4.5,"['剧集', '可播放']",True,search_subject,https://search.douban.com/movie/subject_search?search_text=%E7%AB%A5%E5%B9%B4%E5%8A%A8%E7%94%BB&cat=1002&start=510,window.__DATA__
618,42,615,1815499,https://movie.douban.com/subject/1815499/,猴子钓鱼‎ (1983),https://img3.doubanio.com/view/photo/s_ratio_poster/public/p2649091962.webp,中国大陆 / 动画 / 短片 / 17分钟,沈祖慰,7.8,3106,4,['可播放'],False,search_subject,https://search.douban.com/movie/subject_search?search_text=%E7%AB%A5%E5%B9%B4%E5%8A%A8%E7%94%BB&cat=1002&start=615,window.__DATA__
294,20,285,30208004,https://movie.douban.com/subject/30208004/,阿凡提之奇缘历险‎ (2018),https://img1.doubanio.com/view/photo/s_ratio_poster/public/p2534091010.webp,中国大陆 / 喜剧 / 动画 / 阿凡提 / The Adventure of Afanti / 85分钟,刘炜 / 胡谦 / 李晔 / 蒋可 / 李扬 / 游军 / 王衡 / 王燕华 / 周南飞,4.7,3104,2.5,['可播放'],False,search_subject,https://search.douban.com/movie/subject_search?search_text=%E7%AB%A5%E5%B9%B4%E5%8A%A8%E7%94%BB&cat=1002&start=285,window.__DATA__
372,25,360,1982034,https://movie.douban.com/subject/1982034/,龙珠Z特别篇：绝望的反抗!! 仅存的超战士悟饭和特兰克斯 ドラゴンボールZ 絶望への反抗!!残された超戦士・悟飯とトランクス‎ (1993),https://img1.doubanio.com/view/photo/s_ratio_poster/public/p2181236779.webp,日本 / 动画 / Dragon Ball Z: The History of Trunks,Ueda / 野泽雅子,8.6,3095,4.5,[],False,search_subject,https://search.douban.com/movie/subject_search?search_text=%E7%AB%A5%E5%B9%B4%E5%8A%A8%E7%94%BB&cat=1002&start=360,window.__DATA__
738,50,735,5413831,https://movie.douban.com/subject/5413831/,梦比优斯奥特曼外传 亡灵复活 ウルトラマンメビウス外伝 ゴーストリバース‎ (2009),https://img1.doubanio.com/view/photo/s_ratio_poster/public/p2598338920.webp,日本 / 科幻 / Ultraman Mebius Side Story: Ghost Rebirth / 超人梅比斯外传 凶兽重生 / 26分钟,横山诚 / 五十岚隼士 / 难波圭一 / 黑部进 / 森次晃嗣 / 团时朗 / 草尾毅 / 石丸博也 / 田中秀幸,8.3,3095,4,"['剧集', '可播放']",True,search_subject,https://search.douban.com/movie/subject_search?search_text=%E7%AB%A5%E5%B9%B4%E5%8A%A8%E7%94%BB&cat=1002&start=735,window.__DATA__
480,32,465,2260781,https://movie.douban.com/subject/2260781/,怕羞的黄莺‎ (1960),https://img1.doubanio.com/view/photo/s_ratio_poster/public/p2556877770.webp,中国大陆 / 动画 / 短片 / 怕羞的小黄莺 / 18分钟,江爱群 / 陆青 / 钱家骍 / 雷雨,8.1,3087,4,['可播放'],False,search_subject,https://search.douban.com/movie/subject_search?search_text=%E7%AB%A5%E5%B9%B4%E5%8A%A8%E7%94%BB&cat=1002&start=465,window.__DATA__
706,48,705,1864790,https://movie.douban.com/subject/1864790/,猫和老鼠传奇 第一季 Tom and Jerry Tales Season 1‎ (2006),https://img1.doubanio.com/view/photo/s_ratio_poster/public/p2634404698.webp,美国 / 儿童 / 动画 / 猫和老鼠传奇 / 23分钟,Phil Vischer,9.3,3043,4.5,"['剧集', '可播放']",True,search_subject,https://search.douban.com/movie/subject_search?search_text=%E7%AB%A5%E5%B9%B4%E5%8A%A8%E7%94%BB&cat=1002&start=705,window.__DATA__
433,29,420,2121871,https://movie.douban.com/subject/2121871/,熊猫的故事 シュンマオ物語 タオタオ‎ (1981),https://img1.doubanio.com/view/photo/s_ratio_poster/public/p2334086208.webp,日本 / 中国大陆 / 动画 / The Story of Panda Taotao / 88分钟,岛村达雄 / 丁健华 / 刘广宁 / 童自荣,8.9,3036,4.5,[],False,search_subject,https://search.douban.com/movie/subject_search?search_text=%E7%AB%A5%E5%B9%B4%E5%8A%A8%E7%94%BB&cat=1002&start=420,window.__DATA__
573,39,570,1871163,https://movie.douban.com/subject/1871163/,小小外星人 とんがり帽子のメモル‎ (1984),https://img3.doubanio.com/view/photo/s_ratio_poster/public/p2525976313.webp,日本 / 动画 / 家庭 / 奇幻 / 尖帽子的记忆 / 24分钟,葛西治 / 佐藤顺一 / 永丘昭典 / 贝泽幸男 / 渡边菜生子 / 安田亚希江 / 古川登志夫 / 川岛千代子 / 泽田和子 / 西原久美子 / 白石冬美 / 宫内幸平,9.2,3036,4.5,['剧集'],True,search_subject,https://search.douban.com/movie/subject_search?search_text=%E7%AB%A5%E5%B9%B4%E5%8A%A8%E7%94%BB&cat=1002&start=570,window.__DATA__
664,45,660,4848101,https://movie.douban.com/subject/4848101/,没头脑和不高兴‎ (2005),https://img2.doubanio.com/view/photo/s_ratio_poster/public/p2667415741.webp,中国大陆 / 儿童 / 喜剧 / 动画 / 22分钟,王柏荣 / 豆豆 / 姚培华 / 李晔 / 范楚绒 / 赵铭,8.1,3036,4,"['剧集', '可播放']",True,search_subject,https://search.douban.com/movie/subject_search?search_text=%E7%AB%A5%E5%B9%B4%E5%8A%A8%E7%94%BB&cat=1002&start=660,window.__DATA__
331,23,330,2244569,https://movie.douban.com/subject/2244569/,特别车队‎ (1993),https://img1.doubanio.com/view/photo/s_ratio_poster/public/p2571588820.webp,中国大陆 / 剧情 / 儿童 / 动作 / 动画 / 冒险 / 18分钟,杨凯华 / 翁振新 / 韦启昌 / 洪海天 / 史履春 / 梁正晖,8.7,3004,4.5,"['剧集', '可播放']",True,search_subject,https://search.douban.com/movie/subject_search?search_text=%E7%AB%A5%E5%B9%B4%E5%8A%A8%E7%94%BB&cat=1002&start=330,window.__DATA__
472,32,465,3529055,https://movie.douban.com/subject/3529055/,龙珠Z剧场版：把我的悟饭还来 ドラゴンボールZ 劇場版 オラの悟飯をかえせッ!!‎ (1989),https://img3.doubanio.com/view/photo/s_ratio_poster/public/p2561565742.webp,日本 / 动画 / 动作 / 冒险 / 奇幻 / 科幻 / 龙珠Z：死亡地带 / 龙珠Z：热血热斗 / 44分钟,西尾大介 / 野泽雅子 / 古川登志夫 / 鹤弘美,7.4,2985,3.5,[],False,search_subject,https://search.douban.com/movie/subject_search?search_text=%E7%AB%A5%E5%B9%B4%E5%8A%A8%E7%94%BB&cat=1002&start=465,window.__DATA__
661,45,660,2155209,https://movie.douban.com/subject/2155209/,老鼠在曼哈顿 Mouse in Manhattan‎ (1945),https://img1.doubanio.com/view/photo/s_ratio_poster/public/p2458339319.webp,美国 / 家庭 / 动画 / 喜剧 / 短片 / 老鼠在曼哈顿 / 城市乡巴鼠 / 7分钟,约瑟夫·巴伯拉 / 威廉·汉纳 / 杨左匋,9.5,2973,5,[],False,search_subject,https://search.douban.com/movie/subject_search?search_text=%E7%AB%A5%E5%B9%B4%E5%8A%A8%E7%94%BB&cat=1002&start=660,window.__DATA__
550,37,540,2260789,https://movie.douban.com/subject/2260789/,小燕子‎ (1960),https://img2.doubanio.com/view/photo/s_ratio_poster/public/p2868261041.webp,中国大陆 / 动画 / 短片 / 15分钟,张松林 / 浦家祥 / 韩斌,8.2,2966,4,['可播放'],False,search_subject,https://search.douban.com/movie/subject_search?search_text=%E7%AB%A5%E5%B9%B4%E5%8A%A8%E7%94%BB&cat=1002&start=540,window.__DATA__
440,30,435,3089305,https://movie.douban.com/subject/3089305/,龙珠Z剧场版10：两人面临危机! 超战士难以成眠 ドラゴンボールZ 危険なふたり!超戦士はねむれない‎ (1994),https://img9.doubanio.com/view/photo/s_ratio_poster/public/p2561565965.webp,日本 / 动画 / 龙珠 Z 剧场版：#10 二人面临危机 / 53分钟,山内重保 / 野泽雅子 / 田中真弓 / 草尾毅 / 嶋方淳子 / 岛田敏,7.5,2954,4,[],False,search_subject,https://search.douban.com/movie/subject_search?search_text=%E7%AB%A5%E5%B9%B4%E5%8A%A8%E7%94%BB&cat=1002&start=435,window.__DATA__
442,30,435,30465577,https://movie.douban.com/subject/30465577/,变形金刚：超能勇士 第三季 Beast Wars: Transformers Season 3‎ (1998),https://img3.doubanio.com/view/photo/s_ratio_poster/public/p2555459283.webp,加拿大 / 动画 / 30分钟,Steve Sacks / 吉姆·拜恩尼斯 / 加里·切克 / 伊恩·詹姆斯·柯莱特 / 大卫·卡耶 / Campbell Lane / 史葛·麦克尼尔 / 柯林·默多克 / Richard Newman,9.3,2954,4.5,['剧集'],True,search_subject,https://search.douban.com/movie/subject_search?search_text=%E7%AB%A5%E5%B9%B4%E5%8A%A8%E7%94%BB&cat=1002&start=435,window.__DATA__
622,42,615,1926370,https://movie.douban.com/subject/1926370/,菲力猫 Baby Felix‎ (2000),https://img1.doubanio.com/view/photo/s_ratio_poster/public/p2911222020.webp,日本 / 动画 / 家庭 / 菲力猫,根岸弘 / Kunitoshi Okajima,7.7,2951,4,['剧集'],True,search_subject,https://search.douban.com/movie/subject_search?search_text=%E7%AB%A5%E5%B9%B4%E5%8A%A8%E7%94%BB&cat=1002&start=615,window.__DATA__
355,24,345,4930399,https://movie.douban.com/subject/4930399/,海宝来了‎ (2010),https://img3.doubanio.com/view/photo/s_ratio_poster/public/p2867329122.webp,中国大陆 / 儿童 / 喜剧 / 科幻 / 动画,洪浩 / 徐刚 / 骆妍倩 / 孙晔,6.4,2934,3,"['剧集', '可播放']",True,search_subject,https://search.douban.com/movie/subject_search?search_text=%E7%AB%A5%E5%B9%B4%E5%8A%A8%E7%94%BB&cat=1002&start=345,window.__DATA__
708,48,705,3442684,https://movie.douban.com/subject/3442684/,龙珠Z剧场版4：超级赛亚人孙悟空 ドラゴンボールZ 超サイヤ人だ孫悟空‎ (1991),https://img3.doubanio.com/view/photo/s_ratio_poster/public/p2561565822.webp,日本 / 动画 / 短片 / 动作 / 超级赛亚人孙悟空 / 龙珠Z剧场版4 / 53分钟,橋本光雄(Mitsuo Hashimoto) / 野泽雅子 / 古川登志夫 / 田中真弓 / 鹤弘美 / 渡边菜生子 / 龙田直树 / 宫内幸平 / 内海贤二,7.5,2897,4,[],False,search_subject,https://search.douban.com/movie/subject_search?search_text=%E7%AB%A5%E5%B9%B4%E5%8A%A8%E7%94%BB&cat=1002&start=705,window.__DATA__
580,39,570,11632744,https://movie.douban.com/subject/11632744/,丁丁历险记 第二季 The Adventures of Tintin Season 2‎ (1992),https://img9.doubanio.com/view/photo/s_ratio_poster/public/p2520800486.webp,法国 / 加拿大 / 比利时 / 美国 / 动画 / 冒险 / Les Aventures de Tintin / 30分钟,Stéphane Bernasconi / Colin O'Meara / David Fox / 韦恩·罗布森 / John Stocker / Dan Hennessey / 苏珊·罗曼,9.4,2881,4.5,"['剧集', '可播放']",True,search_subject,https://search.douban.com/movie/subject_search?search_text=%E7%AB%A5%E5%B9%B4%E5%8A%A8%E7%94%BB&cat=1002&start=570,window.__DATA__
628,42,615,3059212,https://movie.douban.com/subject/3059212/,龙珠剧场版：摩诃不可思议大冒险 ドラゴンボール 摩訶不思議大冒険‎ (1988),https://img3.doubanio.com/view/photo/s_ratio_poster/public/p2621617413.webp,日本 / 家庭 / 动作 / 冒险 / 动画 / Dragon Ball: Mystical Adventure / 44分钟,竹之内和久 / 野泽雅子 / 古谷彻 / 鹤广美 / 田中真弓 / 宫内幸平 / 大冢周夫 / 永井一郎 / 铃置洋孝,8,2881,4,[],False,search_subject,https://search.douban.com/movie/subject_search?search_text=%E7%AB%A5%E5%B9%B4%E5%8A%A8%E7%94%BB&cat=1002&start=615,window.__DATA__
649,44,645,20452301,https://movie.douban.com/subject/20452301/,隋唐英雄传‎ (2003),https://img3.doubanio.com/view/photo/s_ratio_poster/public/p2255507097.webp,中国大陆 / 动画 / 历史 / 22分钟,王根发 / 赵铭 / 黄笑嬿 / 范雷颖 / 张欣 / 姚培华,8.8,2877,4.5,"['剧集', '可播放']",True,search_subject,https://search.douban.com/movie/subject_search?search_text=%E7%AB%A5%E5%B9%B4%E5%8A%A8%E7%94%BB&cat=1002&start=645,window.__DATA__
735,49,720,2378712,https://movie.douban.com/subject/2378712/,神秘花园 アニメひみつの花園‎ (1991),https://img3.doubanio.com/view/photo/s_ratio_poster/public/p2524200372.webp,日本 / 剧情 / 动画 / The Secret Garden / 秘密花园,小華和ためお / 富永美伊奈 / 坂本千夏 / 田中真弓 / 高山みなみ / 太田淑子 / 阪脩,8.8,2865,4.5,"['剧集', '可播放']",True,search_subject,https://search.douban.com/movie/subject_search?search_text=%E7%AB%A5%E5%B9%B4%E5%8A%A8%E7%94%BB&cat=1002&start=720,window.__DATA__
437,30,435,2330663,https://movie.douban.com/subject/2330663/,小讨厌 ヤダモン‎ (1992),https://img9.doubanio.com/view/photo/s_ratio_poster/public/p2919000045.webp,日本 / 动画 / 奇幻 / 冒险 / 俏皮小巫仙 / 小魔女得意妹 / 10分钟,大井みなみ / 外山草 / 荒川優子 / 金井美香 / 真山亚子 / 岩坪理江 / 南杏子 / 二又一成 / 安西正弘 / 盐泽兼人 / 川浪叶子,8.7,2864,4.5,['剧集'],True,search_subject,https://search.douban.com/movie/subject_search?search_text=%E7%AB%A5%E5%B9%B4%E5%8A%A8%E7%94%BB&cat=1002&start=435,window.__DATA__
487,33,480,5115718,https://movie.douban.com/subject/5115718/,乱马1/2 热斗篇 らんま1/2 熱闘編‎ (1989),https://img9.doubanio.com/view/photo/s_ratio_poster/public/p2356838656.webp,日本 / 剧情 / 动画 / Ranma ½ Nettô-hen / 乱马½ 热斗篇 / 25分钟,西村纯二 / 芝山努 / 泽井幸次 / 望月智充 / 古桥一浩 / 山本裕介 / 小林孝志 / 殿胜秀树 / 合田浩章 / 浦田保则 / 远藤彻哉 / 白旗伸朗 / 山口胜平 / 日高范子 / 林原惠美 / 绪方贤一 / 池田昌子 / 大林隆介 / 井上喜久子 / 高山南,9.1,2864,4.5,"['剧集', '可播放']",True,search_subject,https://search.douban.com/movie/subject_search?search_text=%E7%AB%A5%E5%B9%B4%E5%8A%A8%E7%94%BB&cat=1002&start=480,window.__DATA__
619,42,615,25977137,https://movie.douban.com/subject/25977137/,环保剑‎ (2006),https://img9.doubanio.com/view/photo/s_ratio_poster/public/p2623232364.webp,中国大陆 / 儿童 / 科幻 / 动画 / 冒险,肖智慧 / 李庭赫 / 刘兰芳 / 董浩 / 钟扬 / 刘璐璐 / 杨立萍 / 周建龙 / 李磊 / 尹汉义,9,2853,4.5,"['剧集', '可播放']",True,search_subject,https://search.douban.com/movie/subject_search?search_text=%E7%AB%A5%E5%B9%B4%E5%8A%A8%E7%94%BB&cat=1002&start=615,window.__DATA__
409,28,405,2146020,https://movie.douban.com/subject/2146020/,成语动画廊‎ (1987),https://img3.doubanio.com/view/photo/s_ratio_poster/public/p2554123623.webp,中国香港 / 儿童 / 动画 / 短片 / 熊猫教授说…… / 3分钟,许诚毅 / 林保全 / 林丹凤,8.6,2825,4.5,['剧集'],True,search_subject,https://search.douban.com/movie/subject_search?search_text=%E7%AB%A5%E5%B9%B4%E5%8A%A8%E7%94%BB&cat=1002&start=405,window.__DATA__
687,46,675,2191393,https://movie.douban.com/subject/2191393/,猫之布鲁斯 Blue Cat Blues‎ (1956),https://img1.doubanio.com/view/photo/s_ratio_poster/public/p2547175590.webp,美国 / 动画 / 家庭 / 短片 / 喜剧 / 忧郁的猫 / 7分钟,约瑟夫·巴伯拉 / 威廉·汉纳,9.5,2767,5,[],False,search_subject,https://search.douban.com/movie/subject_search?search_text=%E7%AB%A5%E5%B9%B4%E5%8A%A8%E7%94%BB&cat=1002&start=675,window.__DATA__
617,42,615,1770834,https://movie.douban.com/subject/1770834/,近所物语 ご近所物語‎ (1995),https://img9.doubanio.com/view/photo/s_ratio_poster/public/p2547916786.webp,日本 / 动画 / 芳邻同盟会 / Neighborhood Story,梅泽淳稔 / 设乐博 / 立场良 / 冈佳广 / 山吉康夫 / 矢部秋则 / 山田彻 / 山口胜平 / 宍户留美 / 森川智之 / 冬马由美 / 山崎和佳奈 / 新山志保 / 津久井教生 / 皆口裕子,8.7,2732,4.5,['剧集'],True,search_subject,https://search.douban.com/movie/subject_search?search_text=%E7%AB%A5%E5%B9%B4%E5%8A%A8%E7%94%BB&cat=1002&start=615,window.__DATA__
694,47,690,2260830,https://movie.douban.com/subject/2260830/,动物王国窃案‎ (1987),https://img3.doubanio.com/view/photo/s_ratio_poster/public/p2159851862.webp,中国大陆 / 剧情 / 儿童 / 猴探长 / 动物王国失窃案 / 30分钟,向阳 / 沈小谦 / 于鼎 / 杨成纯 / 尚华 / 丁建华,8.7,2703,4.5,['剧集'],True,search_subject,https://search.douban.com/movie/subject_search?search_text=%E7%AB%A5%E5%B9%B4%E5%8A%A8%E7%94%BB&cat=1002&start=690,window.__DATA__
539,36,525,3120785,https://movie.douban.com/subject/3120785/,圣诞前夜 The Night before Christmas‎ (1941),https://img3.doubanio.com/view/photo/s_ratio_poster/public/p2456684073.webp,美国 / 动画 / 短片 / 喜剧 / 家庭 / 奇幻 / 圣诞前夜 / 8分钟,约瑟夫·巴伯拉 / 威廉·汉纳,9.5,2701,5,[],False,search_subject,https://search.douban.com/movie/subject_search?search_text=%E7%AB%A5%E5%B9%B4%E5%8A%A8%E7%94%BB&cat=1002&start=525,window.__DATA__
549,37,540,3442793,https://movie.douban.com/subject/3442793/,龙珠Z剧场版9：银河面临危机!! 身手不凡的高手!! ドラゴンボール Z 劇場版：銀河ギリギリ!! ぶっちぎりの凄い奴‎ (1993),https://img9.doubanio.com/view/photo/s_ratio_poster/public/p2561565945.webp,日本 / 动画 / 短片 / 动作 / Dragon Ball Z Movie 9 / 銀河面臨危機!! 身手不凡的高手 / 51分钟,上田芳裕(Yoshihiro Ueda) / 野泽雅子,7.7,2700,4,[],False,search_subject,https://search.douban.com/movie/subject_search?search_text=%E7%AB%A5%E5%B9%B4%E5%8A%A8%E7%94%BB&cat=1002&start=540,window.__DATA__
565,38,555,4307311,https://movie.douban.com/subject/4307311/,数码宝贝02：超恶魔兽的反击 デジモンアドベンチャー02 ディアボロモンの逆襲‎ (2001),https://img9.doubanio.com/view/photo/s_ratio_poster/public/p2563007675.webp,日本 / 动作 / 动画 / 冒险 / 数码宝贝2：超恶魔兽的逆袭 / 数码兽大冒险2：超恶魔兽的逆袭 / 30分钟,今村隆宽 / 木内玲子 / 夏树莉绪 / 浦和惠 / 山本泰辅 / 朴璐美 / 藤田淑子 / 水谷优子 / 风间勇刀,7.9,2681,4,[],False,search_subject,https://search.douban.com/movie/subject_search?search_text=%E7%AB%A5%E5%B9%B4%E5%8A%A8%E7%94%BB&cat=1002&start=555,window.__DATA__
504,34,495,26830645,https://movie.douban.com/subject/26830645/,蓝猫淘气3000问之星际大战‎ (2001),https://img3.doubanio.com/view/photo/s_ratio_poster/public/p2365568292.webp,中国大陆 / 儿童 / 科幻 / 动画 / 冒险,唐振国 / 扶梅陵 / 魏岳青 / 王炜 / 龚颂扬 / 张建和 / 许龙 / 唐海鹏 / 黄红兰 / 王宏 / 雷骁 / 许清平 / 梁巍 / 杜娟 / 段淑娟 / 舒文娟 / 唐振宇 / 葛平 / 付以琳 / 袁文君 / 罗沐 / 陈蕾 / 李一兵,8.8,2678,4.5,"['剧集', '可播放']",True,search_subject,https://search.douban.com/movie/subject_search?search_text=%E7%AB%A5%E5%B9%B4%E5%8A%A8%E7%94%BB&cat=1002&start=495,window.__DATA__
647,44,645,3807847,https://movie.douban.com/subject/3807847/,中华勤学故事‎ (2004),https://img1.doubanio.com/view/photo/s_ratio_poster/public/p2537208618.webp,中国大陆 / 儿童 / 传记 / 历史 / 动画 / 8分钟,邵建明 / 林俏 / 魏星 / 朱虹 / 白玉林 / 田二喜 Erxi Tian / 孙佳禾 Jiahe Sun / 李云鹏 / 伍凤春 Fengchun Wu / 阎萌萌 Mengmeng Yan / 王博 / 秦媛,8.6,2676,4.5,['剧集'],True,search_subject,https://search.douban.com/movie/subject_search?search_text=%E7%AB%A5%E5%B9%B4%E5%8A%A8%E7%94%BB&cat=1002&start=645,window.__DATA__
505,34,495,2376581,https://movie.douban.com/subject/2376581/,圣斗士星矢：邪神厄里斯 聖闘士星矢: 邪神エリス編‎ (1987),https://img2.doubanio.com/view/photo/s_ratio_poster/public/p2509225901.webp,"日本 / 动画 / 冒险 / 奇幻 / 圣斗士星矢：邪神艾莉斯 / Saint Seiya, Jashin Eris / 48分钟",森下孝三 / 古谷彻 / 潘惠子 / 藤田淑子 / 铃置洋孝 / 堀秀行 / 堀川亮 / 桥本晃一 / 水岛裕,6.3,2661,3,['可播放'],False,search_subject,https://search.douban.com/movie/subject_search?search_text=%E7%AB%A5%E5%B9%B4%E5%8A%A8%E7%94%BB&cat=1002&start=495,window.__DATA__
652,44,645,3773947,https://movie.douban.com/subject/3773947/,真魔神英雄传 魔神山篇 真魔神英雄伝ワタル 魔神山編‎ (1989),https://img1.doubanio.com/view/photo/s_ratio_poster/public/p2517463788.webp,日本 / 动画 / 冒险 / 魔神英雄传外传 / 魔神英雄传OVA / 25分钟,香川丰 / 井内秀治 / 田中真弓 / 林原惠美 / 西村知道,8.9,2651,4.5,"['剧集', '可播放']",True,search_subject,https://search.douban.com/movie/subject_search?search_text=%E7%AB%A5%E5%B9%B4%E5%8A%A8%E7%94%BB&cat=1002&start=645,window.__DATA__
498,34,495,2135544,https://movie.douban.com/subject/2135544/,眉间尺‎ (1991),https://img9.doubanio.com/view/photo/s_ratio_poster/public/p2563891335.webp,中国大陆 / 动画 / 短片 / 26分钟,凌纾,8.3,2631,4,['可播放'],False,search_subject,https://search.douban.com/movie/subject_search?search_text=%E7%AB%A5%E5%B9%B4%E5%8A%A8%E7%94%BB&cat=1002&start=495,window.__DATA__
318,22,315,5041038,https://movie.douban.com/subject/5041038/,戴拿奥特曼 归来的哈乃次郎 ウルトラマンダイナ 帰ってきたハネジロー‎ (2001),https://img9.doubanio.com/view/photo/s_ratio_poster/public/p2191930665.webp,日本 / 动作 / 科幻 / Ultraman Dyna: The Return Of Hanejiro / Ultraman Dyna: Hanejiro Came Back / 48分钟,原田昌樹 / つるの剛士 / 木之元亮 / 布川敏和 / 山田まりや / 斉藤りさ / 加瀬尊朗 / 小野寺丈,8.2,2623,4,[],False,search_subject,https://search.douban.com/movie/subject_search?search_text=%E7%AB%A5%E5%B9%B4%E5%8A%A8%E7%94%BB&cat=1002&start=315,window.__DATA__
530,36,525,5282437,https://movie.douban.com/subject/5282437/,机甲兽神‎ (2010),https://img9.doubanio.com/view/photo/s_ratio_poster/public/p1976326994.webp,中国大陆 / 动画 / 低碳世纪之机甲兽神 / 22分钟,刘文,8.1,2622,4,['剧集'],True,search_subject,https://search.douban.com/movie/subject_search?search_text=%E7%AB%A5%E5%B9%B4%E5%8A%A8%E7%94%BB&cat=1002&start=525,window.__DATA__
632,43,630,5135169,https://movie.douban.com/subject/5135169/,猫和老鼠喜剧秀 The New Adventures of Tom and Jerry‎ (1980),https://img3.doubanio.com/view/photo/s_ratio_poster/public/p2556913562.webp,美国 / 动画 / The Tom and Jerry Comedy Show / 30分钟,Don Christensen / 娄·谢默 / 弗兰克·维尔克,9.4,2602,4.5,"['剧集', '可播放']",True,search_subject,https://search.douban.com/movie/subject_search?search_text=%E7%AB%A5%E5%B9%B4%E5%8A%A8%E7%94%BB&cat=1002&start=630,window.__DATA__
578,39,570,4848690,https://movie.douban.com/subject/4848690/,龙珠Z特别篇：一个人的最终决战 挑战弗利萨的Z战士 孙悟空之父 ドラゴンボールZ たったひとりの最終決戦〜フリーザに挑んだZ戦士 孫悟空の父〜‎ (1990),https://img1.doubanio.com/view/photo/s_ratio_poster/public/p2561568798.webp,日本 / 动画 / 悟空之父 / Bardock!The Father of Goku / 48分钟,Mitsuo Hashimoto / 野泽雅子,8.6,2575,4.5,[],False,search_subject,https://search.douban.com/movie/subject_search?search_text=%E7%AB%A5%E5%B9%B4%E5%8A%A8%E7%94%BB&cat=1002&start=570,window.__DATA__
575,39,570,3089224,https://movie.douban.com/subject/3089224/,龙珠Z剧场版11：击倒超战士!! 胜利是属于我的 ドラゴンボール Z 劇場版  超戦士撃破!! 勝つのはオレだ‎ (1994),https://img9.doubanio.com/view/photo/s_ratio_poster/public/p2561565976.webp,日本 / 动画 / 动作 / Doragon bôru Z 11: Sûpâ senshi gekiha! Katsu no wa ore da / 46分钟,上田芳裕 / 野泽雅子 / 草尾毅 / 乡里大辅 / 田中真弓 / 伊藤美纪 / 龙田直树 / 藤原启治 / 佐藤正治,7.4,2571,3.5,[],False,search_subject,https://search.douban.com/movie/subject_search?search_text=%E7%AB%A5%E5%B9%B4%E5%8A%A8%E7%94%BB&cat=1002&start=570,window.__DATA__
332,23,330,26969037,https://movie.douban.com/subject/26969037/,赛尔号大电影6：圣者无敌‎ (2017),https://img1.doubanio.com/view/photo/s_ratio_poster/public/p2531652478.webp,中国大陆 / 儿童 / 动画 / 奇幻 / 冒险 / 赛尔号6圣者无敌 / 赛尔号大电影6 / 98分钟,王章俊 / 罗玉婷 / 翟巍 / 王晓彤 / 李晔,4.9,2485,2.5,['可播放'],False,search_subject,https://search.douban.com/movie/subject_search?search_text=%E7%AB%A5%E5%B9%B4%E5%8A%A8%E7%94%BB&cat=1002&start=330,window.__DATA__
736,50,735,3239720,https://movie.douban.com/subject/3239720/,美少女战士R剧场版：花朵的约定 劇場版 美少女戦士セーラームーンR‎ (1993),https://img1.doubanio.com/view/photo/s_ratio_poster/public/p2524236548.webp,日本 / 动画 / 喜剧 / 剧情 / 爱情 / 星夜传奇 / 美少女战士剧场版 花朵的约定 / 60分钟,几原邦彦 / 三石琴乃 / 古谷彻 / 富泽美智惠 / 久川绫 / 筱原惠美 / 深见梨加 / 潘惠子 / 高户靖广,8.4,2407,4,[],False,search_subject,https://search.douban.com/movie/subject_search?search_text=%E7%AB%A5%E5%B9%B4%E5%8A%A8%E7%94%BB&cat=1002&start=735,window.__DATA__
742,50,735,1868725,https://movie.douban.com/subject/1868725/,摔香炉‎ (1981),https://img3.doubanio.com/view/photo/s_ratio_poster/public/p2568481513.webp,中国大陆 / 动画 / 短片 / 18分钟,林文肖,7.8,2396,4,['可播放'],False,search_subject,https://search.douban.com/movie/subject_search?search_text=%E7%AB%A5%E5%B9%B4%E5%8A%A8%E7%94%BB&cat=1002&start=735,window.__DATA__
542,37,540,1848458,https://movie.douban.com/subject/1848458/,萩萩公主 プリンセスチュチュ‎ (2002),https://img2.doubanio.com/view/photo/s_ratio_poster/public/p2888715281.webp,日本 / 动画 / プリンセスチュチュ / 萩萩公主 / 24分钟,佐藤顺一 / 红优 / 佐山圣子 / 小坂春女 / 关田修 / 玉川达文 / 浅见松雄 / 室谷靖 / 西本由纪夫 / 山内东生雄 / 加藤奈奈绘 / 樱井孝宏 / 水树奈奈 / 白鸟由里 / 松本保典 / 矢薙直树 / 平松晶子 / 松本幸,8.9,2389,4.5,['剧集'],True,search_subject,https://search.douban.com/movie/subject_search?search_text=%E7%AB%A5%E5%B9%B4%E5%8A%A8%E7%94%BB&cat=1002&start=540,window.__DATA__
683,46,675,2137156,https://movie.douban.com/subject/2137156/,飞行猫 The Flying Cat‎ (1952),https://img1.doubanio.com/view/photo/s_ratio_poster/public/p2458595828.webp,美国 / 家庭 / 动画 / 短片 / 喜剧 / 飞行猫 / 7分钟,Joseph Barbera / William Hanna,9.4,2351,4.5,[],False,search_subject,https://search.douban.com/movie/subject_search?search_text=%E7%AB%A5%E5%B9%B4%E5%8A%A8%E7%94%BB&cat=1002&start=675,window.__DATA__
473,32,465,30303974,https://movie.douban.com/subject/30303974/,美少女战士Eternal 剧场版 前篇 劇場版 美少女戦士セーラームーンEternal 前編‎ (2021),https://img3.doubanio.com/view/photo/s_ratio_poster/public/p2623010407.webp,日本 / 爱情 / 动画 / 奇幻 / Pretty Guardian Sailor Moon Eternal The MOVIE Part 1 / 美少女战士Crystal 死亡之月篇 前篇 / 80分钟,今千秋 / 三石琴乃 / 金元寿子 / 佐藤利奈 / 小清水亚美 / 伊藤静 / 福圆美里 / 野岛健儿 / 渡边直美,6.8,2341,3.5,['可播放'],False,search_subject,https://search.douban.com/movie/subject_search?search_text=%E7%AB%A5%E5%B9%B4%E5%8A%A8%E7%94%BB&cat=1002&start=465,window.__DATA__
354,24,345,35496650,https://movie.douban.com/subject/35496650/,舒克贝塔·五角飞碟‎ (2023),https://img2.doubanio.com/view/photo/s_ratio_poster/public/p2902498511.webp,中国大陆 / 喜剧 / 科幻 / 动画 / 冒险 / 舒克贝塔之五角飞碟 / 92分钟,郑亚旗 / 杨凝 / 张璐 / 郑渊洁 / 王凯 / 郑在 / 露西 / 周侗 / 孙熹鹤,6.1,2339,3,['可播放'],False,search_subject,https://search.douban.com/movie/subject_search?search_text=%E7%AB%A5%E5%B9%B4%E5%8A%A8%E7%94%BB&cat=1002&start=345,window.__DATA__
680,46,675,2030749,https://movie.douban.com/subject/2030749/,抢枕头‎ (1985),https://img2.doubanio.com/view/photo/s_ratio_poster/public/p2623422741.webp,中国大陆 / 动画 / 短片 / 19分钟,何玉门,8.1,2317,4,['可播放'],False,search_subject,https://search.douban.com/movie/subject_search?search_text=%E7%AB%A5%E5%B9%B4%E5%8A%A8%E7%94%BB&cat=1002&start=675,window.__DATA__
657,44,645,5282439,https://movie.douban.com/subject/5282439/,御兽王者‎ (2009),https://img2.doubanio.com/view/photo/s_ratio_poster/public/p2868091751.webp,中国大陆 / 动画,,9.2,2314,4.5,['剧集'],True,search_subject,https://search.douban.com/movie/subject_search?search_text=%E7%AB%A5%E5%B9%B4%E5%8A%A8%E7%94%BB&cat=1002&start=645,window.__DATA__
574,39,570,19965512,https://movie.douban.com/subject/19965512/,千千问‎ (2002),https://img1.doubanio.com/view/photo/s_ratio_poster/public/p2558520390.webp,中国大陆 / 儿童 / 科幻 / 动画 / 冒险 / 7分钟,李国英 / 李志新 / 王羊 / 张美娟 / 薛白,7.9,2312,4,['剧集'],True,search_subject,https://search.douban.com/movie/subject_search?search_text=%E7%AB%A5%E5%B9%B4%E5%8A%A8%E7%94%BB&cat=1002&start=570,window.__DATA__
660,44,645,4824962,https://movie.douban.com/subject/4824962/,星际飚车王‎ (2008),https://img9.doubanio.com/view/photo/s_ratio_poster/public/p2867336225.webp,中国大陆 / 儿童 / 科幻 / 动画 / 冒险 / 运动 / Motorcity in china（美） / Galaxy Racers / 22分钟,吴建荣 / 何澄 / 王星峰 / 张璐 / 伍凤春 / 郝幽玥 / 王博 / 杨莹 / 贾小军 / 李云鹏 / 王涛,7.5,2306,4,"['剧集', '可播放']",True,search_subject,https://search.douban.com/movie/subject_search?search_text=%E7%AB%A5%E5%B9%B4%E5%8A%A8%E7%94%BB&cat=1002&start=645,window.__DATA__
412,28,405,26963808,https://movie.douban.com/subject/26963808/,魔神Z 劇場版 マジンガーZ / INFINITY‎ (2017),https://img1.doubanio.com/view/photo/s_ratio_poster/public/p2549420228.webp,日本 / 科幻 / 动画 / 灾难 / 铁甲万能侠：决战魔神(港) / 剧场版无敌铁金刚INFINITY(台) / 94分钟,志水淳儿 / 森久保祥太郎 / 茅野爱衣 / 上坂堇 / 花江夏树 / 关俊彦 / 小清水亚美 / 森田顺平 / 石冢运升,6.2,2301,3,['可播放'],False,search_subject,https://search.douban.com/movie/subject_search?search_text=%E7%AB%A5%E5%B9%B4%E5%8A%A8%E7%94%BB&cat=1002&start=405,window.__DATA__
692,47,690,24744346,https://movie.douban.com/subject/24744346/,猫和老鼠之巨人大冒险 Tom and Jerry's Giant Adventure‎ (2013),https://img1.doubanio.com/view/photo/s_ratio_poster/public/p2199223750.webp,美国 / 动画 / 57分钟,史派克·布兰特 / 托尼·塞沃恩 / 托马斯·F·威尔森 / 加里森·凯勒尔 / 保罗·雷宾斯 / 格蕾·德丽斯勒 / 雅各布·贝特兰德,6.4,2222,3,[],False,search_subject,https://search.douban.com/movie/subject_search?search_text=%E7%AB%A5%E5%B9%B4%E5%8A%A8%E7%94%BB&cat=1002&start=690,window.__DATA__
546,37,540,3111432,https://movie.douban.com/subject/3111432/,桃太郎传说 桃太郎伝説‎ (1989),https://img3.doubanio.com/view/photo/s_ratio_poster/public/p2507098812.webp,日本 / 动画 / PEACHBOY LEGEND,企画：西野聖市 / キャラクターデザイン・総作画監督：森利夫 / 作画監督：森利夫、小泉謙三、武藤稔、金澤勝眞、須藤昌朋、狭山次郎、他 / 美術監督：坂本信人 / 撮影監督：小澤次雄 / 音響監督：本田保則 / 佐佐木望 / イヌのポチ：折笠愛 / 乙姫：折笠愛 / オニ姫：真柴摩利 / 鬼之皇子、黒魔鬼：：竹村拓 / 喜鬼怪快：緒方賢一 / サルの紋太：羽村京子／伊倉一寿（2代目） / キジのキーコ：横山智佐,8.2,2200,4,['剧集'],True,search_subject,https://search.douban.com/movie/subject_search?search_text=%E7%AB%A5%E5%B9%B4%E5%8A%A8%E7%94%BB&cat=1002&start=540,window.__DATA__
311,21,300,1482869,https://movie.douban.com/subject/1482869/,宝葫芦的秘密‎ (1963),https://img9.doubanio.com/view/photo/s_ratio_poster/public/p2687947694.webp,中国大陆 / 儿童 / 喜剧 / 奇幻 / 68分钟,杨小仲 / 徐方 / 茂路 / 张宁 / 温和 / 吕伟 / 邵耀国 / 陈荣华 / 周小海,7.6,2198,4,['可播放'],False,search_subject,https://search.douban.com/movie/subject_search?search_text=%E7%AB%A5%E5%B9%B4%E5%8A%A8%E7%94%BB&cat=1002&start=300,window.__DATA__
520,35,510,26809059,https://movie.douban.com/subject/26809059/,新葫芦兄弟‎ (2016),https://img2.doubanio.com/view/photo/s_ratio_poster/public/p2363294141.webp,中国大陆 / 儿童 / 动画 / New Calabash Brothers / 11分钟,张立衍,4.7,2195,2.5,"['剧集', '可播放']",True,search_subject,https://search.douban.com/movie/subject_search?search_text=%E7%AB%A5%E5%B9%B4%E5%8A%A8%E7%94%BB&cat=1002&start=510,window.__DATA__
524,35,510,20411172,https://movie.douban.com/subject/20411172/,金箍棒传奇‎ (2012),https://img1.doubanio.com/view/photo/s_ratio_poster/public/p1802324128.webp,中国大陆 / 喜剧 / 动画 / 冒险 / 夺宝幸运星大电影之金箍棒传奇 / 开心西游记 / 88分钟,哈磊 / 韩雪 / 吴天昊 / 于立 / 榕榕 / 童自荣 / 周野芒,5.7,2153,3,[],False,search_subject,https://search.douban.com/movie/subject_search?search_text=%E7%AB%A5%E5%B9%B4%E5%8A%A8%E7%94%BB&cat=1002&start=510,window.__DATA__
624,42,615,1963987,https://movie.douban.com/subject/1963987/,地狱老师 地獄先生ぬ〜べ〜‎ (1996),https://img3.doubanio.com/view/photo/s_ratio_poster/public/p2144347482.webp,日本 / 喜剧 / 动画 / 恐怖 / 地狱老师 / 24分钟,贝泽幸男 / 山内重保 / 中村哲治 / 角铜博之 / 芝田浩树 / 山田彻 / 石崎进 / 志水淳儿 / 置鲇龙太郎 / 藤田淑子 / 笠原留美 / 富永美伊奈 / 田中一成 / 浦和惠 / 柳泽三千代 / 丰岛真千子,8.5,2140,4.5,"['剧集', '可播放']",True,search_subject,https://search.douban.com/movie/subject_search?search_text=%E7%AB%A5%E5%B9%B4%E5%8A%A8%E7%94%BB&cat=1002&start=615,window.__DATA__
623,42,615,1898397,https://movie.douban.com/subject/1898397/,盲女与狐狸‎ (1982),https://img3.doubanio.com/view/photo/s_ratio_poster/public/p2550144523.webp,中国大陆 / 剧情 / 动画 / 奇幻 / 短片 / 音乐 / A Blind Gril and Two Foxes / 21分钟,浦家祥,7.8,2104,4,['可播放'],False,search_subject,https://search.douban.com/movie/subject_search?search_text=%E7%AB%A5%E5%B9%B4%E5%8A%A8%E7%94%BB&cat=1002&start=615,window.__DATA__
713,48,705,4253449,https://movie.douban.com/subject/4253449/,黑猫警长第二部‎ (1993),https://img1.doubanio.com/view/photo/s_ratio_poster/public/p2255928239.webp,中国大陆 / 剧情 / 动画 / 儿童 / 犯罪 / 新黑猫警长 / 20分钟,凡卉,8.1,2084,4,"['剧集', '可播放']",True,search_subject,https://search.douban.com/movie/subject_search?search_text=%E7%AB%A5%E5%B9%B4%E5%8A%A8%E7%94%BB&cat=1002&start=705,window.__DATA__
702,47,690,2123630,https://movie.douban.com/subject/2123630/,胖嫂回娘家‎ (1956),https://img1.doubanio.com/view/photo/s_ratio_poster/public/p2528876590.webp,中国大陆 / 喜剧 / 动画 / 短片 / 9分钟,虞哲光,7.8,2082,4,['可播放'],False,search_subject,https://search.douban.com/movie/subject_search?search_text=%E7%AB%A5%E5%B9%B4%E5%8A%A8%E7%94%BB&cat=1002&start=690,window.__DATA__
382,26,375,26814352,https://movie.douban.com/subject/26814352/,小猪佩奇 第六季 Peppa Pig Season 6‎ (2019),https://img9.doubanio.com/view/photo/s_ratio_poster/public/p2551382735.webp,英国 / 儿童 / 喜剧 / 动画 / 家庭 / 粉红猪小妹(台),内维尔·阿斯特利 / 马克·贝克 / 莫温娜·班克斯 / 理查德·赖丁斯,8.7,2075,4.5,"['剧集', '可播放']",True,search_subject,https://search.douban.com/movie/subject_search?search_text=%E7%AB%A5%E5%B9%B4%E5%8A%A8%E7%94%BB&cat=1002&start=375,window.__DATA__
746,50,735,3793586,https://movie.douban.com/subject/3793586/,圣斗士星矢：众神的激战 聖闘士星矢 神々の熱き戦い‎ (1988),https://img3.doubanio.com/view/photo/s_ratio_poster/public/p2509225597.webp,日本 / 动画 / 动作 / 奇幻 / 圣斗士星矢：神与神的激战 / 圣斗士星矢剧场版2：神与神的激战,山内重保 / 古谷彻 / 铃置洋孝 / 堀秀行 / 堀川亮 / 桥本晃一 / 潘惠子 / 水岛裕 / 难波圭一,6.3,2072,3,['可播放'],False,search_subject,https://search.douban.com/movie/subject_search?search_text=%E7%AB%A5%E5%B9%B4%E5%8A%A8%E7%94%BB&cat=1002&start=735,window.__DATA__
749,50,735,1308946,https://movie.douban.com/subject/1308946/,尼尔斯骑鹅旅行记 ニルスのふしぎな旅‎ (1980),https://img3.doubanio.com/view/photo/s_ratio_poster/public/p2518419773.webp,日本 / 动画 / 家庭 / Nils no fushigi na tabi / The Wonderful Adventures of Nils / 24分钟,鸟海永行 / 案纳正美 / 押井守 / 小山茉美 Mami Koyama / 山崎唯 Tadashi Yamazaki / 安原義人 Yoshito Yasuhara / 寺島信子 Nobuko Terajima / 田中秀幸 Hideyuki Tanaka,8.5,2060,4.5,['剧集'],True,search_subject,https://search.douban.com/movie/subject_search?search_text=%E7%AB%A5%E5%B9%B4%E5%8A%A8%E7%94%BB&cat=1002&start=735,window.__DATA__
579,39,570,2297477,https://movie.douban.com/subject/2297477/,世纪末救世主传说 北斗神拳2 世紀末救世主伝説 北斗の拳2‎ (1987),https://img2.doubanio.com/view/photo/s_ratio_poster/public/p2530534641.webp,日本 / 动作 / 动画 / Hokuto no Ken 2 / 世纪末救世主传说 北斗神拳2 / 25分钟,芦田豊雄 / 原作：武論尊、原哲夫 / 神谷明 / 难波圭一 / 富永美伊奈,8.6,2053,4.5,['剧集'],True,search_subject,https://search.douban.com/movie/subject_search?search_text=%E7%AB%A5%E5%B9%B4%E5%8A%A8%E7%94%BB&cat=1002&start=570,window.__DATA__
511,35,510,1292593,https://movie.douban.com/subject/1292593/,三骑士 The Three Caballeros‎ (1944),https://img9.doubanio.com/view/photo/s_ratio_poster/public/p1257459715.webp,美国 / 动画 / 家庭 / 奇幻 / 音乐 / 西班牙三绅士 / 唐老鸭庆生记 / 72分钟,Norman Ferguson / Aurora Miranda / Carmen Molina / Dora Luz / 斯特灵·哈洛威 /  克拉伦斯·纳什 / Joaquin Garay / José Oliviera / 弗兰克·格雷厄姆,8,2002,4,['可播放'],False,search_subject,https://search.douban.com/movie/subject_search?search_text=%E7%AB%A5%E5%B9%B4%E5%8A%A8%E7%94%BB&cat=1002&start=510,window.__DATA__
585,39,570,4848693,https://movie.douban.com/subject/4848693/,龙珠GT特别篇：悟空外传! 勇气的证明四星珠! 悟空外伝！勇気の证は四星球！‎ (1997),https://img1.doubanio.com/view/photo/s_ratio_poster/public/p2561568589.webp,日本 / 动画 / DragonBall GT TV Special / 46分钟,葛西治 / 野泽雅子 / 皆口裕子 / 古谷彻,8.2,2002,4,[],False,search_subject,https://search.douban.com/movie/subject_search?search_text=%E7%AB%A5%E5%B9%B4%E5%8A%A8%E7%94%BB&cat=1002&start=570,window.__DATA__
371,25,360,1897863,https://movie.douban.com/subject/1897863/,星际旅行：动画版 第一季 Star Trek: The Animated Series Season 1‎ (1973),https://img3.doubanio.com/view/photo/s_ratio_poster/public/p1115932987.webp,美国 / 动画 / 冒险 / 家庭 / 科幻 / 星际旅行动画版 / 星空奇遇记：动画版(台) / 30分钟,吉恩·罗登伯里 / 威廉·夏特纳 / 伦纳德·尼莫伊 / 德福雷斯特·凯利 / 詹姆斯·杜汉 / 武井乔治 / 尼切尔·尼克斯 / 马杰尔·巴雷特,8.8,1973,4.5,['剧集'],True,search_subject,https://search.douban.com/movie/subject_search?search_text=%E7%AB%A5%E5%B9%B4%E5%8A%A8%E7%94%BB&cat=1002&start=360,window.__DATA__
548,37,540,1845698,https://movie.douban.com/subject/1845698/,神奇独角马 ユニコ‎ (1981),https://img1.doubanio.com/view/photo/s_ratio_poster/public/p2554087038.webp,日本 / 动画 / 奇幻 / 冒险 / 小白角 / 独角小福星 / 90分钟,平田敏夫 / 手冢治虫 / 三轮胜惠 / 杉山佳寿子 / 堀绚子 / 井上真树夫 / 中西妙子 / 来宫良子 / 永井一郎 / 矢田耕司,8.8,1941,4.5,[],False,search_subject,https://search.douban.com/movie/subject_search?search_text=%E7%AB%A5%E5%B9%B4%E5%8A%A8%E7%94%BB&cat=1002&start=540,window.__DATA__
733,49,720,3110686,https://movie.douban.com/subject/3110686/,变身猫鼠 Dr. Jekyll and Mr. Mouse‎ (1947),https://img1.doubanio.com/view/photo/s_ratio_poster/public/p2456686900.webp,美国 / 家庭 / 动画 / 喜剧 / 短片 / 强力乳液 / 7分钟,约瑟夫·巴伯拉 / 威廉·汉纳,9.4,1934,4.5,[],False,search_subject,https://search.douban.com/movie/subject_search?search_text=%E7%AB%A5%E5%B9%B4%E5%8A%A8%E7%94%BB&cat=1002&start=720,window.__DATA__
449,30,435,30309337,https://movie.douban.com/subject/30309337/,奈克瑟斯奥特曼EX：诗织 - 失落的记忆 - ウルトラマンネクサス EX：詩織 -ロストメモリーズ-‎ (2005),https://img2.doubanio.com/view/photo/s_ratio_poster/public/p2532219781.webp,日本 / 剧情 / 动作 / 科幻 / 奈克瑟斯奥特曼 Episode EX / 超人力斯 特别篇(港) / 45分钟,北浦嗣巳 / 五藤圭子 / 影丸茂樹 / 川久保拓司 / 加藤厚成 / 田中伸彦 / 佐藤康惠 / 宫下友美 / 内山真人,8.7,1928,4.5,['可播放'],False,search_subject,https://search.douban.com/movie/subject_search?search_text=%E7%AB%A5%E5%B9%B4%E5%8A%A8%E7%94%BB&cat=1002&start=435,window.__DATA__
718,48,705,1886852,https://movie.douban.com/subject/1886852/,蝴蝶泉‎ (1983),https://img3.doubanio.com/view/photo/s_ratio_poster/public/p2535288202.webp,中国大陆 / 爱情 / 动画 / 短片 / 奇幻 / The Butterfly Springs / 25分钟,常光希 / 徐景达,8.1,1927,4,[],False,search_subject,https://search.douban.com/movie/subject_search?search_text=%E7%AB%A5%E5%B9%B4%E5%8A%A8%E7%94%BB&cat=1002&start=705,window.__DATA__
570,38,555,1926706,https://movie.douban.com/subject/1926706/,101斑点狗 第一季 101 Dalmatians: The Series Season 1‎ (1997),https://img3.doubanio.com/view/photo/s_ratio_poster/public/p2498277857.webp,美国 / 喜剧 / 动画 / 101忠狗 / 22分钟,维克多·库克 / 里克·施耐德 / 凯利·沃德 / 凯斯·索西 / 塔拉·斯特朗 / 杰夫·贝内特 / 弗兰克·维尔克 / 艾普尔·温切尔 / 黛比·梅·卫斯特 / 夏洛特·瑞 / 吉姆·卡明斯,8.4,1926,4,['剧集'],True,search_subject,https://search.douban.com/movie/subject_search?search_text=%E7%AB%A5%E5%B9%B4%E5%8A%A8%E7%94%BB&cat=1002&start=555,window.__DATA__
671,45,660,6974527,https://movie.douban.com/subject/6974527/,蓝猫龙骑团之炫迪传奇‎ (2011),https://img1.doubanio.com/view/photo/s_ratio_poster/public/p2859000620.webp,中国大陆 / 儿童 / 动作 / 科幻 / 动画 / 冒险 / 炫迪传奇,余立平 / 徐海 / 瞿岚 / 王峰 / 曾令 / 葛平 / 付以琳 / 袁慧敏 / 殷姿,7.6,1873,4,"['剧集', '可播放']",True,search_subject,https://search.douban.com/movie/subject_search?search_text=%E7%AB%A5%E5%B9%B4%E5%8A%A8%E7%94%BB&cat=1002&start=660,window.__DATA__
662,45,660,2054440,https://movie.douban.com/subject/2054440/,飞天小女警Z 出ましたっ!パワパフガールズZ‎ (2006),https://img3.doubanio.com/view/photo/s_ratio_poster/public/p2455135837.webp,日本 / 儿童 / 动作 / 科幻 / 动画 / 参上!飞天小女警Z / 24分钟,石黑育 / 胜间田具治 / 长峰达也 / 植田秀仁 / 地冈公俊 / 高山秀树 / 中村哲治 / 岩井隆央 / 杉山庆一 / 渡边纯央 / 木村延景 / 茉田哲明 / 秦义人 / 后藤康德 / 加藤英美里 / 宫原永海 / 川名真知子 / 楠大典 / 大本真基子 / 金田朋子 / 田中秀幸 / 川浪叶子,8.6,1854,4.5,['剧集'],True,search_subject,https://search.douban.com/movie/subject_search?search_text=%E7%AB%A5%E5%B9%B4%E5%8A%A8%E7%94%BB&cat=1002&start=660,window.__DATA__
513,35,510,3096208,https://movie.douban.com/subject/3096208/,甜蜜的家 Puss Gets the Boot‎ (1940),https://img9.doubanio.com/view/photo/s_ratio_poster/public/p2550694055.webp,美国 / 动画 / 家庭 / 短片 / 喜剧 / 被解雇的猫 / 猫被解雇 / 8分钟,约瑟夫·巴伯拉 / 威廉·汉纳 / 鲁道夫·伊辛 / 莉莲·伦道夫,9.2,1829,4.5,[],False,search_subject,https://search.douban.com/movie/subject_search?search_text=%E7%AB%A5%E5%B9%B4%E5%8A%A8%E7%94%BB&cat=1002&start=510,window.__DATA__
536,36,525,5913002,https://movie.douban.com/subject/5913002/,多啦美与哆啦A梦族：机器人学校七不思议 ドラミ&ドラえもんズ ロボット学校七不思議!?‎ (1996),https://img2.doubanio.com/view/photo/s_ratio_poster/public/p2411015821.webp,日本 / 科幻 / 动画 / 冒险 / 哆啦美与哆啦A梦族：机器人学校七不思议 / 31分钟,Yoshitomo Yonetani,8.7,1823,4.5,[],False,search_subject,https://search.douban.com/movie/subject_search?search_text=%E7%AB%A5%E5%B9%B4%E5%8A%A8%E7%94%BB&cat=1002&start=525,window.__DATA__
676,46,675,5384872,https://movie.douban.com/subject/5384872/,老夫子之小水虎传奇‎ (2011),https://img1.doubanio.com/view/photo/s_ratio_poster/public/p804725119.webp,中国大陆 / 剧情 / 儿童 / 喜剧 / 动画 / 老夫子 / 87分钟,福富博 / 邓超 / 萧亚轩 / 郭书瑶 / 冯绍峰 / 张涵予 / 李晨 / 蔡康永 / 车晓,5.1,1776,2.5,['可播放'],False,search_subject,https://search.douban.com/movie/subject_search?search_text=%E7%AB%A5%E5%B9%B4%E5%8A%A8%E7%94%BB&cat=1002&start=675,window.__DATA__
606,41,600,4906418,https://movie.douban.com/subject/4906418/,高智能方程式赛车 OVA1 DOUBLE ONE 新世纪GPXサイバーフォーミュラ11‎ (1992),https://img3.doubanio.com/view/photo/s_ratio_poster/public/p2517463423.webp,日本 / 动画 / 高智能方程式赛车 OVA1 (Double One) / 27分钟,福田己津央 / 金丸淳一 / 三石琴乃 / 饭塚昭三 / 安达忍 / 松田辰也 / 竹村拓 / 小野健一 / 速水奖,9.2,1756,4.5,['剧集'],True,search_subject,https://search.douban.com/movie/subject_search?search_text=%E7%AB%A5%E5%B9%B4%E5%8A%A8%E7%94%BB&cat=1002&start=600,window.__DATA__
685,46,675,2137203,https://movie.douban.com/subject/2137203/,西部牛仔 Texas Tom‎ (1950),https://img3.doubanio.com/view/photo/s_ratio_poster/public/p2512187373.webp,美国 / 动画 / 西部 / 家庭 / 短片 / 喜剧 / 6分钟,约瑟夫·巴伯拉 / 威廉·汉纳,9.3,1756,4.5,[],False,search_subject,https://search.douban.com/movie/subject_search?search_text=%E7%AB%A5%E5%B9%B4%E5%8A%A8%E7%94%BB&cat=1002&start=675,window.__DATA__
635,43,630,26682297,https://movie.douban.com/subject/26682297/,美少女战士Crystal 第三季 死亡变种篇 美少女戦士セーラームーンCrystal 第3期 ＜デス・バスターズ編＞‎ (2016),https://img1.doubanio.com/view/photo/s_ratio_poster/public/p2321700888.webp,日本 / 动画 / 美少女战士水晶：Death Busters篇 / 23分钟,今千秋 / 宍户望 / 贝泽幸男 / 山口祐司 / 后藤康德 / 黑濑大辅 / 山本秀世 / 阿部雅司 / 三石琴乃 / 藤井雪代 / 皆川纯子 / 大原沙耶香 / 福圆美里 / 金元寿子 / 佐藤利奈 / 小清水亚美,8.6,1742,4.5,"['剧集', '可播放']",True,search_subject,https://search.douban.com/movie/subject_search?search_text=%E7%AB%A5%E5%B9%B4%E5%8A%A8%E7%94%BB&cat=1002&start=630,window.__DATA__
644,43,630,11586598,https://movie.douban.com/subject/11586598/,少年骇客：全面进化 第一季 Ben 10: Omniverse Season 1‎ (2012),https://img1.doubanio.com/view/photo/s_ratio_poster/public/p2495040710.webp,美国 / 剧情 / 动画 / 22分钟,Greg Cipes / 艾什莉·约翰逊 / 尤里·洛文塔尔,9.1,1717,4.5,"['剧集', '可播放']",True,search_subject,https://search.douban.com/movie/subject_search?search_text=%E7%AB%A5%E5%B9%B4%E5%8A%A8%E7%94%BB&cat=1002&start=630,window.__DATA__
535,36,525,25927387,https://movie.douban.com/subject/25927387/,猫和老鼠：迷失之龙 Tom and Jerry: The Lost Dragon‎ (2014),https://img3.doubanio.com/view/photo/s_ratio_poster/public/p2191383513.webp,美国 / 喜剧 / 动画 / Tom and Jerry & The Lost Dragon / 56分钟,史派克·布兰特 / 凯莉·斯泰堡丝 / 薇姬·刘易斯 / 吉姆·卡明斯 / 拉瑞恩·纽曼 / 格雷格·埃利斯 / 杰斯·哈梅尔,6.3,1701,3,['可播放'],False,search_subject,https://search.douban.com/movie/subject_search?search_text=%E7%AB%A5%E5%B9%B4%E5%8A%A8%E7%94%BB&cat=1002&start=525,window.__DATA__
631,43,630,2150608,https://movie.douban.com/subject/2150608/,巴布工程师 第一季 Bob the Builder Season 1‎ (1999),https://img3.doubanio.com/view/photo/s_ratio_poster/public/p2630681347.webp,英国 / 剧情 / 儿童 / 动画 / 建筑工鲍勃和他的工程车伙伴们 / 10分钟,"Keith Chapman / William Dufris ...  Bob, Farmer Pickles / Lorelei King ...  Wendy",8.4,1676,4,"['剧集', '可播放']",True,search_subject,https://search.douban.com/movie/subject_search?search_text=%E7%AB%A5%E5%B9%B4%E5%8A%A8%E7%94%BB&cat=1002&start=630,window.__DATA__
663,45,660,2075675,https://movie.douban.com/subject/2075675/,面包超人 それいけ!アンパンマン‎ (1988),https://img1.doubanio.com/view/photo/s_ratio_poster/public/p2544875058.webp,日本 / 动画 / 动作 / 家庭 / 奇幻 / 红豆面包超人 / Soreike! Anpanman,永丘昭典 / 户田惠子 / 中尾隆圣 / 增冈弘 / 佐久间玲 / 山寺宏一 / 鹤弘美 / 岛本须美 / 柳泽三千代,8.3,1672,4,"['剧集', '可播放']",True,search_subject,https://search.douban.com/movie/subject_search?search_text=%E7%AB%A5%E5%B9%B4%E5%8A%A8%E7%94%BB&cat=1002&start=660,window.__DATA__
646,44,645,3090047,https://movie.douban.com/subject/3090047/,刺猬索尼克历险记 The Adventures of Sonic the Hedgehog‎ (1993),https://img1.doubanio.com/view/photo/s_ratio_poster/public/p2588022938.webp,美国 / 意大利 / 西班牙 / 动画 / 冒险 / 喜剧 / 家庭 / 30分钟,Kent Butterworth,8.4,1647,4,"['剧集', '可播放']",True,search_subject,https://search.douban.com/movie/subject_search?search_text=%E7%AB%A5%E5%B9%B4%E5%8A%A8%E7%94%BB&cat=1002&start=645,window.__DATA__
589,40,585,26830644,https://movie.douban.com/subject/26830644/,蓝猫淘气3000问之海洋世界‎ (2003),https://img1.doubanio.com/view/photo/s_ratio_poster/public/p2549083528.webp,中国大陆 / 儿童 / 科幻 / 动画 / 冒险 / 蓝猫淘气3000问海洋系列,龚颂扬 / 杜娟 / 栗拥军 / 杨桦 / 许清平 / 唐振宇 / 黄圣皎 / 梁巍 / 颜雷鸣 / 段淑娟 / 宋金辉 / 唐海鹏 / 王瑶 / 王宏 / 许龙 / 葛平 / 付以琳 / 罗沐 / 袁文君 / 李一兵,8.8,1642,4.5,"['剧集', '可播放']",True,search_subject,https://search.douban.com/movie/subject_search?search_text=%E7%AB%A5%E5%B9%B4%E5%8A%A8%E7%94%BB&cat=1002&start=585,window.__DATA__
743,50,735,2988881,https://movie.douban.com/subject/2988881/,玛雅历险记 おやゆび姫物語‎ (1992),https://img9.doubanio.com/view/photo/s_ratio_poster/public/p2235596334.webp,日本 / 动画 / 拇指姬物语 / 拇指姑娘,H.C.アンデルセン / 金井美香 / 麻上洋子,9.1,1614,4.5,['剧集'],True,search_subject,https://search.douban.com/movie/subject_search?search_text=%E7%AB%A5%E5%B9%B4%E5%8A%A8%E7%94%BB&cat=1002&start=735,window.__DATA__
750,50,735,27104386,https://movie.douban.com/subject/27104386/,十二宫骑士：圣斗士星矢 聖闘士星矢: Knights of the Zodiac‎ (2019),https://img3.doubanio.com/view/photo/s_ratio_poster/public/p2563157103.webp,日本 / 动作 / 动画 / 奇幻 / 冒险 / 圣斗士星矢：黄道十二宫战士(台) / Knights of the Zodiac：Saint Seiya / 30分钟,芦野芳晴 / 布莱森·鲍格斯 / 马蒂·弗莱克 / 亚当·吉布斯 / 泰·玛哈尼 / 埃米莉·内维斯 / 帕特里克·普尔 / 布莱克·谢泼德 / 詹姆士·巴而切,4.7,1599,2.5,"['剧集', '可播放']",True,search_subject,https://search.douban.com/movie/subject_search?search_text=%E7%AB%A5%E5%B9%B4%E5%8A%A8%E7%94%BB&cat=1002&start=735,window.__DATA__
651,44,645,2156778,https://movie.douban.com/subject/2156778/,玩具之家‎ (1998),https://img9.doubanio.com/view/photo/s_ratio_poster/public/p2627252555.webp,中国大陆 / 儿童 / 动画 / 小电脑和老箱子 / 12分钟,佟彤 / 陆揆,7.9,1595,4,['剧集'],True,search_subject,https://search.douban.com/movie/subject_search?search_text=%E7%AB%A5%E5%B9%B4%E5%8A%A8%E7%94%BB&cat=1002&start=645,window.__DATA__
701,47,690,2011579,https://movie.douban.com/subject/2011579/,胆小狗英雄 第一季 Courage The Cowardly Dog Season 1‎ (1999),https://img9.doubanio.com/view/photo/s_ratio_poster/public/p2378671866.webp,美国 / 喜剧 / 动画 / 儿童 / 名叫勇勇的胆小狗 / 胆小狗英雄,约翰·迪尔沃斯 / Marty Grabstein,9,1589,4.5,['剧集'],True,search_subject,https://search.douban.com/movie/subject_search?search_text=%E7%AB%A5%E5%B9%B4%E5%8A%A8%E7%94%BB&cat=1002&start=690,window.__DATA__
604,41,600,3093059,https://movie.douban.com/subject/3093059/,娱乐金鱼眼 きんぎょ注意報！‎ (1991),https://img3.doubanio.com/view/photo/s_ratio_poster/public/p2593316652.webp,日本 / 喜剧 / 动画 / 魔力小金鱼 / 金鱼注意报,梅泽淳稔 / 几原邦彦 / 佐藤顺一 / 冈佳广 / 山吉康夫 / 高田由美 / 松岛美野里 / 金井美香 / 潘惠子 / 盐屋翼 / 飞田展男,8.6,1584,4.5,['剧集'],True,search_subject,https://search.douban.com/movie/subject_search?search_text=%E7%AB%A5%E5%B9%B4%E5%8A%A8%E7%94%BB&cat=1002&start=600,window.__DATA__
334,23,330,2136517,https://movie.douban.com/subject/2136517/,极速赛车手 マッハGoGoGo‎ (1967),https://img1.doubanio.com/view/photo/s_ratio_poster/public/p2620657688.webp,日本 / 动作 / 动画 / 冒险 / 马赫5号 / 极速赛车手 / 30分钟,笹川浩 / 鸟海永行 / 九里一平 / 原征太郎 / 森功至 / 野村道子 / 大宫悌二 / 来宫良子 / 堀绚子 / 大竹宏 / 富山敬 / 内海贤二,7.9,1579,4,['剧集'],True,search_subject,https://search.douban.com/movie/subject_search?search_text=%E7%AB%A5%E5%B9%B4%E5%8A%A8%E7%94%BB&cat=1002&start=330,window.__DATA__
739,50,735,6383555,https://movie.douban.com/subject/6383555/,小太极‎ (1999),https://img9.doubanio.com/view/photo/s_ratio_poster/public/p1936701365.webp,中国大陆 / 儿童 / 历史 / 动画 / 中华五千年历史故事动画系列—小太极 / 21分钟,蔡明钦 / 唐瑞亨 / 大龙 / 小太极,8.3,1566,4,"['剧集', '可播放']",True,search_subject,https://search.douban.com/movie/subject_search?search_text=%E7%AB%A5%E5%B9%B4%E5%8A%A8%E7%94%BB&cat=1002&start=735,window.__DATA__
377,26,375,1960221,https://movie.douban.com/subject/1960221/,恐龙家族 Dinosaurs‎ (1991),https://img3.doubanio.com/view/photo/s_ratio_poster/public/p2523319023.webp,美国 / 动画 / 喜剧 / 家庭 / 恐龙家族 / 30分钟,Michael Jacobs / Bob Young / Stuart Pankin / 杰西卡·沃尔特 / 凯文·克拉什,8.9,1542,4.5,['剧集'],True,search_subject,https://search.douban.com/movie/subject_search?search_text=%E7%AB%A5%E5%B9%B4%E5%8A%A8%E7%94%BB&cat=1002&start=375,window.__DATA__
478,32,465,3831140,https://movie.douban.com/subject/3831140/,乔尼亚斯奥特曼 ザ☆ウルトラマン‎ (1979),https://img2.doubanio.com/view/photo/s_ratio_poster/public/p2885415381.webp,日本 / 动画 / ザ ウルトラマン / 超人祖尼斯 / 30分钟,鸟海永行 / 神田武幸 / 安浓高志 / 关田修 / 又野弘道 / 富山敬 / 伊武雅刀 / 森川公也 / 柴田秀胜 / 岛本须美 / 兼本新吾 / 二瓶正也 / 泷口顺平,8.5,1526,4.5,['剧集'],True,search_subject,https://search.douban.com/movie/subject_search?search_text=%E7%AB%A5%E5%B9%B4%E5%8A%A8%E7%94%BB&cat=1002&start=465,window.__DATA__
407,28,405,10756786,https://movie.douban.com/subject/10756786/,七色战记‎ (2009),https://img9.doubanio.com/view/photo/s_ratio_poster/public/p2604309876.webp,中国大陆 / 儿童 / 喜剧 / 动画 / 奇幻 / 冒险 / PLANET OF 7 COLORS,黄智龙 / 赵娜 / 刘红韵 / 李团 / 祖晴 / 高全胜 / 陆双,9.4,1494,4.5,"['剧集', '可播放']",True,search_subject,https://search.douban.com/movie/subject_search?search_text=%E7%AB%A5%E5%B9%B4%E5%8A%A8%E7%94%BB&cat=1002&start=405,window.__DATA__
727,49,720,3539060,https://movie.douban.com/subject/3539060/,荒岛余生 His Mouse Friday‎ (1951),https://img3.doubanio.com/view/photo/s_ratio_poster/public/p2555535587.webp,美国 / 家庭 / 短片 / 动画 / 喜剧 / 老鼠仆人 / 荒岛假期 / 6分钟,威廉·汉纳 / 约瑟夫·巴伯拉 / 保罗·费斯,9.2,1486,4.5,[],False,search_subject,https://search.douban.com/movie/subject_search?search_text=%E7%AB%A5%E5%B9%B4%E5%8A%A8%E7%94%BB&cat=1002&start=720,window.__DATA__
638,43,630,2238008,https://movie.douban.com/subject/2238008/,三只狼‎ (1980),https://img2.doubanio.com/view/photo/s_ratio_poster/public/p2868218101.webp,中国大陆 / 动画 / 短片 / 9分钟,虞哲光,7.9,1473,4,['可播放'],False,search_subject,https://search.douban.com/movie/subject_search?search_text=%E7%AB%A5%E5%B9%B4%E5%8A%A8%E7%94%BB&cat=1002&start=630,window.__DATA__
634,43,630,25863812,https://movie.douban.com/subject/25863812/,猫和老鼠2014 第一季 The Tom and Jerry Show Season 1‎ (2014),https://img1.doubanio.com/view/photo/s_ratio_poster/public/p2195717650.webp,美国 / 喜剧 / 动画 / 22分钟,达雷尔·范·西特斯 / Rene Mujica / 克里·萨莫 / Rick Zieff,8.2,1422,4,"['剧集', '可播放']",True,search_subject,https://search.douban.com/movie/subject_search?search_text=%E7%AB%A5%E5%B9%B4%E5%8A%A8%E7%94%BB&cat=1002&start=630,window.__DATA__
724,49,720,2341410,https://movie.douban.com/subject/2341410/,小公主莎拉 小公女セーラ‎ (1985),https://img3.doubanio.com/view/photo/s_ratio_poster/public/p2531968967.webp,日本 / 动画 / 剧情 / 莎拉公主 / 小公主 / 25分钟,黑川文男 / 岛本须美 / 坂本千夏 / 一龙斋贞友 / 中西妙子 / 梨羽由记子 / 银河万丈 / 山田荣子 / 八百坂万纪,9.1,1406,4.5,"['剧集', '可播放']",True,search_subject,https://search.douban.com/movie/subject_search?search_text=%E7%AB%A5%E5%B9%B4%E5%8A%A8%E7%94%BB&cat=1002&start=720,window.__DATA__
385,26,375,5401726,https://movie.douban.com/subject/5401726/,迪迦奥特曼～致光的孩子们～ ウルトラマンティガ～光の子供たちへ～‎ (2001),https://img9.doubanio.com/view/photo/s_ratio_poster/public/p2453441896.webp,日本 / 科幻 / Ultraman Tiga: To the Children of Light / 超人迪加～致光的孩子们～,田中正明 / 飛田展雄 / 河本紘志 / 伊澤麻璃也,8.8,1386,4.5,[],False,search_subject,https://search.douban.com/movie/subject_search?search_text=%E7%AB%A5%E5%B9%B4%E5%8A%A8%E7%94%BB&cat=1002&start=375,window.__DATA__
439,30,435,2367841,https://movie.douban.com/subject/2367841/,金花鼠一家 Alvin & the Chipmunks‎ (1983),https://img9.doubanio.com/view/photo/s_ratio_poster/public/p2554093526.webp,美国 / 家庭 / 动画 / 喜剧 / 音乐 / The chipmunks / 30分钟,,8.3,1384,4,['剧集'],True,search_subject,https://search.douban.com/movie/subject_search?search_text=%E7%AB%A5%E5%B9%B4%E5%8A%A8%E7%94%BB&cat=1002&start=435,window.__DATA__
568,38,555,25748379,https://movie.douban.com/subject/25748379/,山猫和吉咪‎ (2009),https://img1.doubanio.com/view/photo/s_ratio_poster/public/p2550651520.webp,中国大陆 / 动画,,7.6,1375,4,"['剧集', '可播放']",True,search_subject,https://search.douban.com/movie/subject_search?search_text=%E7%AB%A5%E5%B9%B4%E5%8A%A8%E7%94%BB&cat=1002&start=555,window.__DATA__
337,23,330,2264584,https://movie.douban.com/subject/2264584/,佐菲奥特曼 奥特战士vs大怪兽军团 ウルトラマンZOFFY ウルトラの戦士VS大怪獣軍団‎ (1984),https://img3.doubanio.com/view/photo/s_ratio_poster/public/p2591770372.webp,日本 / 科幻 / 佐菲奥特曼 奥特战士vs大怪兽军团 / Ultraman Zoffy: Ultra Warriors vs. the Giant Monster Army / 84分钟,高野宏一 / 浦野光 / 堀内賢雄 / 小滝進,7.8,1364,4,[],False,search_subject,https://search.douban.com/movie/subject_search?search_text=%E7%AB%A5%E5%B9%B4%E5%8A%A8%E7%94%BB&cat=1002&start=330,window.__DATA__
703,47,690,5333485,https://movie.douban.com/subject/5333485/,福娃奥运漫游记‎ (2008),https://img3.doubanio.com/view/photo/s_ratio_poster/public/p2543743543.webp,中国大陆 / 儿童 / 动画 / 运动 / 福娃奥运漫游记 BTV版,曾伟京 / 张国立 / 陶虹 / 梅婷 / 金海心 / 张靓颖 / 曹颖 / 潘粤明 / 龚格尔,7.1,1332,3.5,['剧集'],True,search_subject,https://search.douban.com/movie/subject_search?search_text=%E7%AB%A5%E5%B9%B4%E5%8A%A8%E7%94%BB&cat=1002&start=690,window.__DATA__
462,31,450,2078410,https://movie.douban.com/subject/2078410/,小熊维尼与大风吹 Winnie the Pooh and the Blustery Day‎ (1968),https://img2.doubanio.com/view/photo/s_ratio_poster/public/p2176795991.webp,美国 / 动画 / 短片 / 家庭 / 小熊维尼与大风吹 / 25分钟,沃夫冈·雷瑟曼 / 塞巴斯蒂安·卡伯特 / 斯特灵·哈洛威 / 约翰·菲德勒,8.3,1328,4,[],False,search_subject,https://search.douban.com/movie/subject_search?search_text=%E7%AB%A5%E5%B9%B4%E5%8A%A8%E7%94%BB&cat=1002&start=450,window.__DATA__
696,47,690,1307403,https://movie.douban.com/subject/1307403/,飞狗巴迪5：排球健将 Air Bud: Spikes Back‎ (2003),https://img9.doubanio.com/view/photo/s_ratio_poster/public/p2595850474.webp,加拿大 / 喜剧 / 家庭 / 运动 / Air Bud 5 / 神犬巴迪5：排球健将 / 87分钟,迈克·索森 / 卡蒂嘉·佩维斯 / Jake D. Smith / 帕特里克克兰肖,7.8,1261,4,[],False,search_subject,https://search.douban.com/movie/subject_search?search_text=%E7%AB%A5%E5%B9%B4%E5%8A%A8%E7%94%BB&cat=1002&start=690,window.__DATA__
627,42,615,25845588,https://movie.douban.com/subject/25845588/,摩尔庄园3：魔幻列车大冒险‎ (2015),https://img3.doubanio.com/view/photo/s_ratio_poster/public/p2325077617.webp,中国大陆 / 动画 / 冒险 / 家庭 / 摩尔庄园大电影3魔幻列车大冒险 / Legend Of The Moles-The Magic Train Adventure / 86分钟,李婷婷 / 杨鸥 / 夏磊 / 谢添天 / 冯骏骅 / 醋醋 / 沈达威 / 樊俊航,7.1,1237,3.5,['可播放'],False,search_subject,https://search.douban.com/movie/subject_search?search_text=%E7%AB%A5%E5%B9%B4%E5%8A%A8%E7%94%BB&cat=1002&start=615,window.__DATA__
300,20,285,6879306,https://movie.douban.com/subject/6879306/,变形金刚 第四季 Transformers Season 4‎ (1987),https://img9.doubanio.com/view/photo/s_ratio_poster/public/p2570585164.webp,美国 / 日本 / 动作 / 科幻 / 动画 / 悬疑 / 惊悚 / 冒险 / 变形金刚G1 / 变形金刚之重生 / 30分钟,Jaeho Hong / Jack Angel / Michael Bell / Peter Cullen / Stan Jones / Frank Welker,8.3,1236,4,['剧集'],True,search_subject,https://search.douban.com/movie/subject_search?search_text=%E7%AB%A5%E5%B9%B4%E5%8A%A8%E7%94%BB&cat=1002&start=285,window.__DATA__
330,22,315,2249540,https://movie.douban.com/subject/2249540/,小溪流‎ (1962),https://img1.doubanio.com/view/photo/s_ratio_poster/public/p2649072288.webp,中国 / 动画 / 30分钟,何玉门,7.9,1225,4,['可播放'],False,search_subject,https://search.douban.com/movie/subject_search?search_text=%E7%AB%A5%E5%B9%B4%E5%8A%A8%E7%94%BB&cat=1002&start=315,window.__DATA__
493,33,480,2240656,https://movie.douban.com/subject/2240656/,一幅僮锦‎ (1959),https://img2.doubanio.com/view/photo/s_ratio_poster/public/p2589384931.webp,中国大陆 / 剧情 / 动画 / 奇幻 / 48分钟,钱家骏,8,1216,4,['可播放'],False,search_subject,https://search.douban.com/movie/subject_search?search_text=%E7%AB%A5%E5%B9%B4%E5%8A%A8%E7%94%BB&cat=1002&start=480,window.__DATA__
280,19,270,3794352,https://movie.douban.com/subject/3794352/,中华上下五千年‎ (1998),https://img3.doubanio.com/view/photo/s_ratio_poster/public/p2589636453.webp,中国大陆 / 儿童 / 历史 / 动画 / 5分钟,徐鲁燕,8.2,1207,4,"['剧集', '可播放']",True,search_subject,https://search.douban.com/movie/subject_search?search_text=%E7%AB%A5%E5%B9%B4%E5%8A%A8%E7%94%BB&cat=1002&start=270,window.__DATA__
698,47,690,1431959,https://movie.douban.com/subject/1431959/,孔雀公主‎ (1963),https://img3.doubanio.com/view/photo/s_ratio_poster/public/p2628237603.webp,中国大陆 / 动画 / 短片 / 74分钟,靳夕,8.3,1200,4,['可播放'],False,search_subject,https://search.douban.com/movie/subject_search?search_text=%E7%AB%A5%E5%B9%B4%E5%8A%A8%E7%94%BB&cat=1002&start=690,window.__DATA__
731,49,720,2372545,https://movie.douban.com/subject/2372545/,咪姆 ミームいろいろ梦の旅/Meme’s Fantastic Adventure‎ (1983),https://img3.doubanio.com/view/photo/s_ratio_poster/public/p2509231193.webp,日本 / 科幻 / 动画 / 冒险 / Meme’s Fantastic Adventure / ミームいろいろ梦の旅 / 23分钟,横田和善 / 佐藤昭司 / 藤田淑子 / 小宫和枝 / 深雪早苗 / 田中明夫 / 宫内幸平 / 平林尚三 / 山田俊司 / 绪方贤一,9.1,1197,4.5,['剧集'],True,search_subject,https://search.douban.com/movie/subject_search?search_text=%E7%AB%A5%E5%B9%B4%E5%8A%A8%E7%94%BB&cat=1002&start=720,window.__DATA__
717,48,705,26317679,https://movie.douban.com/subject/26317679/,战神金刚 Voltron‎ (1984),https://img9.doubanio.com/view/photo/s_ratio_poster/public/p2568787966.webp,美国 / 儿童 / 爱情 / 科幻 / 动画 / 冒险 / 家庭 / Voltron / 战神金刚：宇宙的保护神 / 30分钟,Franklin Cofod / 杰克·安杰尔 / 迈克尔·贝尔 / 彼得·库伦 / Neil Ross / B.J. Ward / Lennie Weinrib / Tress MacNeille / 王晓燕,8.8,1183,4.5,"['剧集', '可播放']",True,search_subject,https://search.douban.com/movie/subject_search?search_text=%E7%AB%A5%E5%B9%B4%E5%8A%A8%E7%94%BB&cat=1002&start=705,window.__DATA__
335,23,330,5359937,https://movie.douban.com/subject/5359937/,精灵宝可梦：皮卡丘的探险队 ピカチュウたんけんたい‎ (1999),https://img9.doubanio.com/view/photo/s_ratio_poster/public/p2529937615.webp,日本 / 动画 / 短片 / Pokemon: Pikachu's Rescue Adventure / 皮卡丘的探险队(台) / 23分钟,汤山邦彦 / 大谷育江 / 兴梠里美 / 爱河里花子 / 林原惠美 / 金井美香 / 犬山犬子 / 坂口候一 / 高木均,8.5,1182,4.5,[],False,search_subject,https://search.douban.com/movie/subject_search?search_text=%E7%AB%A5%E5%B9%B4%E5%8A%A8%E7%94%BB&cat=1002&start=330,window.__DATA__
669,45,660,3867863,https://movie.douban.com/subject/3867863/,光之美少女 ふたりはプリキュア‎ (2004),https://img9.doubanio.com/view/photo/s_ratio_poster/public/p2867153225.webp,日本 / 动画 / 冒险 / 喜剧 / We are Pretty Cure / 美丽祭师二人组 / 25分钟,西尾大介 / 山内重保 / 五十岚卓哉 / 伊藤尚往 / 山田彻 / 冈佳广 / 小村敏明 / 川田武范 / 上田芳裕 / 立仙裕俊 / 岩井隆央 / 座古明史 / 本名阳子 / 野上尤加奈 / 关智一 / 矢岛晶子 / 池泽春菜 / 松谷彼哉 / 中博史 / 松野太纪,8.1,1146,4,"['剧集', '可播放']",True,search_subject,https://search.douban.com/movie/subject_search?search_text=%E7%AB%A5%E5%B9%B4%E5%8A%A8%E7%94%BB&cat=1002&start=660,window.__DATA__
705,47,690,2057181,https://movie.douban.com/subject/2057181/,轰轰战队冒险者 轟轟戦隊ボウケンジャー‎ (2006),https://img9.doubanio.com/view/photo/s_ratio_poster/public/p2885964804.webp,日本 / 轰轰战队冒险者 / 30分钟,诸田敏 / 竹本升 / 渡边胜也 / 中泽祥次郎 / 坂本太郎 / 铃村展弘 / 高桥光臣 / 斋藤康嘉 / 三上真史 / 中村知世 / 末永遥 / 出合正幸 / 齐木茂 / 大高洋夫,9.1,1146,4.5,['剧集'],True,search_subject,https://search.douban.com/movie/subject_search?search_text=%E7%AB%A5%E5%B9%B4%E5%8A%A8%E7%94%BB&cat=1002&start=690,window.__DATA__
418,28,405,1305995,https://movie.douban.com/subject/1305995/,飞翔的梦 Motýlí cas‎ (1991),https://img2.doubanio.com/view/photo/s_ratio_poster/public/p2550740471.webp,捷克斯洛伐克 / 加拿大 / 动画 / 家庭 / 奇幻 / 童年记趣 / The Flying Sneaker / 84分钟,布雷梯斯拉夫·波杰 / Ludek Navratil / Katerina Machácková / 亚罗米尔·汉兹利克 / 卢博尔·托科什 / Katka Pokorna,8.8,1096,4.5,[],False,search_subject,https://search.douban.com/movie/subject_search?search_text=%E7%AB%A5%E5%B9%B4%E5%8A%A8%E7%94%BB&cat=1002&start=405,window.__DATA__
653,44,645,34861364,https://movie.douban.com/subject/34861364/,魔神英雄传 七魂龙神丸 魔神英雄伝ワタル 七魂の龍神丸‎ (2020),https://img9.doubanio.com/view/photo/s_ratio_poster/public/p2572674096.webp,日本 / 动画 / Mashin Eiyuuden Wataru: Nana Tamashii no Ryuujinmaru / Mashin Hero Wataru: The Seven Spirits of Ryujinmaru / 15分钟,神志那弘志 / 田中真弓 / 西村知道 / 林原惠美 / 伊仓一惠 / 玄田哲章 / 藤井佳代子 / 高乃丽 / 山寺宏一,7.3,1088,3.5,"['剧集', '可播放']",True,search_subject,https://search.douban.com/movie/subject_search?search_text=%E7%AB%A5%E5%B9%B4%E5%8A%A8%E7%94%BB&cat=1002&start=645,window.__DATA__
737,50,735,5382874,https://movie.douban.com/subject/5382874/,风花仙子外传‎ (2010),https://img2.doubanio.com/view/photo/s_ratio_poster/public/p2868471601.webp,中国大陆 / 动画 / The Adventures of Feng Hua Fairy,王云飞,9.2,1079,4.5,"['剧集', '可播放']",True,search_subject,https://search.douban.com/movie/subject_search?search_text=%E7%AB%A5%E5%B9%B4%E5%8A%A8%E7%94%BB&cat=1002&start=735,window.__DATA__
582,39,570,2134037,https://movie.douban.com/subject/2134037/,绿野仙踪 オズの魔法使い‎ (1982),https://img3.doubanio.com/view/photo/s_ratio_poster/public/p2885207222.webp,日本 / 动画 / 家庭 / 冒险 / 喜剧 / 剧情 / 歌舞 / 奇幻 / Ozu no mahôtsukai / The Wizard of Oz,高山文彦 / 山本映一 / 冈本茉莉 / 寿日鹤 / 八奈见乘儿 / 雨森雅司 / 龙田直树 / 中西妙子 / 岸香织 / 麻生美代子,8.6,1050,4.5,[],False,search_subject,https://search.douban.com/movie/subject_search?search_text=%E7%AB%A5%E5%B9%B4%E5%8A%A8%E7%94%BB&cat=1002&start=570,window.__DATA__
347,24,345,3098564,https://movie.douban.com/subject/3098564/,梦之蜡笔王国 夢のクレヨン王国‎ (1997),https://img1.doubanio.com/view/photo/s_ratio_poster/public/p2461218879.webp,日本 / 动画 / 蜡笔小王国 / Crayon Kingdom of Dreams / 30分钟,佐藤顺一 / 山内重保 / 矢部秋则 / 岩井隆央 / 冈佳广 / 广岛秀树 / 五十岚卓哉 / 德光由禾 / 坂田修 / 竹内顺子 / 葛城七穗 / 乃村健次,8.4,1025,4,['剧集'],True,search_subject,https://search.douban.com/movie/subject_search?search_text=%E7%AB%A5%E5%B9%B4%E5%8A%A8%E7%94%BB&cat=1002&start=345,window.__DATA__
741,50,735,1786569,https://movie.douban.com/subject/1786569/,通烟囱工人与牧羊女 La bergère et le ramoneur‎ (1952),https://img3.doubanio.com/view/photo/s_ratio_poster/public/p2552156037.webp,法国 / 动画 / 喜剧 / 奇幻 / 国王与小鸟 / 63分钟,保罗·格里莫尔 / 皮埃尔·布拉瑟 / Anouk Aimée / Serge Reggiani,8.8,1024,4.5,[],False,search_subject,https://search.douban.com/movie/subject_search?search_text=%E7%AB%A5%E5%B9%B4%E5%8A%A8%E7%94%BB&cat=1002&start=735,window.__DATA__
441,30,435,4845417,https://movie.douban.com/subject/4845417/,北斗神拳 剧场版 劇場版 世紀末救世主伝説 北斗の拳‎ (1986),https://img2.doubanio.com/view/photo/s_ratio_poster/public/p2919535661.webp,日本 / 剧情 / 动作 / 科幻 / 动画 / Fist of the North Star / 世纪末救世主传说 北斗神拳 剧场版 / 110分钟,芦田丰雄 / 神谷明 / 山本百合子 / 内海贤二 / 大塚周夫 / 古川登志夫 / 盐泽兼人 / 铃木富子 / 一龙斋贞友,8,968,4,[],False,search_subject,https://search.douban.com/movie/subject_search?search_text=%E7%AB%A5%E5%B9%B4%E5%8A%A8%E7%94%BB&cat=1002&start=435,window.__DATA__
716,48,705,6890230,https://movie.douban.com/subject/6890230/,数学荒岛历险记‎ (2011),https://img1.doubanio.com/view/photo/s_ratio_poster/public/p2868436778.webp,中国大陆 / 儿童 / 科幻 / 动画 / 奇幻 / 冒险,朱晓兵 / 邓红 / 祖晴 / 李旭桥 / 陆双 / 赵然 / 李团,8.8,968,4.5,"['剧集', '可播放']",True,search_subject,https://search.douban.com/movie/subject_search?search_text=%E7%AB%A5%E5%B9%B4%E5%8A%A8%E7%94%BB&cat=1002&start=705,window.__DATA__
479,32,465,1293850,https://movie.douban.com/subject/1293850/,森林王子 The Jungle Book‎ (1994),https://img1.doubanio.com/view/photo/s_ratio_poster/public/p2220718650.webp,美国 / 家庭 / 冒险 / 爱情 / 森林王子 / 小泰山 / 111分钟,斯蒂芬·索莫斯 / 李截 / 琳娜·海蒂 / 加利·艾尔维斯,7.4,966,3.5,[],False,search_subject,https://search.douban.com/movie/subject_search?search_text=%E7%AB%A5%E5%B9%B4%E5%8A%A8%E7%94%BB&cat=1002&start=465,window.__DATA__
726,49,720,3055433,https://movie.douban.com/subject/3055433/,鲁滨逊一家漂流记 家族ロビンソン漂流記ふしぎな島のフローネ‎ (1981),https://img3.doubanio.com/view/photo/s_ratio_poster/public/p2282589493.webp,日本 / 剧情 / 动画 / 儿童 / 冒险 / 家族鲁宾逊漂流记 不可思议之岛的芙劳拉 / 新鲁宾逊漂流记,黑田昌郎 / 松尾佳子 / 古谷徹 / 高坂真琴 / 小林勝彦 / 小林修 / 平井道子,9.2,952,4.5,"['剧集', '可播放']",True,search_subject,https://search.douban.com/movie/subject_search?search_text=%E7%AB%A5%E5%B9%B4%E5%8A%A8%E7%94%BB&cat=1002&start=720,window.__DATA__
645,43,630,3591117,https://movie.douban.com/subject/3591117/,五星战队大连者 五星戦隊ダイレンジャー‎ (1993),https://img2.doubanio.com/view/photo/s_ratio_poster/public/p2895771931.webp,日本 / 剧情 / 动作 / 科幻 / Gosei sentai Dairanger / 五星战队大连者,小林義明 / 坂本太郎 / 和田圭市 / 能见达也 / 羽村英 / 土屋圭辅 / 高桥夏树 / 酒井寿 / 成濑富久,8.8,947,4.5,['剧集'],True,search_subject,https://search.douban.com/movie/subject_search?search_text=%E7%AB%A5%E5%B9%B4%E5%8A%A8%E7%94%BB&cat=1002&start=630,window.__DATA__
695,47,690,25750111,https://movie.douban.com/subject/25750111/,帅狗黑皮‎ (2003),https://img9.doubanio.com/view/photo/s_ratio_poster/public/p2155061606.webp,中国大陆 / 儿童 / 动作 / 科幻 / 动画 / 冒险 / 22分钟,陶大伟 / 吕玉佩 / 沈磊 / 孙晔 / 卢雄飞 / 孙杨 / 黄怡晴 / 山钿,8.5,935,4.5,"['剧集', '可播放']",True,search_subject,https://search.douban.com/movie/subject_search?search_text=%E7%AB%A5%E5%B9%B4%E5%8A%A8%E7%94%BB&cat=1002&start=690,window.__DATA__
654,44,645,3809186,https://movie.douban.com/subject/3809186/,詹伯A ジャンボーグA‎ (1973),https://img9.doubanio.com/view/photo/s_ratio_poster/public/p2869134666.webp,日本 / 动画 / Jumborg Ace / 巨人力霸王 / 24分钟,黑田义之 / 东条昭平 / 冈村精 / 志村广 / 铃木俊继 / 樋口弘美 / 大木淳吉 / 立花直樹 / 天田俊明 / 桜田千枝子 / 大橋一元 / 和崎俊哉,9,930,4.5,['剧集'],True,search_subject,https://search.douban.com/movie/subject_search?search_text=%E7%AB%A5%E5%B9%B4%E5%8A%A8%E7%94%BB&cat=1002&start=645,window.__DATA__
729,49,720,27056177,https://movie.douban.com/subject/27056177/,乌龙院之活宝传奇 第一季‎ (2017),https://img1.doubanio.com/view/photo/s_ratio_poster/public/p2497405638.webp,中国大陆 / 剧情 / 喜剧 / 动画 / 奇幻 / 武侠 / 乌龙院动画 / 14分钟,饶琨华 / 叶细细 / 毛旭东 / 吴海燕 / 舒雷 / 曾鼎,7.7,888,4,"['剧集', '可播放']",True,search_subject,https://search.douban.com/movie/subject_search?search_text=%E7%AB%A5%E5%B9%B4%E5%8A%A8%E7%94%BB&cat=1002&start=720,window.__DATA__
709,48,705,2133061,https://movie.douban.com/subject/2133061/,孤独的莉里‎ (1989),https://img9.doubanio.com/view/photo/s_ratio_poster/public/p2649091404.webp,中国大陆 / 动画 / 短片 / 18分钟,方润南 / 薛梅君,7.9,864,4,['可播放'],False,search_subject,https://search.douban.com/movie/subject_search?search_text=%E7%AB%A5%E5%B9%B4%E5%8A%A8%E7%94%BB&cat=1002&start=705,window.__DATA__
283,19,270,2003732,https://movie.douban.com/subject/2003732/,长袜子皮皮 Pippi Långstrump‎ (1969),https://img1.doubanio.com/view/photo/s_ratio_poster/public/p2599629668.webp,瑞典 / 西德 / 儿童 / 冒险 / Pippi Longstocking / 100分钟,奥尔·赫尔布姆 / 英格·尼尔松 / Maria Persson / Pär Sundberg,8.5,814,4.5,[],False,search_subject,https://search.douban.com/movie/subject_search?search_text=%E7%AB%A5%E5%B9%B4%E5%8A%A8%E7%94%BB&cat=1002&start=270,window.__DATA__
637,43,630,3828199,https://movie.douban.com/subject/3828199/,奥特曼USA Ultraman: The Adventure Begins‎ (1987),https://img2.doubanio.com/view/photo/s_ratio_poster/public/p2755077531.webp,美国 / 日本 / 动画 / ウルトラマンUSA / 美国奥特曼 / 78分钟,日下部光雄 / Michael Lembeck / Chad Everett / Adrienne Barbeau / 古谷彻 / 小川真司 / 鹤弘美 / 山田恭子 / 田之中勇,6.9,740,3.5,[],False,search_subject,https://search.douban.com/movie/subject_search?search_text=%E7%AB%A5%E5%B9%B4%E5%8A%A8%E7%94%BB&cat=1002&start=630,window.__DATA__
490,33,480,5320195,https://movie.douban.com/subject/5320195/,小蜜蜂寻亲记 重制版 昆虫物語 みなしごハッチ リメイク版‎ (1989),https://img9.doubanio.com/view/photo/s_ratio_poster/public/p2870471526.webp,日本 / 儿童 / 动画 / 冒险 / The Adventures of Hutch the Honeybee Remake Version,铃木行 / 石山贵明 / 原征太郎 / 白旗伸朗 / 横山广行 / 津田义三 / 高濑节夫 / 高木真司 / 石川瞳 / 泽田敏子 / 榊原良子 / 槐柳二 / 峰敦子 / 野泽雅子 / 前田敏子 / 京田尚子,9,736,4.5,['剧集'],True,search_subject,https://search.douban.com/movie/subject_search?search_text=%E7%AB%A5%E5%B9%B4%E5%8A%A8%E7%94%BB&cat=1002&start=480,window.__DATA__
591,40,585,3097351,https://movie.douban.com/subject/3097351/,海狸爸爸讲故事 Papa Beaver's Story Time‎ (1993),https://img3.doubanio.com/view/photo/s_ratio_poster/public/p2625283753.webp,法国 / 加拿大 / 动画 / 海狸爸爸讲故事 / 扎克讲故事 / 6分钟,Greg Bailey / Jean Cubaud,8.7,695,4.5,['剧集'],True,search_subject,https://search.douban.com/movie/subject_search?search_text=%E7%AB%A5%E5%B9%B4%E5%8A%A8%E7%94%BB&cat=1002&start=585,window.__DATA__
613,41,600,21769180,https://movie.douban.com/subject/21769180/,快乐精灵‎ (2008),https://img1.doubanio.com/view/photo/s_ratio_poster/public/p2538972380.webp,中国大陆 / 动画 / 儿童 / 22分钟,张建康 / 艾可 / 黄怡晴、王燕华、杨鸥、游军、 贾志超、刘强、罗玉婷、李敏妍,9.3,659,4.5,"['剧集', '可播放']",True,search_subject,https://search.douban.com/movie/subject_search?search_text=%E7%AB%A5%E5%B9%B4%E5%8A%A8%E7%94%BB&cat=1002&start=600,window.__DATA__
672,45,660,33441923,https://movie.douban.com/subject/33441923/,杜皮与杜宝 Droopy and Dripple‎ (1990),https://img3.doubanio.com/view/photo/s_ratio_poster/public/p2913398637.webp,美国 / 动画 / 杜皮和杜宝,,9.1,654,4.5,['剧集'],True,search_subject,https://search.douban.com/movie/subject_search?search_text=%E7%AB%A5%E5%B9%B4%E5%8A%A8%E7%94%BB&cat=1002&start=660,window.__DATA__
422,29,420,6518727,https://movie.douban.com/subject/6518727/,四驱兄弟 WGP 暴走四驱大追踪 爆走兄弟レッツ&ゴー!!WGP 暴走ミニ四駆大追跡!‎ (1997),https://img9.doubanio.com/view/photo/s_ratio_poster/public/p2867793435.webp,日本 / 科幻 / 动画 / 80分钟,网野哲朗 / 渊崎由里子 Yuriko Fuchizaki / 池泽春菜 Haruna Ikezawa / 高乃丽 Urara Takano / 大谷育江 Ikue Ootani / 神代知衣 Chie Kôjiro / 渡边久美子 Kumiko Watanabe / 今井由香 Yuka Imai / 江原正士 Masashi Ebara,6.9,608,3.5,[],False,search_subject,https://search.douban.com/movie/subject_search?search_text=%E7%AB%A5%E5%B9%B4%E5%8A%A8%E7%94%BB&cat=1002&start=420,window.__DATA__
603,41,600,1887265,https://movie.douban.com/subject/1887265/,深海的童话 Coo: 遠い海から来たクー‎ (1993),https://img3.doubanio.com/view/photo/s_ratio_poster/public/p2906893263.webp,日本 / 动画 / 奇幻 / 叮当小恐龙(台) / 远海来的COO / 116分钟,今泽哲男 / 山崎裕太 / 伊武雅刀 / 神谷明 / 家弓家正 / 青野武 / 石田太郎 / 槐柳二 / 若本规夫,8.4,558,4,[],False,search_subject,https://search.douban.com/movie/subject_search?search_text=%E7%AB%A5%E5%B9%B4%E5%8A%A8%E7%94%BB&cat=1002&start=600,window.__DATA__
471,32,465,2932865,https://movie.douban.com/subject/2932865/,皮皮的故事‎ (1988),https://img1.doubanio.com/view/photo/s_ratio_poster/public/p2591772728.webp,中国大陆 / 儿童 / 动画 / 5分钟,坚谷 / 孙总青 / 秦宝宜,8.1,534,4,"['剧集', '可播放']",True,search_subject,https://search.douban.com/movie/subject_search?search_text=%E7%AB%A5%E5%B9%B4%E5%8A%A8%E7%94%BB&cat=1002&start=465,window.__DATA__
704,47,690,34801092,https://movie.douban.com/subject/34801092/,宇宙巨人希曼：启示录 第一季 Masters of the Universe: Revelation Season 1‎ (2021),https://img3.doubanio.com/view/photo/s_ratio_poster/public/p2713324512.webp,美国 / 动作 / 动画 / 奇幻 / He-Man：天启(港) / 太空超人：启示录(台),亚当·康纳罗 / 帕特里克·斯坦纳德 / 戴德里克·巴德 / 凯文·康瑞 / 利亚姆·坎宁安 / 苏珊·爱森伯格 / 莎拉·米歇尔·盖拉 / 马克·哈米尔 / 琳娜·海蒂 / 菲尔·拉马,6.4,488,3,['剧集'],True,search_subject,https://search.douban.com/movie/subject_search?search_text=%E7%AB%A5%E5%B9%B4%E5%8A%A8%E7%94%BB&cat=1002&start=690,window.__DATA__
747,50,735,2253587,https://movie.douban.com/subject/2253587/,美丽的小金鱼‎ (1958),https://img3.doubanio.com/view/photo/s_ratio_poster/public/p2568484607.webp,中国大陆 / 动画 / 短片 / 20分钟,万籁鸣,7.5,469,4,['可播放'],False,search_subject,https://search.douban.com/movie/subject_search?search_text=%E7%AB%A5%E5%B9%B4%E5%8A%A8%E7%94%BB&cat=1002&start=735,window.__DATA__
341,23,330,4906318,https://movie.douban.com/subject/4906318/,蹦巴宝贝 Boohbah‎ (2003),https://img9.doubanio.com/view/photo/s_ratio_poster/public/p2897414755.webp,UK / 儿童 / 蹦巴宝贝 / 20分钟,克里斯·伯纳德 / Vic Finch / Emma Ainsley ...  Humbah / Alex Poulter ...  Zumbah / Cal Jaggers ...  Zing Zing Zingbah / Phil Hayes ...  Jumbah / Laura Pero ...  Jingbah,8.2,357,4,['剧集'],True,search_subject,https://search.douban.com/movie/subject_search?search_text=%E7%AB%A5%E5%B9%B4%E5%8A%A8%E7%94%BB&cat=1002&start=330,window.__DATA__
710,48,705,25814538,https://movie.douban.com/subject/25814538/,雨果带你看世界 第一季 What's the big idea Season 1‎ (2013),https://img3.doubanio.com/view/photo/s_ratio_poster/public/p2166962873.webp,英国 / 儿童 / 动画 / 短片 / 家庭 / 小朋友大問題(台),,8.9,341,4.5,"['剧集', '可播放']",True,search_subject,https://search.douban.com/movie/subject_search?search_text=%E7%AB%A5%E5%B9%B4%E5%8A%A8%E7%94%BB&cat=1002&start=705,window.__DATA__
558,38,555,26590067,https://movie.douban.com/subject/26590067/,阿U 第二季‎ (2013),https://img3.doubanio.com/view/photo/s_ratio_poster/public/p2919473132.webp,中国大陆 / 儿童 / 喜剧 / 动画 / 家庭 / 阿U之开心童年 / 6分钟,曹小卉 / 金鑫 / 章成雷 / 沈瑾 / 陈华居,8.2,294,4,"['剧集', '可播放']",True,search_subject,https://search.douban.com/movie/subject_search?search_text=%E7%AB%A5%E5%B9%B4%E5%8A%A8%E7%94%BB&cat=1002&start=555,window.__DATA__
620,42,615,5332579,https://movie.douban.com/subject/5332579/,小黑卡利麦罗 カリメロ 2作目‎ (1992),https://img9.doubanio.com/view/photo/s_ratio_poster/public/p2868752206.webp,日本 / 动画 / Calimero / 卡里麦罗,冨永恒雄 / 小島正幸 / 安达忍 / 冈村明美 / 上田祐司 / 大森章督 / 佐々木菜摘,8.6,251,4.5,['剧集'],True,search_subject,https://search.douban.com/movie/subject_search?search_text=%E7%AB%A5%E5%B9%B4%E5%8A%A8%E7%94%BB&cat=1002&start=615,window.__DATA__
581,39,570,4252918,https://movie.douban.com/subject/4252918/,克里斯梦游美洲 Las mil y una... Américas‎ (1990),https://img1.doubanio.com/view/photo/s_ratio_poster/public/p2571476468.webp,西班牙 / 剧情 / 历史 / 动画 / 美洲一千零一夜 / 30分钟,,8.4,248,4,['剧集'],True,search_subject,https://search.douban.com/movie/subject_search?search_text=%E7%AB%A5%E5%B9%B4%E5%8A%A8%E7%94%BB&cat=1002&start=570,window.__DATA__
592,40,585,2216356,https://movie.douban.com/subject/2216356/,小肥肥一族 ムーミン‎ (1972),https://img3.doubanio.com/view/photo/s_ratio_poster/public/p2528618743.webp,日本 / 动画 / 短片 / 小肥肥一族 / 23分钟,林太郎 / 石黑升 / 水沢わたる / 岸田今日子 / 武藤礼子 / 高木均 / 富田耕生,8.8,159,4.5,['剧集'],True,search_subject,https://search.douban.com/movie/subject_search?search_text=%E7%AB%A5%E5%B9%B4%E5%8A%A8%E7%94%BB&cat=1002&start=585,window.__DATA__
162,11,150,1296684,https://movie.douban.com/subject/1296684/,小熊维尼历险记 The Many Adventures of Winnie the Pooh‎ (1977),https://img1.doubanio.com/view/photo/s_ratio_poster/public/p1315728990.webp,美国 / 动画 / 奇幻 / 歌舞 / 小熊维尼历险记 / 74分钟,约翰·朗斯伯里 / 沃夫冈·雷瑟曼 / 塞巴斯蒂安·卡伯特 / 朱尼乌斯·马修斯 / 芭芭拉·卢迪,0,0,0,['可播放'],False,search_subject,https://search.douban.com/movie/subject_search?search_text=%E7%AB%A5%E5%B9%B4%E5%8A%A8%E7%94%BB&cat=1002&start=150,window.__DATA__
295,20,285,35517371,https://movie.douban.com/subject/35517371/,我们的冬奥‎ (2022),https://img9.doubanio.com/view/photo/s_ratio_poster/public/p2869321806.webp,中国大陆 / 剧情 / 动画 / 我和我的冬奥 / Me and My Winter Games / 90分钟,林永长 / 李豪凌 / 庄昊 / 曲强 / 钟鸣 / 张喆 / 王利文 / 申世佑 / 刘思奇 / 张茗 / 贾晨露 / 杨凝 / 宝木中阳 / 姜广涛 / 山新,0,0,0,['可播放'],False,search_subject,https://search.douban.com/movie/subject_search?search_text=%E7%AB%A5%E5%B9%B4%E5%8A%A8%E7%94%BB&cat=1002&start=285,window.__DATA__
350,24,345,26681550,https://movie.douban.com/subject/26681550/,喜羊羊与灰太狼大电影11‎ (2026),https://img2.doubanio.com/view/photo/s_ratio_poster/public/p2570490041.webp,中国大陆 / 动画 / 90分钟,黄伟明 / 祖晴 / 张琳 / 邓玉婷 / 高全胜 / 梁颖 / 刘红韵 / 赵娜,0,0,0,[],False,search_subject,https://search.douban.com/movie/subject_search?search_text=%E7%AB%A5%E5%B9%B4%E5%8A%A8%E7%94%BB&cat=1002&start=345,window.__DATA__
499,34,495,34788079,https://movie.douban.com/subject/34788079/,开心超人之英雄的心‎ (2022),https://img3.doubanio.com/view/photo/s_ratio_poster/public/p2876347583.webp,中国大陆 / 喜剧 / 科幻 / 动画 / 开心超人大电影3 / 开心超人3：明日决战 / 96分钟,黄伟明 / 刘红韵 / 邓玉婷 / 严彦子 / 祖晴 / 高全胜 / 苗浩生 / 李团 / 申克,0,0,0,['可播放'],False,search_subject,https://search.douban.com/movie/subject_search?search_text=%E7%AB%A5%E5%B9%B4%E5%8A%A8%E7%94%BB&cat=1002&start=495,window.__DATA__
605,41,600,30167052,https://movie.douban.com/subject/30167052/,喜羊羊与灰太狼之奇幻天空岛‎ (2018),https://img1.doubanio.com/view/photo/s_ratio_poster/public/p2555450808.webp,中国大陆 / 儿童 / 喜剧 / 科幻 / 冒险 / 喜羊羊与灰太狼18 / 15分钟,蒲智康 / 陈辉衍 / 蔡玉滢,0,0,0,"['剧集', '可播放']",True,search_subject,https://search.douban.com/movie/subject_search?search_text=%E7%AB%A5%E5%B9%B4%E5%8A%A8%E7%94%BB&cat=1002&start=600,window.__DATA__
611,41,600,36615010,https://movie.douban.com/subject/36615010/,熊出没之小小世界‎ (2024),https://img9.doubanio.com/view/photo/s_ratio_poster/public/p2905360095.webp,中国大陆 / 喜剧 / 动画 / 13分钟,林永长 / 庄庆才 / 张秉君 / 张伟 / 谭笑,0,0,0,"['剧集', '可播放']",True,search_subject,https://search.douban.com/movie/subject_search?search_text=%E7%AB%A5%E5%B9%B4%E5%8A%A8%E7%94%BB&cat=1002&start=600,window.__DATA__
734,49,720,26969027,https://movie.douban.com/subject/26969027/,喜羊羊与灰太狼之深海历险记‎ (2017),https://img9.doubanio.com/view/photo/s_ratio_poster/public/p2424667635.webp,中国大陆 / 动画 / 喜羊羊与灰太狼之嘻哈闯世界2 / 15分钟,蒲智康 / 祖晴 / 梁颖 / 邓玉婷 / 刘红韵 / 高全胜,0,0,0,"['剧集', '可播放']",True,search_subject,https://search.douban.com/movie/subject_search?search_text=%E7%AB%A5%E5%B9%B4%E5%8A%A8%E7%94%BB&cat=1002&start=720,window.__DATA__
